0.0 0.0 9.079985958737686e-6
0.05 0.0 0.0009610673143805569
0.1 0.0 0.0035298807273071117
0.15000000000000002 0.0 0.006911603913574813
0.2 0.0 0.009991734100007631
0.25 0.0 0.011735993014634996
0.3 0.0 0.01165439673723601
0.35 0.0 0.01005073269229375
0.39999999999999997 0.0 0.007857992276256177
0.44999999999999996 0.0 0.006197561594828795
0.49999999999999994 0.0 0.005960417602375954
0.5499999999999999 0.0 0.007563378182345536
0.6 0.0 0.010870131599647975
0.65 0.0 0.015219484821605756
0.7000000000000001 0.0 0.0195686190311166
0.7500000000000001 0.0 0.022827030226606787
0.8000000000000002 0.0 0.024291461176252464
0.8500000000000002 0.0 0.024007509987854118
0.9000000000000002 0.0 0.022726956291002774
0.9500000000000003 0.0 0.021566437473195914
1.0000000000000002 0.0 0.02154509111499401
1.0500000000000003 0.0 0.02329572021897101
1.1000000000000003 0.0 0.02690338245204293
1.1500000000000004 0.0 0.03190054133370021
1.2000000000000004 0.0 0.03730886136339761
1.2500000000000004 0.0 0.04191568096320953
1.3000000000000005 0.0 0.04470245198225434
1.3500000000000005 0.0 0.0453698145290726
1.4000000000000006 0.0 0.04449007530370005
1.4500000000000006 0.0 0.043265555582944454
1.5000000000000007 0.0 0.04296372900022784
1.5500000000000007 0.0 0.04451456473800659
1.6000000000000008 0.0 0.04825665905945779
1.6500000000000008 0.0 0.05385413247471911
1.7000000000000008 0.0 0.060307682858170536
1.7500000000000009 0.0 0.06615780552663286
1.800000000000001 0.0 0.06999938689779665
1.850000000000001 0.0 0.0711893480138711
1.900000000000001 0.0 0.07025352800647236
1.950000000000001 0.0 0.06861110441020414
2.000000000000001 0.0 0.06787433268323853
2.0500000000000007 0.0 0.06924898628447415
2.1000000000000005 0.0 0.07323249655331476
2.1500000000000004 0.0 0.0795081237393723
2.2 0.0 0.08694907104586547
2.25 0.0 0.0938260670231991
2.3 0.0 0.09840697847079168
2.3499999999999996 0.0 0.09984968865516247
2.3999999999999995 0.0 0.09874120300392773
2.4499999999999993 0.0 0.09674605877696511
2.499999999999999 0.0 0.09572601434773184
2.549999999999999 0.0 0.09704222785656791
2.5999999999999988 0.0 0.10125721495966758
2.6499999999999986 0.0 0.1080597233922221
2.6999999999999984 0.0 0.11627436140459294
2.7499999999999982 0.0 0.12404492912481176
2.799999999999998 0.0 0.1294269655754681
2.849999999999998 0.0 0.13135974970955128
2.8999999999999977 0.0 0.1303398508139176
2.9499999999999975 0.0 0.12811590384063098
2.9999999999999973 0.0 0.12673409351769663
3.049999999999997 0.0 0.12775773214532846
3.099999999999997 0.0 0.1319393342317595
3.149999999999997 0.0 0.13913499693883963
3.1999999999999966 0.0 0.14826585444752666
3.2499999999999964 0.0 0.1573869360215386
3.2999999999999963 0.0 0.16417716541387606
3.349999999999996 0.0 0.1670339399922153
3.399999999999996 0.0 0.16612973885748816
3.4499999999999957 0.0 0.16334466511611126
3.4999999999999956 0.0 0.16115470816739028
3.5499999999999954 0.0 0.16158404339101992
3.599999999999995 0.0 0.1657515158166526
3.649999999999995 0.0 0.17375648905870558
3.699999999999995 0.0 0.18457779729999207
3.7499999999999947 0.0 0.19598391819670213
3.7999999999999945 0.0 0.20490648962059327
3.8499999999999943 0.0 0.20884592772035748
3.899999999999994 0.0 0.20766512741418197
3.949999999999994 0.0 0.2037878830557283
3.999999999999994 0.0 0.20054683197338924
4.049999999999994 0.0 0.20061439342337534
4.099999999999993 0.0 0.20546017055860033
4.149999999999993 0.0 0.21531957780237476
4.199999999999993 0.0 0.22908422433893852
4.249999999999993 0.0 0.24403098287755146
4.299999999999993 0.0 0.25604379967297775
4.3499999999999925 0.0 0.2615027801433675
4.399999999999992 0.0 0.2601633907642565
4.449999999999992 0.0 0.2554801658776029
4.499999999999992 0.0 0.25191259628778034
4.549999999999992 0.0 0.25276353588713624
4.599999999999992 0.0 0.2597861477818921
4.6499999999999915 0.0 0.2734201376183826
4.699999999999991 0.0 0.2927467624820095
4.749999999999991 0.0 0.31492321583373273
4.799999999999991 0.0 0.33471671483777987
4.849999999999991 0.0 0.3463133554535717
4.899999999999991 0.0 0.3481938796382954
4.94999999999999 0.0 0.34498731856349707
4.99999999999999 0.0 0.34323699874350166
5.04999999999999 0.0 0.34780009752056534
5.09999999999999 0.0 0.3616497416217303
5.14999999999999 0.0 0.3868418057834419
5.1999999999999895 0.0 0.42520031290131943
5.249999999999989 0.0 0.47806296306732077
5.299999999999989 0.0 0.5427279456296286
5.349999999999989 0.0 0.5995651385848025
5.399999999999989 0.0 0.6149770972433688
5.449999999999989 0.0 0.6049276989723196
5.4999999999999885 0.0 0.6081739120849967
5.549999999999988 0.0 0.6467629485118587
5.599999999999988 0.0 0.7589703252190891
5.649999999999988 0.0 1.2617470723754725
5.699999999999988 0.0 0.696140122001828
5.749999999999988 0.0 0.5561708062441011
5.799999999999987 0.0 0.4778855829747734
5.849999999999987 0.0 0.4294292406992041
5.899999999999987 0.0 0.4002417675962711
5.949999999999987 0.0 0.3848178957247715
5.999999999999987 0.0 0.3784570571599372
6.0499999999999865 0.0 0.37503096961193505
6.099999999999986 0.0 0.36669969810285896
6.149999999999986 0.0 0.34801886898416085
6.199999999999986 0.0 0.3208363344310569
6.249999999999986 0.0 0.29162683112948246
6.299999999999986 0.0 0.2657754282296121
6.349999999999985 0.0 0.245908320847542
6.399999999999985 0.0 0.2326661378227736
6.449999999999985 0.0 0.22544484760099215
6.499999999999985 0.0 0.22261512019154736
6.549999999999985 0.0 0.22150875619837476
6.5999999999999845 0.0 0.21876952195217544
6.649999999999984 0.0 0.21165238244189422
6.699999999999984 0.0 0.19968728531331054
6.749999999999984 0.0 0.18487522592283645
6.799999999999984 0.0 0.17014021494266737
6.849999999999984 0.0 0.15781954268834641
6.8999999999999835 0.0 0.14914267792033734
6.949999999999983 0.0 0.1442945294471142
6.999999999999983 0.0 0.14256409496676362
7.049999999999983 0.0 0.14246154760394653
7.099999999999983 0.0 0.14197320305366498
7.149999999999983 0.0 0.1391904316664283
7.199999999999982 0.0 0.13320219971858624
7.249999999999982 0.0 0.12458072111048663
7.299999999999982 0.0 0.11496550760646745
7.349999999999982 0.0 0.10617158662143251
7.399999999999982 0.0 0.0995306543686525
7.4499999999999815 0.0 0.09564876224158932
7.499999999999981 0.0 0.09438879064828261
7.549999999999981 0.0 0.0949194571858423
7.599999999999981 0.0 0.09584767713974127
7.649999999999981 0.0 0.09557269238990262
7.699999999999981 0.0 0.09291364261091008
7.7499999999999805 0.0 0.08771140575240376
7.79999999999998 0.0 0.0809058311248938
7.84999999999998 0.0 0.07401150930140885
7.89999999999998 0.0 0.06844840095206234
7.94999999999998 0.0 0.06511662360893679
7.99999999999998 0.0 0.0642367638373472
8.04999999999998 0.0 0.06532697070267889
8.09999999999998 0.0 0.06727248018922947
8.14999999999998 0.0 0.06857862077100693
8.199999999999982 0.0 0.06790604799086584
8.249999999999982 0.0 0.06472580347058071
8.299999999999983 0.0 0.0596188585977977
8.349999999999984 0.0 0.05394090335463758
8.399999999999984 0.0 0.049157692549277154
8.449999999999985 0.0 0.04631905106535601
8.499999999999986 0.0 0.04581744756787659
8.549999999999986 0.0 0.04733384634316082
8.599999999999987 0.0 0.04989638480297592
8.649999999999988 0.0 0.052105423228073926
8.699999999999989 0.0 0.05261598433468776
8.74999999999999 0.0 0.05076493426856446
8.79999999999999 0.0 0.046927264775897634
8.84999999999999 0.0 0.04228681496668602
8.899999999999991 0.0 0.0382320941445705
8.949999999999992 0.0 0.03582489394311137
8.999999999999993 0.0 0.03553538882861508
9.049999999999994 0.0 0.03717800457353764
9.099999999999994 0.0 0.039962788947388896
9.149999999999995 0.0 0.04267902081700781
9.199999999999996 0.0 0.044079513731472064
9.249999999999996 0.0 0.043409430444860356
9.299999999999997 0.0 0.040783248609468775
9.349999999999998 0.0 0.03710913497476522
9.399999999999999 0.0 0.03362917642423484
9.45 0.0 0.03142341952367986
9.5 0.0 0.031106284562187565
9.55 0.0 0.032710692913427056
9.600000000000001 0.0 0.03568521235314269
9.650000000000002 0.0 0.038997728887643975
9.700000000000003 0.0 0.041414163623093685
9.750000000000004 0.0 0.04197178594639783
9.800000000000004 0.0 0.04045035495976061
9.850000000000005 0.0 0.03749848865403805
9.900000000000006 0.0 0.03430428576854968
9.950000000000006 0.0 0.032075816832401266
10.000000000000007 0.0 0.03163941035580215
0.0 0.1 0.00352992184131971
0.05 0.1 0.004412669032605942
0.1 0.1 0.006784185890400979
0.15000000000000002 0.1 0.009893039753310875
0.2 0.1 0.01271768501677714
0.25 0.1 0.014323225883808396
0.3 0.1 0.01427129123664264
0.35 0.1 0.012836230167529323
0.39999999999999997 0.1 0.010861647883640496
0.44999999999999996 0.1 0.009372390935915478
0.49999999999999994 0.1 0.009195292328742615
0.5499999999999999 0.1 0.01072791015558215
0.6 0.1 0.013856956599404842
0.65 0.1 0.017980868019846847
0.7000000000000001 0.1 0.02214156712056865
0.7500000000000001 0.1 0.025329462339362608
0.8000000000000002 0.1 0.02687840798705426
0.8500000000000002 0.1 0.026800782771969036
0.9000000000000002 0.1 0.025765895367702914
0.9500000000000003 0.1 0.024802725693438183
1.0000000000000002 0.1 0.024873496196741254
1.0500000000000003 0.1 0.026591703640695602
1.1000000000000003 0.1 0.030057978865167145
1.1500000000000004 0.1 0.034849330060128664
1.2000000000000004 0.1 0.04005992402669976
1.2500000000000004 0.1 0.044561288630681525
1.3000000000000005 0.1 0.047397330973638685
1.3500000000000005 0.1 0.04826741651779569
1.4000000000000006 0.1 0.04767526532569397
1.4500000000000006 0.1 0.0467227525651663
1.5000000000000007 0.1 0.046592920784395885
1.5500000000000007 0.1 0.04816710413689225
1.6000000000000008 0.1 0.051775117215352655
1.6500000000000008 0.1 0.05711404117361049
1.7000000000000008 0.1 0.06326638762085306
1.7500000000000009 0.1 0.06889825745504563
1.800000000000001 0.1 0.07272799716878964
1.850000000000001 0.1 0.07415286227989229
1.900000000000001 0.1 0.07361384902689878
1.950000000000001 0.1 0.07237128360827781
2.000000000000001 0.1 0.07189273252110236
2.0500000000000007 0.1 0.07330174198580235
2.1000000000000005 0.1 0.0770822471727913
2.1500000000000004 0.1 0.08297177880666878
2.2 0.1 0.08997135722605246
2.25 0.1 0.0965408652331085
2.3 0.1 0.10112278210160522
2.3499999999999996 0.1 0.10290946771567577
2.3999999999999995 0.1 0.10233475847625945
2.4499999999999993 0.1 0.10082801387893046
2.499999999999999 0.1 0.10007263466237337
2.549999999999999 0.1 0.1013590845463001
2.5999999999999988 0.1 0.10527064526258537
2.6499999999999986 0.1 0.1115883000944412
2.6999999999999984 0.1 0.11929578021092468
2.7499999999999982 0.1 0.12674405196708136
2.799999999999998 0.1 0.13216128716218078
2.849999999999998 0.1 0.1344960656648941
2.8999999999999977 0.1 0.13405612204993667
2.9499999999999975 0.1 0.13233454089498967
2.9999999999999973 0.1 0.13120420830584922
3.049999999999997 0.1 0.13217384577921104
3.099999999999997 0.1 0.1360252534041144
3.149999999999997 0.1 0.1426993918268223
3.1999999999999966 0.1 0.15125894580398871
3.2499999999999964 0.1 0.15996044241019702
3.2999999999999963 0.1 0.16668766997090004
3.349999999999996 0.1 0.16990476413216227
3.399999999999996 0.1 0.16962014011386473
3.4499999999999957 0.1 0.16742742070854089
3.4999999999999956 0.1 0.1655786510232121
3.5499999999999954 0.1 0.1660016666016344
3.599999999999995 0.1 0.16981154366757623
3.649999999999995 0.1 0.17716477392283717
3.699999999999995 0.1 0.18717415943463225
3.7499999999999947 0.1 0.19786233156189806
3.7999999999999945 0.1 0.20650691046387903
3.8499999999999943 0.1 0.21082154478727622
3.899999999999994 0.1 0.21049007884788745
3.949999999999994 0.1 0.2074761900217762
3.999999999999994 0.1 0.20472624932419878
4.049999999999994 0.1 0.20474504445659494
4.099999999999993 0.1 0.20898764637250955
4.149999999999993 0.1 0.21776605161214674
4.199999999999993 0.1 0.2301710240888938
4.249999999999993 0.1 0.24390087444129904
4.299999999999993 0.1 0.25546507108399674
4.3499999999999925 0.1 0.26162356049254326
4.399999999999992 0.1 0.26170583628147076
4.449999999999992 0.1 0.2582551277259253
4.499999999999992 0.1 0.2551160037250646
4.549999999999992 0.1 0.2554387268425508
4.599999999999992 0.1 0.2610509153400635
4.6499999999999915 0.1 0.2725545612095554
4.699999999999991 0.1 0.28934618418788477
4.749999999999991 0.1 0.3092812403016628
4.799999999999991 0.1 0.32832399866542405
4.849999999999991 0.1 0.3415319626018607
4.899999999999991 0.1 0.34640373768683985
4.94999999999999 0.1 0.3453697763500654
4.99999999999999 0.1 0.34368227647466965
5.04999999999999 0.1 0.34600714703088414
5.09999999999999 0.1 0.3553414918787404
5.14999999999999 0.1 0.3734697852941275
5.1999999999999895 0.1 0.40153157015786906
5.249999999999989 0.1 0.4401500114488386
5.299999999999989 0.1 0.4887077557181216
5.349999999999989 0.1 0.5428698559956775
5.399999999999989 0.1 0.5908723320701299
5.449999999999989 0.1 0.619111326150763
5.4999999999999885 0.1 0.629927091816435
5.549999999999988 0.1 0.6334345283566846
5.599999999999988 0.1 0.6255787271889904
5.649999999999988 0.1 0.5944987422933198
5.699999999999988 0.1 0.5462816824650577
5.749999999999988 0.1 0.4978433655155094
5.799999999999987 0.1 0.45837131977056783
5.849999999999987 0.1 0.4300638746425297
5.899999999999987 0.1 0.4122374876347139
5.949999999999987 0.1 0.4026675138948232
5.999999999999987 0.1 0.3972862323183916
6.0499999999999865 0.1 0.38989088530304417
6.099999999999986 0.1 0.37440937405273367
6.149999999999986 0.1 0.34972466631835347
6.199999999999986 0.1 0.32044254691974033
6.249999999999986 0.1 0.2922379079306099
6.299999999999986 0.1 0.26869342682120084
6.349999999999985 0.1 0.2512541976058816
6.399999999999985 0.1 0.23997445407594148
6.449999999999985 0.1 0.2339322656939059
6.499999999999985 0.1 0.2312861420488448
6.549999999999985 0.1 0.22931075780434784
6.5999999999999845 0.1 0.22495679988056794
6.649999999999984 0.1 0.2162124095706886
6.699999999999984 0.1 0.2033286808586563
6.749999999999984 0.1 0.18849336232929223
6.799999999999984 0.1 0.17434020295477284
6.849999999999984 0.1 0.16281126819773412
6.8999999999999835 0.1 0.15483936665193157
6.949999999999983 0.1 0.15042662010034138
6.999999999999983 0.1 0.14876198451293404
7.049999999999983 0.1 0.1483371461948436
7.099999999999983 0.1 0.14723675846335732
7.149999999999983 0.1 0.14378048971962273
7.199999999999982 0.1 0.1373232687037518
7.249999999999982 0.1 0.1285819874599181
7.299999999999982 0.1 0.11915897345525571
7.349999999999982 0.1 0.11072720232773432
7.399999999999982 0.1 0.10446720179373964
7.4499999999999815 0.1 0.10086618786999955
7.499999999999981 0.1 0.09970512042100793
7.549999999999981 0.1 0.10011167704016471
7.599999999999981 0.1 0.10071299119195215
7.649999999999981 0.1 0.10001209850751656
7.699999999999981 0.1 0.09699438128990771
7.7499999999999805 0.1 0.09164352670509794
7.79999999999998 0.1 0.08493532396050456
7.84999999999998 0.1 0.07831238733696251
7.89999999999998 0.1 0.07307448183863398
7.94999999999998 0.1 0.0700056761536235
7.99999999999998 0.1 0.06923801535983214
8.04999999999998 0.1 0.0702410359442643
8.09999999999998 0.1 0.07191077753616058
8.14999999999998 0.1 0.07284333933195017
8.199999999999982 0.1 0.0718550456688865
8.249999999999982 0.1 0.06855943767179899
8.299999999999983 0.1 0.06357719464554888
8.349999999999984 0.1 0.058188039879720946
8.399999999999984 0.1 0.05372783353598553
8.449999999999985 0.1 0.051126298669555606
8.499999999999986 0.1 0.0506961327275142
8.549999999999986 0.1 0.05209048881194409
8.599999999999987 0.1 0.054372824693638404
8.649999999999988 0.1 0.0562478190527576
8.699999999999989 0.1 0.056515788937627
8.74999999999999 0.1 0.05462453700016027
8.79999999999999 0.1 0.050955387039037216
8.84999999999999 0.1 0.04659975545488036
8.899999999999991 0.1 0.04282235707002396
8.949999999999992 0.1 0.04058844556673698
8.999999999999993 0.1 0.04031994111100834
9.049999999999994 0.1 0.041831450423005956
9.099999999999994 0.1 0.04437916391801709
9.149999999999995 0.1 0.046838802435213725
9.199999999999996 0.1 0.04806604951990238
9.249999999999996 0.1 0.04737784601261825
9.299999999999997 0.1 0.04488838911413927
9.349999999999998 0.1 0.041439343331211666
9.399999999999999 0.1 0.03818461939826918
9.45 0.1 0.036133805960954925
9.5 0.1 0.03586230737421225
9.55 0.1 0.03739456198535923
9.600000000000001 0.1 0.040200638957006506
9.650000000000002 0.1 0.043302565309259
9.700000000000003 0.1 0.04554773080336996
9.750000000000004 0.1 0.046054004340582225
9.800000000000004 0.1 0.0446369480398058
9.850000000000005 0.1 0.04191366469646588
9.900000000000006 0.1 0.038994281516761195
9.950000000000006 0.1 0.037002145029096545
10.000000000000007 0.1 0.036698739679793646
0.0 0.2 0.009991902891575888
0.05 0.2 0.010750312829101497
0.1 0.2 0.012717800044678262
0.15000000000000002 0.2 0.01517709279784611
0.2 0.2 0.017252202693318907
0.25 0.2 0.018221352820774035
0.3 0.2 0.01782240611582163
0.35 0.2 0.01636896490624169
0.39999999999999997 0.2 0.01459550594077547
0.44999999999999996 0.2 0.013344353532834691
0.49999999999999994 0.2 0.013274033577305203
0.5499999999999999 0.2 0.014680330418561365
0.6 0.2 0.01743311998812312
0.65 0.2 0.021002171056388443
0.7000000000000001 0.2 0.02457835176032807
0.7500000000000001 0.2 0.02733064472580611
0.8000000000000002 0.2 0.02872206723510949
0.8500000000000002 0.2 0.028769745243954554
0.9000000000000002 0.2 0.028029334924144996
0.9500000000000003 0.2 0.027364882047946987
1.0000000000000002 0.2 0.02760154069793218
1.0500000000000003 0.2 0.029276504742912476
1.1000000000000003 0.2 0.03248207244542159
1.1500000000000004 0.2 0.036846698142387425
1.2000000000000004 0.2 0.04157575417995563
1.2500000000000004 0.2 0.04568863473713581
1.3000000000000005 0.2 0.0483645788582964
1.3500000000000005 0.2 0.04935147145434996
1.4000000000000006 0.2 0.049087789809690446
1.4500000000000006 0.2 0.04853152341213174
1.5000000000000007 0.2 0.048716379214986706
1.5500000000000007 0.2 0.05041018950884371
1.6000000000000008 0.2 0.0538821469211803
1.6500000000000008 0.2 0.058830885413343637
1.7000000000000008 0.2 0.0644229087767965
1.7500000000000009 0.2 0.06950268258283138
1.800000000000001 0.2 0.07301645902010223
1.850000000000001 0.2 0.0745182915538859
1.900000000000001 0.2 0.07442464015458115
1.950000000000001 0.2 0.07380269948205861
2.000000000000001 0.2 0.07386971918696598
2.0500000000000007 0.2 0.0755414474096317
2.1000000000000005 0.2 0.07918273803449155
2.1500000000000004 0.2 0.08452541294989432
2.2 0.2 0.0907091462673466
2.25 0.2 0.09648742207210864
2.3 0.2 0.1006626536877141
2.3499999999999996 0.2 0.10264326490648455
2.3999999999999995 0.2 0.10276862866528585
2.4499999999999993 0.2 0.10212844153049233
2.499999999999999 0.2 0.10203643161511222
2.549999999999999 0.2 0.10353699232333691
2.5999999999999988 0.2 0.10712934764503923
2.6499999999999986 0.2 0.11266686572670914
2.6999999999999984 0.2 0.119362818738354
2.7499999999999982 0.2 0.12593551905974495
2.799999999999998 0.2 0.13099773584113136
2.849999999999998 0.2 0.13366812071855352
2.8999999999999977 0.2 0.13406334778962178
2.9499999999999975 0.2 0.13325613044844126
2.9999999999999973 0.2 0.13273656823809654
3.049999999999997 0.2 0.13381127975555948
3.099999999999997 0.2 0.137233270167102
3.149999999999997 0.2 0.14304400337994702
3.1999999999999966 0.2 0.15052340426285726
3.2499999999999964 0.2 0.15826177575223077
3.2999999999999963 0.2 0.1645177018246969
3.349999999999996 0.2 0.16796176482668293
3.399999999999996 0.2 0.1684544899893707
3.4499999999999957 0.2 0.16717815279596474
3.4999999999999956 0.2 0.16598553068492342
3.5499999999999954 0.2 0.16657402402045907
3.599999999999995 0.2 0.16998296274472968
3.649999999999995 0.2 0.17639853636914038
3.699999999999995 0.2 0.18507694116900453
3.7499999999999947 0.2 0.1943622319999101
3.7999999999999945 0.2 0.20203755034317258
3.8499999999999943 0.2 0.2062646798092947
3.899999999999994 0.2 0.20672068322095868
3.949999999999994 0.2 0.20486505922045428
3.999999999999994 0.2 0.2030359166415479
4.049999999999994 0.2 0.20332888153879042
4.099999999999993 0.2 0.20700649392699486
4.149999999999993 0.2 0.214341936110035
4.199999999999993 0.2 0.22456771316221713
4.249999999999993 0.2 0.23584735625023123
4.299999999999993 0.2 0.24555732398807
4.3499999999999925 0.2 0.2513145920893251
4.399999999999992 0.2 0.25245391837350967
4.449999999999992 0.2 0.2505472055246555
4.499999999999992 0.2 0.2483457072382466
4.549999999999992 0.2 0.24838017739085885
4.599999999999992 0.2 0.25228397635199146
4.6499999999999915 0.2 0.2606997528533323
4.699999999999991 0.2 0.2732819471295917
4.749999999999991 0.2 0.2885625104347324
4.799999999999991 0.2 0.3038298914917623
4.849999999999991 0.2 0.3156501132098021
4.899999999999991 0.2 0.3216162188116982
4.94999999999999 0.2 0.32220940133160303
4.99999999999999 0.2 0.3205123729115493
5.04999999999999 0.2 0.32019689654920175
5.09999999999999 0.2 0.32410896854284654
5.14999999999999 0.2 0.3340610792886167
5.1999999999999895 0.2 0.3511143422054748
5.249999999999989 0.2 0.3757796304019888
5.299999999999989 0.2 0.407846282754559
5.349999999999989 0.2 0.44546369410099373
5.399999999999989 0.2 0.48301835766889617
5.449999999999989 0.2 0.5095761361987908
5.4999999999999885 0.2 0.5156479426477307
5.549999999999988 0.2 0.5047863583838884
5.599999999999988 0.2 0.48797980138227887
5.649999999999988 0.2 0.47260031124206353
5.699999999999988 0.2 0.4615966120178131
5.749999999999988 0.2 0.45602909956099885
5.799999999999987 0.2 0.45644551615753326
5.849999999999987 0.2 0.4629757644691453
5.899999999999987 0.2 0.4742552504773664
5.949999999999987 0.2 0.48484537651893284
5.999999999999987 0.2 0.4832836400470177
6.0499999999999865 0.2 0.4602675153530953
6.099999999999986 0.2 0.42165059432411484
6.149999999999986 0.2 0.38026442202455635
6.199999999999986 0.2 0.3438417136456413
6.249999999999986 0.2 0.31500443693845503
6.299999999999986 0.2 0.29404525590927694
6.349999999999985 0.2 0.2803091338779044
6.399999999999985 0.2 0.27254836792014103
6.449999999999985 0.2 0.26883546273751674
6.499999999999985 0.2 0.26643315967438536
6.549999999999985 0.2 0.26213003225337517
6.5999999999999845 0.2 0.25345582404934475
6.649999999999984 0.2 0.24010791860781913
6.699999999999984 0.2 0.22400223709593578
6.749999999999984 0.2 0.20785581244041787
6.799999999999984 0.2 0.19386082862105325
6.849999999999984 0.2 0.18323009089112188
6.8999999999999835 0.2 0.17626193005402557
6.949999999999983 0.2 0.1724877607363091
6.999999999999983 0.2 0.17077126671024007
7.049999999999983 0.2 0.16945671523755101
7.099999999999983 0.2 0.16675942372359145
7.149999999999983 0.2 0.1614469827000605
7.199999999999982 0.2 0.15344440193963327
7.249999999999982 0.2 0.14382739227330008
7.299999999999982 0.2 0.1342040415730981
7.349999999999982 0.2 0.1260233607557032
7.399999999999982 0.2 0.12018647185729928
7.4499999999999815 0.2 0.11693247436379409
7.499999999999981 0.2 0.11584400407627565
7.549999999999981 0.2 0.11591380031501014
7.599999999999981 0.2 0.1157443587409371
7.649999999999981 0.2 0.11398428043356042
7.699999999999981 0.2 0.10991911466509258
7.7499999999999805 0.2 0.10384047381450714
7.79999999999998 0.2 0.09687015520652448
7.84999999999998 0.2 0.09039513029318313
7.89999999999998 0.2 0.08553580655641047
7.94999999999998 0.2 0.08286028162152005
7.99999999999998 0.2 0.08229680709013268
8.04999999999998 0.2 0.08315660467798053
8.09999999999998 0.2 0.08427481483826565
8.14999999999998 0.2 0.08434955602124894
8.199999999999982 0.2 0.08246903206858353
8.249999999999982 0.2 0.0785635017815846
8.299999999999983 0.2 0.07342822208162296
8.349999999999984 0.2 0.06829674775569071
8.399999999999984 0.2 0.06430656364510334
8.449999999999985 0.2 0.06214624499969995
8.499999999999986 0.2 0.061918710071177364
8.549999999999986 0.2 0.0631441498070006
8.599999999999987 0.2 0.06487511721676624
8.649999999999988 0.2 0.06596530334061398
8.699999999999989 0.2 0.06549613667354068
8.74999999999999 0.2 0.0631923486787398
8.79999999999999 0.2 0.059544385724833775
8.84999999999999 0.2 0.05554135560582836
8.899999999999991 0.2 0.05222732505160274
8.949999999999992 0.2 0.0503468772420429
8.999999999999993 0.2 0.05016967238412885
9.049999999999994 0.2 0.051452081078313394
9.099999999999994 0.2 0.053496887829308365
9.149999999999995 0.2 0.05532943681873849
9.199999999999996 0.2 0.0560169280706364
9.249999999999996 0.2 0.05505513268274203
9.299999999999997 0.2 0.05260879208673866
9.349999999999998 0.2 0.04942838738938149
9.399999999999999 0.2 0.046507047162249016
9.45 0.2 0.04470560093063619
9.5 0.2 0.04450263118504728
9.55 0.2 0.04588428711292941
9.600000000000001 0.2 0.04834082285197944
9.650000000000002 0.2 0.05097663805929884
9.700000000000003 0.2 0.05277676002810752
9.750000000000004 0.2 0.053009631031887786
9.800000000000004 0.2 0.05158227636804631
9.850000000000005 0.2 0.04909678149574154
9.900000000000006 0.2 0.04655990770197651
9.950000000000006 0.2 0.04495930224276051
10.000000000000007 0.2 0.044933504446683405
0.0 0.3 0.011654267821648592
0.05 0.3 0.012412538298703877
0.1 0.3 0.014271138993488251
0.15000000000000002 0.3 0.016380407244681712
0.2 0.3 0.017822113562993198
0.25 0.3 0.01796112848412456
0.3 0.3 0.01671991451465844
0.35 0.3 0.014596618307681553
0.39999999999999997 0.3 0.01241861543968037
0.44999999999999996 0.3 0.011006390834001296
0.49999999999999994 0.3 0.010916585088698725
0.5499999999999999 0.3 0.012313215779487617
0.6 0.3 0.014945508349443415
0.65 0.3 0.01820516275297903
0.7000000000000001 0.3 0.021276168053359315
0.7500000000000001 0.3 0.023401250728171407
0.8000000000000002 0.3 0.024173418353786943
0.8500000000000002 0.3 0.023733881527635572
0.9000000000000002 0.3 0.022699926897802144
0.9500000000000003 0.3 0.021920932139142344
1.0000000000000002 0.3 0.022158519941010618
1.0500000000000003 0.3 0.023870652110980096
1.1000000000000003 0.3 0.027074853861352007
1.1500000000000004 0.3 0.0313372398670273
1.2000000000000004 0.3 0.035823386865777844
1.2500000000000004 0.3 0.03955171371646182
1.3000000000000005 0.3 0.04175510740478321
1.3500000000000005 0.3 0.04228062152857685
1.4000000000000006 0.3 0.041670497332453815
1.4500000000000006 0.3 0.040947225108513736
1.5000000000000007 0.3 0.04115168999828339
1.5500000000000007 0.3 0.04300716251226405
1.6000000000000008 0.3 0.04669725919118744
1.6500000000000008 0.3 0.05180345394226219
1.7000000000000008 0.3 0.057365667145448176
1.7500000000000009 0.3 0.0621453096182705
1.800000000000001 0.3 0.06511972209135741
1.850000000000001 0.3 0.06600908055628886
1.900000000000001 0.3 0.0654497757753588
1.950000000000001 0.3 0.06465962734490392
2.000000000000001 0.3 0.06487627720939494
2.0500000000000007 0.3 0.06692154880892394
2.1000000000000005 0.3 0.07099391277516563
2.1500000000000004 0.3 0.07662647552264379
2.2 0.3 0.08278048036627991
2.25 0.3 0.08813498794539806
2.3 0.3 0.09160263882242281
2.3499999999999996 0.3 0.09286684840283227
2.3999999999999995 0.3 0.09255040734093434
2.4499999999999993 0.3 0.0918719478165159
2.499999999999999 0.3 0.09208649049558544
2.549999999999999 0.3 0.09406343018409224
2.5999999999999988 0.3 0.09809237740767426
2.6499999999999986 0.3 0.10383733490785718
2.6999999999999984 0.3 0.11038788808488154
2.7499999999999982 0.3 0.11645867459723286
2.799999999999998 0.3 0.1208160420190886
2.849999999999998 0.3 0.12284084575910573
2.8999999999999977 0.3 0.12287486524691277
2.9499999999999975 0.3 0.12205666557742736
2.9999999999999973 0.3 0.12179019177393556
3.049999999999997 0.3 0.12323111957105237
3.099999999999997 0.3 0.12698561695258342
3.149999999999997 0.3 0.1329750944381992
3.1999999999999966 0.3 0.1403892492691688
3.2499999999999964 0.3 0.1477751104369733
3.2999999999999963 0.3 0.1534369362080378
3.349999999999996 0.3 0.156205037974948
3.399999999999996 0.3 0.1561543494888937
3.4499999999999957 0.3 0.1546189820088084
3.4999999999999956 0.3 0.1534825420546512
3.5499999999999954 0.3 0.1543807705730615
3.599999999999995 0.3 0.15824106865899548
3.649999999999995 0.3 0.16509624726354952
3.699999999999995 0.3 0.17399794433396784
3.7499999999999947 0.3 0.1830628734590395
3.7999999999999945 0.3 0.18995718710043313
3.8499999999999943 0.3 0.1930227948819102
3.899999999999994 0.3 0.19239634084178497
3.949999999999994 0.3 0.18996470530640974
3.999999999999994 0.3 0.18820970954484872
4.049999999999994 0.3 0.18910965632129073
4.099999999999993 0.3 0.1936668466930317
4.149999999999993 0.3 0.20180493624038545
4.199999999999993 0.3 0.21232584140356808
4.249999999999993 0.3 0.22296762377133003
4.299999999999993 0.3 0.23097787057843308
4.3499999999999925 0.3 0.234478654015801
4.399999999999992 0.3 0.23375924294862274
4.449999999999992 0.3 0.23106612479855798
4.499999999999992 0.3 0.2291625512155073
4.549999999999992 0.3 0.23015997151346365
4.599999999999992 0.3 0.23514724012775912
4.6499999999999915 0.3 0.2441985734908473
4.699999999999991 0.3 0.2563651225057284
4.749999999999991 0.3 0.2696123075578603
4.799999999999991 0.3 0.28105916060585295
4.849999999999991 0.3 0.2880636690976719
4.899999999999991 0.3 0.2898859928048186
4.94999999999999 0.3 0.2882999013538293
4.99999999999999 0.3 0.28639706115546376
5.04999999999999 0.3 0.2870410336130171
5.09999999999999 0.3 0.29219207836331224
5.14999999999999 0.3 0.302899937590576
5.1999999999999895 0.3 0.3193873901473746
5.249999999999989 0.3 0.3408872874591199
5.299999999999989 0.3 0.36513890456603004
5.349999999999989 0.3 0.3879359956531978
5.399999999999989 0.3 0.4041830058116186
5.449999999999989 0.3 0.4114791442984214
5.4999999999999885 0.3 0.41255066397706347
5.549999999999988 0.3 0.41274263060503946
5.599999999999988 0.3 0.4164626117567927
5.649999999999988 0.3 0.4261910367506981
5.699999999999988 0.3 0.4430414937162733
5.749999999999988 0.3 0.46753735526893997
5.799999999999987 0.3 0.5003999700257513
5.849999999999987 0.3 0.5435731869931988
5.899999999999987 0.3 0.6012148135141787
5.949999999999987 0.3 0.6743314783186904
5.999999999999987 0.3 0.7053479097191611
6.0499999999999865 0.3 0.6238497864722744
6.099999999999986 0.3 0.5323488884343058
6.149999999999986 0.3 0.46258005190595175
6.199999999999986 0.3 0.41119520823304456
6.249999999999986 0.3 0.3741268715760686
6.299999999999986 0.3 0.34865717955601017
6.349999999999985 0.3 0.3327493331228407
6.399999999999985 0.3 0.3243653559943003
6.449999999999985 0.3 0.32081124975126346
6.499999999999985 0.3 0.3182598282383924
6.549999999999985 0.3 0.3122123070271494
6.5999999999999845 0.3 0.2996318283219925
6.649999999999984 0.3 0.28109189975125903
6.699999999999984 0.3 0.26000328640586773
6.749999999999984 0.3 0.23999215208991914
6.799999999999984 0.3 0.2234017338570381
6.849999999999984 0.3 0.21121996881903843
6.8999999999999835 0.3 0.20342353313765515
6.949999999999983 0.3 0.1992134379800654
6.999999999999983 0.3 0.1971161891906398
7.049999999999983 0.3 0.19514651203329325
7.099999999999983 0.3 0.19129028185511912
7.149999999999983 0.3 0.18432315714198155
7.199999999999982 0.3 0.17443334060571472
7.249999999999982 0.3 0.16303763404880822
7.299999999999982 0.3 0.15197163608094988
7.349999999999982 0.3 0.14275408066420575
7.399999999999982 0.3 0.1362528352525811
7.4499999999999815 0.3 0.13262346020805477
7.499999999999981 0.3 0.13133047809682138
7.549999999999981 0.3 0.13120886287139372
7.599999999999981 0.3 0.13067666701962083
7.649999999999981 0.3 0.1282391882723314
7.699999999999981 0.3 0.12317867196649318
7.7499999999999805 0.3 0.11594933070217749
7.79999999999998 0.3 0.1079050430839606
7.84999999999998 0.3 0.10061245497485789
7.89999999999998 0.3 0.09526839361582572
7.94999999999998 0.3 0.09242215433078438
7.99999999999998 0.3 0.09190476798668953
8.04999999999998 0.3 0.09286102569022979
8.09999999999998 0.3 0.09391605295994468
8.14999999999998 0.3 0.09359276724955122
8.199999999999982 0.3 0.09095404299828831
8.249999999999982 0.3 0.08609935582370998
8.299999999999983 0.3 0.08008715914480445
8.349999999999984 0.3 0.0743549020951824
8.399999999999984 0.3 0.07010976046977185
8.449999999999985 0.3 0.06798734854164591
8.499999999999986 0.3 0.06795347294840393
8.549999999999986 0.3 0.06934350845120105
8.599999999999987 0.3 0.07102487180007887
8.649999999999988 0.3 0.07174116494314384
8.699999999999989 0.3 0.07061355141148029
8.74999999999999 0.3 0.06755283428133191
8.79999999999999 0.3 0.06327273664258705
8.84999999999999 0.3 0.05889926521701388
8.899999999999991 0.3 0.05548544026395491
8.949999999999992 0.3 0.053690494666814026
8.999999999999993 0.3 0.05365648588629257
9.049999999999994 0.3 0.05501062252676216
9.099999999999994 0.3 0.05695686107068459
9.149999999999995 0.3 0.05848277049528633
9.199999999999996 0.3 0.058699037270939725
9.249999999999996 0.3 0.05721098603028432
9.299999999999997 0.3 0.054303120450387946
9.349999999999998 0.3 0.05079857152662515
9.399999999999999 0.3 0.04769939909568146
9.45 0.3 0.04583193371385627
9.5 0.3 0.04562287159717632
9.55 0.3 0.04700251208092944
9.600000000000001 0.3 0.049404435723744713
9.650000000000002 0.3 0.05188057301375074
9.700000000000003 0.3 0.05338503319380888
9.750000000000004 0.3 0.05320184639456174
9.800000000000004 0.3 0.051308196405422536
9.850000000000005 0.3 0.04840443729935327
9.900000000000006 0.3 0.04558116536988789
9.950000000000006 0.3 0.043868319364502244
10.000000000000007 0.3 0.043899792295422936
0.0 0.4 0.007854913653981851
0.05 0.4 0.00873457087386157
0.1 0.4 0.010858869476122001
0.15000000000000002 0.4 0.013184198107979668
0.2 0.4 0.014593287911551803
0.25 0.4 0.014345046108993837
0.3 0.4 0.012417077022420384
0.35 0.4 0.00949209653238928
0.39999999999999997 0.4 0.006605528965195538
0.44999999999999996 0.4 0.004719447566222668
0.49999999999999994 0.4 0.004435036386170874
0.5499999999999999 0.4 0.005872940353259592
0.6 0.4 0.008671918016356637
0.65 0.4 0.012070664638724813
0.7000000000000001 0.4 0.015099031965425848
0.7500000000000001 0.4 0.01690709667097842
0.8000000000000002 0.4 0.017108302505273697
0.8500000000000002 0.4 0.015975179735932474
0.9000000000000002 0.4 0.01429565526377927
0.9500000000000003 0.4 0.013055070196395508
1.0000000000000002 0.4 0.013077542951077326
1.0500000000000003 0.4 0.014814611592654693
1.1000000000000003 0.4 0.018218791477289803
1.1500000000000004 0.4 0.022744147648451566
1.2000000000000004 0.4 0.02740625937959102
1.2500000000000004 0.4 0.031077793680589827
1.3000000000000005 0.4 0.03291879154893026
1.3500000000000005 0.4 0.032837556361361445
1.4000000000000006 0.4 0.03154735714834945
1.4500000000000006 0.4 0.03026849065330406
1.5000000000000007 0.4 0.030182584482970162
1.5500000000000007 0.4 0.03206977576767428
1.6000000000000008 0.4 0.036083100998283935
1.6500000000000008 0.4 0.041684435816126075
1.7000000000000008 0.4 0.047706224467766484
1.7500000000000009 0.4 0.052661616700227204
1.800000000000001 0.4 0.05536296738308303
1.850000000000001 0.4 0.05557796556886371
1.900000000000001 0.4 0.05419349746900636
1.950000000000001 0.4 0.05272769545629491
2.000000000000001 0.4 0.052626444897844286
2.0500000000000007 0.4 0.05478361303533479
2.1000000000000005 0.4 0.059344230089673725
2.1500000000000004 0.4 0.06567253780389251
2.2 0.4 0.07245741590826854
2.25 0.4 0.07807040749551478
2.3 0.4 0.0812399296903798
2.3499999999999996 0.4 0.0817358132853415
2.3999999999999995 0.4 0.08050027587224362
2.4499999999999993 0.4 0.07910297238949315
2.499999999999999 0.4 0.0790183762281888
2.549999999999999 0.4 0.08116951977388123
2.5999999999999988 0.4 0.08576418284034505
2.6499999999999986 0.4 0.09227589771177216
2.6999999999999984 0.4 0.09951591303064837
2.7499999999999982 0.4 0.10589530219193999
2.799999999999998 0.4 0.10999295916095345
2.849999999999998 0.4 0.11126259097029903
2.8999999999999977 0.4 0.11035983581642857
2.9499999999999975 0.4 0.10878273606360232
2.9999999999999973 0.4 0.10816459586340449
3.049999999999997 0.4 0.10972392434731318
3.099999999999997 0.4 0.11400638340592979
3.149999999999997 0.4 0.120783961894052
3.1999999999999966 0.4 0.12901008378946183
3.2499999999999964 0.4 0.13692031561561388
3.2999999999999963 0.4 0.14253391912701924
3.349999999999996 0.4 0.1446216599219052
3.399999999999996 0.4 0.1435268444876489
3.4499999999999957 0.4 0.14101463922163623
3.4999999999999956 0.4 0.1393094277003009
3.5499999999999954 0.4 0.14020197590556172
3.599999999999995 0.4 0.14462476017623593
3.649999999999995 0.4 0.15249716783818112
3.699999999999995 0.4 0.16260752990565364
3.7499999999999947 0.4 0.17261655467985243
3.7999999999999945 0.4 0.17966073442254538
3.8499999999999943 0.4 0.1818723878513287
3.899999999999994 0.4 0.1797875751000127
3.949999999999994 0.4 0.17600710660641536
3.999999999999994 0.4 0.17354419072412822
4.049999999999994 0.4 0.17457871538329503
4.099999999999993 0.4 0.18008295778119507
4.149999999999993 0.4 0.18978235059061543
4.199999999999993 0.4 0.20205873285459974
4.249999999999993 0.4 0.21394676511567765
4.299999999999993 0.4 0.2219421736544921
4.3499999999999925 0.4 0.22402829269639601
4.399999999999992 0.4 0.22128741747214536
4.449999999999992 0.4 0.21702693697436615
4.499999999999992 0.4 0.2146171417371111
4.549999999999992 0.4 0.21627074832985105
4.599999999999992 0.4 0.22289226045846458
4.6499999999999915 0.4 0.23417639980033275
4.699999999999991 0.4 0.24852063199154073
4.749999999999991 0.4 0.2628912216003234
4.799999999999991 0.4 0.2734126521773584
4.849999999999991 0.4 0.2774294579658431
4.899999999999991 0.4 0.2756356683218328
4.94999999999999 0.4 0.27153992594254506
4.99999999999999 0.4 0.2690499574581531
5.04999999999999 0.4 0.2709651523646097
5.09999999999999 0.4 0.2788112924823441
5.14999999999999 0.4 0.29304566663560644
5.1999999999999895 0.4 0.3129718290107437
5.249999999999989 0.4 0.3361477214086739
5.299999999999989 0.4 0.3577133782801169
5.349999999999989 0.4 0.3716289790884508
5.399999999999989 0.4 0.3754329173679336
5.449999999999989 0.4 0.3732151746656585
5.4999999999999885 0.4 0.37189163561038074
5.549999999999988 0.4 0.37698467870401287
5.599999999999988 0.4 0.39205548512752614
5.649999999999988 0.4 0.419727907086359
5.699999999999988 0.4 0.46254605817199873
5.749999999999988 0.4 0.5227442976960449
5.799999999999987 0.4 0.5969826112460105
5.849999999999987 0.4 0.6551606150956066
5.899999999999987 0.4 0.6585831327505882
5.949999999999987 0.4 0.647342912185647
5.999999999999987 0.4 0.6623073348939197
6.0499999999999865 0.4 0.7134532931259988
6.099999999999986 0.4 0.7305470236291159
6.149999999999986 0.4 0.6230967041790816
6.199999999999986 0.4 0.5219750332215861
6.249999999999986 0.4 0.4514704378986547
6.299999999999986 0.4 0.40374980625918866
6.349999999999985 0.4 0.3729535863338049
6.399999999999985 0.4 0.3551814314793554
6.449999999999985 0.4 0.3470086803733659
6.499999999999985 0.4 0.34416564885027023
6.549999999999985 0.4 0.34075075251877907
6.5999999999999845 0.4 0.3306508017073093
6.649999999999984 0.4 0.31166930740790916
6.699999999999984 0.4 0.2871880744710526
6.749999999999984 0.4 0.26250786008977606
6.799999999999984 0.4 0.24138769149080397
6.849999999999984 0.4 0.22551709505377404
6.8999999999999835 0.4 0.21513934379386243
6.949999999999983 0.4 0.20952424773643707
6.999999999999983 0.4 0.20712106475215597
7.049999999999983 0.4 0.20563836722533493
7.099999999999983 0.4 0.2024580893398686
7.149999999999983 0.4 0.19563858285075988
7.199999999999982 0.4 0.18497142398751953
7.249999999999982 0.4 0.17201752988376862
7.299999999999982 0.4 0.15906595138664914
7.349999999999982 0.4 0.14807235455930304
7.399999999999982 0.4 0.14019420346666986
7.4499999999999815 0.4 0.1357411206241799
7.499999999999981 0.4 0.1342215938778044
7.549999999999981 0.4 0.13438419222585427
7.599999999999981 0.4 0.13438251266787757
7.649999999999981 0.4 0.132303806065969
7.699999999999981 0.4 0.1270533562548917
7.7499999999999805 0.4 0.11899750949904359
7.79999999999998 0.4 0.10972245659420676
7.84999999999998 0.4 0.10115361859609116
7.89999999999998 0.4 0.09479120081513405
7.94999999999998 0.4 0.09137044964237159
7.99999999999998 0.4 0.09078837464652573
8.04999999999998 0.4 0.09212204157824272
8.09999999999998 0.4 0.09376500469134068
8.14999999999998 0.4 0.09387096920410877
8.199999999999982 0.4 0.09116326516333306
8.249999999999982 0.4 0.08565749777435683
8.299999999999983 0.4 0.0786295881430942
8.349999999999984 0.4 0.0718600198886973
8.399999999999984 0.4 0.06683889503362937
8.449999999999985 0.4 0.06435484693581842
8.499999999999986 0.4 0.06439796292350192
8.549999999999986 0.4 0.06620425390166006
8.599999999999987 0.4 0.06841950890950742
8.649999999999988 0.4 0.0694895467433284
8.699999999999989 0.4 0.06829390366962688
8.74999999999999 0.4 0.0647065422604251
8.79999999999999 0.4 0.059624984520362856
8.84999999999999 0.4 0.0544469129990844
8.899999999999991 0.4 0.050445160287491214
8.949999999999992 0.4 0.04839120309385221
8.999999999999993 0.4 0.04843549963428623
9.049999999999994 0.4 0.05012428229445931
9.099999999999994 0.4 0.052502638072700426
9.149999999999995 0.4 0.05435083953740384
9.199999999999996 0.4 0.054596580205642654
9.249999999999996 0.4 0.05278089562536015
9.299999999999997 0.4 0.049280729205632756
9.349999999999998 0.4 0.045107826778115596
9.399999999999999 0.4 0.041449207807326506
9.45 0.4 0.03925125834312589
9.5 0.4 0.03898417282729861
9.55 0.4 0.04055117328074519
9.600000000000001 0.4 0.04328906943961986
9.650000000000002 0.4 0.04608600734131862
9.700000000000003 0.4 0.047701061321381834
9.750000000000004 0.4 0.04727935636388843
9.800000000000004 0.4 0.0448048402903552
9.850000000000005 0.4 0.041133380282311616
9.900000000000006 0.4 0.03757111233000399
9.950000000000006 0.4 0.0353297708950507
10.000000000000007 0.4 0.035148187069997935
0.0 0.5 0.005955393759976968
0.05 0.5 0.006899147048577237
0.1 0.5 0.009190643249059596
0.15000000000000002 0.5 0.011718667165106616
0.2 0.5 0.013270621684358884
0.25 0.5 0.013019888795664923
0.3 0.5 0.01091487241483965
0.35 0.5 0.0076802399942516
0.39999999999999997 0.5 0.004435350910660523
0.44999999999999996 0.5 0.0022269513325647453
0.49999999999999994 0.5 0.0017170020035551848
0.5499999999999999 0.5 0.0030546767726081746
0.6 0.5 0.005871770361341196
0.65 0.5 0.009361306876917667
0.7000000000000001 0.5 0.012472377325034196
0.7500000000000001 0.5 0.014265618326439237
0.8000000000000002 0.5 0.014299433858743302
0.8500000000000002 0.5 0.012859309529307451
0.9000000000000002 0.5 0.010802919119881396
0.9500000000000003 0.5 0.009204583641847891
1.0000000000000002 0.5 0.008960557128792328
1.0500000000000003 0.5 0.010564111572790795
1.1000000000000003 0.5 0.013974752798165423
1.1500000000000004 0.5 0.018617599657992645
1.2000000000000004 0.5 0.023437965384305114
1.2500000000000004 0.5 0.027209664731312828
1.3000000000000005 0.5 0.029002978647766183
1.3500000000000005 0.5 0.028700680163219073
1.4000000000000006 0.5 0.027070276324593984
1.4500000000000006 0.5 0.02543390697091635
1.5000000000000007 0.5 0.02506872052947224
1.5500000000000007 0.5 0.026819121300904514
1.6000000000000008 0.5 0.030861947528744233
1.6500000000000008 0.5 0.03663905197761729
1.7000000000000008 0.5 0.042910900597669464
1.7500000000000009 0.5 0.048072196977808845
1.800000000000001 0.5 0.05081697968575857
1.850000000000001 0.5 0.05086915887428933
1.900000000000001 0.5 0.04917534872882071
1.950000000000001 0.5 0.047367641243943964
2.000000000000001 0.5 0.046994360461178386
2.0500000000000007 0.5 0.049012754151345546
2.1000000000000005 0.5 0.05359413414858513
2.1500000000000004 0.5 0.06009471208875283
2.2 0.5 0.06715222057154584
2.25 0.5 0.0730367317632258
2.3 0.5 0.07635224931258941
2.3499999999999996 0.5 0.07679024957984133
2.3999999999999995 0.5 0.07531059874408927
2.4499999999999993 0.5 0.07357494431822063
2.499999999999999 0.5 0.07316762557360601
2.549999999999999 0.5 0.07510386185385343
2.5999999999999988 0.5 0.0796556869380934
2.6499999999999986 0.5 0.08632477109584447
2.6999999999999984 0.5 0.09389313386455728
2.7499999999999982 0.5 0.10066192098772359
2.799999999999998 0.5 0.10503800671641234
2.849999999999998 0.5 0.1063326118503726
2.8999999999999977 0.5 0.105186342502065
2.9499999999999975 0.5 0.10320801095019157
2.9999999999999973 0.5 0.1021840947092724
3.049999999999997 0.5 0.10346036435835788
3.099999999999997 0.5 0.10766392454377693
3.149999999999997 0.5 0.11460200362293133
3.1999999999999966 0.5 0.12320485557398507
3.2499999999999964 0.5 0.13159787404808906
3.2999999999999963 0.5 0.13760044605057273
3.349999999999996 0.5 0.13978458920011613
3.399999999999996 0.5 0.13844102867256533
3.4499999999999957 0.5 0.13545939218178435
3.4999999999999956 0.5 0.13325507873288914
3.5499999999999954 0.5 0.1337755621291142
3.599999999999995 0.5 0.13805394397451226
3.649999999999995 0.5 0.14606549770009167
3.699999999999995 0.5 0.15659984641536914
3.7499999999999947 0.5 0.1672131309992998
3.7999999999999945 0.5 0.17479117726936658
3.8499999999999943 0.5 0.17717856175787455
3.899999999999994 0.5 0.17482518325244245
3.949999999999994 0.5 0.17050132318936917
3.999999999999994 0.5 0.16746047770924125
4.049999999999994 0.5 0.16805552175021696
4.099999999999993 0.5 0.17336189795904006
4.149999999999993 0.5 0.1831763808246091
4.199999999999993 0.5 0.19592302078850574
4.249999999999993 0.5 0.208580531250962
4.299999999999993 0.5 0.21739089759076224
4.3499999999999925 0.5 0.21996043870583942
4.399999999999992 0.5 0.21718285389728195
4.449999999999992 0.5 0.2124969331566486
4.499999999999992 0.5 0.20953174275324207
4.549999999999992 0.5 0.21072107208498264
4.599999999999992 0.5 0.2171412612151757
4.6499999999999915 0.5 0.22864723538195975
4.699999999999991 0.5 0.24377777709126663
4.749999999999991 0.5 0.25949676433037117
4.799999999999991 0.5 0.27155940808418005
4.849999999999991 0.5 0.2766164004796662
4.899999999999991 0.5 0.2749428018082258
4.94999999999999 0.5 0.2702770931906972
4.99999999999999 0.5 0.26703376507097615
5.04999999999999 0.5 0.26840697959100507
5.09999999999999 0.5 0.27615651867471586
5.14999999999999 0.5 0.2908873123618921
5.1999999999999895 0.5 0.31198211680846477
5.249999999999989 0.5 0.33686322358925413
5.299999999999989 0.5 0.35996545300134963
5.349999999999989 0.5 0.37398945438729436
5.399999999999989 0.5 0.3760389776616871
5.449999999999989 0.5 0.3713702741215605
5.4999999999999885 0.5 0.3681296882925816
5.549999999999988 0.5 0.37229526094461046
5.599999999999988 0.5 0.387533266181417
5.649999999999988 0.5 0.4166674264779932
5.699999999999988 0.5 0.4628021147635705
5.749999999999988 0.5 0.5291097297660586
5.799999999999987 0.5 0.6101784357596736
5.849999999999987 0.5 0.6551169568420044
5.899999999999987 0.5 0.6301047013745767
5.949999999999987 0.5 0.6049597447655989
5.999999999999987 0.5 0.6111303103999779
6.0499999999999865 0.5 0.6569783991598379
6.099999999999986 0.5 0.7241655254183608
6.149999999999986 0.5 0.6600506520259275
6.199999999999986 0.5 0.5457905817138207
6.249999999999986 0.5 0.4655273930054777
6.299999999999986 0.5 0.41239752065147517
6.349999999999985 0.5 0.37863068060116994
6.399999999999985 0.5 0.3594133226858118
6.449999999999985 0.5 0.35095507217380917
6.499999999999985 0.5 0.34881619442471556
6.549999999999985 0.5 0.34673326009315675
6.5999999999999845 0.5 0.3377294507682404
6.649999999999984 0.5 0.31877554530806745
6.699999999999984 0.5 0.29333604934473584
6.749999999999984 0.5 0.2673412743044669
6.799999999999984 0.5 0.24500394319346933
6.849999999999984 0.5 0.2281967987670845
6.8999999999999835 0.5 0.2172218918864741
6.949999999999983 0.5 0.21137144385253956
6.999999999999983 0.5 0.20908739376894117
7.049999999999983 0.5 0.20799091180577106
7.099999999999983 0.5 0.2052411707549968
7.149999999999983 0.5 0.1985936257930071
7.199999999999982 0.5 0.1876604011765317
7.249999999999982 0.5 0.1740769814084395
7.299999999999982 0.5 0.16035658901058747
7.349999999999982 0.5 0.14866395891200798
7.399999999999982 0.5 0.14028796090629245
7.4499999999999815 0.5 0.13560282509087793
7.499999999999981 0.5 0.1341298541662196
7.549999999999981 0.5 0.13456816304398198
7.599999999999981 0.5 0.1349332218836707
7.649999999999981 0.5 0.1330964475060833
7.699999999999981 0.5 0.1277756474073051
7.7499999999999805 0.5 0.11931369025956036
7.79999999999998 0.5 0.10944257987921446
7.84999999999998 0.5 0.10028279178242397
7.89999999999998 0.5 0.09348184454141842
7.94999999999998 0.5 0.08985372698198928
7.99999999999998 0.5 0.08931497507823366
8.04999999999998 0.5 0.09090102077754385
8.09999999999998 0.5 0.09288712416288941
8.14999999999998 0.5 0.09324224580256354
8.199999999999982 0.5 0.09052340280043131
8.249999999999982 0.5 0.08471544300409008
8.299999999999983 0.5 0.07721476455334451
8.349999999999984 0.5 0.06997197025019672
8.399999999999984 0.5 0.06460384166105705
8.449999999999985 0.5 0.061959329631618335
8.499999999999986 0.5 0.0620348954224116
8.549999999999986 0.5 0.06402797160867277
8.599999999999987 0.5 0.06649993965007032
8.649999999999988 0.5 0.06777610775871247
8.699999999999989 0.5 0.06662465338836941
8.74999999999999 0.5 0.06288074687728643
8.79999999999999 0.5 0.0574946354130518
8.84999999999999 0.5 0.051964308771465045
8.899999999999991 0.5 0.04765723348462467
8.949999999999992 0.5 0.04541103968388566
8.999999999999993 0.5 0.04541255850155024
9.049999999999994 0.5 0.047213132700263546
9.099999999999994 0.5 0.04982157944459495
9.149999999999995 0.5 0.05193225678282675
9.199999999999996 0.5 0.05235597668760675
9.249999999999996 0.5 0.05054252887736749
9.299999999999997 0.5 0.04685931214234438
9.349999999999998 0.5 0.04239146902946211
9.399999999999999 0.5 0.03843389560364016
9.45 0.5 0.03602712896057757
9.5 0.5 0.03569937386194746
9.55 0.5 0.0373693352785461
9.600000000000001 0.5 0.04034112447505737
9.650000000000002 0.5 0.04341669792447696
9.700000000000003 0.5 0.0452296792541302
9.750000000000004 0.5 0.04481381369730676
9.800000000000004 0.5 0.042123609027131255
9.850000000000005 0.5 0.038084814240893904
9.900000000000006 0.5 0.03412289028711329
9.950000000000006 0.5 0.03155718415179778
10.000000000000007 0.5 0.031193276699211743
0.0 0.6 0.01087491380374651
0.05 0.6 0.01175514213581582
0.1 0.6 0.013860936840911754
0.15000000000000002 0.6 0.01612848641831493
0.2 0.6 0.017436261578269458
0.25 0.6 0.017049427983179967
0.3 0.6 0.014950445614616188
0.35 0.6 0.011818280424556744
0.39999999999999997 0.6 0.008680381134001788
0.44999999999999996 0.6 0.006496852068196647
0.49999999999999994 0.6 0.005880386592032678
0.5499999999999999 0.6 0.006977788650161583
0.6 0.6 0.009463020610441937
0.65 0.6 0.01260718573688862
0.7000000000000001 0.6 0.015451532245251294
0.7500000000000001 0.6 0.017122525329436335
0.8000000000000002 0.6 0.017179960084076015
0.8500000000000002 0.6 0.015840262142627008
0.9000000000000002 0.6 0.013864561152967678
0.9500000000000003 0.6 0.012250233004686521
1.0000000000000002 0.6 0.011862159575071134
1.0500000000000003 0.6 0.013204256710905358
1.1000000000000003 0.6 0.016281059385591806
1.1500000000000004 0.6 0.020585929766722102
1.2000000000000004 0.6 0.025146015032294633
1.2500000000000004 0.6 0.028802239457964587
1.3000000000000005 0.6 0.030641198507089525
1.3500000000000005 0.6 0.030489840558904958
1.4000000000000006 0.6 0.02901818007963919
1.4500000000000006 0.6 0.027459921845366775
1.5000000000000007 0.6 0.027045369747923265
1.5500000000000007 0.6 0.028613396234356044
1.6000000000000008 0.6 0.03236555420808511
1.6500000000000008 0.6 0.03779634128087714
1.7000000000000008 0.6 0.043749668724653794
1.7500000000000009 0.6 0.04872286611967491
1.800000000000001 0.6 0.05148519701655783
1.850000000000001 0.6 0.05174979487531811
1.900000000000001 0.6 0.050360870547424885
1.950000000000001 0.6 0.048815391949509644
2.000000000000001 0.6 0.04855328054555765
2.0500000000000007 0.6 0.05047214931561838
2.1000000000000005 0.6 0.054736616408806366
2.1500000000000004 0.6 0.06076112034341763
2.2 0.6 0.06732308162579985
2.25 0.6 0.07289460174776859
2.3 0.6 0.07624539069103045
2.3499999999999996 0.6 0.07706607188898662
2.3999999999999995 0.6 0.07612975874092776
2.4499999999999993 0.6 0.07484849037554765
2.499999999999999 0.6 0.07462346772837894
2.549999999999999 0.6 0.07639901612507301
2.5999999999999988 0.6 0.08048152403461398
2.6499999999999986 0.6 0.0865018500961211
2.6999999999999984 0.6 0.09345698182774795
2.7499999999999982 0.6 0.09990181419481647
2.799999999999998 0.6 0.10441247121537432
2.849999999999998 0.6 0.10624641421292727
2.8999999999999977 0.6 0.10577452781778048
2.9499999999999975 0.6 0.10429767914382188
2.9999999999999973 0.6 0.10341804222870597
3.049999999999997 0.6 0.10444949087199473
3.099999999999997 0.6 0.10809471202288533
3.149999999999997 0.6 0.11430801657470067
3.1999999999999966 0.6 0.122229105560361
3.2499999999999964 0.6 0.1302336227108629
3.2999999999999963 0.6 0.1363335847833023
3.349999999999996 0.6 0.1390742831963432
3.399999999999996 0.6 0.13846057581274515
3.4499999999999957 0.6 0.13603049123982278
3.4999999999999956 0.6 0.1339905492352457
3.5499999999999954 0.6 0.13425111748526392
3.599999999999995 0.6 0.13790962798725748
3.649999999999995 0.6 0.14506346141034926
3.699999999999995 0.6 0.1546960071246
3.7499999999999947 0.6 0.16465461857476565
3.7999999999999945 0.6 0.1721350249477023
3.8499999999999943 0.6 0.17505839304717252
3.899999999999994 0.6 0.17356123630473697
3.949999999999994 0.6 0.1699488108072077
3.999999999999994 0.6 0.1671726366402039
4.049999999999994 0.6 0.16748957395924594
4.099999999999993 0.6 0.1719912498277327
4.149999999999993 0.6 0.18056533289700888
4.199999999999993 0.6 0.1918638467924456
4.249999999999993 0.6 0.20332733443353135
4.299999999999993 0.6 0.2117957093443014
4.3499999999999925 0.6 0.21511324669971865
4.399999999999992 0.6 0.21367440532309906
4.449999999999992 0.6 0.2101002192808363
4.499999999999992 0.6 0.20748331919349636
4.549999999999992 0.6 0.20809741757305453
4.599999999999992 0.6 0.213081227668006
4.6499999999999915 0.6 0.22250738716716054
4.699999999999991 0.6 0.23536955172599727
4.749999999999991 0.6 0.24944870366750155
4.799999999999991 0.6 0.2614894570895115
4.849999999999991 0.6 0.2684262156289329
4.899999999999991 0.6 0.2694267742670649
4.94999999999999 0.6 0.2666372916928047
4.99999999999999 0.6 0.2636418960993818
5.04999999999999 0.6 0.2636051000914805
5.09999999999999 0.6 0.26856767800437875
5.14999999999999 0.6 0.27949221278986985
5.1999999999999895 0.6 0.2963118125159451
5.249999999999989 0.6 0.3175981211574675
5.299999999999989 0.6 0.33987448105907775
5.349999999999989 0.6 0.3576065812240144
5.399999999999989 0.6 0.3660703833962933
5.449999999999989 0.6 0.3658669081385698
5.4999999999999885 0.6 0.3625570341373463
5.549999999999988 0.6 0.3620683496911486
5.599999999999988 0.6 0.36828264133571975
5.649999999999988 0.6 0.383296487352274
5.699999999999988 0.6 0.4081624919366091
5.749999999999988 0.6 0.4431761389095842
5.799999999999987 0.6 0.4875231422998043
5.849999999999987 0.6 0.5383230084295255
5.899999999999987 0.6 0.5900959480879926
5.949999999999987 0.6 0.6368282361333284
5.999999999999987 0.6 0.6711495854647134
6.0499999999999865 0.6 0.6692802564976779
6.099999999999986 0.6 0.6160779454529781
6.149999999999986 0.6 0.5463614853394402
6.199999999999986 0.6 0.48604274875361214
6.249999999999986 0.6 0.44045772055128574
6.299999999999986 0.6 0.40898588030823274
6.349999999999985 0.6 0.3899707321096052
6.399999999999985 0.6 0.3813552879273523
6.449999999999985 0.6 0.38002179102497946
6.499999999999985 0.6 0.3806122403288567
6.549999999999985 0.6 0.3755085027588261
6.5999999999999845 0.6 0.3590764198845561
6.649999999999984 0.6 0.3330232237494384
6.699999999999984 0.6 0.3039654539839034
6.749999999999984 0.6 0.27747265965497736
6.799999999999984 0.6 0.2562857188649777
6.849999999999984 0.6 0.24117243957597548
6.8999999999999835 0.6 0.23179574979925732
6.949999999999983 0.6 0.2270590296448668
6.999999999999983 0.6 0.2251265813294424
7.049999999999983 0.6 0.22346317680132344
7.099999999999983 0.6 0.21934265504693395
7.149999999999983 0.6 0.21100655562651704
7.199999999999982 0.6 0.1986855511086696
7.249999999999982 0.6 0.18435092020588165
7.299999999999982 0.6 0.17046946513315242
7.349999999999982 0.6 0.15898090792455397
7.399999999999982 0.6 0.1509493992640134
7.4499999999999815 0.6 0.14657543383414937
7.499999999999981 0.6 0.1452448619918532
7.549999999999981 0.6 0.14554994526302026
7.599999999999981 0.6 0.14545802756617704
7.649999999999981 0.6 0.1429147320200383
7.699999999999981 0.6 0.1368473831594436
7.7499999999999805 0.6 0.12782822784515332
7.79999999999998 0.6 0.1176956684866898
7.84999999999998 0.6 0.10853454509222521
7.89999999999998 0.6 0.10188644880774506
7.94999999999998 0.6 0.09844715977892099
7.99999999999998 0.6 0.0980209258345964
8.04999999999998 0.6 0.09954353712981111
8.09999999999998 0.6 0.10123129354915208
8.14999999999998 0.6 0.10108989790974265
8.199999999999982 0.6 0.09783296856510325
8.249999999999982 0.6 0.09163969755210677
8.299999999999983 0.6 0.08400757662855347
8.349999999999984 0.6 0.07685482796267562
8.399999999999984 0.6 0.071687370121913
8.449999999999985 0.6 0.069226152752695
8.499999999999986 0.6 0.06935527509054926
8.549999999999986 0.6 0.07119907094181348
8.599999999999987 0.6 0.07331908372239307
8.649999999999988 0.6 0.07414302046131196
8.699999999999989 0.6 0.07261422796869706
8.74999999999999 0.6 0.06870924240664013
8.79999999999999 0.6 0.06339244337612618
8.84999999999999 0.6 0.0580605677928715
8.899999999999991 0.6 0.0539443022088583
8.949999999999992 0.6 0.051773616071665474
8.999999999999993 0.6 0.05168313361442666
9.049999999999994 0.6 0.053233533904252874
9.099999999999994 0.6 0.055503031666578044
9.149999999999995 0.6 0.05729917513284635
9.199999999999996 0.6 0.05754437126978548
9.249999999999996 0.6 0.05573624803177213
9.299999999999997 0.6 0.052198603128145296
9.349999999999998 0.6 0.047918419781987534
9.399999999999999 0.6 0.04409966336711305
9.45 0.6 0.0417334209505886
9.5 0.6 0.041340620640527515
9.55 0.6 0.04286349342523694
9.600000000000001 0.6 0.045651630757998204
9.650000000000002 0.6 0.04856725612194927
9.700000000000003 0.6 0.0503036149072949
9.750000000000004 0.6 0.04992588779703471
9.800000000000004 0.6 0.047370762936184425
9.850000000000005 0.6 0.04350711011485417
9.900000000000006 0.6 0.039697184120527446
9.950000000000006 0.6 0.037214404026181695
10.000000000000007 0.6 0.036839359765657415
0.0 0.7 0.019587854866740473
0.05 0.7 0.02037281665554871
0.1 0.7 0.022158924647499342
0.15000000000000002 0.7 0.023899533498430707
0.2 0.7 0.02459163608822889
0.25 0.7 0.023679763202543388
0.3 0.7 0.021288781269121274
0.35 0.7 0.018122222872822707
0.39999999999999997 0.7 0.015115250070722688
0.44999999999999996 0.7 0.01308013043450308
0.49999999999999994 0.7 0.012489476436101902
0.5499999999999999 0.7 0.013398435078916021
0.6 0.7 0.015460484739834624
0.65 0.7 0.018010059841550945
0.7000000000000001 0.7 0.02023001882996589
0.7500000000000001 0.7 0.02141716686888155
0.8000000000000002 0.7 0.021249925936460478
0.8500000000000002 0.7 0.0199429491485291
0.9000000000000002 0.7 0.01814600055783619
0.9500000000000003 0.7 0.016699253676215012
1.0000000000000002 0.7 0.016336529761230425
1.0500000000000003 0.7 0.017489017656379943
1.1000000000000003 0.7 0.0201584389037773
1.1500000000000004 0.7 0.02390094042631865
1.2000000000000004 0.7 0.02787094226357553
1.2500000000000004 0.7 0.031067318788489864
1.3000000000000005 0.7 0.03270274220393681
1.3500000000000005 0.7 0.032621130438186395
1.4000000000000006 0.7 0.031393648458738176
1.4500000000000006 0.7 0.030097306420602044
1.5000000000000007 0.7 0.029827680849793765
1.5500000000000007 0.7 0.03134239052839415
1.6000000000000008 0.7 0.034817499360678766
1.6500000000000008 0.7 0.03977630277086963
1.7000000000000008 0.7 0.04515560302411734
1.7500000000000009 0.7 0.04961017859012846
1.800000000000001 0.7 0.05208235614991751
1.850000000000001 0.7 0.05237724455365627
1.900000000000001 0.7 0.051289791573815496
1.950000000000001 0.7 0.05016428127237615
2.000000000000001 0.7 0.050265685011228946
2.0500000000000007 0.7 0.05234579613118401
2.1000000000000005 0.7 0.05647221013628889
2.1500000000000004 0.7 0.062033548801759764
2.2 0.7 0.06789313301187715
2.25 0.7 0.07274469088027179
2.3 0.7 0.07564879129054664
2.3499999999999996 0.7 0.07648923078614955
2.3999999999999995 0.7 0.07600553450733344
2.4499999999999993 0.7 0.07538441129229233
2.499999999999999 0.7 0.07574504972731683
2.549999999999999 0.7 0.07780026427978391
2.5999999999999988 0.7 0.08172386871105747
2.6499999999999986 0.7 0.08713986718434746
2.6999999999999984 0.7 0.09319306307075637
2.7499999999999982 0.7 0.09874317808387544
2.799999999999998 0.7 0.10273371963563155
2.849999999999998 0.7 0.10464907483954185
2.8999999999999977 0.7 0.10478766946116032
2.9499999999999975 0.7 0.10413331039826851
2.9999999999999973 0.7 0.10392703325236632
3.049999999999997 0.7 0.10522915461838803
3.099999999999997 0.7 0.10863645211066485
3.149999999999997 0.7 0.1141356498470002
3.1999999999999966 0.7 0.12103784896846799
3.2499999999999964 0.7 0.1280345476964381
3.2999999999999963 0.7 0.13353096013124982
3.349999999999996 0.7 0.13633652934517937
3.399999999999996 0.7 0.1363805944589945
3.4499999999999957 0.7 0.13483369120037966
3.4999999999999956 0.7 0.13350406134681356
3.5499999999999954 0.7 0.1340520084400888
3.599999999999995 0.7 0.13748102924884228
3.649999999999995 0.7 0.14390431113586155
3.699999999999995 0.7 0.15242833914786336
3.7499999999999947 0.7 0.16118080410551627
3.7999999999999945 0.7 0.16779458504413577
3.8499999999999943 0.7 0.1705706793678365
3.899999999999994 0.7 0.16964917649560896
3.949999999999994 0.7 0.16696362381588226
3.999999999999994 0.7 0.16503014202451502
4.049999999999994 0.7 0.16580549415464646
4.099999999999993 0.7 0.17020597207832525
4.149999999999993 0.7 0.17801818539968498
4.199999999999993 0.7 0.18790144642320902
4.249999999999993 0.7 0.19755502513303938
4.299999999999993 0.7 0.20443067761113307
4.3499999999999925 0.7 0.2070641173913606
4.399999999999992 0.7 0.20604477057589415
4.449999999999992 0.7 0.2035496977642115
4.499999999999992 0.7 0.20201042381839163
4.549999999999992 0.7 0.20317240260322436
4.599999999999992 0.7 0.20783495183309394
4.6499999999999915 0.7 0.21588561491744193
4.699999999999991 0.7 0.22633501169185455
4.749999999999991 0.7 0.2373591362415548
4.799999999999991 0.7 0.24662105956614574
4.849999999999991 0.7 0.25216092531888296
4.899999999999991 0.7 0.25352868860934397
4.94999999999999 0.7 0.2521226181395522
4.99999999999999 0.7 0.2503563636478067
5.04999999999999 0.7 0.2505537010817718
5.09999999999999 0.7 0.2543604603102641
5.14999999999999 0.7 0.2626144782927266
5.1999999999999895 0.7 0.2753041605956999
5.249999999999989 0.7 0.2913805285422259
5.299999999999989 0.7 0.3084592200774217
5.349999999999989 0.7 0.32294286079754764
5.399999999999989 0.7 0.3315096180075833
5.449999999999989 0.7 0.3335935699554045
5.4999999999999885 0.7 0.33203970783812564
5.549999999999988 0.7 0.33101522811953765
5.599999999999988 0.7 0.3339387597557891
5.649999999999988 0.7 0.3429460860977782
5.699999999999988 0.7 0.3591748196706766
5.749999999999988 0.7 0.3830780929991745
5.799999999999987 0.7 0.41448445059189454
5.849999999999987 0.7 0.4522875106856404
5.899999999999987 0.7 0.4935413529527294
5.949999999999987 0.7 0.5316847090704566
5.999999999999987 0.7 0.5553205610873099
6.0499999999999865 0.7 0.5542311561297967
6.099999999999986 0.7 0.5313908791495031
6.149999999999986 0.7 0.4995946082060556
6.199999999999986 0.7 0.469314240762944
6.249999999999986 0.7 0.4459946274868585
6.299999999999986 0.7 0.43209782307796724
6.349999999999985 0.7 0.42858922050408665
6.399999999999985 0.7 0.4351104180670077
6.449999999999985 0.7 0.4484431372519069
6.499999999999985 0.7 0.4588232577379541
6.549999999999985 0.7 0.4505019548255351
6.5999999999999845 0.7 0.41908610784844635
6.649999999999984 0.7 0.3780790975434053
6.699999999999984 0.7 0.33989380601432034
6.749999999999984 0.7 0.3092852898149914
6.799999999999984 0.7 0.28700799677629363
6.849999999999984 0.7 0.27239869482856766
6.8999999999999835 0.7 0.2641972028952518
6.949999999999983 0.7 0.2606036856171158
6.999999999999983 0.7 0.259121946748563
7.049999999999983 0.7 0.2566524186930456
7.099999999999983 0.7 0.25034220844072474
7.149999999999983 0.7 0.23903396860441717
7.199999999999982 0.7 0.22393654778289146
7.249999999999982 0.7 0.2076619365294329
7.299999999999982 0.7 0.19274973672833476
7.349999999999982 0.7 0.18089654767314964
7.399999999999982 0.7 0.17286347351637896
7.4499999999999815 0.7 0.16858274753293323
7.499999999999981 0.7 0.1672089307656919
7.549999999999981 0.7 0.16713748223349084
7.599999999999981 0.7 0.1662249356683213
7.649999999999981 0.7 0.16249218490838202
7.699999999999981 0.7 0.15514969946929968
7.7499999999999805 0.7 0.14509355095161328
7.79999999999998 0.7 0.13432415901786052
7.84999999999998 0.7 0.12489701832969102
7.89999999999998 0.7 0.11822516955156884
7.94999999999998 0.7 0.11485158706196007
7.99999999999998 0.7 0.11442706044128184
8.04999999999998 0.7 0.11574189949553733
8.09999999999998 0.7 0.1169138138521531
8.14999999999998 0.7 0.11597662890447619
8.199999999999982 0.7 0.1118404111610205
8.249999999999982 0.7 0.10494678324351916
8.299999999999983 0.7 0.09694895639194889
8.349999999999984 0.7 0.08975269538612968
8.399999999999984 0.7 0.08474151065615841
8.449999999999985 0.7 0.08247358281724984
8.499999999999986 0.7 0.08266760240631446
8.549999999999986 0.7 0.08431124589173383
8.599999999999987 0.7 0.08591377035573483
8.649999999999988 0.7 0.08599894963700215
8.699999999999989 0.7 0.0837459736303748
8.74999999999999 0.7 0.07937477318452335
8.79999999999999 0.7 0.07394837213639452
8.84999999999999 0.7 0.06878690624393427
8.899999999999991 0.7 0.06494723751344376
8.949999999999992 0.7 0.06297580915745507
8.999999999999993 0.7 0.06286703158330016
9.049999999999994 0.7 0.06411568142127383
9.099999999999994 0.7 0.06583310175473837
9.149999999999995 0.7 0.06696684671859376
9.199999999999996 0.7 0.06664389629642824
9.249999999999996 0.7 0.06452989011043371
9.299999999999997 0.7 0.060985335170190495
9.349999999999998 0.7 0.05689757076367709
9.399999999999999 0.7 0.05331074201710726
9.45 0.7 0.051075069309319904
9.5 0.7 0.05062723616314592
9.55 0.7 0.051888935381464774
9.600000000000001 0.7 0.05425287081774506
9.650000000000002 0.7 0.056686081888851984
9.700000000000003 0.7 0.05802653648627231
9.750000000000004 0.7 0.057464244076079696
9.800000000000004 0.7 0.0549702442666774
9.850000000000005 0.7 0.05134165979927944
9.900000000000006 0.7 0.04781646028362907
9.950000000000006 0.7 0.045554586423829944
10.000000000000007 0.7 0.045262081866968236
0.0 0.8 0.02430163307312475
0.05 0.8 0.025113370671384097
0.1 0.8 0.026888484059404902
0.15000000000000002 0.8 0.02845079440699081
0.2 0.8 0.028730650932499505
0.25 0.8 0.02721860408326548
0.3 0.8 0.0241801395160713
0.35 0.8 0.02047134508689423
0.39999999999999997 0.8 0.017115233125842427
0.44999999999999996 0.8 0.01492500476955524
0.49999999999999994 0.8 0.014306226606253246
0.5499999999999999 0.8 0.015210115277246082
0.6 0.8 0.017180687019201384
0.65 0.8 0.019470514880835912
0.7000000000000001 0.8 0.021244628678531694
0.7500000000000001 0.8 0.021863563487091398
0.8000000000000002 0.8 0.021128109924723804
0.8500000000000002 0.8 0.01937206204433782
0.9000000000000002 0.8 0.017303431632110133
0.9500000000000003 0.8 0.01574554864224643
1.0000000000000002 0.8 0.015364316256795317
1.0500000000000003 0.8 0.016505815267712665
1.1000000000000003 0.8 0.01909430923700247
1.1500000000000004 0.8 0.022632709359512542
1.2000000000000004 0.8 0.02626208814149152
1.2500000000000004 0.8 0.029018077734425454
1.3000000000000005 0.8 0.030195216276557375
1.3500000000000005 0.8 0.029729555061596025
1.4000000000000006 0.8 0.028252162093123503
1.4500000000000006 0.8 0.026847169056527228
1.5000000000000007 0.8 0.026578935696627722
1.5500000000000007 0.8 0.02815483936595763
1.6000000000000008 0.8 0.031692700008243556
1.6500000000000008 0.8 0.03665031154432687
1.7000000000000008 0.8 0.04189930861772311
1.7500000000000009 0.8 0.046058245520747595
1.800000000000001 0.8 0.048102706346257615
1.850000000000001 0.8 0.04794774344297962
1.900000000000001 0.8 0.04652132488790679
1.950000000000001 0.8 0.04525512378208526
2.000000000000001 0.8 0.04542802788614933
2.0500000000000007 0.8 0.04774056396037096
2.1000000000000005 0.8 0.052157969492515915
2.1500000000000004 0.8 0.05792905775778221
2.2 0.8 0.06377368459435405
2.25 0.8 0.06830997329056203
2.3 0.8 0.07066522387017247
2.3499999999999996 0.8 0.07092312383899117
2.3999999999999995 0.8 0.07004182954747784
2.4499999999999993 0.8 0.06932863294908116
2.499999999999999 0.8 0.0698931953381277
2.549999999999999 0.8 0.07234029147185952
2.5999999999999988 0.8 0.07667974652084122
2.6499999999999986 0.8 0.0823540735576514
2.6999999999999984 0.8 0.08835910610544666
2.7499999999999982 0.8 0.09350925109931828
2.799999999999998 0.8 0.096863194960916
2.849999999999998 0.8 0.09814979187824151
2.8999999999999977 0.8 0.09790754553193975
2.9499999999999975 0.8 0.09722624926758824
2.9999999999999973 0.8 0.09729546421802204
3.049999999999997 0.8 0.09902789903351263
3.099999999999997 0.8 0.1028456498704308
3.149999999999997 0.8 0.10857626150857054
3.1999999999999966 0.8 0.11541663198088126
3.2499999999999964 0.8 0.12202894844890776
3.2999999999999963 0.8 0.12691837580763418
3.349999999999996 0.8 0.1291132048857766
3.399999999999996 0.8 0.1287684360856444
3.4499999999999957 0.8 0.12715629330043274
3.4999999999999956 0.8 0.12604179645434496
3.5499999999999954 0.8 0.12696896131330912
3.599999999999995 0.8 0.13081484878721147
3.649999999999995 0.8 0.1375703188369168
3.699999999999995 0.8 0.14621474970028914
3.7499999999999947 0.8 0.15476039293895308
3.7999999999999945 0.8 0.16081777751683848
3.8499999999999943 0.8 0.1628530341751701
3.899999999999994 0.8 0.16130595868055356
3.949999999999994 0.8 0.15834722116858335
3.999999999999994 0.8 0.15655835290705244
4.049999999999994 0.8 0.15783122023044543
4.099999999999993 0.8 0.16294437313558396
4.149999999999993 0.8 0.17147508008039491
4.199999999999993 0.8 0.18178156478229462
4.249999999999993 0.8 0.19123304437384592
4.299999999999993 0.8 0.1971640994540937
4.3499999999999925 0.8 0.1984512728859268
4.399999999999992 0.8 0.19631407286006522
4.449999999999992 0.8 0.19338155063724036
4.499999999999992 0.8 0.19215817147486944
4.549999999999992 0.8 0.1941958238204729
4.599999999999992 0.8 0.1999629103273883
4.6499999999999915 0.8 0.20891546362444915
4.699999999999991 0.8 0.2195507836556832
4.749999999999991 0.8 0.22959271592562716
4.799999999999991 0.8 0.23666520928348966
4.849999999999991 0.8 0.23947777850038993
4.899999999999991 0.8 0.23865102156847465
4.94999999999999 0.8 0.2362922917102219
4.99999999999999 0.8 0.23481838760561133
5.04999999999999 0.8 0.23609889199780545
5.09999999999999 0.8 0.24118687173200076
5.14999999999999 0.8 0.25030230105402396
5.1999999999999895 0.8 0.26276777992132916
5.249999999999989 0.8 0.27684437935978146
5.299999999999989 0.8 0.2897573668924426
5.349999999999989 0.8 0.2985419638664996
5.399999999999989 0.8 0.30183641152152374
5.449999999999989 0.8 0.3010597959659702
5.4999999999999885 0.8 0.29948904417445177
5.549999999999988 0.8 0.3004330889358369
5.599999999999988 0.8 0.30623892743665104
5.649999999999988 0.8 0.3181642017496524
5.699999999999988 0.8 0.33642164315581224
5.749999999999988 0.8 0.3599503858330857
5.799999999999987 0.8 0.38588431628601927
5.849999999999987 0.8 0.40950176795802745
5.899999999999987 0.8 0.4264177376680154
5.949999999999987 0.8 0.4364608107818535
5.999999999999987 0.8 0.4439863643217099
6.0499999999999865 0.8 0.4538020624953751
6.099999999999986 0.8 0.46780476474480964
6.149999999999986 0.8 0.4837009526486686
6.199999999999986 0.8 0.4955090247431595
6.249999999999986 0.8 0.4982926922462926
6.299999999999986 0.8 0.4945647425480232
6.349999999999985 0.8 0.4925572948533794
6.399999999999985 0.8 0.49985456986388455
6.449999999999985 0.8 0.520500546860849
6.499999999999985 0.8 0.5507562814949932
6.549999999999985 0.8 0.5636360372873912
6.5999999999999845 0.8 0.5250686262455407
6.649999999999984 0.8 0.46183115337396974
6.699999999999984 0.8 0.40536188636430714
6.749999999999984 0.8 0.3623531490700904
6.799999999999984 0.8 0.33188894904761357
6.849999999999984 0.8 0.31200439281889353
6.8999999999999835 0.8 0.3006939013975883
6.949999999999983 0.8 0.2956976822216857
6.999999999999983 0.8 0.2940406659399905
7.049999999999983 0.8 0.29183858467643026
7.099999999999983 0.8 0.2851728170758453
7.149999999999983 0.8 0.27217755285523276
7.199999999999982 0.8 0.2542837126200337
7.249999999999982 0.8 0.23487747604525527
7.299999999999982 0.8 0.21713381444089933
7.349999999999982 0.8 0.20303871983424557
7.399999999999982 0.8 0.19341556959998385
7.4499999999999815 0.8 0.18815843518981365
7.499999999999981 0.8 0.186325889716642
7.549999999999981 0.8 0.18613386820673272
7.599999999999981 0.8 0.1851404591366549
7.649999999999981 0.8 0.1810140702521555
7.699999999999981 0.8 0.17276909274476054
7.7499999999999805 0.8 0.1614098335673956
7.79999999999998 0.8 0.1492316813830745
7.84999999999998 0.8 0.13855837786987765
7.89999999999998 0.8 0.13095582765677272
7.94999999999998 0.8 0.12702118189903075
7.99999999999998 0.8 0.12638558483484694
8.04999999999998 0.8 0.12773739408142604
8.09999999999998 0.8 0.12898897950880883
8.14999999999998 0.8 0.1279074049203683
8.199999999999982 0.8 0.12323111601995614
8.249999999999982 0.8 0.11546641250375785
8.299999999999983 0.8 0.1065070720788106
8.349999999999984 0.8 0.09849683925157574
8.399999999999984 0.8 0.09295395386679876
8.449999999999985 0.8 0.09046472007988156
8.499999999999986 0.8 0.09068862891538922
8.549999999999986 0.8 0.09247543262720961
8.599999999999987 0.8 0.09413875559256368
8.649999999999988 0.8 0.09402442525557421
8.699999999999989 0.8 0.09126502095666587
8.74999999999999 0.8 0.08620655702781609
8.79999999999999 0.8 0.08011759889873901
8.84999999999999 0.8 0.07447521529810795
8.899999999999991 0.8 0.07039076787430949
8.949999999999992 0.8 0.06837731626758492
8.999999999999993 0.8 0.06834071995385832
9.049999999999994 0.8 0.06966052879207638
9.099999999999994 0.8 0.0713355550304058
9.149999999999995 0.8 0.07224214074193049
9.199999999999996 0.8 0.07151419294785048
9.249999999999996 0.8 0.0689043708280437
9.299999999999997 0.8 0.06489136833427887
9.349999999999998 0.8 0.06044835957842029
9.399999999999999 0.8 0.05664412508779411
9.45 0.8 0.05430369859184225
9.5 0.8 0.0538135575670019
9.55 0.8 0.05503844863085708
9.600000000000001 0.8 0.05731731261344586
9.650000000000002 0.8 0.05957567883131122
9.700000000000003 0.8 0.0606361974756107
9.750000000000004 0.8 0.05971240010372178
9.800000000000004 0.8 0.05683256022983751
9.850000000000005 0.8 0.05285853301609389
9.900000000000006 0.8 0.049074706573806214
9.950000000000006 0.8 0.046661544177259186
10.000000000000007 0.8 0.04632435215722987
0.0 0.9 0.022708519724751006
0.05 0.9 0.02365474139112431
0.1 0.9 0.0257493944684009
0.15000000000000002 0.9 0.027630385036876128
0.2 0.9 0.028016883267352494
0.25 0.9 0.026270849030344635
0.3 0.9 0.022689201168827153
0.35 0.9 0.01828907300001674
0.39999999999999997 0.9 0.014283740596593647
0.44999999999999996 0.9 0.01162703160993068
0.49999999999999994 0.9 0.010788396978253638
0.5499999999999999 0.9 0.011706756137733152
0.6 0.9 0.013844311354072828
0.65 0.9 0.01631488809065184
0.7000000000000001 0.9 0.01812365443758101
0.7500000000000001 0.9 0.018517525931462976
0.8000000000000002 0.9 0.017290834157969087
0.8500000000000002 0.9 0.014886199254360844
0.9000000000000002 0.9 0.01217193432743478
0.9500000000000003 0.9 0.010112229144335464
1.0000000000000002 0.9 0.009450710128628212
1.0500000000000003 0.9 0.010544639037672646
1.1000000000000003 0.9 0.013267481046785951
1.1500000000000004 0.9 0.017020241372580715
1.2000000000000004 0.9 0.020801210496961216
1.2500000000000004 0.9 0.0235053500468346
1.3000000000000005 0.9 0.02435319298813272
1.3500000000000005 0.9 0.023328735855532648
1.4000000000000006 0.9 0.02120920516296177
1.4500000000000006 0.9 0.019249671890731096
1.5000000000000007 0.9 0.018639015450483305
1.5500000000000007 0.9 0.020142771166470976
1.6000000000000008 0.9 0.0238689975542167
1.6500000000000008 0.9 0.029193733460302393
1.7000000000000008 0.9 0.03482671348073297
1.7500000000000009 0.9 0.0391728054714037
1.800000000000001 0.9 0.0410444245526776
1.850000000000001 0.9 0.040363519456390315
1.900000000000001 0.9 0.03823984927608258
1.950000000000001 0.9 0.036342360262465546
2.000000000000001 0.9 0.03613042369153826
2.0500000000000007 0.9 0.03839219921908689
2.1000000000000005 0.9 0.043090189238413394
2.1500000000000004 0.9 0.04937591197672423
2.2 0.9 0.05577008363077371
2.25 0.9 0.06063107075083433
2.3 0.9 0.06289291433937924
2.3499999999999996 0.9 0.06264483048038248
2.3999999999999995 0.9 0.06104381049214883
2.4499999999999993 0.9 0.05965689725699527
2.499999999999999 0.9 0.05979682212038672
2.549999999999999 0.9 0.06217516700969457
2.5999999999999988 0.9 0.06681212803841609
2.6499999999999986 0.9 0.07306035428120322
2.6999999999999984 0.9 0.07971836540478534
2.7499999999999982 0.9 0.08532786903483003
2.799999999999998 0.9 0.08871321818358219
2.849999999999998 0.9 0.08955484269368474
2.8999999999999977 0.9 0.08856944499605258
2.9499999999999975 0.9 0.08713598585925116
2.9999999999999973 0.9 0.0866940192558241
3.049999999999997 0.9 0.08829511182196502
3.099999999999997 0.9 0.09238722902417347
3.149999999999997 0.9 0.09872258658423008
3.1999999999999966 0.9 0.10631895525781483
3.2499999999999964 0.9 0.11356142028315189
3.2999999999999963 0.9 0.11865892128487343
3.349999999999996 0.9 0.1204977765839938
3.399999999999996 0.9 0.11937116180806527
3.4499999999999957 0.9 0.11688077085290932
3.4999999999999956 0.9 0.11510601845570673
3.5499999999999954 0.9 0.11577790275643272
3.599999999999995 0.9 0.11983973588833444
3.649999999999995 0.9 0.12725438999070274
3.699999999999995 0.9 0.1368572441433622
3.7499999999999947 0.9 0.146343555131412
3.7999999999999945 0.9 0.15287082434649021
3.8499999999999943 0.9 0.15459532238398271
3.899999999999994 0.9 0.1520937619558359
3.949999999999994 0.9 0.14800799351385183
3.999999999999994 0.9 0.14536263081764286
4.049999999999994 0.9 0.1463014223232244
4.099999999999993 0.9 0.15170191983815218
4.149999999999993 0.9 0.16112734233241874
4.199999999999993 0.9 0.17275380617743963
4.249999999999993 0.9 0.18349633088649409
4.299999999999993 0.9 0.19005011242998124
4.3499999999999925 0.9 0.19093518732813392
4.399999999999992 0.9 0.18765726267203187
4.449999999999992 0.9 0.18347712757035595
4.499999999999992 0.9 0.18140868684951791
4.549999999999992 0.9 0.1832661565440212
4.599999999999992 0.9 0.18960536004011333
4.6499999999999915 0.9 0.19982672901456985
4.699999999999991 0.9 0.21215227324321406
4.749999999999991 0.9 0.22370768962713874
4.799999999999991 0.9 0.23133791406067228
4.849999999999991 0.9 0.23336269947005459
4.899999999999991 0.9 0.23083386920500912
4.94999999999999 0.9 0.22673992731297055
4.99999999999999 0.9 0.22419350753423087
5.04999999999999 0.9 0.22537253290960746
5.09999999999999 0.9 0.2313515334950189
5.14999999999999 0.9 0.24216223555043373
5.1999999999999895 0.9 0.2566636704695092
5.249999999999989 0.9 0.272225889329073
5.299999999999989 0.9 0.2848515159337416
5.349999999999989 0.9 0.2908966268130264
5.399999999999989 0.9 0.2899322400598589
5.449999999999989 0.9 0.28532458522495197
5.4999999999999885 0.9 0.28169503416431485
5.549999999999988 0.9 0.28267838726347244
5.599999999999988 0.9 0.2904546731312267
5.649999999999988 0.9 0.30598623439918576
5.699999999999988 0.9 0.32893264180736675
5.749999999999988 0.9 0.3567083629784124
5.799999999999987 0.9 0.382911931301412
5.849999999999987 0.9 0.3985506896687589
5.899999999999987 0.9 0.4004001602930923
5.949999999999987 0.9 0.39576561388284937
5.999999999999987 0.9 0.3945972698364784
6.0499999999999865 0.9 0.40352042185380227
6.099999999999986 0.9 0.42647061607297837
6.149999999999986 0.9 0.4663608648206756
6.199999999999986 0.9 0.5241570660055361
6.249999999999986 0.9 0.5866739569171505
6.299999999999986 0.9 0.6040570605816584
6.349999999999985 0.9 0.5714391303473161
6.399999999999985 0.9 0.5425195529547345
6.449999999999985 0.9 0.5366727996774358
6.499999999999985 0.9 0.556866467601337
6.549999999999985 0.9 0.5987221474937606
6.5999999999999845 0.9 0.6178276972834246
6.649999999999984 0.9 0.5559708789887579
6.699999999999984 0.9 0.4761469589635232
6.749999999999984 0.9 0.4142353961864282
6.799999999999984 0.9 0.3705531213473349
6.849999999999984 0.9 0.34144064015897224
6.8999999999999835 0.9 0.32382673976600923
6.949999999999983 0.9 0.31501096031652315
6.999999999999983 0.9 0.3119014115382077
7.049999999999983 0.9 0.31032792751416116
7.099999999999983 0.9 0.3052838757336798
7.149999999999983 0.9 0.29313681998994245
7.199999999999982 0.9 0.27425471409506047
7.249999999999982 0.9 0.25238417223960935
7.299999999999982 0.9 0.23164001109763213
7.349999999999982 0.9 0.2147298845047781
7.399999999999982 0.9 0.20286699458602364
7.4499999999999815 0.9 0.19613972746503758
7.499999999999981 0.9 0.19369488897140982
7.549999999999981 0.9 0.1937017896716841
7.599999999999981 0.9 0.1934118890395779
7.649999999999981 0.9 0.18987981486189345
7.699999999999981 0.9 0.18149967651824075
7.7499999999999805 0.9 0.1691201915402087
7.79999999999998 0.9 0.1553829966144078
7.84999999999998 0.9 0.14309268649163687
7.89999999999998 0.9 0.13417188835925034
7.94999999999998 0.9 0.12942144657775786
7.99999999999998 0.9 0.1285619522064633
8.04999999999998 0.9 0.13024729362002735
8.09999999999998 0.9 0.13215986448454956
8.14999999999998 0.9 0.13161878776302513
8.199999999999982 0.9 0.1269068036547286
8.249999999999982 0.9 0.11841188795845686
8.299999999999983 0.9 0.10830176325669681
8.349999999999984 0.9 0.09911630432900924
8.399999999999984 0.9 0.09267095290445505
8.449999999999985 0.9 0.08970858661376238
8.499999999999986 0.9 0.08992798397768813
8.549999999999986 0.9 0.09209909573820958
8.599999999999987 0.9 0.09431283776236493
8.649999999999988 0.9 0.09458417622032061
8.699999999999989 0.9 0.09176938342014732
8.74999999999999 0.9 0.0861749584820462
8.79999999999999 0.9 0.07926493845799673
8.84999999999999 0.9 0.07278483170659047
8.899999999999991 0.9 0.06805476280639493
8.949999999999992 0.9 0.06570178922691455
8.999999999999993 0.9 0.0656609166889279
9.049999999999994 0.9 0.06726137303811518
9.099999999999994 0.9 0.06936708904788323
9.149999999999995 0.9 0.07064898556105745
9.199999999999996 0.9 0.07003430923773894
9.249999999999996 0.9 0.06717560097513886
9.299999999999997 0.9 0.06261557687201275
9.349999999999998 0.9 0.0575061618271131
9.399999999999999 0.9 0.05310917970496293
9.45 0.9 0.05038858626021521
9.5 0.9 0.049796122494106705
9.55 0.9 0.051188375405728154
9.600000000000001 0.9 0.05381923698419908
9.650000000000002 0.9 0.056450563981116676
9.700000000000003 0.9 0.057696713262250815
9.750000000000004 0.9 0.056612557008499945
9.800000000000004 0.9 0.05321882211847998
9.850000000000005 0.9 0.04852676564139041
9.900000000000006 0.9 0.044031536620774026
9.950000000000006 0.9 0.04108945961548003
10.000000000000007 0.9 0.040509371513425506
0.0 1.0 0.02151559824705184
0.05 1.0 0.02254086155563896
0.1 1.0 0.024845315575004898
0.15000000000000002 1.0 0.026988730308527692
0.2 1.0 0.027577311149855704
0.25 1.0 0.025872698216999696
0.3 1.0 0.022138213156610017
0.35 1.0 0.01743425335510828
0.39999999999999997 1.0 0.013057907379397694
0.44999999999999996 1.0 0.010047314878389528
0.49999999999999994 1.0 0.00893751635550207
0.5499999999999999 1.0 0.009708270282914589
0.6 1.0 0.011831401248929042
0.65 1.0 0.014388238990519376
0.7000000000000001 1.0 0.016303580921474093
0.7500000000000001 1.0 0.016718228683223257
0.8000000000000002 1.0 0.015343824488659025
0.8500000000000002 1.0 0.01261048137465344
0.9000000000000002 1.0 0.0094455935822165
0.9500000000000003 1.0 0.006909885832826085
1.0000000000000002 1.0 0.005841025449075395
1.0500000000000003 1.0 0.006665870601348923
1.1000000000000003 1.0 0.009291357495010876
1.1500000000000004 1.0 0.013106806764908763
1.2000000000000004 1.0 0.017040739914358064
1.2500000000000004 1.0 0.019868274876437435
1.3000000000000005 1.0 0.020683030434800437
1.3500000000000005 1.0 0.019408489461360326
1.4000000000000006 1.0 0.0168615105125228
1.4500000000000006 1.0 0.014408491410476244
1.5000000000000007 1.0 0.013356756379459205
1.5500000000000007 1.0 0.014563890814261737
1.6000000000000008 1.0 0.01818867793617468
1.6500000000000008 1.0 0.023610611659426448
1.7000000000000008 1.0 0.029479531452532362
1.7500000000000009 1.0 0.034070388364122864
1.800000000000001 1.0 0.03603960588385954
1.850000000000001 1.0 0.03522079119579888
1.900000000000001 1.0 0.03275719722112204
1.950000000000001 1.0 0.030430257998463203
2.000000000000001 1.0 0.029816087966289557
2.0500000000000007 1.0 0.03178767763165439
2.1000000000000005 1.0 0.03635948539343968
2.1500000000000004 1.0 0.042704266381653394
2.2 1.0 0.04931998006810041
2.25 1.0 0.0544788972666339
2.3 1.0 0.056978638643161064
2.3499999999999996 1.0 0.056788007502216645
2.3999999999999995 1.0 0.05502583321866962
2.4499999999999993 1.0 0.0533065226603937
2.499999999999999 1.0 0.05303536263299672
2.549999999999999 1.0 0.05502862025273395
2.5999999999999988 1.0 0.05940956978529284
2.6499999999999986 1.0 0.06561949891416922
2.6999999999999984 1.0 0.07249904616169155
2.7499999999999982 1.0 0.07853566870724192
2.799999999999998 1.0 0.08238175208186001
2.849999999999998 1.0 0.08349780987234873
2.8999999999999977 1.0 0.08246515949099889
2.9499999999999975 1.0 0.0806821071797344
2.9999999999999973 1.0 0.07972139489214766
3.049999999999997 1.0 0.08080400890054718
3.099999999999997 1.0 0.08453495761219439
3.149999999999997 1.0 0.09078972357392626
3.1999999999999966 1.0 0.09864913979424533
3.2499999999999964 1.0 0.10644877420011763
3.2999999999999963 1.0 0.1121896956320807
3.349999999999996 1.0 0.11445234529230991
3.399999999999996 1.0 0.11331859862473648
3.4499999999999957 1.0 0.11041071765518409
3.4999999999999956 1.0 0.10799794767124565
3.5499999999999954 1.0 0.10803164994767167
3.599999999999995 1.0 0.1116363139855578
3.649999999999995 1.0 0.11891241456398947
3.699999999999995 1.0 0.12878291756631244
3.7499999999999947 1.0 0.13891753664270792
3.7999999999999945 1.0 0.1462362682265573
3.8499999999999943 1.0 0.14849009074957575
3.899999999999994 1.0 0.1459780616499905
3.949999999999994 1.0 0.14139550042279728
3.999999999999994 1.0 0.13801179640292408
4.049999999999994 1.0 0.13820615183224913
4.099999999999993 1.0 0.1430299072160802
4.149999999999993 1.0 0.15219125760351956
4.199999999999993 1.0 0.16399767928015657
4.249999999999993 1.0 0.17540538234076836
4.299999999999993 1.0 0.18290182027085733
4.3499999999999925 1.0 0.18455213030186882
4.399999999999992 1.0 0.18149627993063677
4.449999999999992 1.0 0.17697011825088363
4.499999999999992 1.0 0.17418362378592034
4.549999999999992 1.0 0.17518475991458637
4.599999999999992 1.0 0.18075544757381554
4.6499999999999915 1.0 0.1905480256006006
4.699999999999991 1.0 0.2030713216525077
4.749999999999991 1.0 0.21564911740847403
4.799999999999991 1.0 0.22494261960784034
4.849999999999991 1.0 0.22857264121776033
4.899999999999991 1.0 0.22685058953987425
4.94999999999999 1.0 0.22257098437240944
4.99999999999999 1.0 0.21915066548122067
5.04999999999999 1.0 0.21920730465523428
5.09999999999999 1.0 0.22420924059405573
5.14999999999999 1.0 0.23453889992003718
5.1999999999999895 1.0 0.24939080235103966
5.249999999999989 1.0 0.2663492577178537
5.299999999999989 1.0 0.2811373881838726
5.349999999999989 1.0 0.2890314571211354
5.399999999999989 1.0 0.2884421146559923
5.449999999999989 1.0 0.2826584785961558
5.4999999999999885 1.0 0.2770683938349172
5.549999999999988 1.0 0.27603359547206113
5.599999999999988 1.0 0.28216209382652785
5.649999999999988 1.0 0.2967000580681328
5.699999999999988 1.0 0.3196279897150183
5.749999999999988 1.0 0.3487329901690149
5.799999999999987 1.0 0.3774606641622994
5.849999999999987 1.0 0.39488702627978367
5.899999999999987 1.0 0.39532765619062965
5.949999999999987 1.0 0.38657107424350656
5.999999999999987 1.0 0.3802813288392023
6.0499999999999865 1.0 0.3836524493644801
6.099999999999986 1.0 0.4002681805043888
6.149999999999986 1.0 0.4323723021316573
6.199999999999986 1.0 0.48127134124918786
6.249999999999986 1.0 0.5427039928546656
6.299999999999986 1.0 0.5896600287556911
6.349999999999985 1.0 0.5865999900876243
6.399999999999985 1.0 0.5625212235394403
6.449999999999985 1.0 0.55229391953111
6.499999999999985 1.0 0.5645299478883687
6.549999999999985 1.0 0.5942751554571115
6.5999999999999845 1.0 0.6067842716041492
6.649999999999984 1.0 0.5582346881334854
6.699999999999984 1.0 0.4874862445586506
6.749999999999984 1.0 0.4286507520446863
6.799999999999984 1.0 0.3858471720048009
6.849999999999984 1.0 0.35682334097622986
6.8999999999999835 1.0 0.338978666882026
6.949999999999983 1.0 0.3297840389587417
6.999999999999983 1.0 0.3261972701991787
7.049999999999983 1.0 0.3240095590234935
7.099999999999983 1.0 0.3181121539227467
7.149999999999983 1.0 0.3048253733957895
7.199999999999982 1.0 0.2846411251822593
7.249999999999982 1.0 0.2615062800417661
7.299999999999982 1.0 0.2396644420591279
7.349999999999982 1.0 0.2218729297661074
7.399999999999982 1.0 0.20936585030332822
7.4499999999999815 1.0 0.20225007009987822
7.499999999999981 1.0 0.19968104932288894
7.549999999999981 1.0 0.19978606416541442
7.599999999999981 1.0 0.19966099828337533
7.649999999999981 1.0 0.1960874463461273
7.699999999999981 1.0 0.18723803754121726
7.7499999999999805 1.0 0.1740011170425879
7.79999999999998 1.0 0.15926777143265936
7.84999999999998 1.0 0.14608817038026486
7.89999999999998 1.0 0.13652807545911289
7.94999999999998 1.0 0.13144855476709608
7.99999999999998 1.0 0.1305769641829178
8.04999999999998 1.0 0.1325103455232005
8.09999999999998 1.0 0.13476847775074138
8.14999999999998 1.0 0.134402314525308
8.199999999999982 1.0 0.1294674266340831
8.249999999999982 1.0 0.12036289042470638
8.299999999999983 1.0 0.10948114213858401
8.349999999999984 1.0 0.09959966009275412
8.399999999999984 1.0 0.09267024656227218
8.449999999999985 1.0 0.08947926696844984
8.499999999999986 1.0 0.08970945444989818
8.549999999999986 1.0 0.0920647665966677
8.599999999999987 1.0 0.09451478445124854
8.649999999999988 1.0 0.09491846040312835
8.699999999999989 1.0 0.09201691380680926
8.74999999999999 1.0 0.08611565093498623
8.79999999999999 1.0 0.07877352000356613
8.84999999999999 1.0 0.07184695178120946
8.899999999999991 1.0 0.06673450587212841
8.949999999999992 1.0 0.06410925090517935
8.999999999999993 1.0 0.06393419209883885
9.049999999999994 1.0 0.06555165555388945
9.099999999999994 1.0 0.06780924837986875
9.149999999999995 1.0 0.0693113213966376
9.199999999999996 1.0 0.0688711516957226
9.249999999999996 1.0 0.06602980695381172
9.299999999999997 1.0 0.061287855488374225
9.349999999999998 1.0 0.05584507729653675
9.399999999999999 1.0 0.051064957506567345
9.45 1.0 0.04801901257860344
9.5 1.0 0.0472441229607131
9.55 1.0 0.04864620631756874
9.600000000000001 1.0 0.05147812688545183
9.650000000000002 1.0 0.054430770566912826
9.700000000000003 1.0 0.055975773317673984
9.750000000000004 1.0 0.05500706624498852
9.800000000000004 1.0 0.05146287007817068
9.850000000000005 1.0 0.04640071201161785
9.900000000000006 1.0 0.04144557751059057
9.950000000000006 1.0 0.0380893288611642
10.000000000000007 1.0 0.0372387103525783
0.0 1.1 0.026902440757968993
0.05 1.1 0.02788161803709966
0.1 1.1 0.030055741605962333
0.15000000000000002 1.1 0.032027437375415524
0.2 1.1 0.032477834017105765
0.25 1.1 0.030735071058186837
0.3 1.1 0.0270723660404554
0.35 1.1 0.022495711211856173
0.39999999999999997 1.1 0.01821977305610052
0.44999999999999996 1.1 0.015212839550393972
0.49999999999999994 1.1 0.013973920437277718
0.5499999999999999 1.1 0.014487248949821951
0.6 1.1 0.016269852461862227
0.65 1.1 0.018482471080820597
0.7000000000000001 1.1 0.020140273444523352
0.7500000000000001 1.1 0.02044169967643998
0.8000000000000002 1.1 0.01908617629645681
0.8500000000000002 1.1 0.016422538603915817
0.9000000000000002 1.1 0.013276535433559803
0.9500000000000003 1.1 0.010633782063620116
1.0000000000000002 1.1 0.00930714897274492
1.0500000000000003 1.1 0.00974429852133199
1.1000000000000003 1.1 0.011911311201420355
1.1500000000000004 1.1 0.015281981934105649
1.2000000000000004 1.1 0.01888065108305967
1.2500000000000004 1.1 0.02155186801995007
1.3000000000000005 1.1 0.022389847408591824
1.3500000000000005 1.1 0.02123266933720115
1.4000000000000006 1.1 0.01877372535383619
1.4500000000000006 1.1 0.01628189813681373
1.5000000000000007 1.1 0.015026636422597934
1.5500000000000007 1.1 0.015880647791188977
1.6000000000000008 1.1 0.01905313794579764
1.6500000000000008 1.1 0.024003281496316777
1.7000000000000008 1.1 0.029486099244854437
1.7500000000000009 1.1 0.0338821242102061
1.800000000000001 1.1 0.03589447016451563
1.850000000000001 1.1 0.03529602709899159
1.900000000000001 1.1 0.033090994154911964
1.950000000000001 1.1 0.030924530916842986
2.000000000000001 1.1 0.03028881939940853
2.0500000000000007 1.1 0.03202711256286974
2.1000000000000005 1.1 0.036171618334802896
2.1500000000000004 1.1 0.04197008536631429
2.2 1.1 0.048066956535690056
2.25 1.1 0.05292592891771883
2.3 1.1 0.05547989058793339
2.3499999999999996 1.1 0.0556665270572329
2.3999999999999995 1.1 0.054413759025561496
2.4499999999999993 1.1 0.053104132554868816
2.499999999999999 1.1 0.0529754520715035
2.549999999999999 1.1 0.05477506754060803
2.5999999999999988 1.1 0.058653715745242654
2.6499999999999986 1.1 0.06417503159212566
2.6999999999999984 1.1 0.07039291424444225
2.7499999999999982 1.1 0.07605319869509543
2.799999999999998 1.1 0.07999095265807957
2.849999999999998 1.1 0.08163611103814535
2.8999999999999977 1.1 0.08131728989352266
2.9499999999999975 1.1 0.0801124853697875
2.9999999999999973 1.1 0.07937131017020543
3.049999999999997 1.1 0.0802435403478862
3.099999999999997 1.1 0.08339013705485676
3.149999999999997 1.1 0.08883871505198612
3.1999999999999966 1.1 0.0959062132935728
3.2499999999999964 1.1 0.10322133987192617
3.2999999999999963 1.1 0.10902764679339577
3.349999999999996 1.1 0.11191304121829167
3.399999999999996 1.1 0.1116583141436144
3.4499999999999957 1.1 0.10946751897264345
3.4999999999999956 1.1 0.10733174134362511
3.5499999999999954 1.1 0.1071351424121543
3.599999999999995 1.1 0.11007631520844217
3.649999999999995 1.1 0.11641068905898706
3.699999999999995 1.1 0.12529886103536622
3.7499999999999947 1.1 0.13474896464917616
3.7999999999999945 1.1 0.14202645979176687
3.8499999999999943 1.1 0.1449553985922217
3.899999999999994 1.1 0.14346856042159475
3.949999999999994 1.1 0.13973639817705308
3.999999999999994 1.1 0.13670734474034582
4.049999999999994 1.1 0.13668372344314209
4.099999999999993 1.1 0.14076369282330506
4.149999999999993 1.1 0.1487710170291108
4.199999999999993 1.1 0.15925000136087086
4.249999999999993 1.1 0.1695963433867296
4.299999999999993 1.1 0.17683194935197455
4.3499999999999925 1.1 0.17921327790770447
4.399999999999992 1.1 0.17744628179533029
4.449999999999992 1.1 0.17407553601739337
4.499999999999992 1.1 0.17183667441346107
4.549999999999992 1.1 0.17259917625431062
4.599999999999992 1.1 0.17715515554172723
4.6499999999999915 1.1 0.18531397159135954
4.699999999999991 1.1 0.1959555552911378
4.749999999999991 1.1 0.20707026749028679
4.799999999999991 1.1 0.21611658916296858
4.849999999999991 1.1 0.2210325222470979
4.899999999999991 1.1 0.22148231732780466
4.94999999999999 1.1 0.21912450918030413
4.99999999999999 1.1 0.21658806645599707
5.04999999999999 1.1 0.2162716893319513
5.09999999999999 1.1 0.21977267240006093
5.14999999999999 1.1 0.2277777978370264
5.1999999999999895 1.1 0.23998975704684256
5.249999999999989 1.1 0.25487362519146567
5.299999999999989 1.1 0.2694015688155157
5.349999999999989 1.1 0.27962485799527553
5.399999999999989 1.1 0.2829182238497228
5.449999999999989 1.1 0.2802956981898359
5.4999999999999885 1.1 0.2757228123162378
5.549999999999988 1.1 0.2734460245506393
5.599999999999988 1.1 0.27643918653809746
5.649999999999988 1.1 0.286276506233521
5.699999999999988 1.1 0.3032837335215515
5.749999999999988 1.1 0.326213990000417
5.799999999999987 1.1 0.35125413748002043
5.849999999999987 1.1 0.37152322586641623
5.899999999999987 1.1 0.38063156268956333
5.949999999999987 1.1 0.37936918186623547
5.999999999999987 1.1 0.3749977967080264
6.0499999999999865 1.1 0.3744220010920828
6.099999999999986 1.1 0.38130213493911724
6.149999999999986 1.1 0.3966519057261526
6.199999999999986 1.1 0.41953529168257886
6.249999999999986 1.1 0.4471831195803125
6.299999999999986 1.1 0.47560685653694573
6.349999999999985 1.1 0.5023285724973282
6.399999999999985 1.1 0.5299117234562157
6.449999999999985 1.1 0.5656261837613236
6.499999999999985 1.1 0.6152371849305158
6.549999999999985 1.1 0.657071021808656
6.5999999999999845 1.1 0.6199517993941089
6.649999999999984 1.1 0.5396207415060431
6.699999999999984 1.1 0.4723760390226901
6.749999999999984 1.1 0.4240186486152204
6.799999999999984 1.1 0.3912319345255088
6.849999999999984 1.1 0.3708819610859314
6.8999999999999835 1.1 0.3604021418094056
6.949999999999983 1.1 0.3570884113010522
6.999999999999983 1.1 0.35717687052087627
7.049999999999983 1.1 0.35529055661826614
7.099999999999983 1.1 0.34587831425489757
7.149999999999983 1.1 0.32705275177011106
7.199999999999982 1.1 0.3021540655463274
7.249999999999982 1.1 0.27644108972292764
7.299999999999982 1.1 0.2538338013193486
7.349999999999982 1.1 0.23633435128607708
7.399999999999982 1.1 0.22458430627546463
7.4499999999999815 1.1 0.21830160434815105
7.499999999999981 1.1 0.21635033650572044
7.549999999999981 1.1 0.21658340426405986
7.599999999999981 1.1 0.21587276559912538
7.649999999999981 1.1 0.2110202446376345
7.699999999999981 1.1 0.20060627286171184
7.7499999999999805 1.1 0.1860570008266309
7.79999999999998 1.1 0.17053024928865054
7.84999999999998 1.1 0.15703269792354024
7.89999999999998 1.1 0.14746633077405544
7.94999999999998 1.1 0.1425298069090809
7.99999999999998 1.1 0.14180655310907503
8.04999999999998 1.1 0.14374896884255203
8.09999999999998 1.1 0.14574004757376607
8.14999999999998 1.1 0.14478379347621392
8.199999999999982 1.1 0.13907554349031662
8.249999999999982 1.1 0.1292744557898676
8.299999999999983 1.1 0.11795073554226157
8.349999999999984 1.1 0.10789449199260503
8.399999999999984 1.1 0.10097048036916297
8.449999999999985 1.1 0.09784914472665322
8.499999999999986 1.1 0.09809624240322284
8.549999999999986 1.1 0.10031376649149715
8.599999999999987 1.1 0.1024230510129607
8.649999999999988 1.1 0.1023426429696214
8.699999999999989 1.1 0.09897680749966117
8.74999999999999 1.1 0.09278715282838192
8.79999999999999 1.1 0.08537013993227636
8.84999999999999 1.1 0.07850422206706532
8.899999999999991 1.1 0.07346753685900703
8.949999999999992 1.1 0.07082920543088417
8.999999999999993 1.1 0.07049255935150218
9.049999999999994 1.1 0.07179802769383223
9.099999999999994 1.1 0.07365556925700857
9.149999999999995 1.1 0.0747833232823221
9.199999999999996 1.1 0.07411062067015847
9.249999999999996 1.1 0.07122710994158638
9.299999999999997 1.1 0.06658365803419208
9.349999999999998 1.1 0.06127249134371158
9.399999999999999 1.1 0.056558209516667374
9.45 1.1 0.05345908906026375
9.5 1.1 0.052507008568393534
9.55 1.1 0.05364193613016362
9.600000000000001 1.1 0.056182407734511365
9.650000000000002 1.1 0.05890618696770275
9.700000000000003 1.1 0.06036451348490967
9.750000000000004 1.1 0.0594765987321042
9.800000000000004 1.1 0.056124997630081844
9.850000000000005 1.1 0.05126356093872513
9.900000000000006 1.1 0.04642781045518943
9.950000000000006 1.1 0.04306663547367308
10.000000000000007 1.1 0.04208499336430496
0.0 1.2 0.03736155745323245
0.05 1.2 0.0382404736552179
0.1 1.2 0.04010898718821223
0.15000000000000002 1.2 0.041627050511714433
0.2 1.2 0.04161769011720073
0.25 1.2 0.03957535890304888
0.3 1.2 0.03586496766593142
0.35 1.2 0.03146018171860486
0.39999999999999997 1.2 0.02745404872758685
0.44999999999999996 1.2 0.02467012439823926
0.49999999999999994 1.2 0.02348726904626988
0.5499999999999999 1.2 0.023820183498710876
0.6 1.2 0.025184518642926285
0.65 1.2 0.026820660725589435
0.7000000000000001 1.2 0.027897269370072992
0.7500000000000001 1.2 0.027785484401865453
0.8000000000000002 1.2 0.026292732032347683
0.8500000000000002 1.2 0.023748136639934945
0.9000000000000002 1.2 0.02084863533894571
0.9500000000000003 1.2 0.018408700563263648
1.0000000000000002 1.2 0.017097912231717607
1.0500000000000003 1.2 0.017282016272894326
1.1000000000000003 1.2 0.018923124529393966
1.1500000000000004 1.2 0.021572106767240584
1.2000000000000004 1.2 0.024414889306163954
1.2500000000000004 1.2 0.02650123063344222
1.3000000000000005 1.2 0.027090022530696152
1.3500000000000005 1.2 0.026038310655616723
1.4000000000000006 1.2 0.023900531940265382
1.4500000000000006 1.2 0.021726803948577234
1.5000000000000007 1.2 0.020600393038374853
1.5500000000000007 1.2 0.02128699852758903
1.6000000000000008 1.2 0.02397642818354725
1.6500000000000008 1.2 0.028194884222948937
1.7000000000000008 1.2 0.03285895664137402
1.7500000000000009 1.2 0.036587172431960364
1.800000000000001 1.2 0.03830253657403801
1.850000000000001 1.2 0.03784138904048523
1.900000000000001 1.2 0.03607124425396123
1.950000000000001 1.2 0.03440022039327975
2.000000000000001 1.2 0.03410496371092096
2.0500000000000007 1.2 0.035885569295482145
2.1000000000000005 1.2 0.03970851640615806
2.1500000000000004 1.2 0.04484617844155161
2.2 1.2 0.05008960380444469
2.25 1.2 0.05417173441474468
2.3 1.2 0.0563172528481902
2.3499999999999996 1.2 0.056607360805333684
2.3999999999999995 1.2 0.05587902433485495
2.4499999999999993 1.2 0.05526349589817049
2.499999999999999 1.2 0.05572000880294231
2.549999999999999 1.2 0.057776627765514225
2.5999999999999988 1.2 0.06146050403432466
2.6499999999999986 1.2 0.06633309139863601
2.6999999999999984 1.2 0.07159767442262013
2.7499999999999982 1.2 0.07630258415496359
2.799999999999998 1.2 0.07964906118679428
2.849999999999998 1.2 0.08131143985257107
2.8999999999999977 1.2 0.08158787425691837
2.9499999999999975 1.2 0.08127411163990444
2.9999999999999973 1.2 0.08134955028506927
3.049999999999997 1.2 0.08265823274817435
3.099999999999997 1.2 0.08568828646099211
3.149999999999997 1.2 0.09044555811767585
3.1999999999999966 1.2 0.09639461807033543
3.2499999999999964 1.2 0.10249997603998447
3.2999999999999963 1.2 0.1074735574039021
3.349999999999996 1.2 0.11028818895747648
3.399999999999996 1.2 0.11075032572917028
3.4499999999999957 1.2 0.10969201096875325
3.4999999999999956 1.2 0.10859422559533377
3.5499999999999954 1.2 0.1089543988976164
3.599999999999995 1.2 0.11178394419086829
3.649999999999995 1.2 0.1173233267637111
3.699999999999995 1.2 0.12488782937292837
3.7499999999999947 1.2 0.13286237043981525
3.7999999999999945 1.2 0.1390982802921659
3.8499999999999943 1.2 0.14192969544010495
3.899999999999994 1.2 0.14129711685773666
3.949999999999994 1.2 0.13886662042920658
3.999999999999994 1.2 0.1369978179627634
4.049999999999994 1.2 0.13761135767253516
4.099999999999993 1.2 0.14162585425037058
4.149999999999993 1.2 0.1488138765352061
4.199999999999993 1.2 0.15781887203984865
4.249999999999993 1.2 0.1664093080360402
4.299999999999993 1.2 0.172283420854316
4.3499999999999925 1.2 0.17432706397173806
4.399999999999992 1.2 0.17331805524561894
4.449999999999992 1.2 0.17130817480766192
4.499999999999992 1.2 0.17040215328808803
4.549999999999992 1.2 0.1719830559761339
4.599999999999992 1.2 0.17653054172837312
4.6499999999999915 1.2 0.18369326974891814
4.699999999999991 1.2 0.19240340786915855
4.749999999999991 1.2 0.20106344634249643
4.799999999999991 1.2 0.20796225090539516
4.849999999999991 1.2 0.21195127972550465
4.899999999999991 1.2 0.21302837925767826
4.94999999999999 1.2 0.21233353888210696
4.99999999999999 1.2 0.21156611842126993
5.04999999999999 1.2 0.2123276029261573
5.09999999999999 1.2 0.2157378316583475
5.14999999999999 1.2 0.2222867237612785
5.1999999999999895 1.2 0.23174661228028462
5.249999999999989 1.2 0.24305696868566243
5.299999999999989 1.2 0.2542916398800435
5.349999999999989 1.2 0.26306140419987506
5.399999999999989 1.2 0.2676269218047989
5.449999999999989 1.2 0.2681159826874716
5.4999999999999885 1.2 0.26657667700847426
5.549999999999988 1.2 0.26580015449853617
5.599999999999988 1.2 0.2681510997354692
5.649999999999988 1.2 0.2750669861810146
5.699999999999988 1.2 0.28694386161083696
5.749999999999988 1.2 0.3029923011685771
5.799999999999987 1.2 0.32096892826678647
5.849999999999987 1.2 0.33725942571732465
5.899999999999987 1.2 0.34831375265087533
5.949999999999987 1.2 0.3532227888841768
5.999999999999987 1.2 0.35454057650045934
6.0499999999999865 1.2 0.35612111885550085
6.099999999999986 1.2 0.3608005410848002
6.149999999999986 1.2 0.36969305807515757
6.199999999999986 1.2 0.38250601020733954
6.249999999999986 1.2 0.39827253341075225
6.299999999999986 1.2 0.4164364021833919
6.349999999999985 1.2 0.43804302354388824
6.399999999999985 1.2 0.46641818587944023
6.449999999999985 1.2 0.5071847036833471
6.499999999999985 1.2 0.5675356105478072
6.549999999999985 1.2 0.6435278050971468
6.5999999999999845 1.2 0.6489030283862415
6.649999999999984 1.2 0.5645604723081814
6.699999999999984 1.2 0.49121309732448104
6.749999999999984 1.2 0.44170161700344235
6.799999999999984 1.2 0.41096484020974294
6.849999999999984 1.2 0.3950067368994133
6.8999999999999835 1.2 0.39105415781643443
6.949999999999983 1.2 0.39623539085355697
6.999999999999983 1.2 0.40560255894616715
7.049999999999983 1.2 0.4100944943271091
7.099999999999983 1.2 0.39950640819037914
7.149999999999983 1.2 0.3728627633635737
7.199999999999982 1.2 0.3392642473740495
7.249999999999982 1.2 0.3073756760141606
7.299999999999982 1.2 0.2813618828005437
7.349999999999982 1.2 0.26247020167948043
7.399999999999982 1.2 0.2506099393944667
7.4499999999999815 1.2 0.24493992140719004
7.499999999999981 1.2 0.24383465464348528
7.549999999999981 1.2 0.24460569349093153
7.599999999999981 1.2 0.24356051927413988
7.649999999999981 1.2 0.2372570797462098
7.699999999999981 1.2 0.22471234221295577
7.7499999999999805 1.2 0.20815068521473545
7.79999999999998 1.2 0.19122124969260684
7.84999999999998 1.2 0.17696728613546142
7.89999999999998 1.2 0.16711120509570368
7.94999999999998 1.2 0.16213757470673437
7.99999999999998 1.2 0.16142670101483775
8.04999999999998 1.2 0.16323047971493362
8.09999999999998 1.2 0.16475770957834623
8.14999999999998 1.2 0.16297344806842934
8.199999999999982 1.2 0.156269298353142
8.249999999999982 1.2 0.14561610372825193
8.299999999999983 1.2 0.13376524664317305
8.349999999999984 1.2 0.12349207815621117
8.399999999999984 1.2 0.11654409676352946
8.449999999999985 1.2 0.11344918433591543
8.499999999999986 1.2 0.1136291575586491
8.549999999999986 1.2 0.11555815586862005
8.599999999999987 1.2 0.11710027178163879
8.649999999999988 1.2 0.11626424653886268
8.699999999999989 1.2 0.11218562441691216
8.74999999999999 1.2 0.10554823131445473
8.79999999999999 1.2 0.09801378250098522
8.84999999999999 1.2 0.09126834045826172
8.899999999999991 1.2 0.0864264818953171
8.949999999999992 1.2 0.08389355183562228
8.999999999999993 1.2 0.08344674509590348
9.049999999999994 1.2 0.08436629640372756
9.099999999999994 1.2 0.08559814474787342
9.149999999999995 1.2 0.08600588961815875
9.199999999999996 1.2 0.08473051213510596
9.249999999999996 1.2 0.08153226654391488
9.299999999999997 1.2 0.07689378765916499
9.349999999999998 1.2 0.0717975862302949
9.399999999999999 1.2 0.06733534143804683
9.45 1.2 0.0643681745065559
9.5 1.2 0.06332540640757708
9.55 1.2 0.06411162666992282
9.600000000000001 1.2 0.06608773119656612
9.650000000000002 1.2 0.0681623212860527
9.700000000000003 1.2 0.0690866530485361
9.750000000000004 1.2 0.06796444869863635
9.800000000000004 1.2 0.06473231039298522
9.850000000000005 1.2 0.06023302738990654
9.900000000000006 1.2 0.05580754242650141
9.950000000000006 1.2 0.05273010817757079
10.000000000000007 1.2 0.051798445152221054
0.0 1.3 0.04476263588801024
0.05 1.3 0.04564330634089139
0.1 1.3 0.047454771589899414
0.15000000000000002 1.3 0.04877822531040524
0.2 1.3 0.04841754232333482
0.25 1.3 0.04593381253276266
0.3 1.3 0.041809536451060475
0.35 1.3 0.037116022246106536
0.39999999999999997 1.3 0.03297965540390843
0.44999999999999996 1.3 0.030194107288830492
0.49999999999999994 1.3 0.02906714386747812
0.5499999999999999 1.3 0.029424640876998327
0.6 1.3 0.030699122061684948
0.65 1.3 0.03208120227301988
0.7000000000000001 1.3 0.03275238653844831
0.7500000000000001 1.3 0.032165982436689305
0.8000000000000002 1.3 0.030248554426736476
0.8500000000000002 1.3 0.02742526670667434
0.9000000000000002 1.3 0.024420913223180685
0.9500000000000003 1.3 0.022006371623127696
1.0000000000000002 1.3 0.02076267549354606
1.0500000000000003 1.3 0.02095492565315153
1.1000000000000003 1.3 0.022459198499672855
1.1500000000000004 1.3 0.024779637920227873
1.2000000000000004 1.3 0.027119588911949755
1.2500000000000004 1.3 0.028620810146423883
1.3000000000000005 1.3 0.02868405387411392
1.3500000000000005 1.3 0.027288839871799364
1.4000000000000006 1.3 0.025028922037738696
1.4500000000000006 1.3 0.022898342857493596
1.5000000000000007 1.3 0.021875358848584502
1.5500000000000007 1.3 0.022615319563305043
1.6000000000000008 1.3 0.025222646969466564
1.6500000000000008 1.3 0.029174826337784922
1.7000000000000008 1.3 0.03339247296464708
1.7500000000000009 1.3 0.036567721452166344
1.800000000000001 1.3 0.037756219221418086
1.850000000000001 1.3 0.03692622649467972
1.900000000000001 1.3 0.03500725184109821
1.950000000000001 1.3 0.03338381764750397
2.000000000000001 1.3 0.033256542277603676
2.0500000000000007 1.3 0.035230173270767176
2.1000000000000005 1.3 0.03917004628791153
2.1500000000000004 1.3 0.044252030830181505
2.2 1.3 0.04920593123095457
2.25 1.3 0.052788489512276375
2.3 1.3 0.0543558363176021
2.3499999999999996 1.3 0.054173852805960966
2.3999999999999995 1.3 0.053218044908303286
2.4499999999999993 1.3 0.05265381993151368
2.499999999999999 1.3 0.053378506066878544
2.549999999999999 1.3 0.05579772510430325
2.5999999999999988 1.3 0.05978758374559956
2.6499999999999986 1.3 0.06476086983970607
2.6999999999999984 1.3 0.06981983648836587
2.7499999999999982 1.3 0.07401735435794707
2.799999999999998 1.3 0.07669667338710145
2.849999999999998 1.3 0.07776545205872314
2.8999999999999977 1.3 0.07773014133397088
2.9499999999999975 1.3 0.07746881194500953
2.9999999999999973 1.3 0.07789903065510667
3.049999999999997 1.3 0.07970573124602584
3.099999999999997 1.3 0.0831800033747631
3.149999999999997 1.3 0.0881407595222435
3.1999999999999966 1.3 0.0939224911184693
3.2499999999999964 1.3 0.09947607428304121
3.2999999999999963 1.3 0.10366779293100865
3.349999999999996 1.3 0.10576480896610559
3.399999999999996 1.3 0.10585828120188226
3.4499999999999957 1.3 0.10488805504414889
3.4999999999999956 1.3 0.10423462812758
3.5499999999999954 1.3 0.10518286019743449
3.599999999999995 1.3 0.10852135327883639
3.649999999999995 1.3 0.11430558409952576
3.699999999999995 1.3 0.12172555352842807
3.7499999999999947 1.3 0.12914478000166008
3.7999999999999945 1.3 0.13456525629399735
3.8499999999999943 1.3 0.13663641906603816
3.899999999999994 1.3 0.13560210357872726
3.949999999999994 1.3 0.13322613921180643
3.999999999999994 1.3 0.13176592704643836
4.049999999999994 1.3 0.1329670633599471
4.099999999999993 1.3 0.13757438961288462
4.149999999999993 1.3 0.1451844508488023
4.199999999999993 1.3 0.1542494186807025
4.249999999999993 1.3 0.16239063755304817
4.299999999999993 1.3 0.16735777492981135
4.3499999999999925 1.3 0.16836999704190864
4.399999999999992 1.3 0.1666321294631113
4.449999999999992 1.3 0.16443903988298303
4.499999999999992 1.3 0.16388899390004658
4.549999999999992 1.3 0.16619979032349827
4.599999999999992 1.3 0.17159824643428884
4.6499999999999915 1.3 0.1794106185387665
4.699999999999991 1.3 0.18820790547072927
4.749999999999991 1.3 0.19612040826581836
4.799999999999991 1.3 0.20147998463799976
4.849999999999991 1.3 0.20361589040673628
4.899999999999991 1.3 0.20320788028956557
4.94999999999999 1.3 0.2018606982441792
4.99999999999999 1.3 0.2013231807160199
5.04999999999999 1.3 0.20292755660979545
5.09999999999999 1.3 0.20737087354617878
5.14999999999999 1.3 0.21466062220954432
5.1999999999999895 1.3 0.22407416719096634
5.249999999999989 1.3 0.2341467777132444
5.299999999999989 1.3 0.2428948704810006
5.349999999999989 1.3 0.24852670667097154
5.399999999999989 1.3 0.25045352623975425
5.449999999999989 1.3 0.2497589654132158
5.4999999999999885 1.3 0.248617038196719
5.549999999999988 1.3 0.24926893232476682
5.599999999999988 1.3 0.25333920931457343
5.649999999999988 1.3 0.2615748074758972
5.699999999999988 1.3 0.2737083884196229
5.749999999999988 1.3 0.28826425791183813
5.799999999999987 1.3 0.3025089019637986
5.849999999999987 1.3 0.31322972675240934
5.899999999999987 1.3 0.3186886122455962
5.949999999999987 1.3 0.3201464275986284
5.999999999999987 1.3 0.3209843117255133
6.0499999999999865 1.3 0.3245627281883667
6.099999999999986 1.3 0.33293075199391536
6.149999999999986 1.3 0.3465079438867956
6.199999999999986 1.3 0.36402748442793764
6.249999999999986 1.3 0.3826784242957055
6.299999999999986 1.3 0.3992444397318112
6.349999999999985 1.3 0.4125830880358705
6.399999999999985 1.3 0.4252874864138175
6.449999999999985 1.3 0.4424453180198736
6.499999999999985 1.3 0.46932729316061456
6.549999999999985 1.3 0.5096042724777543
6.5999999999999845 1.3 0.559721751102523
6.649999999999984 1.3 0.588735873610074
6.699999999999984 1.3 0.5592336547796072
6.749999999999984 1.3 0.5072379020218322
6.799999999999984 1.3 0.46590664405268556
6.849999999999984 1.3 0.4409014660579813
6.8999999999999835 1.3 0.431316307352489
6.949999999999983 1.3 0.4354851436302057
6.999999999999983 1.3 0.4504153122365713
7.049999999999983 1.3 0.4676517738608085
7.099999999999983 1.3 0.4688969822883263
7.149999999999983 1.3 0.4413138992275578
7.199999999999982 1.3 0.39776482920690986
7.249999999999982 1.3 0.3554076701111504
7.299999999999982 1.3 0.32125606860800054
7.349999999999982 1.3 0.29662055043885005
7.399999999999982 1.3 0.28099005961708623
7.4499999999999815 1.3 0.2731934265123323
7.499999999999981 1.3 0.27138035050568415
7.549999999999981 1.3 0.27255605559258284
7.599999999999981 1.3 0.2723495702099264
7.649999999999981 1.3 0.2662603133574857
7.699999999999981 1.3 0.25260492180391075
7.7499999999999805 1.3 0.23390049718280645
7.79999999999998 1.3 0.21457196669054002
7.84999999999998 1.3 0.19821401293638646
7.89999999999998 1.3 0.1867639088931829
7.94999999999998 1.3 0.18073948743000293
7.99999999999998 1.3 0.17948068636099387
8.04999999999998 1.3 0.18113453279105288
8.09999999999998 1.3 0.18268886801715412
8.14999999999998 1.3 0.180772714212825
8.199999999999982 1.3 0.17351717957146906
8.249999999999982 1.3 0.16193113101353135
8.299999999999983 1.3 0.14902508173895113
8.349999999999984 1.3 0.13781453285272666
8.399999999999984 1.3 0.13016801395995614
8.449999999999985 1.3 0.12663818385659306
8.499999999999986 1.3 0.12660552043326376
8.549999999999986 1.3 0.12844006768429347
8.599999999999987 1.3 0.12984636710004557
8.649999999999988 1.3 0.12868260085285924
8.699999999999989 1.3 0.12405244266139906
8.74999999999999 1.3 0.11675711843139767
8.79999999999999 1.3 0.10862395487579442
8.84999999999999 1.3 0.10144412379459533
8.899999999999991 1.3 0.09634964744996227
8.949999999999992 1.3 0.0936987528757292
8.999999999999993 1.3 0.09318549246490412
9.049999999999994 1.3 0.09399546455524416
9.099999999999994 1.3 0.09499676540445517
9.149999999999995 1.3 0.09502576507412584
9.199999999999996 1.3 0.09326820559302061
9.249999999999996 1.3 0.08958281445259328
9.299999999999997 1.3 0.08454913874549402
9.349999999999998 1.3 0.07919615471414626
9.399999999999999 1.3 0.07460232081484192
9.45 1.3 0.0715760926598538
9.5 1.3 0.07047874279979276
9.55 1.3 0.07114861269938004
9.600000000000001 1.3 0.07289698322252726
9.650000000000002 1.3 0.07461868169877678
9.700000000000003 1.3 0.07510546600808951
9.750000000000004 1.3 0.07355067104811239
9.800000000000004 1.3 0.06998544859464452
9.850000000000005 1.3 0.06529876006903289
9.900000000000006 1.3 0.060814721434564435
9.950000000000006 1.3 0.057753049020111996
10.000000000000007 1.3 0.05684984475498678
0.0 1.4 0.044466730358219825
0.05 1.4 0.0454941189625596
0.1 1.4 0.047653584194131786
0.15000000000000002 1.4 0.04932053535178016
0.2 1.4 0.0490691714821189
0.25 1.4 0.04633430971402872
0.3 1.4 0.041652760890237
0.35 1.4 0.036277263558818766
0.39999999999999997 1.4 0.03152788415191228
0.44999999999999996 1.4 0.028330874035623062
0.49999999999999994 1.4 0.02704844748059433
0.5499999999999999 1.4 0.02748749713679808
0.6 1.4 0.028993967917080744
0.65 1.4 0.030615784766855697
0.7000000000000001 1.4 0.031372883308008415
0.7500000000000001 1.4 0.030607047381939024
0.8000000000000002 1.4 0.0282423977996303
0.8500000000000002 1.4 0.02481474742044425
0.9000000000000002 1.4 0.02120927633166835
0.9500000000000003 1.4 0.018339387728681347
1.0000000000000002 1.4 0.0168677574366836
1.0500000000000003 1.4 0.017072596059994265
1.1000000000000003 1.4 0.018773876585818024
1.1500000000000004 1.4 0.02135963969886733
1.2000000000000004 1.4 0.023871817009504935
1.2500000000000004 1.4 0.025300185421924415
1.3000000000000005 1.4 0.02497680391194196
1.3500000000000005 1.4 0.02295052091448402
1.4000000000000006 1.4 0.019986209591379353
1.4500000000000006 1.4 0.017266131340426174
1.5000000000000007 1.4 0.015896180989436876
1.5500000000000007 1.4 0.016579236777263584
1.6000000000000008 1.4 0.01938932723088809
1.6500000000000008 1.4 0.023697544250916074
1.7000000000000008 1.4 0.028243648833369828
1.7500000000000009 1.4 0.0315054731917673
1.800000000000001 1.4 0.03239863341901506
1.850000000000001 1.4 0.0309314560886036
1.900000000000001 1.4 0.028236262983639866
1.950000000000001 1.4 0.02593657983004882
2.000000000000001 1.4 0.0254041555744491
2.0500000000000007 1.4 0.02731884210342668
2.1000000000000005 1.4 0.03152871702824702
2.1500000000000004 1.4 0.037095063945276
2.2 1.4 0.04253453032122593
2.25 1.4 0.04634819890554956
2.3 1.4 0.04772644302145002
2.3499999999999996 1.4 0.04696931631513278
2.3999999999999995 1.4 0.04525612434522899
2.4499999999999993 1.4 0.04399749388932233
2.499999999999999 1.4 0.044278067520458604
2.549999999999999 1.4 0.04660151527010658
2.5999999999999988 1.4 0.050850711175092794
2.6499999999999986 1.4 0.056348247816008314
2.6999999999999984 1.4 0.062005685904967744
2.7499999999999982 1.4 0.06662107014209906
2.799999999999998 1.4 0.06932235768069275
2.849999999999998 1.4 0.06996443109311572
2.8999999999999977 1.4 0.0691987771115524
2.9499999999999975 1.4 0.06816037480817434
2.9999999999999973 1.4 0.06801365461814289
3.049999999999997 1.4 0.06960647470958874
3.099999999999997 1.4 0.07328720913780008
3.149999999999997 1.4 0.07882089907452691
3.1999999999999966 1.4 0.08536789607257908
3.2499999999999964 1.4 0.09159364081782034
3.2999999999999963 1.4 0.09605025915862273
3.349999999999996 1.4 0.09783231086120045
3.399999999999996 1.4 0.09713384450565211
3.4499999999999957 1.4 0.09521546896107187
3.4999999999999956 1.4 0.09380330101702944
3.5499999999999954 1.4 0.09441363063296956
3.599999999999995 1.4 0.09792750279130202
3.649999999999995 1.4 0.10437046554938341
3.699999999999995 1.4 0.11276823177204046
3.7499999999999947 1.4 0.12115036287782428
3.7999999999999945 1.4 0.12706714793707363
3.8499999999999943 1.4 0.1288566682115969
3.899999999999994 1.4 0.1268707052911304
3.949999999999994 1.4 0.12331975182269964
3.999999999999994 1.4 0.12091418781961538
4.049999999999994 1.4 0.12167745637926762
4.099999999999993 1.4 0.1264725983232575
4.149999999999993 1.4 0.13488927231186498
4.199999999999993 1.4 0.14519798374096102
4.249999999999993 1.4 0.1545738388671301
4.299999999999993 1.4 0.1601503308336994
4.3499999999999925 1.4 0.1607882924553731
4.399999999999992 1.4 0.15791413864739984
4.449999999999992 1.4 0.15438552785689627
4.499999999999992 1.4 0.15279803067074624
4.549999999999992 1.4 0.15466273550765508
4.599999999999992 1.4 0.16033431110137972
4.6499999999999915 1.4 0.16912021980118694
4.699999999999991 1.4 0.17936145697464984
4.749999999999991 1.4 0.18867343270378728
4.799999999999991 1.4 0.1947119356814867
4.849999999999991 1.4 0.19639267985245495
4.899999999999991 1.4 0.19458771027564348
4.94999999999999 1.4 0.19152840762953874
4.99999999999999 1.4 0.18959623292030625
5.04999999999999 1.4 0.19053182729642645
5.09999999999999 1.4 0.19520752399173066
5.14999999999999 1.4 0.20359979024232341
5.1999999999999895 1.4 0.21469987398863905
5.249999999999989 1.4 0.22639719254572227
5.299999999999989 1.4 0.2357530974215111
5.349999999999989 1.4 0.24023359741149455
5.399999999999989 1.4 0.2394592627663275
5.449999999999989 1.4 0.2356320122679653
5.4999999999999885 1.4 0.23209115594332022
5.549999999999988 1.4 0.23172346153691903
5.599999999999988 1.4 0.23633094054844284
5.649999999999988 1.4 0.24656166229768584
5.699999999999988 1.4 0.26175652587403936
5.749999999999988 1.4 0.27945030212083277
5.799999999999987 1.4 0.29503246469430094
5.849999999999987 1.4 0.3033529088139017
5.899999999999987 1.4 0.3029008373675971
5.949999999999987 1.4 0.29761884897884444
5.999999999999987 1.4 0.29343845251336775
6.0499999999999865 1.4 0.2948515336420631
6.099999999999986 1.4 0.30429845655239635
6.149999999999986 1.4 0.3225602499430119
6.199999999999986 1.4 0.34854912331297583
6.249999999999986 1.4 0.37790865619943564
6.299999999999986 1.4 0.4017637182458028
6.349999999999985 1.4 0.4116327794079151
6.399999999999985 1.4 0.40973880797609497
6.449999999999985 1.4 0.4067424373835231
6.499999999999985 1.4 0.41169147961008323
6.549999999999985 1.4 0.4298782859971791
6.5999999999999845 1.4 0.46500646403218815
6.649999999999984 1.4 0.5201030372165558
6.699999999999984 1.4 0.5891774887819161
6.749999999999984 1.4 0.6181873900246165
6.799999999999984 1.4 0.5709797653449437
6.849999999999984 1.4 0.5177429302539857
6.8999999999999835 1.4 0.4845450339016723
6.949999999999983 1.4 0.47116898976897503
6.999999999999983 1.4 0.47477004903959713
7.049999999999983 1.4 0.49067156601057865
7.099999999999983 1.4 0.5057820158010928
7.149999999999983 1.4 0.4955283935868415
7.199999999999982 1.4 0.45413826339559
7.249999999999982 1.4 0.4041079164054024
7.299999999999982 1.4 0.36087649440093306
7.349999999999982 1.4 0.3283949055622593
7.399999999999982 1.4 0.30656035093359535
7.4499999999999815 1.4 0.29420761187967864
7.499999999999981 1.4 0.2895619390167455
7.549999999999981 1.4 0.2897743327254854
7.599999999999981 1.4 0.2903119774659801
7.649999999999981 1.4 0.28560966917887526
7.699999999999981 1.4 0.27233556634155826
7.7499999999999805 1.4 0.25230762785903427
7.79999999999998 1.4 0.230566219124073
7.84999999999998 1.4 0.21159030789046374
7.89999999999998 1.4 0.19787765995489542
7.94999999999998 1.4 0.19022521318349486
7.99999999999998 1.4 0.18811483288554381
8.04999999999998 1.4 0.18972469525418723
8.09999999999998 1.4 0.19183853474448734
8.14999999999998 1.4 0.19051112973043352
8.199999999999982 1.4 0.18317633314551285
8.249999999999982 1.4 0.1706220536849101
8.299999999999983 1.4 0.15622734673566083
8.349999999999984 1.4 0.1435109943388755
8.399999999999984 1.4 0.1346771986072374
8.449999999999985 1.4 0.13044051086471856
8.499999999999986 1.4 0.1302256934772383
8.549999999999986 1.4 0.13232493726733519
8.599999999999987 1.4 0.1341933279502527
8.649999999999988 1.4 0.1332986723739687
8.699999999999989 1.4 0.1284341050821013
8.74999999999999 1.4 0.12039897814291237
8.79999999999999 1.4 0.11127586157276692
8.84999999999999 1.4 0.10314488474471309
8.899999999999991 1.4 0.09733015437412827
8.949999999999992 1.4 0.09427694141802771
8.999999999999993 1.4 0.09368651137984207
9.049999999999994 1.4 0.0946815253132482
9.099999999999994 1.4 0.09599388102485451
9.149999999999995 1.4 0.09626645137046763
9.199999999999996 1.4 0.09450027403526051
9.249999999999996 1.4 0.09047298875950265
9.299999999999997 1.4 0.084830507834359
9.349999999999998 1.4 0.07876690026972936
9.399999999999999 1.4 0.07353720009909878
9.45 1.4 0.0700803518210417
9.5 1.4 0.06882435389002772
9.55 1.4 0.06960683119022347
9.600000000000001 1.4 0.07166176782097164
9.650000000000002 1.4 0.07372295648080976
9.700000000000003 1.4 0.07436876367958803
9.750000000000004 1.4 0.07262483346258301
9.800000000000004 1.4 0.06851040347325525
9.850000000000005 1.4 0.06306819112018179
9.900000000000006 1.4 0.05784154650364152
9.950000000000006 1.4 0.05423233410637349
10.000000000000007 1.4 0.05308214448688617
0.0 1.5 0.042888915242528775
0.05 1.5 0.04403781210665429
0.1 1.5 0.04652211775572421
0.15000000000000002 1.5 0.048594786201882796
0.2 1.5 0.04865111987941767
0.25 1.5 0.04597826118816938
0.3 1.5 0.041084096970762506
0.35 1.5 0.035309342840541755
0.39999999999999997 1.5 0.030106578183006927
0.44999999999999996 1.5 0.02651808029402883
0.49999999999999994 1.5 0.0249844125898548
0.5499999999999999 1.5 0.025350506854139317
0.6 1.5 0.026955143722265585
0.65 1.5 0.028783980953729877
0.7000000000000001 1.5 0.02974078386310207
0.7500000000000001 1.5 0.029034825421143086
0.8000000000000002 1.5 0.026504371691560287
0.8500000000000002 1.5 0.0226924690529411
0.9000000000000002 1.5 0.018572181916400917
0.9500000000000003 1.5 0.015179570108813751
1.0000000000000002 1.5 0.013290131581743176
1.0500000000000003 1.5 0.01326246872586851
1.1000000000000003 1.5 0.014950433873610464
1.1500000000000004 1.5 0.01771572328778754
1.2000000000000004 1.5 0.020497130043713827
1.2500000000000004 1.5 0.022119371928939858
1.3000000000000005 1.5 0.021750872114499453
1.3500000000000005 1.5 0.019375056035492475
1.4000000000000006 1.5 0.015826865827114577
1.4500000000000006 1.5 0.012449293207432975
1.5000000000000007 1.5 0.010512153879835083
1.5500000000000007 1.5 0.010841192834862855
1.6000000000000008 1.5 0.013571454171899748
1.6500000000000008 1.5 0.01806374241248072
1.7000000000000008 1.5 0.022955292094956725
1.7500000000000009 1.5 0.026528433411155267
1.800000000000001 1.5 0.027484955405667623
1.850000000000001 1.5 0.025734714851697357
1.900000000000001 1.5 0.022487066686297134
1.950000000000001 1.5 0.0195421662569937
2.000000000000001 1.5 0.018441452422985626
2.0500000000000007 1.5 0.019981176107784788
2.1000000000000005 1.5 0.02407126171516484
2.1500000000000004 1.5 0.029778531422012845
2.2 1.5 0.03554956060138573
2.25 1.5 0.0397300673822328
2.3 1.5 0.04132044550110698
2.3499999999999996 1.5 0.04049900163316128
2.3999999999999995 1.5 0.038451247828157044
2.4499999999999993 1.5 0.03668958661931122
2.499999999999999 1.5 0.0364314316761255
2.549999999999999 1.5 0.03830638872423042
2.5999999999999988 1.5 0.04230405451223504
2.6499999999999986 1.5 0.04782088353864461
2.6999999999999984 1.5 0.05377717309672156
2.7499999999999982 1.5 0.058875096053705715
2.799999999999998 1.5 0.062043615487423126
2.849999999999998 1.5 0.0629193097078775
2.8999999999999977 1.5 0.06203601699871353
2.9499999999999975 1.5 0.06056355121174343
2.9999999999999973 1.5 0.05981102900205412
3.049999999999997 1.5 0.06080934180041954
3.099999999999997 1.5 0.06408062405697647
3.149999999999997 1.5 0.06952798815351686
3.1999999999999966 1.5 0.07638037350709964
3.2499999999999964 1.5 0.08324483147558655
3.2999999999999963 1.5 0.088443124557981
3.349999999999996 1.5 0.09073079250834283
3.399999999999996 1.5 0.0900519043016335
3.4499999999999957 1.5 0.0876645305803427
3.4999999999999956 1.5 0.08549993336879427
3.5499999999999954 1.5 0.08534211802115799
3.599999999999995 1.5 0.08830771040585067
3.649999999999995 1.5 0.09460169340522996
3.699999999999995 1.5 0.10335452095123206
3.7499999999999947 1.5 0.11255249886565649
3.7999999999999945 1.5 0.11945274251129974
3.8499999999999943 1.5 0.121910150114058
3.899999999999994 1.5 0.11993804971433293
3.949999999999994 1.5 0.11580066326430438
3.999999999999994 1.5 0.11251225508812164
4.049999999999994 1.5 0.11240560058230915
4.099999999999993 1.5 0.11657532731898075
4.149999999999993 1.5 0.12478865976461606
4.199999999999993 1.5 0.13544283054226788
4.249999999999993 1.5 0.14569224873853467
4.299999999999993 1.5 0.1523581853946805
4.3499999999999925 1.5 0.15377981076558364
4.399999999999992 1.5 0.15103998788885523
4.449999999999992 1.5 0.14703851494355819
4.499999999999992 1.5 0.14462681878745767
4.549999999999992 1.5 0.14558814849343457
4.599999999999992 1.5 0.15052012853280156
4.6499999999999915 1.5 0.15896937784854098
4.699999999999991 1.5 0.16950161710702746
4.749999999999991 1.5 0.17982028727005697
4.799999999999991 1.5 0.18732976703562476
4.849999999999991 1.5 0.19034082527963359
4.899999999999991 1.5 0.18915224430571492
4.94999999999999 1.5 0.18584900224190548
4.99999999999999 1.5 0.18305937986351417
5.04999999999999 1.5 0.1829091839149469
5.09999999999999 1.5 0.18664245985992145
5.14999999999999 1.5 0.19457102181448035
5.1999999999999895 1.5 0.2059791714162206
5.249999999999989 1.5 0.21889747513833943
5.299999999999989 1.5 0.23010641068821644
5.349999999999989 1.5 0.23620977818202957
5.399999999999989 1.5 0.23589509082154955
5.449999999999989 1.5 0.23117930923212235
5.4999999999999885 1.5 0.22595191268879017
5.549999999999988 1.5 0.22378459530241335
5.599999999999988 1.5 0.22699024756851793
5.649999999999988 1.5 0.23658974641144317
5.699999999999988 1.5 0.25224660254738
5.749999999999988 1.5 0.2716677460080796
5.799999999999987 1.5 0.2897535779902071
5.849999999999987 1.5 0.29970894813206306
5.899999999999987 1.5 0.29844403852993506
5.949999999999987 1.5 0.2902777070063759
5.999999999999987 1.5 0.2825699853698584
6.0499999999999865 1.5 0.280754503434696
6.099999999999986 1.5 0.28766066722397465
6.149999999999986 1.5 0.30436215047809445
6.199999999999986 1.5 0.3303386040939173
6.249999999999986 1.5 0.3621394524591279
6.299999999999986 1.5 0.3908435240356572
6.349999999999985 1.5 0.404360781405883
6.399999999999985 1.5 0.4008877841936489
6.449999999999985 1.5 0.39185839606912515
6.499999999999985 1.5 0.38819238870014
6.549999999999985 1.5 0.39524231418917377
6.5999999999999845 1.5 0.41518920035392715
6.649999999999984 1.5 0.44877287794596693
6.699999999999984 1.5 0.4941892464512037
6.749999999999984 1.5 0.5402606829531124
6.799999999999984 1.5 0.5595382587777274
6.849999999999984 1.5 0.5424228283816823
6.8999999999999835 1.5 0.5158677812484423
6.949999999999983 1.5 0.4983893497186147
6.999999999999983 1.5 0.4938623882403952
7.049999999999983 1.5 0.499508743997865
7.099999999999983 1.5 0.505682082417393
7.149999999999983 1.5 0.49568590966085657
7.199999999999982 1.5 0.4623419419623598
7.249999999999982 1.5 0.41844816102892657
7.299999999999982 1.5 0.37759831180353415
7.349999999999982 1.5 0.3453518159591895
7.399999999999982 1.5 0.32281158159715506
7.4499999999999815 1.5 0.30943396689635094
7.499999999999981 1.5 0.30376470565361163
7.549999999999981 1.5 0.3031164644366364
7.599999999999981 1.5 0.30295819945701213
7.649999999999981 1.5 0.2975146667893444
7.699999999999981 1.5 0.2831881089121194
7.7499999999999805 1.5 0.26181158952309613
7.79999999999998 1.5 0.23868688266047622
7.84999999999998 1.5 0.2185210611569587
7.89999999999998 1.5 0.20392867833750158
7.94999999999998 1.5 0.19576373422754725
7.99999999999998 1.5 0.19353475845259616
8.04999999999998 1.5 0.19537975314287592
8.09999999999998 1.5 0.19787405336256778
8.14999999999998 1.5 0.19664791915633958
8.199999999999982 1.5 0.18875845438996078
8.249999999999982 1.5 0.17506922864837782
8.299999999999983 1.5 0.1593849320787556
8.349999999999984 1.5 0.14558774043541642
8.399999999999984 1.5 0.13604369008220638
8.449999999999985 1.5 0.13149986490721052
8.499999999999986 1.5 0.13134587883851798
8.549999999999986 1.5 0.1337657273445613
8.599999999999987 1.5 0.13599946690678782
8.649999999999988 1.5 0.13523084372457964
8.699999999999989 1.5 0.13007435735148284
8.74999999999999 1.5 0.1213974150524912
8.79999999999999 1.5 0.11150529775949068
8.84999999999999 1.5 0.10267544102500173
8.899999999999991 1.5 0.09633640457120132
8.949999999999992 1.5 0.09296967908693642
8.999999999999993 1.5 0.09227810803253117
9.049999999999994 1.5 0.09336062115766743
9.099999999999994 1.5 0.09488753967657688
9.149999999999995 1.5 0.09538973552415932
9.199999999999996 1.5 0.09372735446783736
9.249999999999996 1.5 0.08957433601233178
9.299999999999997 1.5 0.08357062443135149
9.349999999999998 1.5 0.07699844208581152
9.399999999999999 1.5 0.07124122874405057
9.45 1.5 0.06735740614141246
9.5 1.5 0.06586356903883175
9.55 1.5 0.066646175927659
9.600000000000001 1.5 0.06893255483285303
9.650000000000002 1.5 0.07136847155180512
9.700000000000003 1.5 0.07235633430196807
9.750000000000004 1.5 0.0707207370645873
9.800000000000004 1.5 0.06637622358200884
9.850000000000005 1.5 0.0604238605082855
9.900000000000006 1.5 0.05457322626808145
9.950000000000006 1.5 0.05040204306746371
10.000000000000007 1.5 0.048882921739569915
0.0 1.6 0.04822393954718615
0.05 1.6 0.049337367627859445
0.1 1.6 0.05174483453816711
0.15000000000000002 1.6 0.053763325843893754
0.2 1.6 0.05385643513214192
0.25 1.6 0.0513377126737877
0.3 1.6 0.04667335312637136
0.35 1.6 0.04112091257348285
0.39999999999999997 1.6 0.03605662838072565
0.44999999999999996 1.6 0.03248055517877673
0.49999999999999994 1.6 0.03082903991468924
0.5499999999999999 1.6 0.03097703579248036
0.6 1.6 0.032322533710507875
0.65 1.6 0.03392882706886415
0.7000000000000001 1.6 0.034769557409778655
0.7500000000000001 1.6 0.034078437922533365
0.8000000000000002 1.6 0.031651957438567406
0.8500000000000002 1.6 0.027943407679093354
0.9000000000000002 1.6 0.02383758349620768
0.9500000000000003 1.6 0.020318767554011716
1.0000000000000002 1.6 0.018158077913023433
1.0500000000000003 1.6 0.017748094183062883
1.1000000000000003 1.6 0.019007497424679293
1.1500000000000004 1.6 0.021381483721779993
1.2000000000000004 1.6 0.02389510769649793
1.2500000000000004 1.6 0.0254238233711516
1.3000000000000005 1.6 0.02511362476363693
1.3500000000000005 1.6 0.022846619210796407
1.4000000000000006 1.6 0.0193332691528754
1.4500000000000006 1.6 0.015830448951181183
1.5000000000000007 1.6 0.013586357596601983
1.5500000000000007 1.6 0.013458316715400702
1.6000000000000008 1.6 0.015647887266155316
1.6500000000000008 1.6 0.01961104818736292
1.7000000000000008 1.6 0.024100806680114023
1.7500000000000009 1.6 0.02750055456391573
1.800000000000001 1.6 0.02853130615782932
1.850000000000001 1.6 0.02700209418203084
1.900000000000001 1.6 0.023955592029244847
1.950000000000001 1.6 0.02105431204066277
2.000000000000001 1.6 0.019774722193102123
2.0500000000000007 1.6 0.020912492996246947
2.1000000000000005 1.6 0.024429963038942418
2.1500000000000004 1.6 0.02950521212110137
2.2 1.6 0.034755817649984026
2.25 1.6 0.03870779115537487
2.3 1.6 0.04044057419567289
2.3499999999999996 1.6 0.04003325261511812
2.3999999999999995 1.6 0.0384483073493987
2.4499999999999993 1.6 0.036980443269504594
2.499999999999999 1.6 0.03671782957381464
2.549999999999999 1.6 0.038262985098412805
2.5999999999999988 1.6 0.04166922829298336
2.6499999999999986 1.6 0.04647900142202369
2.6999999999999984 1.6 0.05182487005878422
2.7499999999999982 1.6 0.05663180290497896
2.799999999999998 1.6 0.05995466748282479
2.849999999999998 1.6 0.061362580697659375
2.8999999999999977 1.6 0.06114624458074015
2.9499999999999975 1.6 0.060190653221528216
2.9999999999999973 1.6 0.05960903592860131
3.049999999999997 1.6 0.06036999738493383
3.099999999999997 1.6 0.06305015299603213
3.149999999999997 1.6 0.06770005256010872
3.1999999999999966 1.6 0.07377674928108151
3.2499999999999964 1.6 0.08016719434376378
3.2999999999999963 1.6 0.08542638421964745
3.349999999999996 1.6 0.08833236008179639
3.399999999999996 1.6 0.08856124802888649
3.4499999999999957 1.6 0.0869606457485102
3.4999999999999956 1.6 0.08515095005033393
3.5499999999999954 1.6 0.08480916162375551
3.599999999999995 1.6 0.08710874201846758
3.649999999999995 1.6 0.09241880027744152
3.699999999999995 1.6 0.10013431219504561
3.7499999999999947 1.6 0.10861380832004928
3.7999999999999945 1.6 0.11549294039360097
3.8499999999999943 1.6 0.11872515268601468
3.899999999999994 1.6 0.11794786633019141
3.949999999999994 1.6 0.11483650906169539
3.999999999999994 1.6 0.11201298373950704
4.049999999999994 1.6 0.11170698369929198
4.099999999999993 1.6 0.11508266320359557
4.149999999999993 1.6 0.12207853048872574
4.199999999999993 1.6 0.1314014402932587
4.249999999999993 1.6 0.14070197907352341
4.299999999999993 1.6 0.14732409632911111
4.3499999999999925 1.6 0.14971732931425996
4.399999999999992 1.6 0.14845941243681612
4.449999999999992 1.6 0.1457409399722346
4.499999999999992 1.6 0.1439544806468875
4.549999999999992 1.6 0.14473737239110945
4.599999999999992 1.6 0.14874425014232712
4.6499999999999915 1.6 0.15573307950726153
4.699999999999991 1.6 0.1646722575987044
4.749999999999991 1.6 0.17387662558735928
4.799999999999991 1.6 0.18137791181269586
4.849999999999991 1.6 0.18567230655440237
4.899999999999991 1.6 0.18651969297351287
4.94999999999999 1.6 0.1851005315906441
4.99999999999999 1.6 0.18336679648530518
5.04999999999999 1.6 0.18320584266236994
5.09999999999999 1.6 0.18594146112991186
5.14999999999999 1.6 0.19215357367403602
5.1999999999999895 1.6 0.20157820229587028
5.249999999999989 1.6 0.212958328412521
5.299999999999989 1.6 0.2239875109237736
5.349999999999989 1.6 0.23183532985491262
5.399999999999989 1.6 0.2346137452222788
5.449999999999989 1.6 0.23283592351416044
5.4999999999999885 1.6 0.22918646596288209
5.549999999999988 1.6 0.22689970748923943
5.599999999999988 1.6 0.2284759054928426
5.649999999999988 1.6 0.2352722483354958
5.699999999999988 1.6 0.24740709406284367
5.749999999999988 1.6 0.2634574671974495
5.799999999999987 1.6 0.27996806268485946
5.849999999999987 1.6 0.2918546957704495
5.899999999999987 1.6 0.295385275778535
5.949999999999987 1.6 0.2917671035500599
5.999999999999987 1.6 0.2861284455035379
6.0499999999999865 1.6 0.2835387539658094
6.099999999999986 1.6 0.28706175418953733
6.149999999999986 1.6 0.2978284684115984
6.199999999999986 1.6 0.3153060889252014
6.249999999999986 1.6 0.33704842930745776
6.299999999999986 1.6 0.3583702785942058
6.349999999999985 1.6 0.3737339044295862
6.399999999999985 1.6 0.3808396455596946
6.449999999999985 1.6 0.3828180557906022
6.499999999999985 1.6 0.38490775231887125
6.549999999999985 1.6 0.39065063366583996
6.5999999999999845 1.6 0.40095682467407895
6.649999999999984 1.6 0.41458767504896055
6.699999999999984 1.6 0.42899711442819327
6.749999999999984 1.6 0.4417319486168463
6.799999999999984 1.6 0.45215815022535333
6.849999999999984 1.6 0.46207558051501885
6.8999999999999835 1.6 0.4745498205794175
6.949999999999983 1.6 0.4920520525221208
6.999999999999983 1.6 0.5141744761538645
7.049999999999983 1.6 0.5331749899823837
7.099999999999983 1.6 0.5312618545170553
7.149999999999983 1.6 0.499643903096094
7.199999999999982 1.6 0.45401160880666114
7.249999999999982 1.6 0.4105753712806359
7.299999999999982 1.6 0.375525855719074
7.349999999999982 1.6 0.3500743267186244
7.399999999999982 1.6 0.33388387541170145
7.4499999999999815 1.6 0.32600573229840674
7.499999999999981 1.6 0.32469733951652524
7.549999999999981 1.6 0.3266529672903728
7.599999999999981 1.6 0.32637683275244384
7.649999999999981 1.6 0.31780873000454146
7.699999999999981 1.6 0.2990492067162165
7.7499999999999805 1.6 0.2742784655069469
7.79999999999998 1.6 0.24958992926392215
7.84999999999998 1.6 0.22924419423848438
7.89999999999998 1.6 0.2152411228347106
7.94999999999998 1.6 0.20800894781766766
7.99999999999998 1.6 0.20675963562116834
8.04999999999998 1.6 0.20932542448115288
8.09999999999998 1.6 0.21190026474318727
8.14999999999998 1.6 0.20984611593703542
8.199999999999982 1.6 0.200465852772714
8.249999999999982 1.6 0.1853068070591382
8.299999999999983 1.6 0.1686580735395304
8.349999999999984 1.6 0.15445153215443763
8.399999999999984 1.6 0.1448937198531349
8.449999999999985 1.6 0.1405454588036249
8.499999999999986 1.6 0.14062147456578122
8.549999999999986 1.6 0.14313241732888815
8.599999999999987 1.6 0.14517403553542021
8.649999999999988 1.6 0.1439118232826784
8.699999999999989 1.6 0.13812977974650198
8.74999999999999 1.6 0.1289298224413939
8.79999999999999 1.6 0.11873258417240107
8.84999999999999 1.6 0.10978232203001069
8.899999999999991 1.6 0.10340679369783921
8.949999999999992 1.6 0.09998758077555558
8.999999999999993 1.6 0.09915996165179987
9.049999999999994 1.6 0.10000191245088935
9.099999999999994 1.6 0.10121588155624704
9.149999999999995 1.6 0.10140804522831603
9.199999999999996 1.6 0.0995193845023482
9.249999999999996 1.6 0.09525941657790027
9.299999999999997 1.6 0.08923773939132901
9.349999999999998 1.6 0.08266825294113328
9.399999999999999 1.6 0.07687098761834046
9.45 1.6 0.07286864776325055
9.5 1.6 0.07117207191100348
9.55 1.6 0.07168888358364316
9.600000000000001 1.6 0.07369387450191084
9.650000000000002 1.6 0.07590261308833601
9.700000000000003 1.6 0.07678731144100605
9.750000000000004 1.6 0.07519825588513193
9.800000000000004 1.6 0.07100120168621908
9.850000000000005 1.6 0.06519965111325707
9.900000000000006 1.6 0.059415378764304166
9.950000000000006 1.6 0.055181641501493496
10.000000000000007 1.6 0.05346791880091106
0.0 1.7 0.060375520825789286
0.05 1.7 0.06133790330814736
0.1 1.7 0.0633295340497108
0.15000000000000002 1.7 0.06481252821531501
0.2 1.7 0.06448304019802413
0.25 1.7 0.061855582753858565
0.3 1.7 0.05743734874868988
0.35 1.7 0.05235783298772374
0.39999999999999997 1.7 0.04779345717297337
0.44999999999999996 1.7 0.04456685098761324
0.49999999999999994 1.7 0.04300230051230067
0.5499999999999999 1.7 0.04294089191801487
0.6 1.7 0.043831050462423804
0.65 1.7 0.04487118433885398
0.7000000000000001 1.7 0.04522755821885055
0.7500000000000001 1.7 0.044308431208029776
0.8000000000000002 1.7 0.041978925819529486
0.8500000000000002 1.7 0.0386143679677525
0.9000000000000002 1.7 0.034925194254031657
0.9500000000000003 1.7 0.03170595606583256
1.0000000000000002 1.7 0.029588683244895848
1.0500000000000003 1.7 0.028900801898963404
1.1000000000000003 1.7 0.029580369353091225
1.1500000000000004 1.7 0.031177702804882607
1.2000000000000004 1.7 0.03290972224382208
1.2500000000000004 1.7 0.03388155308629419
1.3000000000000005 1.7 0.033409848428142916
1.3500000000000005 1.7 0.03137563573102561
1.4000000000000006 1.7 0.02831061420215421
1.4500000000000006 1.7 0.025208372199873416
1.5000000000000007 1.7 0.023096695851025337
1.5500000000000007 1.7 0.02270831290377244
1.6000000000000008 1.7 0.02423074679389378
1.6500000000000008 1.7 0.02722065855507525
1.7000000000000008 1.7 0.030657867316266886
1.7500000000000009 1.7 0.033245669923573355
1.800000000000001 1.7 0.033979525795614106
1.850000000000001 1.7 0.03271363479017166
1.900000000000001 1.7 0.030267962563380282
1.950000000000001 1.7 0.02796780035490612
2.000000000000001 1.7 0.02700671937559282
2.0500000000000007 1.7 0.028017833651249463
2.1000000000000005 1.7 0.03092614822140058
2.1500000000000004 1.7 0.0350089289165136
2.2 1.7 0.03913773401520776
2.25 1.7 0.04220321071629926
2.3 1.7 0.04359821230205069
2.3499999999999996 1.7 0.04347529582654491
2.3999999999999995 1.7 0.04259504557280267
2.4499999999999993 1.7 0.04191220606631565
2.499999999999999 1.7 0.0421968737784858
2.549999999999999 1.7 0.04384041690312153
2.5999999999999988 1.7 0.046819439172160915
2.6499999999999986 1.7 0.05074752581426115
2.6999999999999984 1.7 0.054983131251138295
2.7499999999999982 1.7 0.05879790929783958
2.799999999999998 1.7 0.061598828435832836
2.849999999999998 1.7 0.06314118945068307
2.8999999999999977 1.7 0.06362727883689288
2.9499999999999975 1.7 0.06362912201606241
2.9999999999999973 1.7 0.06388070487732984
3.049999999999997 1.7 0.06504574835412423
3.099999999999997 1.7 0.06753646184431222
3.149999999999997 1.7 0.07139906908851043
3.1999999999999966 1.7 0.07626096543080871
3.2499999999999964 1.7 0.08136216779034108
3.2999999999999963 1.7 0.08573213095779258
3.349999999999996 1.7 0.08854511559555799
3.399999999999996 1.7 0.08953553465074088
3.4499999999999957 1.7 0.0892001002702996
3.4999999999999956 1.7 0.08861256346198587
3.5499999999999954 1.7 0.08898220276751274
3.599999999999995 1.7 0.09122114293596754
3.649999999999995 1.7 0.09565137099094867
3.699999999999995 1.7 0.10184204915082412
3.7499999999999947 1.7 0.10859492012776178
3.7999999999999945 1.7 0.1142317487742741
3.8499999999999943 1.7 0.11732699093077491
3.899999999999994 1.7 0.11758777795831028
3.949999999999994 1.7 0.11612052848833908
3.999999999999994 1.7 0.11479170278805291
4.049999999999994 1.7 0.11529581614492107
4.099999999999993 1.7 0.1185502510383833
4.149999999999993 1.7 0.12447266570623197
4.199999999999993 1.7 0.1319893391647171
4.249999999999993 1.7 0.13930052730669515
4.299999999999993 1.7 0.14456722883208248
4.3499999999999925 1.7 0.1468750115553636
4.399999999999992 1.7 0.14675688528576303
4.449999999999992 1.7 0.14576068891008534
4.499999999999992 1.7 0.1455339112086785
4.549999999999992 1.7 0.1471795430341871
4.599999999999992 1.7 0.15106735461755538
4.6499999999999915 1.7 0.15689800973943535
4.699999999999991 1.7 0.16385048191155538
4.749999999999991 1.7 0.17078746098326417
4.799999999999991 1.7 0.1765618620997661
4.849999999999991 1.7 0.1804069959683094
4.899999999999991 1.7 0.18224754167814958
4.94999999999999 1.7 0.1827257657168754
4.99999999999999 1.7 0.18292333437766206
5.04999999999999 1.7 0.18397382589173597
5.09999999999999 1.7 0.1867577494512267
5.14999999999999 1.7 0.19172339714497721
5.1999999999999895 1.7 0.19878037341311738
5.249999999999989 1.7 0.20722859212157824
5.299999999999989 1.7 0.21578083730262537
5.349999999999989 1.7 0.222844596307153
5.399999999999989 1.7 0.22717304948115813
5.449999999999989 1.7 0.22860338936332544
5.4999999999999885 1.7 0.22825787254112032
5.549999999999988 1.7 0.22799602597699764
5.599999999999988 1.7 0.22962167432822708
5.649999999999988 1.7 0.23434397872483
5.699999999999988 1.7 0.24252168680476008
5.749999999999988 1.7 0.25350761739428
5.799999999999987 1.7 0.2655597252302427
5.849999999999987 1.7 0.27612124594219695
5.899999999999987 1.7 0.28290770884205946
5.949999999999987 1.7 0.2854245861405323
5.999999999999987 1.7 0.2853958953485367
6.0499999999999865 1.7 0.28555163285965107
6.099999999999986 1.7 0.28814694424034276
6.149999999999986 1.7 0.2942756486370119
6.199999999999986 1.7 0.3038298933894212
6.249999999999986 1.7 0.31574581276514546
6.299999999999986 1.7 0.3284921740213802
6.349999999999985 1.7 0.3408206307679069
6.399999999999985 1.7 0.35241341815616717
6.449999999999985 1.7 0.3638088956922684
6.499999999999985 1.7 0.37552274538583924
6.549999999999985 1.7 0.38703311090026105
6.5999999999999845 1.7 0.3964949469674539
6.649999999999984 1.7 0.40185614041094064
6.699999999999984 1.7 0.40294038005050203
6.749999999999984 1.7 0.402341380969225
6.799999999999984 1.7 0.4041375715127276
6.849999999999984 1.7 0.41232124000787496
6.8999999999999835 1.7 0.430445131083387
6.949999999999983 1.7 0.46220529934347293
6.999999999999983 1.7 0.5119350879647754
7.049999999999983 1.7 0.579610495295255
7.099999999999983 1.7 0.6192585160501678
7.149999999999983 1.7 0.5616773804261497
7.199999999999982 1.7 0.4851898177978489
7.249999999999982 1.7 0.4279384398657472
7.299999999999982 1.7 0.38903777289691877
7.349999999999982 1.7 0.3648693766365611
7.399999999999982 1.7 0.3529452802388268
7.4499999999999815 1.7 0.3513890136748172
7.499999999999981 1.7 0.3577978034282578
7.549999999999981 1.7 0.3673970083219198
7.599999999999981 1.7 0.3713378222292348
7.649999999999981 1.7 0.3603199715130443
7.699999999999981 1.7 0.3345027290717752
7.7499999999999805 1.7 0.30310952855623363
7.79999999999998 1.7 0.27443031791776445
7.84999999999998 1.7 0.2524355104710156
7.89999999999998 1.7 0.23831710086967908
7.94999999999998 1.7 0.23185747452339758
7.99999999999998 1.7 0.23177098993214376
8.04999999999998 1.7 0.23536367357638058
8.09999999999998 1.7 0.23817884852432827
8.14999999999998 1.7 0.2351127227149394
8.199999999999982 1.7 0.22381290925461408
8.249999999999982 1.7 0.2067888755119577
8.299999999999983 1.7 0.18894513151816558
8.349999999999984 1.7 0.17422824000710846
8.399999999999984 1.7 0.1646041806240086
8.449999999999985 1.7 0.16036992846384124
8.499999999999986 1.7 0.16049735483549762
8.549999999999986 1.7 0.16277940965657714
8.599999999999987 1.7 0.16419025517182256
8.649999999999988 1.7 0.16200272337188515
8.699999999999989 1.7 0.1553325519354285
8.74999999999999 1.7 0.1455797920315731
8.79999999999999 1.7 0.13521861013861036
8.84999999999999 1.7 0.12635197463658643
8.899999999999991 1.7 0.12010950155137612
8.949999999999992 1.7 0.11669664449961914
8.999999999999993 1.7 0.11562616081401247
9.049999999999994 1.7 0.11593333046676142
9.099999999999994 1.7 0.11638717492790072
9.149999999999995 1.7 0.11577337240836108
9.199999999999996 1.7 0.11326132058184996
9.249999999999996 1.7 0.1087160436268566
9.299999999999997 1.7 0.10274296565322734
9.349999999999998 1.7 0.09641518828620099
9.399999999999999 1.7 0.09086644342023581
9.45 1.7 0.08696113573508901
9.5 1.7 0.08510862140590386
9.55 1.7 0.08518052607491006
9.600000000000001 1.7 0.08649623162366135
9.650000000000002 1.7 0.08791752667306857
9.700000000000003 1.7 0.08815191306702835
9.750000000000004 1.7 0.0862777305495694
9.800000000000004 1.7 0.08223650041334885
9.850000000000005 1.7 0.07690095318380386
9.900000000000006 1.7 0.07164878453992113
9.950000000000006 1.7 0.0677842102959032
10.000000000000007 1.7 0.06612577067968146
0.0 1.8 0.07009239413599228
0.05 1.8 0.07101011585034146
0.1 1.8 0.07281207933170962
0.15000000000000002 1.8 0.07392112089081151
0.2 1.8 0.0730874378603144
0.25 1.8 0.06996323148191498
0.3 1.8 0.06519595741440723
0.35 1.8 0.05997753721012558
0.39999999999999997 1.8 0.05545452074648793
0.44999999999999996 1.8 0.05236128573586606
0.49999999999999994 1.8 0.05091425120052391
0.5499999999999999 1.8 0.050856617059604564
0.6 1.8 0.05157448220995219
0.65 1.8 0.052264367231612124
0.7000000000000001 1.8 0.052165763053490334
0.7500000000000001 1.8 0.050813683345892105
0.8000000000000002 1.8 0.04819734997313417
0.8500000000000002 1.8 0.044751566074377504
0.9000000000000002 1.8 0.04116044721224115
0.9500000000000003 1.8 0.038127783330285554
1.0000000000000002 1.8 0.036171032769419055
1.0500000000000003 1.8 0.03551246417447578
1.1000000000000003 1.8 0.036018348722470006
1.1500000000000004 1.8 0.037220582267561225
1.2000000000000004 1.8 0.03839129137765229
1.2500000000000004 1.8 0.03876395223392447
1.3000000000000005 1.8 0.03781788901157571
1.3500000000000005 1.8 0.03555152074157846
1.4000000000000006 1.8 0.032507860566704544
1.4500000000000006 1.8 0.029585136696113613
1.5000000000000007 1.8 0.02766783483048157
1.5500000000000007 1.8 0.027347642226865962
1.6000000000000008 1.8 0.02870987205160568
1.6500000000000008 1.8 0.03126703504389403
1.7000000000000008 1.8 0.03403805888551257
1.7500000000000009 1.8 0.03586474598582131
1.800000000000001 1.8 0.035945187361773566
1.850000000000001 1.8 0.03429999332596211
1.900000000000001 1.8 0.03178941873656404
1.950000000000001 1.8 0.02965424284623814
2.000000000000001 1.8 0.02894342690165216
2.0500000000000007 1.8 0.03013983004074274
2.1000000000000005 1.8 0.0330373087706835
2.1500000000000004 1.8 0.036822961890107635
2.2 1.8 0.04036007788994737
2.25 1.8 0.04265235195010873
2.3 1.8 0.0433061205937558
2.3499999999999996 1.8 0.04268677561047193
2.3999999999999995 1.8 0.04166074732720807
2.4499999999999993 1.8 0.04115108993206643
2.499999999999999 1.8 0.04179611370874941
2.549999999999999 1.8 0.04380894076445958
2.5999999999999988 1.8 0.046987034182352796
2.6499999999999986 1.8 0.050807649939692015
2.6999999999999984 1.8 0.0545843548644122
2.7499999999999982 1.8 0.05767337969872588
2.799999999999998 1.8 0.05968630756156704
2.849999999999998 1.8 0.06062446952357673
2.8999999999999977 1.8 0.06086535679932945
2.9499999999999975 1.8 0.061012656338472304
2.9999999999999973 1.8 0.06169271896512767
3.049999999999997 1.8 0.06337791691536243
3.099999999999997 1.8 0.06626840208874993
3.149999999999997 1.8 0.07022925852719816
3.1999999999999966 1.8 0.07478473743491972
3.2499999999999964 1.8 0.07919933494767345
3.2999999999999963 1.8 0.08268554244317704
3.349999999999996 1.8 0.08471848458409698
3.399999999999996 1.8 0.08531514146091013
3.4499999999999957 1.8 0.08508586843855047
3.4999999999999956 1.8 0.08500624252752947
3.5499999999999954 1.8 0.08605199732465234
3.599999999999995 1.8 0.08887010533572194
3.649999999999995 1.8 0.09355318255052653
3.699999999999995 1.8 0.09952002877619781
3.7499999999999947 1.8 0.10555953909024625
3.7999999999999945 1.8 0.11018610221750894
3.8499999999999943 1.8 0.11235091376270973
3.899999999999994 1.8 0.11212643352767056
3.949999999999994 1.8 0.110748659452734
3.999999999999994 1.8 0.10995574089016609
4.049999999999994 1.8 0.11119503150304406
4.099999999999993 1.8 0.11512915461068762
4.149999999999993 1.8 0.12144171164811719
4.199999999999993 1.8 0.12885846413814536
4.249999999999993 1.8 0.1354887268642202
4.299999999999993 1.8 0.13964039121938995
4.3499999999999925 1.8 0.14079733899563215
4.399999999999992 1.8 0.13992310601956787
4.449999999999992 1.8 0.1387804569037906
4.499999999999992 1.8 0.13897259772655707
4.549999999999992 1.8 0.14139116956048445
4.599999999999992 1.8 0.146106714934758
4.6499999999999915 1.8 0.1524766205314377
4.699999999999991 1.8 0.15935835077596497
4.749999999999991 1.8 0.16544612094172437
4.799999999999991 1.8 0.1697266335834232
4.849999999999991 1.8 0.17188519654789347
4.899999999999991 1.8 0.17240530165605653
4.94999999999999 1.8 0.17229935391205517
4.99999999999999 1.8 0.172687296246916
5.04999999999999 1.8 0.17446536457483686
5.09999999999999 1.8 0.1781324012962552
5.14999999999999 1.8 0.18371556185892843
5.1999999999999895 1.8 0.19073744760632186
5.249999999999989 1.8 0.1982384767065114
5.299999999999989 1.8 0.20494967463558544
5.349999999999989 1.8 0.20971061204858948
5.399999999999989 1.8 0.21203132651383225
5.449999999999989 1.8 0.21242294744254264
5.4999999999999885 1.8 0.21219989400145392
5.549999999999988 1.8 0.21291861174120008
5.599999999999988 1.8 0.2158472901754602
5.649999999999988 1.8 0.22164410589941208
5.699999999999988 1.8 0.2301757139804788
5.749999999999988 1.8 0.2403998823811747
5.799999999999987 1.8 0.2504277336531439
5.849999999999987 1.8 0.2580915859130056
5.899999999999987 1.8 0.26211195947610494
5.949999999999987 1.8 0.2630547261788825
5.999999999999987 1.8 0.26303298516161816
6.0499999999999865 1.8 0.26447120952489617
6.099999999999986 1.8 0.26906931147297625
6.149999999999986 1.8 0.27736129025399486
6.199999999999986 1.8 0.2886135781252758
6.249999999999986 1.8 0.30095259251283674
6.299999999999986 1.8 0.31201034805163863
6.349999999999985 1.8 0.3202570851386613
6.399999999999985 1.8 0.32615001435639895
6.449999999999985 1.8 0.3318197208633992
6.499999999999985 1.8 0.3395983736533868
6.549999999999985 1.8 0.3507213390206349
6.5999999999999845 1.8 0.3646794449525567
6.649999999999984 1.8 0.37912198328476315
6.699999999999984 1.8 0.3907326487734452
6.749999999999984 1.8 0.3975285136945712
6.799999999999984 1.8 0.4009180297401071
6.849999999999984 1.8 0.4050516322818545
6.8999999999999835 1.8 0.41467321078847885
6.949999999999983 1.8 0.43416507924955117
6.999999999999983 1.8 0.4681662511038421
7.049999999999983 1.8 0.5229514694461771
7.099999999999983 1.8 0.6045170657854845
7.149999999999983 1.8 0.6656051240244336
7.199999999999982 1.8 0.5942968252734255
7.249999999999982 1.8 0.5084689840989259
7.299999999999982 1.8 0.45038860780307743
7.349999999999982 1.8 0.4144781827724928
7.399999999999982 1.8 0.39576940324366816
7.4499999999999815 1.8 0.39153170762899925
7.499999999999981 1.8 0.39975471224790193
7.549999999999981 1.8 0.41666134841550406
7.599999999999981 1.8 0.4318739629614335
7.649999999999981 1.8 0.4271813922514933
7.699999999999981 1.8 0.3964301831365748
7.7499999999999805 1.8 0.35531622674658053
7.79999999999998 1.8 0.318111231539141
7.84999999999998 1.8 0.29002341351489613
7.89999999999998 1.8 0.27189493915190316
7.94999999999998 1.8 0.26305822993961564
7.99999999999998 1.8 0.2619379568057984
8.04999999999998 1.8 0.265595434234827
8.09999999999998 1.8 0.26906732306671416
8.14999999999998 1.8 0.2662784273309416
8.199999999999982 1.8 0.25406247494169
8.249999999999982 1.8 0.23513936105035782
8.299999999999983 1.8 0.21518434121274327
8.349999999999984 1.8 0.19865084766922392
8.399999999999984 1.8 0.18765199225735021
8.449999999999985 1.8 0.1824589751716177
8.499999999999986 1.8 0.18195087857753933
8.549999999999986 1.8 0.1837770172190014
8.599999999999987 1.8 0.1847216993741933
8.649999999999988 1.8 0.18189896096968144
8.699999999999989 1.8 0.17442163421865478
8.74999999999999 1.8 0.16383737326397474
8.79999999999999 1.8 0.1527688606711726
8.84999999999999 1.8 0.14337093056510739
8.899999999999991 1.8 0.13673701526100043
8.949999999999992 1.8 0.13298861199976342
8.999999999999993 1.8 0.13154090776495062
9.049999999999994 1.8 0.1313506923057894
9.099999999999994 1.8 0.1311637674142365
9.149999999999995 1.8 0.129822106395434
9.199999999999996 1.8 0.12661362596651518
9.249999999999996 1.8 0.12151961083547823
9.299999999999997 1.8 0.1151939503810129
9.349999999999998 1.8 0.10867634606863237
9.399999999999999 1.8 0.10301876527995404
9.45 1.8 0.09899531870923793
9.5 1.8 0.09693903145279072
9.55 1.8 0.09666917830155453
9.600000000000001 1.8 0.09748819428844513
9.650000000000002 1.8 0.09829445392050325
9.700000000000003 1.8 0.09789547657699627
9.750000000000004 1.8 0.09550428326806186
9.800000000000004 1.8 0.09116111549383421
9.850000000000005 1.8 0.08574518095813803
9.900000000000006 1.8 0.0805574415860279
9.950000000000006 1.8 0.07679257618938697
10.000000000000007 1.8 0.07516778838728139
0.0 1.9 0.07023523560619122
0.05 1.9 0.07134442578400284
0.1 1.9 0.07359613730421997
0.15000000000000002 1.9 0.075133000664451
0.2 1.9 0.07440144953824827
0.25 1.9 0.07091056266039429
0.3 1.9 0.065415233832413
0.35 1.9 0.05936444139321182
0.39999999999999997 1.9 0.05414929168602244
0.44999999999999996 1.9 0.05065074114039997
0.49999999999999994 1.9 0.04912393015688083
0.5499999999999999 1.9 0.04925693298885701
0.6 1.9 0.05030278689987068
0.65 1.9 0.05127363798001128
0.7000000000000001 1.9 0.05123109544013195
0.7500000000000001 1.9 0.04961880194873963
0.8000000000000002 1.9 0.04646896726940003
0.8500000000000002 1.9 0.042371039683799246
0.9000000000000002 1.9 0.03819213726634196
0.9500000000000003 1.9 0.03477801465928589
1.0000000000000002 1.9 0.03271165992879398
1.0500000000000003 1.9 0.032204609782095765
1.1000000000000003 1.9 0.03303991692220016
1.1500000000000004 1.9 0.034607198295008634
1.2000000000000004 1.9 0.03599842574934476
1.2500000000000004 1.9 0.03629198119595419
1.3000000000000005 1.9 0.03491469524814428
1.3500000000000005 1.9 0.031964005377463876
1.4000000000000006 1.9 0.028185500349803595
1.4500000000000006 1.9 0.024689734336025806
1.5000000000000007 1.9 0.022499621097964554
1.5500000000000007 1.9 0.022248804907408163
1.6000000000000008 1.9 0.02396675298299465
1.6500000000000008 1.9 0.027013956335240754
1.7000000000000008 1.9 0.03017193771000507
1.7500000000000009 1.9 0.03202701607705417
1.800000000000001 1.9 0.03164335656472345
1.850000000000001 1.9 0.02914007430908791
1.900000000000001 1.9 0.025658700397690207
1.950000000000001 1.9 0.022739665210277846
2.000000000000001 1.9 0.02162870615085514
2.0500000000000007 1.9 0.022872291280756248
2.1000000000000005 1.9 0.026198245258403852
2.1500000000000004 1.9 0.030596881246908576
2.2 1.9 0.03462805923535405
2.25 1.9 0.0369944562441547
2.3 1.9 0.03717587412452305
2.3499999999999996 1.9 0.03567138615648643
2.3999999999999995 1.9 0.033648071583172054
2.4499999999999993 1.9 0.032329628829827664
2.499999999999999 1.9 0.032550801676680355
2.549999999999999 1.9 0.03459083971102654
2.5999999999999988 1.9 0.03818695485396411
2.6499999999999986 1.9 0.042638908817079685
2.6999999999999984 1.9 0.04699549543519837
2.7499999999999982 1.9 0.05034003118475723
2.799999999999998 1.9 0.05212243336944897
2.849999999999998 1.9 0.052380973357014055
2.8999999999999977 1.9 0.05170988466013914
2.9499999999999975 1.9 0.05099992009906721
2.9999999999999973 1.9 0.05112037795957907
3.049999999999997 1.9 0.052680281751462804
3.099999999999997 1.9 0.05589415433452545
3.149999999999997 1.9 0.060519833446296134
3.1999999999999966 1.9 0.06585882190165357
3.2499999999999964 1.9 0.07087072635439794
3.2999999999999963 1.9 0.07447844042120076
3.349999999999996 1.9 0.07603360463566333
3.399999999999996 1.9 0.07569282716734546
3.4499999999999957 1.9 0.07440531307864408
3.4999999999999956 1.9 0.0735103518381572
3.5499999999999954 1.9 0.07423471129876098
3.599999999999995 1.9 0.07732118968608019
3.649999999999995 1.9 0.08280459281403336
3.699999999999995 1.9 0.08988072081059115
3.7499999999999947 1.9 0.09693827061556012
3.7999999999999945 1.9 0.10200523168054686
3.8499999999999943 1.9 0.10373388424885162
3.899999999999994 1.9 0.10234530237762492
3.949999999999994 1.9 0.09958424679215311
3.999999999999994 1.9 0.09771867457288724
4.049999999999994 1.9 0.09853173653899656
4.099999999999993 1.9 0.10281297929044307
4.149999999999993 1.9 0.11018522060525666
4.199999999999993 1.9 0.11907801462553375
4.249999999999993 1.9 0.12702227149645093
4.299999999999993 1.9 0.1316506354011244
4.3499999999999925 1.9 0.1321460553268215
4.399999999999992 1.9 0.12980619324627363
4.449999999999992 1.9 0.12706186875616707
4.499999999999992 1.9 0.1260908728460715
4.549999999999992 1.9 0.12811129899752868
4.599999999999992 1.9 0.1332926594583902
4.6499999999999915 1.9 0.1408721950665884
4.699999999999991 1.9 0.14932663096732482
4.749999999999991 1.9 0.15672398794581202
4.799999999999991 1.9 0.16140598498734285
4.849999999999991 1.9 0.16278644688317231
4.899999999999991 1.9 0.16164834989461827
4.94999999999999 1.9 0.1596569752507917
4.99999999999999 1.9 0.15856709842699687
5.04999999999999 1.9 0.159682814275475
5.09999999999999 1.9 0.16365280547439254
5.14999999999999 1.9 0.170410648611041
5.1999999999999895 1.9 0.17911982253629466
5.249999999999989 1.9 0.18816521211063844
5.299999999999989 1.9 0.19543986896925838
5.349999999999989 1.9 0.19918194918185306
5.399999999999989 1.9 0.19904735211816565
5.449999999999989 1.9 0.19644414081236208
5.4999999999999885 1.9 0.1937525055183707
5.549999999999988 1.9 0.19324783642270726
5.599999999999988 1.9 0.19647464433246917
5.649999999999988 1.9 0.20402213137561823
5.699999999999988 1.9 0.21534631150292066
5.749999999999988 1.9 0.22848293007223944
5.799999999999987 1.9 0.2400140875199266
5.849999999999987 1.9 0.24627680785772804
5.899999999999987 1.9 0.24597266784747332
5.949999999999987 1.9 0.2415060819040228
5.999999999999987 1.9 0.237157285214245
6.0499999999999865 1.9 0.23661364381450967
6.099999999999986 1.9 0.24201978982760375
6.149999999999986 1.9 0.2539406508163928
6.199999999999986 1.9 0.27118077264228163
6.249999999999986 1.9 0.2901790335910643
6.299999999999986 1.9 0.3050684163246536
6.349999999999985 1.9 0.3108770565523453
6.399999999999985 1.9 0.3083988298710818
6.449999999999985 1.9 0.30349059147084656
6.499999999999985 1.9 0.3020256530983289
6.549999999999985 1.9 0.3074666673355415
6.5999999999999845 1.9 0.3211127382539154
6.649999999999984 1.9 0.3425033901427454
6.699999999999984 1.9 0.36893808428485625
6.749999999999984 1.9 0.39440575700489305
6.799999999999984 1.9 0.41075438530013697
6.849999999999984 1.9 0.41445226213073616
6.8999999999999835 1.9 0.41102988955975245
6.949999999999983 1.9 0.40925498232969454
6.999999999999983 1.9 0.4156399747437058
7.049999999999983 1.9 0.4346091694158283
7.099999999999983 1.9 0.47053368581847255
7.149999999999983 1.9 0.529445307135798
7.199999999999982 1.9 0.6139500829254046
7.249999999999982 1.9 0.6552039790285339
7.299999999999982 1.9 0.5781328304668841
7.349999999999982 1.9 0.5034128925308464
7.399999999999982 1.9 0.45643513612614695
7.4499999999999815 1.9 0.4318210220773409
7.499999999999981 1.9 0.42542910953169505
7.549999999999981 1.9 0.434365654773236
7.599999999999981 1.9 0.4532657086426274
7.649999999999981 1.9 0.46669699191605307
7.699999999999981 1.9 0.4513250590009255
7.7499999999999805 1.9 0.40924303398930384
7.79999999999998 1.9 0.36339449516751454
7.84999999999998 1.9 0.326222913862677
7.89999999999998 1.9 0.30052425922508674
7.94999999999998 1.9 0.2859157655020038
7.99999999999998 1.9 0.2809183243112916
8.04999999999998 1.9 0.28283969176050994
8.09999999999998 1.9 0.28684265033502887
8.14999999999998 1.9 0.2859484649527712
8.199999999999982 1.9 0.2748427717751735
8.249999999999982 1.9 0.25494117260839805
8.299999999999983 1.9 0.2325505848529919
8.349999999999984 1.9 0.2132538038214812
8.399999999999984 1.9 0.19985715109351543
8.449999999999985 1.9 0.1929472539061212
8.499999999999986 1.9 0.1915339133907752
8.549999999999986 1.9 0.19323926196716587
8.599999999999987 1.9 0.19454554290890405
8.649999999999988 1.9 0.19196572608353463
8.699999999999989 1.9 0.18407959619173697
8.74999999999999 1.9 0.1724068893536908
8.79999999999999 1.9 0.15994387526175685
8.84999999999999 1.9 0.14923563496620804
8.899999999999991 1.9 0.14160469876175114
8.949999999999992 1.9 0.137253514269364
8.999999999999993 1.9 0.13557452444010434
9.049999999999994 1.9 0.13541887773612174
9.099999999999994 1.9 0.13535637082533955
9.149999999999995 1.9 0.13402129092376905
9.199999999999996 1.9 0.13054103020567176
9.249999999999996 1.9 0.12486125090377209
9.299999999999997 1.9 0.1177344254774704
9.349999999999998 1.9 0.11036761397392264
9.399999999999999 1.9 0.10397175577866856
9.45 1.9 0.09943098578706938
9.5 1.9 0.09713082963335187
9.55 1.9 0.09688282952376025
9.600000000000001 1.9 0.09790978212991362
9.650000000000002 1.9 0.09894866924616758
9.700000000000003 1.9 0.09859400438157784
9.750000000000004 1.9 0.09589270152613512
9.800000000000004 1.9 0.09087716399945443
9.850000000000005 1.9 0.08458796781482819
9.900000000000006 1.9 0.07855625478878869
9.950000000000006 1.9 0.07417118185017134
10.000000000000007 1.9 0.07226587238466557
0.0 2.0 0.06776934484841494
0.05 2.0 0.06905455293524387
0.1 2.0 0.07179783211633674
0.15000000000000002 2.0 0.07398255996742104
0.2 2.0 0.07378804369956683
0.25 2.0 0.07048846492940207
0.3 2.0 0.06478739675563985
0.35 2.0 0.05826713379656456
0.39999999999999997 2.0 0.0525202274847588
0.44999999999999996 2.0 0.048601259148363524
0.49999999999999994 2.0 0.04687758640580261
0.5499999999999999 2.0 0.04708139393700487
0.6 2.0 0.048433576623191255
0.65 2.0 0.049829632635633475
0.7000000000000001 2.0 0.05014886470769804
0.7500000000000001 2.0 0.04865955193194383
0.8000000000000002 2.0 0.04531453070962249
0.8500000000000002 2.0 0.04076084242114009
0.9000000000000002 2.0 0.03601420833392797
0.9500000000000003 2.0 0.0320878919357984
1.0000000000000002 2.0 0.029695720455377234
1.0500000000000003 2.0 0.029123321830919275
1.1000000000000003 2.0 0.0301595042005419
1.1500000000000004 2.0 0.03212306236267667
1.2000000000000004 2.0 0.03395021413258755
1.2500000000000004 2.0 0.03451475509462792
1.3000000000000005 2.0 0.033075589295571105
1.3500000000000005 2.0 0.029701546640898753
1.4000000000000006 2.0 0.025263508659995118
1.4500000000000006 2.0 0.021079907451635328
1.5000000000000007 2.0 0.0183633223257691
1.5500000000000007 2.0 0.017875294108131042
1.6000000000000008 2.0 0.019692525534857234
1.6500000000000008 2.0 0.02313025212236107
1.7000000000000008 2.0 0.026810175358239943
1.7500000000000009 2.0 0.029058741676309053
1.800000000000001 2.0 0.02869198628360933
1.850000000000001 2.0 0.02575428114932496
1.900000000000001 2.0 0.021529487673358216
1.950000000000001 2.0 0.017801590098178496
2.000000000000001 2.0 0.01603207877243627
2.0500000000000007 2.0 0.016906920690413288
2.1000000000000005 2.0 0.020215540816626108
2.1500000000000004 2.0 0.024921847711919715
2.2 2.0 0.029445510818153664
2.25 2.0 0.03224632074678266
2.3 2.0 0.03256207094412678
2.3499999999999996 2.0 0.030789924148880335
2.3999999999999995 2.0 0.02817484526772214
2.4499999999999993 2.0 0.026121760846557873
2.499999999999999 2.0 0.025659271450152173
2.549999999999999 2.0 0.02722677995442266
2.5999999999999988 2.0 0.03066905040741773
2.6499999999999986 2.0 0.03531834812405536
2.6999999999999984 2.0 0.04014935442654618
2.7499999999999982 2.0 0.04405429552098152
2.799999999999998 2.0 0.04623132111200899
2.849999999999998 2.0 0.04652578567398465
2.8999999999999977 2.0 0.04549590402427749
2.9499999999999975 2.0 0.04415264494322882
2.9999999999999973 2.0 0.043565419837090044
3.049999999999997 2.0 0.04454523532876319
3.099999999999997 2.0 0.04746587096992898
3.149999999999997 2.0 0.052177383233690734
3.1999999999999966 2.0 0.05797802802663291
3.2499999999999964 2.0 0.06369363421544837
3.2999999999999963 2.0 0.06798195601311473
3.349999999999996 2.0 0.06989259342330917
3.399999999999996 2.0 0.06941145945029413
3.4499999999999957 2.0 0.0675460796686867
3.4999999999999956 2.0 0.06586226268192132
3.5499999999999954 2.0 0.06585264463350321
3.599999999999995 2.0 0.06848361141708824
3.649999999999995 2.0 0.07394631334662324
3.699999999999995 2.0 0.08150230968393507
3.7499999999999947 2.0 0.08945025032254092
3.7999999999999945 2.0 0.09550343551766362
3.8499999999999943 2.0 0.09785902260608254
3.899999999999994 2.0 0.09643963753264687
3.949999999999994 2.0 0.09305484097142014
3.999999999999994 2.0 0.09027900656348374
4.049999999999994 2.0 0.09022131786928525
4.099999999999993 2.0 0.09392734602726949
4.149999999999993 2.0 0.10121364876613077
4.199999999999993 2.0 0.11062581089813128
4.249999999999993 2.0 0.11962348430946168
4.299999999999993 2.0 0.12545936666251656
4.3499999999999925 2.0 0.1267625506361263
4.399999999999992 2.0 0.12450263645640534
4.449999999999992 2.0 0.12119107202546493
4.499999999999992 2.0 0.11931235388726412
4.549999999999992 2.0 0.1204134507632702
4.599999999999992 2.0 0.12495406935224343
4.6499999999999915 2.0 0.13242161875905145
4.699999999999991 2.0 0.14145595702372504
4.749999999999991 2.0 0.15007030875633331
4.799999999999991 2.0 0.15621770291819756
4.849999999999991 2.0 0.15871338513178082
4.899999999999991 2.0 0.15791161591600175
4.94999999999999 2.0 0.1554716575715391
4.99999999999999 2.0 0.1534627794463617
5.04999999999999 2.0 0.1535909274136817
5.09999999999999 2.0 0.1568592805991057
5.14999999999999 2.0 0.16347423992699855
5.1999999999999895 2.0 0.172764142387414
5.249999999999989 2.0 0.18307764865696544
5.299999999999989 2.0 0.19192814035213665
5.349999999999989 2.0 0.19685440352392136
5.399999999999989 2.0 0.1969122917461779
5.449999999999989 2.0 0.19348001801225778
5.4999999999999885 2.0 0.18940966999878214
5.549999999999988 2.0 0.1875404185842128
5.599999999999988 2.0 0.18983956567474503
5.649999999999988 2.0 0.1971752123648885
5.699999999999988 2.0 0.2091701682424076
5.749999999999988 2.0 0.22381695903100002
5.799999999999987 2.0 0.237163548683054
5.849999999999987 2.0 0.244434672339918
5.899999999999987 2.0 0.2434672167116886
5.949999999999987 2.0 0.23698670646905798
5.999999999999987 2.0 0.230262413687666
6.0499999999999865 2.0 0.22772406860599875
6.099999999999986 2.0 0.23187846373439017
6.149999999999986 2.0 0.24350876059146934
6.199999999999986 2.0 0.26163292558411694
6.249999999999986 2.0 0.282713930495046
6.299999999999986 2.0 0.3000551657843247
6.349999999999985 2.0 0.306798199417089
6.399999999999985 2.0 0.302662166775492
6.449999999999985 2.0 0.29434887927829584
6.499999999999985 2.0 0.28889566553481344
6.549999999999985 2.0 0.29030709616418127
6.5999999999999845 2.0 0.3000961709776042
6.649999999999984 2.0 0.3181840648261564
6.699999999999984 2.0 0.3428934306373322
6.749999999999984 2.0 0.3699795123913912
6.799999999999984 2.0 0.3919266914397109
6.849999999999984 2.0 0.40146228944193896
6.8999999999999835 2.0 0.3989750641783973
6.949999999999983 2.0 0.3921945504739728
6.999999999999983 2.0 0.38881907697857865
7.049999999999983 2.0 0.3934869857292599
7.099999999999983 2.0 0.4086822213178497
7.149999999999983 2.0 0.4355436796970312
7.199999999999982 2.0 0.4724587174038587
7.249999999999982 2.0 0.5084584083614551
7.299999999999982 2.0 0.5178144929015291
7.349999999999982 2.0 0.49255280425171644
7.399999999999982 2.0 0.4581167224676197
7.4499999999999815 2.0 0.4323506872032458
7.499999999999981 2.0 0.41984519512830565
7.549999999999981 2.0 0.4202290731208148
7.599999999999981 2.0 0.4299423281241211
7.649999999999981 2.0 0.4393500835077374
7.699999999999981 2.0 0.43254736947004296
7.7499999999999805 2.0 0.403598756963472
7.79999999999998 2.0 0.3653012173103419
7.84999999999998 2.0 0.33077089586020947
7.89999999999998 2.0 0.3054545291330919
7.94999999999998 2.0 0.2904547443562345
7.99999999999998 2.0 0.2850017426205426
8.04999999999998 2.0 0.2867693222875156
8.09999999999998 2.0 0.29103325268353786
8.14999999999998 2.0 0.2905015810932686
8.199999999999982 2.0 0.2792169732847593
8.249999999999982 2.0 0.25841563315778043
8.299999999999983 2.0 0.23486422057598905
8.349999999999984 2.0 0.21459293730295173
8.399999999999984 2.0 0.20060949003705525
8.449999999999985 2.0 0.19356537772390134
8.499999999999986 2.0 0.19246800430306896
8.549999999999986 2.0 0.19482846024848274
8.599999999999987 2.0 0.19681198195015254
8.649999999999988 2.0 0.19445562195072325
8.699999999999989 2.0 0.18606976952492837
8.74999999999999 2.0 0.17338183523441453
8.79999999999999 2.0 0.15981508807253858
8.84999999999999 2.0 0.14821916632136314
8.899999999999991 2.0 0.14004056596362227
8.949999999999992 2.0 0.13549955936128427
8.999999999999993 2.0 0.13395135169026098
9.049999999999994 2.0 0.13415958365966077
9.099999999999994 2.0 0.13454278611858328
9.149999999999995 2.0 0.13353244257856522
9.199999999999996 2.0 0.13007315885162
9.249999999999996 2.0 0.12404692338183461
9.299999999999997 2.0 0.11629649144354282
9.349999999999998 2.0 0.1082097895088176
9.399999999999999 2.0 0.101177885412599
9.45 2.0 0.09621405476800776
9.5 2.0 0.0937736652614728
9.55 2.0 0.09368015977354699
9.600000000000001 2.0 0.09509838905471404
9.650000000000002 2.0 0.0966167541958219
9.700000000000003 2.0 0.09660215332903993
9.750000000000004 2.0 0.09388835428716243
9.800000000000004 2.0 0.08844526967847324
9.850000000000005 2.0 0.08144255341464669
9.900000000000006 2.0 0.07463579398460632
9.950000000000006 2.0 0.06961824830342193
10.000000000000007 2.0 0.06735869594585243
