 -34.25408951 0.0
 -34.17594481 -0.0
 -33.35542284 0.0
 -33.11396937 -0.0
 -31.61241225 4.0
 -31.61241225 -4.0
 -31.5331522 -4.0
 -31.5331522 4.0
 -30.67807722 3.0
 -30.67807722 -3.0
 -30.29199544 3.0
 -30.29199544 -3.0
 -29.30047761 -0.0
 -29.24231977 7.0
 -29.24231977 -7.0
 -29.24161268 0.0
 -29.16449632 7.0
 -29.16449632 -7.0
 -28.63403584 -0.0
 -28.20944206 -88.0
 -28.20944206 88.0
 -28.2058592 88.0
 -28.2058592 -88.0
 -28.12396883 -5.0
 -28.12396883 5.0
 -28.10449422 48.0
 -28.10449422 -48.0
 -28.05370964 -0.0
 -27.93511198 -49.0
 -27.93511198 49.0
 -27.58076899 5.0
 -27.58076899 -5.0
 -27.20862453 3.0
 -27.20862453 -3.0
 -27.16089092 3.0
 -27.16089092 -3.0
 -27.06952309 -10.0
 -27.06952309 10.0
 -26.99641899 -11.0
 -26.99641899 11.0
 -26.5872001 -2.0
 -26.5872001 2.0
 -26.28801013 82.0
 -26.28801013 -82.0
 -26.28215641 82.0
 -26.28215641 -82.0
 -25.63974763 -7.0
 -25.63974763 7.0
 -25.62765838 -53.0
 -25.62765838 53.0
 -25.51307579 2.0
 -25.51307579 -2.0
 -25.32506724 0.0
 -25.31651486 54.0
 -25.31651486 -54.0
 -25.26656759 7.0
 -25.26656759 -7.0
 -25.26307008 -7.0
 -25.26307008 7.0
 -25.24345807 -0.0
 -25.04766165 -13.0
 -25.04766165 13.0
 -24.98313937 13.0
 -24.98313937 -13.0
 -24.92538857 -89.0
 -24.92538857 89.0
 -24.92114748 89.0
 -24.92114748 -89.0
 -24.76748133 -5.0
 -24.76748133 5.0
 -24.62318412 0.0
 -24.60920167 78.0
 -24.60920167 -78.0
 -24.60284026 78.0
 -24.60284026 -78.0
 -24.48151769 -7.0
 -24.48151769 7.0
 -24.39274359 -3.0
 -24.39274359 3.0
 -24.38261357 -6.0
 -24.38261357 6.0
 -23.99265414 2.0
 -23.99265414 -2.0
 -23.80680307 -4.0
 -23.80680307 4.0
 -23.65831141 -10.0
 -23.65831141 10.0
 -23.61354783 3.0
 -23.61354783 -3.0
 -23.50775994 -57.0
 -23.50775994 57.0
 -23.45552599 -9.0
 -23.45552599 9.0
 -23.33498427 -6.0
 -23.33498427 6.0
 -23.29912896 47.0
 -23.29912896 -47.0
 -23.18584612 -9.0
 -23.18584612 9.0
 -23.15985498 -16.0
 -23.15985498 16.0
 -23.1313752 -47.0
 -23.1313752 47.0
 -23.11771327 -57.0
 -23.11771327 57.0
 -23.10594932 16.0
 -23.10594932 -16.0
 -23.02690236 74.0
 -23.02690236 -74.0
 -23.02394959 74.0
 -23.02394959 -74.0
 -23.01996572 -83.0
 -23.01996572 83.0
 -23.01428667 -83.0
 -23.01428667 83.0
 -23.00372042 2.0
 -23.00372042 -2.0
 -22.82356158 -7.0
 -22.82356158 7.0
 -22.4371985 -9.0
 -22.4371985 9.0
 -22.34062522 89.0
 -22.34062522 -89.0
 -22.33589581 -89.0
 -22.33589581 89.0
 -22.2219836 -0.0
 -21.86591591 -7.0
 -21.86591591 7.0
 -21.84792359 -0.0
 -21.81728745 -4.0
 -21.81728745 4.0
 -21.7953461 -12.0
 -21.7953461 12.0
 -21.72147463 -0.0
 -21.67840584 8.0
 -21.67840584 -8.0
 -21.66232601 -12.0
 -21.66232601 12.0
 -21.59485439 -12.0
 -21.59485439 12.0
 -21.59178138 60.0
 -21.59178138 -60.0
 -21.51066136 71.0
 -21.51066136 -71.0
 -21.48287358 71.0
 -21.48287358 -71.0
 -21.47369569 -11.0
 -21.47369569 11.0
 -21.40537345 19.0
 -21.40537345 -19.0
 -21.39676126 4.0
 -21.39676126 -4.0
 -21.3622931 19.0
 -21.3622931 -19.0
 -21.35774752 79.0
 -21.35774752 -79.0
 -21.32658819 -79.0
 -21.32658819 79.0
 -21.31904502 6.0
 -21.31904502 -6.0
 -21.26544526 0.0
 -21.15625375 -60.0
 -21.15625375 60.0
 -21.14310545 9.0
 -21.14310545 -9.0
 -21.12077847 5.0
 -21.12077847 -5.0
 -21.08555536 -52.0
 -21.08555536 52.0
 -20.99138141 6.0
 -20.99138141 -6.0
 -20.96236455 9.0
 -20.96236455 -9.0
 -20.95005565 -7.0
 -20.95005565 7.0
 -20.6346948 84.0
 -20.6346948 -84.0
 -20.61173302 -53.0
 -20.61173302 53.0
 -20.59493323 -3.0
 -20.59493323 3.0
 -20.57256178 -2.0
 -20.57256178 2.0
 -20.55439124 83.0
 -20.55439124 -83.0
 -20.54366322 -51.0
 -20.54366322 51.0
 -20.52861317 -14.0
 -20.52861317 14.0
 -20.39181348 15.0
 -20.39181348 -15.0
 -20.36716673 2.0
 -20.36716673 -2.0
 -20.35435328 -67.0
 -20.35435328 67.0
 -20.33131092 -0.0
 -20.26029131 75.0
 -20.26029131 -75.0
 -20.24074314 -50.0
 -20.24074314 50.0
 -20.23149708 46.0
 -20.23149708 -46.0
 -20.21153718 -90.0
 -20.21153718 90.0
 -20.20201159 -74.0
 -20.20201159 74.0
 -20.17284055 84.0
 -20.17284055 -84.0
 -20.17158394 -2.0
 -20.17158394 2.0
 -20.16559532 -62.0
 -20.16559532 62.0
 -20.1621855 -7.0
 -20.1621855 7.0
 -20.15372229 90.0
 -20.15372229 -90.0
 -20.13694913 -54.0
 -20.13694913 54.0
 -20.12543955 65.0
 -20.12543955 -65.0
 -20.11827142 82.0
 -20.11827142 -82.0
 -20.09549063 -78.0
 -20.09549063 78.0
 -20.0877422 45.0
 -20.0877422 -45.0
 -20.08088672 79.0
 -20.08088671 -79.0
 -20.05937414 -67.0
 -20.05937414 67.0
 -20.05778308 -64.0
 -20.05778308 64.0
 -20.01657433 -47.0
 -20.01657433 47.0
 -19.9885537 56.0
 -19.9885537 -56.0
 -19.97494378 67.0
 -19.97494378 -67.0
 -19.91317765 66.0
 -19.91317765 -66.0
 -19.90032157 59.0
 -19.90032157 -59.0
 -19.90029355 -72.0
 -19.90029355 72.0
 -19.87415912 -57.0
 -19.87415912 57.0
 -19.86937413 -73.0
 -19.86937413 73.0
 -19.80232656 -63.0
 -19.80232656 63.0
 -19.79284443 -21.0
 -19.79284443 21.0
 -19.78990358 11.0
 -19.78990358 -11.0
 -19.77919177 -76.0
 -19.77919177 76.0
 -19.77797583 80.0
 -19.77797583 -80.0
 -19.7674757 -55.0
 -19.7674757 55.0
 -19.7594625 21.0
 -19.7594625 -21.0
 -19.75609122 44.0
 -19.75609122 -44.0
 -19.75527832 -76.0
 -19.75527832 76.0
 -19.74243556 81.0
 -19.74243556 -81.0
 -19.73368798 7.0
 -19.73368798 -7.0
 -19.73134571 -70.0
 -19.73134571 70.0
 -19.71907285 -61.0
 -19.71907285 61.0
 -19.68973215 85.0
 -19.68973215 -85.0
 -19.68123598 -11.0
 -19.68123598 11.0
 -19.65174696 -68.0
 -19.65174696 68.0
 -19.62378108 -89.0
 -19.62378108 89.0
 -19.61734552 -71.0
 -19.61734552 71.0
 -19.57247398 48.0
 -19.57247398 -48.0
 -19.51980073 -49.0
 -19.51980073 49.0
 -19.51867347 90.0
 -19.51867345 -90.0
 -19.50885192 -70.0
 -19.50885192 70.0
 -19.49178034 80.0
 -19.49178034 -80.0
 -19.45616011 -13.0
 -19.45616011 13.0
 -19.45401349 -63.0
 -19.45401349 63.0
 -19.41718278 76.0
 -19.41718278 -76.0
 -19.41050326 43.0
 -19.41050326 -43.0
 -19.33152746 -68.0
 -19.33152746 68.0
 -19.29589704 -86.0
 -19.29589704 86.0
 -19.23847545 -58.0
 -19.23847545 58.0
 -19.22738759 65.0
 -19.22738759 -65.0
 -19.22055602 -73.0
 -19.22055602 73.0
 -19.21581947 -88.0
 -19.21581947 88.0
 -19.21478596 72.0
 -19.21478596 -72.0
 -19.20846055 -64.0
 -19.20846055 64.0
 -19.19304188 15.0
 -19.19304188 -15.0
 -19.13762556 -91.0
 -19.13762556 91.0
 -19.13640019 75.0
 -19.13640019 -75.0
 -19.11105515 62.0
 -19.11105515 -62.0
 -19.07345773 41.0
 -19.07345773 -41.0
 -19.06103369 -4.0
 -19.06103369 4.0
 -19.02255627 -87.0
 -19.02255624 87.0
 -18.9868561 77.0
 -18.9868561 -77.0
 -18.98319032 69.0
 -18.98319031 -69.0
 -18.97921154 17.0
 -18.97921154 -17.0
 -18.96061512 4.0
 -18.96061512 -4.0
 -18.90934683 -1.0
 -18.90934683 1.0
 -18.86485197 70.0
 -18.86485197 -70.0
 -18.85258029 -58.0
 -18.85258027 58.0
 -18.84559203 -8.0
 -18.84559202 8.0
 -18.83773305 -17.0
 -18.83773305 17.0
 -18.83563602 -59.0
 -18.83563601 59.0
 -18.81701724 61.0
 -18.81701723 -61.0
 -18.81570281 62.0
 -18.81570281 -62.0
 -18.80274804 -10.0
 -18.80274804 10.0
 -18.78179404 3.0
 -18.78179403 -3.0
 -18.76934023 69.0
 -18.76934023 -69.0
 -18.75376663 -92.0
 -18.75376662 92.0
 -18.74780943 -13.0
 -18.74780943 13.0
 -18.73360439 40.0
 -18.73360439 -40.0
 -18.71912364 5.0
 -18.71912364 -5.0
 -18.69573929 66.0
 -18.69573929 -66.0
 -18.68544565 57.0
 -18.68544565 -57.0
 -18.67446125 -54.0
 -18.67446125 54.0
 -18.6699018 8.0
 -18.6699018 -8.0
 -18.65106151 4.0
 -18.65106151 -4.0
 -18.64521489 81.0
 -18.64521488 -81.0
 -18.63016047 -59.0
 -18.63016047 59.0
 -18.61031926 -12.0
 -18.61031926 12.0
 -18.61019966 -78.0
 -18.61019965 78.0
 -18.52441201 53.0
 -18.52441199 -53.0
 -18.50784944 65.0
 -18.50784943 -65.0
 -18.49131909 68.0
 -18.49131908 -68.0
 -18.46459266 49.0
 -18.46459255 -49.0
 -18.4573518 -1.0
 -18.4573518 1.0
 -18.44088664 82.0
 -18.44088663 -82.0
 -18.43641795 78.0
 -18.43641794 -78.0
 -18.41193686 55.0
 -18.41193683 -55.0
 -18.40071765 12.0
 -18.40071765 -12.0
 -18.38977376 39.0
 -18.38977376 -39.0
 -18.37997488 51.0
 -18.37997487 -51.0
 -18.3763929 59.0
 -18.37639288 -59.0
 -18.36246275 -15.0
 -18.36246274 15.0
 -18.35698695 93.0
 -18.35698695 -93.0
 -18.33835583 61.0
 -18.33835583 -61.0
 -18.33172639 24.0
 -18.33172639 -24.0
 -18.31854868 -68.0
 -18.31854867 68.0
 -18.31270485 -79.0
 -18.31270485 79.0
 -18.30723202 24.0
 -18.30723202 -24.0
 -18.30132023 7.0
 -18.30132023 -7.0
 -18.29956865 67.0
 -18.29956865 -67.0
 -18.27142511 74.0
 -18.2714251 -74.0
 -18.22751104 -9.0
 -18.22751101 9.0
 -18.20978133 -56.0
 -18.20978131 56.0
 -18.20455764 16.0
 -18.20455764 -16.0
 -18.16518699 15.0
 -18.16518699 -15.0
 -18.16083693 -10.0
 -18.16083692 10.0
 -18.13669183 -49.0
 -18.1366918 49.0
 -18.09336587 -71.0
 -18.09336587 71.0
 -18.06933608 -87.0
 -18.06933601 87.0
 -18.06080387 -82.0
 -18.06080387 82.0
 -18.04162164 38.0
 -18.04162164 -38.0
 -18.00003453 87.0
 -18.0000338 -87.0
 -17.9856726 -50.0
 -17.98567258 50.0
 -17.95359113 -93.0
 -17.95359112 93.0
 -17.92975921 -74.0
 -17.9297592 74.0
 -17.89059567 47.0
 -17.89059545 -47.0
 -17.88693932 61.0
 -17.8869393 -61.0
 -17.79920153 6.0
 -17.79920152 -6.0
 -17.79169192 -46.0
 -17.79169192 46.0
 -17.78908991 49.0
 -17.78908982 -49.0
 -17.76915439 -70.0
 -17.76915437 70.0
 -17.76425409 66.0
 -17.76425409 -66.0
 -17.71492266 -72.0
 -17.71492265 72.0
 -17.69994552 19.0
 -17.69994552 -19.0
 -17.6898644 -69.0
 -17.6898644 69.0
 -17.6887575 36.0
 -17.6887575 -36.0
 -17.67189614 -2.0
 -17.67189613 2.0
 -17.63169755 79.0
 -17.63169745 -79.0
 -17.62887113 12.0
 -17.62887112 -12.0
 -17.62350085 -62.0
 -17.6235008 62.0
 -17.61632856 83.0
 -17.61632854 -83.0
 -17.57601524 63.0
 -17.57601524 -63.0
 -17.55189712 -88.0
 -17.55189636 88.0
 -17.54458853 -14.0
 -17.54458852 14.0
 -17.54280062 -94.0
 -17.54280061 94.0
 -17.53431494 19.0
 -17.53431494 -19.0
 -17.52255668 -64.0
 -17.52255659 64.0
 -17.51461057 -1.0
 -17.51461057 1.0
 -17.50178564 65.0
 -17.50178563 -65.0
 -17.46173903 85.0
 -17.46173892 -85.0
 -17.44826156 -45.0
 -17.44826149 45.0
 -17.44183274 10.0
 -17.44183274 -10.0
 -17.43879308 56.0
 -17.43879284 -56.0
 -17.42982115 73.0
 -17.42982112 -73.0
 -17.42255073 9.0
 -17.42255073 -9.0
 -17.37967827 4.0
 -17.37967823 -4.0
 -17.34654818 7.0
 -17.34654818 -7.0
 -17.34648461 86.0
 -17.3464841 -86.0
 -17.33074589 -35.0
 -17.33074589 35.0
 -17.30898788 -57.0
 -17.30898771 57.0
 -17.30186184 17.0
 -17.30186184 -17.0
 -17.2752971 17.0
 -17.2752971 -17.0
 -17.27473947 -18.0
 -17.27473946 18.0
 -17.27197619 11.0
 -17.27197616 -11.0
 -17.26070821 -12.0
 -17.26070819 12.0
 -17.25023556 -4.0
 -17.25023553 4.0
 -17.22922566 -8.0
 -17.22922565 8.0
 -17.22099833 84.0
 -17.22099829 -84.0
 -17.21436454 60.0
 -17.21436446 -60.0
 -17.21411943 59.0
 -17.21411928 -59.0
 -17.16521073 -6.0
 -17.16521072 6.0
 -17.16271431 88.0
 -17.16271411 -88.0
 -17.15305867 -60.0
 -17.15305852 60.0
 -17.15159072 80.0
 -17.15159064 -80.0
 -17.14295635 -84.0
 -17.14295632 84.0
 -17.12886727 44.0
 -17.12886726 -44.0
 -17.1233404 -95.0
 -17.1233404 95.0
 -17.11081983 55.0
 -17.11081934 -55.0
 -17.09122067 18.0
 -17.09122067 -18.0
 -17.07010582 67.0
 -17.07010581 -67.0
 -17.06056025 -75.0
 -17.06056024 75.0
 -17.01981554 -13.0
 -17.01981553 13.0
 -17.01589131 26.0
 -17.0158913 -26.0
 -17.01480814 -79.0
 -17.01480808 79.0
 -17.00051107 26.0
 -17.00051107 -26.0
 -16.96708324 34.0
 -16.96708323 -34.0
 -16.96059459 -73.0
 -16.96059453 73.0
 -16.95043207 53.0
 -16.9504316 -53.0
 -16.9310322 2.0
 -16.93103219 -2.0
 -16.91399199 -74.0
 -16.91399191 74.0
 -16.90919257 -11.0
 -16.90919257 11.0
 -16.90850355 -4.0
 -16.90850355 4.0
 -16.89431501 58.0
 -16.89431499 -58.0
 -16.878236 -0.0
 -16.85234178 -47.0
 -16.85234138 47.0
 -16.85105685 3.0
 -16.85105684 -3.0
 -16.84684437 -65.0
 -16.84684434 65.0
 -16.83872276 2.0
 -16.83872273 -2.0
 -16.83401591 -56.0
 -16.83401591 56.0
 -16.82809553 -76.0
 -16.8280955 76.0
 -16.82260151 -1.0
 -16.82260149 1.0
 -16.80290888 -42.0
 -16.80290884 42.0
 -16.8027499 4.0
 -16.80274987 -4.0
 -16.78871233 -89.0
 -16.7887119 89.0
 -16.75918466 11.0
 -16.75918463 -11.0
 -16.72022281 -52.0
 -16.7202227 52.0
 -16.70794356 80.0
 -16.70794349 -80.0
 -16.69378429 -95.0
 -16.69378429 95.0
 -16.68979688 -7.0
 -16.68979685 7.0
 -16.6891976 -2.0
 -16.68919756 2.0
 -16.68222007 -48.0
 -16.68221636 48.0
 -16.65226685 15.0
 -16.65226681 -15.0
 -16.64545189 -57.0
 -16.64545177 57.0
 -16.62065849 -69.0
 -16.62065846 69.0
 -16.59718667 33.0
 -16.59718667 -33.0
 -16.55432484 -14.0
 -16.55432479 14.0
 -16.51938414 9.0
 -16.51938411 -9.0
 -16.49839731 70.0
 -16.49839731 -70.0
 -16.49604649 -21.0
 -16.49604649 21.0
 -16.49461498 20.0
 -16.49461497 -20.0
 -16.47442235 41.0
 -16.47442235 -41.0
 -16.47079825 20.0
 -16.47079824 -20.0
 -16.45673607 -77.0
 -16.45673597 77.0
 -16.45209357 6.0
 -16.45209355 -6.0
 -16.44960608 21.0
 -16.44960608 -21.0
 -16.42822471 -59.0
 -16.42822427 59.0
 -16.41638197 0.0
 -16.4102053 -20.0
 -16.41020528 20.0
 -16.39958835 90.0
 -16.39958811 -90.0
 -16.36609232 -20.0
 -16.36609228 20.0
 -16.36065712 -85.0
 -16.36065663 85.0
 -16.33324883 69.0
 -16.33324874 -69.0
 -16.33207356 -78.0
 -16.33207335 78.0
 -16.30329133 65.0
 -16.30329127 -65.0
 -16.30183077 -70.0
 -16.30183056 70.0
 -16.29998325 81.0
 -16.29998315 -81.0
 -16.27485811 12.0
 -16.27485808 -12.0
 -16.26814985 -51.0
 -16.26814929 51.0
 -16.25231326 96.0
 -16.25231326 -96.0
 -16.23999815 85.0
 -16.23999735 -85.0
 -16.22786545 3.0
 -16.2278654 -3.0
 -16.22037572 32.0
 -16.22037572 -32.0
 -16.20113147 -6.0
 -16.20113142 6.0
 -16.20017202 5.0
 -16.20017198 -5.0
 -16.17900048 55.0
 -16.17899982 -55.0
 -16.17830269 9.0
 -16.17830262 -9.0
 -16.17032158 -63.0
 -16.17032153 63.0
 -16.14187643 -40.0
 -16.14187643 40.0
 -16.14151739 1.0
 -16.14151737 -1.0
 -16.08361018 -63.0
 -16.08360991 63.0
 -16.07964231 50.0
 -16.07964188 -50.0
 -16.07713476 62.0
 -16.07713455 -62.0
 -16.00916058 2.0
 -16.00916055 -2.0
 -16.00247039 -90.0
 -16.00247033 90.0
 -15.99047895 -23.0
 -15.99047894 23.0
 -15.98310774 82.0
 -15.9831077 -82.0
 -15.97138739 -3.0
 -15.97138729 3.0
 -15.96940144 -72.0
 -15.96940142 72.0
 -15.9407817 -64.0
 -15.9407816 64.0
 -15.92780985 -15.0
 -15.92780971 15.0
 -15.92143526 8.0
 -15.92143521 -8.0
 -15.90340292 -54.0
 -15.90339987 54.0
 -15.88590577 -13.0
 -15.88590564 13.0
 -15.88292638 10.0
 -15.88292627 -10.0
 -15.87123577 23.0
 -15.87123576 -23.0
 -15.85253239 54.0
 -15.85253115 -54.0
 -15.83821929 28.0
 -15.83821929 -28.0
 -15.83766427 -9.0
 -15.83766422 9.0
 -15.83708677 -6.0
 -15.83708655 6.0
 -15.8358477 30.0
 -15.8358477 -30.0
 -15.83471699 -60.0
 -15.83471698 60.0
 -15.82478307 28.0
 -15.82478304 -28.0
 -15.82097102 14.0
 -15.82097097 -14.0
 -15.81898502 -15.0
 -15.81898495 15.0
 -15.81314944 -0.0
 -15.80488229 -39.0
 -15.80488229 39.0
 -15.79681529 -5.0
 -15.79681527 5.0
 -15.79654705 96.0
 -15.79654705 -96.0
 -15.77358315 -12.0
 -15.77358309 12.0
 -15.7712054 -10.0
 -15.77120528 10.0
 -15.76353407 -55.0
 -15.76353226 55.0
 -15.74298452 -74.0
 -15.74298417 74.0
 -15.74256575 -28.0
 -15.74256575 28.0
 -15.73407883 24.0
 -15.73407883 -24.0
 -15.73112156 -0.0
 -15.73112151 0.0
 -15.72694117 -66.0
 -15.72694105 66.0
 -15.72619623 3.0
 -15.72619619 -3.0
 -15.72165606 -46.0
 -15.72165029 46.0
 -15.69042963 16.0
 -15.69042956 -16.0
 -15.68383583 14.0
 -15.68383573 -14.0
 -15.67397223 -17.0
 -15.67397218 17.0
 -15.6603204 57.0
 -15.66032025 -57.0
 -15.64554921 85.0
 -15.64554435 -85.0
 -15.64161679 4.0
 -15.64161663 -4.0
 -15.63888777 75.0
 -15.63888752 -75.0
 -15.62916331 26.0
 -15.62916331 -26.0
 -15.62816174 10.0
 -15.62816171 -10.0
 -15.60545537 74.0
 -15.60545524 -74.0
 -15.60453854 -14.0
 -15.60453854 14.0
 -15.60376267 21.0
 -15.60376267 -21.0
 -15.60017851 78.0
 -15.60017787 -78.0
 -15.59597896 91.0
 -15.59597891 -91.0
 -15.58724772 -47.0
 -15.58724707 47.0
 -15.58108179 -3.0
 -15.58108176 3.0
 -15.57996497 82.0
 -15.57996446 -82.0
 -15.57539417 2.0
 -15.57539414 -2.0
 -15.57048627 -48.0
 -15.57047939 48.0
 -15.56352092 28.0
 -15.56352091 -28.0
 -15.5316595 -22.0
 -15.53165949 22.0
 -15.52475636 -7.0
 -15.52475622 7.0
 -15.52354925 -4.0
 -15.52354924 4.0
 -15.51367417 24.0
 -15.51367415 -24.0
 -15.5026792 -12.0
 -15.50267916 12.0
 -15.49896564 -7.0
 -15.49896559 7.0
 -15.48058246 25.0
 -15.48058245 -25.0
 -15.47733293 -72.0
 -15.47733149 72.0
 -15.46295883 37.0
 -15.46295883 -37.0
 -15.45659187 -86.0
 -15.4565901 86.0
 -15.44264436 -29.0
 -15.44264436 29.0
 -15.43765242 27.0
 -15.43765241 -27.0
 -15.43071757 -68.0
 -15.43071723 68.0
 -15.42929951 45.0
 -15.42929763 -45.0
 -15.42723096 22.0
 -15.42723095 -22.0
 -15.41125035 5.0
 -15.41125027 -5.0
 -15.39613347 9.0
 -15.39613347 -9.0
 -15.39567846 -58.0
 -15.39567773 58.0
 -15.38749882 -67.0
 -15.38749845 67.0
 -15.37549077 -16.0
 -15.37549075 16.0
 -15.3694881 11.0
 -15.36948808 -11.0
 -15.36766591 -0.0
 -15.36766501 0.0
 -15.35652234 59.0
 -15.35652044 -59.0
 -15.34246367 17.0
 -15.34246362 -17.0
 -15.33567181 -3.0
 -15.33567151 3.0
 -15.32770177 64.0
 -15.3277015 -64.0
 -15.32328039 97.0
 -15.32328039 -97.0
 -15.31595742 -11.0
 -15.31595738 11.0
 -15.30225818 75.0
 -15.30225784 -75.0
 -15.29928991 -26.0
 -15.29928987 26.0
 -15.29067784 -7.0
 -15.29067779 7.0
 -15.28351173 -2.0
 -15.28351171 2.0
 -15.27965632 -83.0
 -15.27965578 83.0
 -15.27062902 69.0
 -15.27062879 -69.0
 -15.27013746 -15.0
 -15.2701374 15.0
 -15.26106292 6.0
 -15.26106286 -6.0
 -15.25414901 -5.0
 -15.25414866 5.0
 -15.25133244 23.0
 -15.25133242 -23.0
 -15.24281264 -29.0
 -15.24281263 29.0
 -15.23326668 -84.0
 -15.2332637 84.0
 -15.23262489 -25.0
 -15.23262486 25.0
 -15.21971936 -23.0
 -15.21971935 23.0
 -15.2145586 54.0
 -15.21455509 -54.0
 -15.20771209 -18.0
 -15.20771208 18.0
 -15.2057733 8.0
 -15.20577328 -8.0
 -15.19888697 -21.0
 -15.19888697 21.0
 -15.18106228 0.0
 -15.17823488 -92.0
 -15.17823486 92.0
 -15.16739196 19.0
 -15.16739194 -19.0
 -15.16218466 -0.0
 -15.16218453 0.0
 -15.13539798 -24.0
 -15.13539795 24.0
 -15.11554308 -36.0
 -15.11554307 36.0
 -15.10762189 -52.0
 -15.10762007 52.0
 -15.10687898 43.0
 -15.10687554 -43.0
 -15.07455701 17.0
 -15.07455688 -17.0
 -15.07229121 87.0
 -15.07228882 -87.0
 -15.04035377 10.0
 -15.04035352 -10.0
 -15.03960533 -28.0
 -15.03960533 28.0
 -15.03765275 -5.0
 -15.03765196 5.0
 -15.02390088 -7.0
 -15.02390008 7.0
 -15.01960097 -77.0
 -15.01960072 77.0
 -15.00863564 -79.0
 -15.00863494 79.0
 -14.98031164 -20.0
 -14.98031163 20.0
 -14.96338409 30.0
 -14.96338407 -30.0
 -14.96317315 -8.0
 -14.96317171 8.0
 -14.95961399 -53.0
 -14.95960484 53.0
 -14.94917092 -65.0
 -14.94917011 65.0
 -14.94360828 -29.0
 -14.94360824 29.0
 -14.94194046 -12.0
 -14.94194011 12.0
 -14.92471264 70.0
 -14.92471125 -70.0
 -14.90680083 11.0
 -14.90680045 -11.0
 -14.9065326 30.0
 -14.90653259 -30.0
 -14.87380454 25.0
 -14.8738045 -25.0
 -14.82920496 53.0
 -14.82918814 -53.0
 -14.82804314 98.0
 -14.82804314 -98.0
 -14.82047457 -9.0
 -14.8204744 9.0
 -14.81869821 76.0
 -14.81869723 -76.0
 -14.79590804 -9.0
 -14.79590735 9.0
 -14.79127238 -42.0
 -14.7912713 42.0
 -14.78005637 21.0
 -14.78005636 -21.0
 -14.77818024 -18.0
 -14.77818019 18.0
 -14.77777967 11.0
 -14.77777959 -11.0
 -14.76197171 35.0
 -14.76197171 -35.0
 -14.75963337 17.0
 -14.75963335 -17.0
 -14.75736296 65.0
 -14.75736232 -65.0
 -14.75727504 50.0
 -14.75727259 -50.0
 -14.75689022 57.0
 -14.75688952 -57.0
 -14.74680129 -92.0
 -14.74680126 92.0
 -14.74576485 20.0
 -14.74576457 -20.0
 -14.74339425 -46.0
 -14.74338239 46.0
 -14.73180586 -8.0
 -14.73180465 8.0
 -14.71937699 1.0
 -14.71937689 -1.0
 -14.6962118 -16.0
 -14.69621043 16.0
 -14.68769752 -87.0
 -14.68769731 87.0
 -14.68099265 -19.0
 -14.6809925 19.0
 -14.67525699 2.0
 -14.67525681 -2.0
 -14.67378609 6.0
 -14.6737854 -6.0
 -14.66045459 -20.0
 -14.66045458 20.0
 -14.64917467 4.0
 -14.64917462 -4.0
 -14.64893031 -31.0
 -14.64893029 31.0
 -14.64474021 -18.0
 -14.64474018 18.0
 -14.6407875 -13.0
 -14.64078728 13.0
 -14.63756163 26.0
 -14.63756162 -26.0
 -14.6334951 -22.0
 -14.6334951 22.0
 -14.63297074 -9.0
 -14.63297009 9.0
 -14.62555301 18.0
 -14.62555162 -18.0
 -14.62530177 -27.0
 -14.62530177 27.0
 -14.62165137 29.0
 -14.62165133 -29.0
 -14.6152522 -60.0
 -14.61525168 60.0
 -14.60212707 -12.0
 -14.60212592 12.0
 -14.60139042 56.0
 -14.60138924 -56.0
 -14.60088438 3.0
 -14.60088421 -3.0
 -14.59332804 -13.0
 -14.59332803 13.0
 -14.58070076 74.0
 -14.5806978 -74.0
 -14.57319965 4.0
 -14.57319951 -4.0
 -14.57142144 62.0
 -14.57142008 -62.0
 -14.56281386 -31.0
 -14.56281386 31.0
 -14.55682474 -15.0
 -14.55682246 15.0
 -14.55058358 -18.0
 -14.55058357 18.0
 -14.53928376 14.0
 -14.53928359 -14.0
 -14.53852413 67.0
 -14.53852319 -67.0
 -14.5338845 11.0
 -14.53388372 -11.0
 -14.52916789 80.0
 -14.52916566 -80.0
 -14.5240195 12.0
 -14.52401923 -12.0
 -14.52262923 -61.0
 -14.52262831 61.0
 -14.49308483 28.0
 -14.49308481 -28.0
 -14.48811387 -23.0
 -14.48811385 23.0
 -14.48542368 49.0
 -14.4854105 -49.0
 -14.48389878 -71.0
 -14.48389842 71.0
 -14.47385559 52.0
 -14.47383704 -52.0
 -14.47044569 -41.0
 -14.47044516 41.0
 -14.46770975 -2.0
 -14.46770909 2.0
 -14.467493 -14.0
 -14.46749297 14.0
 -14.46657149 77.0
 -14.4665676 -77.0
 -14.45887034 -6.0
 -14.45886824 6.0
 -14.45409864 17.0
 -14.45409696 -17.0
 -14.45218532 15.0
 -14.45218461 -15.0
 -14.44109801 0.0
 -14.42002262 3.0
 -14.42002194 -3.0
 -14.41492998 25.0
 -14.41492997 -25.0
 -14.41118132 16.0
 -14.41117499 -16.0
 -14.40145337 -34.0
 -14.40145337 34.0
 -14.38779251 46.0
 -14.38750495 -46.0
 -14.38361743 20.0
 -14.38361735 -20.0
 -14.37625919 -68.0
 -14.37625763 68.0
 -14.36888917 -14.0
 -14.36888894 14.0
 -14.35594995 16.0
 -14.35594809 -16.0
 -14.34532276 7.0
 -14.34532096 -7.0
 -14.33348319 -31.0
 -14.33348317 31.0
 -14.33145558 -84.0
 -14.3314346 84.0
 -14.32326875 -16.0
 -14.32326577 16.0
 -14.3223184 22.0
 -14.3223184 -22.0
 -14.31776417 -84.0
 -14.31776344 84.0
 -14.30435189 -98.0
 -14.30435189 98.0
 -14.29855941 -30.0
 -14.2985594 30.0
 -14.29840612 -93.0
 -14.29840609 93.0
 -14.29518815 88.0
 -14.29518772 -88.0
 -14.28898976 7.0
 -14.28898838 -7.0
 -14.27513561 -3.0
 -14.27513457 3.0
 -14.27445436 -13.0
 -14.27445421 13.0
 -14.27148236 -10.0
 -14.2714761 10.0
 -14.26909111 21.0
 -14.26909098 -21.0
 -14.26592381 -19.0
 -14.26592373 19.0
 -14.25706612 12.0
 -14.257065 -12.0
 -14.24962086 14.0
 -14.24962018 -14.0
 -14.24841283 -17.0
 -14.24841007 17.0
 -14.24026015 5.0
 -14.24025949 -5.0
 -14.23407031 -3.0
 -14.23406556 3.0
 -14.22703557 5.0
 -14.22703391 -5.0
 -14.21505094 11.0
 -14.21504865 -11.0
 -14.21240753 26.0
 -14.2124075 -26.0
 -14.21235577 -57.0
 -14.21234892 57.0
 -14.20244181 -81.0
 -14.20244098 81.0
 -14.19793823 -25.0
 -14.19793823 25.0
 -14.19703852 -4.0
 -14.19703665 4.0
 -14.19701216 15.0
 -14.19701156 -15.0
 -14.18943876 48.0
 -14.18943 -48.0
 -14.17767145 -70.0
 -14.1776683 70.0
 -14.16666521 -8.0
 -14.16666358 8.0
 -14.1573481 32.0
 -14.15734809 -32.0
 -14.14583567 -40.0
 -14.14583566 40.0
 -14.13735405 2.0
 -14.13735299 -2.0
 -14.13573244 -0.0
 -14.13537666 50.0
 -14.13536438 -50.0
 -14.12687743 -10.0
 -14.12687504 10.0
 -14.11182265 -27.0
 -14.11182262 27.0
 -14.10557486 -24.0
 -14.10557478 24.0
 -14.10360173 -78.0
 -14.10359739 78.0
 -14.10065593 73.0
 -14.10065314 -73.0
 -14.10010234 4.0
 -14.10010227 -4.0
 -14.09136663 25.0
 -14.09136658 -25.0
 -14.08116111 0.0
 -14.06877398 66.0
 -14.06876657 -66.0
 -14.06653602 6.0
 -14.06653267 -6.0
 -14.05185321 31.0
 -14.0518532 -31.0
 -14.03327871 55.0
 -14.03327113 -55.0
 -14.03303317 32.0
 -14.03303317 -32.0
 -14.02254275 71.0
 -14.02254029 -71.0
 -14.00966839 10.0
 -14.00965692 -10.0
 -13.99479877 -57.0
 -13.99479331 57.0
 -13.98701316 62.0
 -13.98699149 -62.0
 -13.98650528 -32.0
 -13.98650525 32.0
 -13.98116565 8.0
 -13.98116544 -8.0
 -13.95598258 -65.0
 -13.9559809 65.0
 -13.9473112 -4.0
 -13.9473109 4.0
 -13.94682581 -20.0
 -13.94682568 20.0
 -13.93845425 18.0
 -13.93845394 -18.0
 -13.901658 -23.0
 -13.90165789 23.0
 -13.89373391 32.0
 -13.89373386 -32.0
 -13.88993848 89.0
 -13.88993787 -89.0
 -13.84830116 73.0
 -13.84829661 -73.0
 -13.8284332 -94.0
 -13.82843319 94.0
 -13.82647759 18.0
 -13.8264775 -18.0
 -13.81654609 38.0
 -13.81654607 -38.0
 -13.81027755 -28.0
 -13.81027754 28.0
 -13.8062433 -64.0
 -13.80623321 64.0
 -13.8047534 16.0
 -13.80475293 -16.0
 -13.80140872 -45.0
 -13.80130966 45.0
 -13.79619245 -11.0
 -13.7961913 11.0
 -13.78082761 12.0
 -13.78082723 -12.0
 -13.77239491 -52.0
 -13.77236504 52.0
 -13.76850345 -74.0
 -13.76850264 74.0
 -13.7653162 7.0
 -13.76531301 -7.0
 -13.75520269 24.0
 -13.75520269 -24.0
 -13.75306404 9.0
 -13.75305997 -9.0
 -13.75097555 -33.0
 -13.75097554 33.0
 -13.74651448 -46.0
 -13.74621799 46.0
 -13.74245784 99.0
 -13.74245784 -99.0
 -13.73970316 81.0
 -13.73969591 -81.0
 -13.7388568 33.0
 -13.73885677 -33.0
 -13.73584101 19.0
 -13.73583876 -19.0
 -13.73430505 8.0
 -13.73429639 -8.0
 -13.72841749 22.0
 -13.72841733 -22.0
 -13.72376677 -58.0
 -13.72375257 58.0
 -13.71456311 3.0
 -13.71455909 -3.0
 -13.71385965 20.0
 -13.71385961 -20.0
 -13.70086714 -14.0
 -13.7008634 14.0
 -13.69456235 -49.0
 -13.69455269 49.0
 -13.67339772 -33.0
 -13.67339772 33.0
 -13.66371432 -6.0
 -13.66370962 6.0
 -13.66025607 -7.0
 -13.66025261 7.0
 -13.6555434 31.0
 -13.6555434 -31.0
 -13.64537908 -69.0
 -13.64537753 69.0
 -13.6419859 -15.0
 -13.64198411 15.0
 -13.63564849 -1.0
 -13.63564771 1.0
 -13.62726854 63.0
 -13.62726733 -63.0
 -13.62386106 -17.0
 -13.62385971 17.0
 -13.62062237 -53.0
 -13.62058096 53.0
 -13.60748999 -26.0
 -13.6074898 26.0
 -13.59807382 -84.0
 -13.59798286 84.0
 -13.58912893 19.0
 -13.58912881 -19.0
 -13.58585115 -44.0
 -13.58567651 44.0
 -13.58475908 -11.0
 -13.5847554 11.0
 -13.56326327 -9.0
 -13.56325561 9.0
 -13.5588958 -69.0
 -13.55889351 69.0
 -13.54707096 83.0
 -13.54704995 -83.0
 -13.53382924 -25.0
 -13.53382918 25.0
 -13.53112977 -28.0
 -13.5311297 28.0
 -13.52960542 -62.0
 -13.52959635 62.0
 -13.52192158 6.0
 -13.52191943 -6.0
 -13.50726552 -77.0
 -13.50725788 77.0
 -13.49736791 -76.0
 -13.49736665 76.0
 -13.49422996 -34.0
 -13.49422995 34.0
 -13.49368792 10.0
 -13.49368309 -10.0
 -13.48202719 -37.0
 -13.48202719 37.0
 -13.47056642 -89.0
 -13.47056545 89.0
 -13.47006889 9.0
 -13.47005961 -9.0
 -13.46132472 6.0
 -13.46132246 -6.0
 -13.45178987 48.0
 -13.45168168 -48.0
 -13.43445776 24.0
 -13.43445703 -24.0
 -13.43076033 -85.0
 -13.4307023 85.0
 -13.40564342 -22.0
 -13.40564334 22.0
 -13.40470939 -9.0
 -13.40468986 9.0
 -13.40451265 21.0
 -13.40451235 -21.0
 -13.40346213 -24.0
 -13.40346207 24.0
 -13.40177156 22.0
 -13.40177148 -22.0
 -13.39377287 21.0
 -13.39377245 -21.0
 -13.3842153 2.0
 -13.38420967 -2.0
 -13.37976808 75.0
 -13.37975313 -75.0
 -13.36956776 -27.0
 -13.36956761 27.0
 -13.35486886 -54.0
 -13.35482788 54.0
 -13.35051214 34.0
 -13.35051214 -34.0
 -13.34102861 -3.0
 -13.3410282 3.0
 -13.33012153 -94.0
 -13.33012153 94.0
 -13.32657256 69.0
 -13.32656877 -69.0
 -13.30609622 -23.0
 -13.30609618 23.0
 -13.29402737 -23.0
 -13.29402737 23.0
 -13.28656677 1.0
 -13.28656401 -1.0
 -13.27095251 43.0
 -13.2709278 -43.0
 -13.26913228 -33.0
 -13.26913226 33.0
 -13.2675339 -30.0
 -13.2675339 30.0
 -13.26121652 -29.0
 -13.26121652 29.0
 -13.2547389 4.0
 -13.2547301 -4.0
 -13.24606295 6.0
 -13.24606222 -6.0
 -13.24590957 0.0
 -13.24464974 17.0
 -13.24464274 -17.0
 -13.23407942 -83.0
 -13.234036 83.0
 -13.22597281 -36.0
 -13.22597281 36.0
 -13.20044823 76.0
 -13.20043636 -76.0
 -13.19733348 67.0
 -13.19733129 -67.0
 -13.18957161 -13.0
 -13.18956837 13.0
 -13.18260433 -82.0
 -13.18258928 82.0
 -13.18186767 -13.0
 -13.18186607 13.0
 -13.17605074 85.0
 -13.17596039 -85.0
 -13.17024108 -78.0
 -13.17023644 78.0
 -13.16683184 -7.0
 -13.16682994 7.0
 -13.16621252 -0.0
 -13.16621025 0.0
 -13.16494222 61.0
 -13.16492926 -61.0
 -13.1630516 26.0
 -13.16305071 -26.0
 -13.15824401 -5.0
 -13.15823719 5.0
 -13.1573888 -0.0
 -13.1573443 0.0
 -13.14668861 60.0
 -13.14668092 -60.0
 -13.14155598 -36.0
 -13.14155589 36.0
 -13.12748979 -99.0
 -13.12748979 99.0
 -13.12676217 4.0
 -13.12675458 -4.0
 -13.12310334 -34.0
 -13.12310334 34.0
 -13.11582968 -35.0
 -13.11582968 35.0
 -13.11524578 79.0
 -13.115239 -79.0
 -13.11335014 23.0
 -13.11334969 -23.0
 -13.11059552 17.0
 -13.11059508 -17.0
 -13.10988918 -10.0
 -13.10987958 10.0
 -13.10001873 9.0
 -13.10000906 -9.0
 -13.09164952 -20.0
 -13.09164829 20.0
 -13.09006273 25.0
 -13.09006268 -25.0
 -13.07307235 -12.0
 -13.07306491 12.0
 -13.07083314 -69.0
 -13.0708279 69.0
 -13.06977007 -11.0
 -13.06976537 11.0
 -13.06954738 -63.0
 -13.06953674 63.0
 -13.06796299 -65.0
 -13.06795232 65.0
 -13.06476689 -23.0
 -13.06476688 23.0
 -13.0601651 8.0
 -13.06016308 -8.0
 -13.05530845 59.0
 -13.05526723 -59.0
 -13.05487738 2.0
 -13.05485101 -2.0
 -13.04709846 72.0
 -13.04708338 -72.0
 -13.03300719 90.0
 -13.03300689 -90.0
 -13.02900014 -14.0
 -13.02899595 14.0
 -13.02879031 3.0
 -13.02877801 -3.0
 -13.02465527 -52.0
 -13.02457405 52.0
 -13.01949348 -2.0
 -13.01948177 2.0
 -13.01911539 -5.0
 -13.0191123 5.0
 -13.01382025 12.0
 -13.01381261 -12.0
 -12.99571976 7.0
 -12.99571116 -7.0
 -12.99468933 28.0
 -12.99468917 -28.0
 -12.99463063 86.0
 -12.99462316 -86.0
 -12.98270599 16.0
 -12.98269605 -16.0
 -12.98081765 37.0
 -12.98081765 -37.0
 -12.97644063 30.0
 -12.97644054 -30.0
 -12.96462331 41.0
 -12.96459361 -41.0
 -12.92930295 45.0
 -12.92884143 -45.0
 -12.92779762 15.0
 -12.92779284 -15.0
 -12.89940589 -1.0
 -12.89939857 1.0
 -12.88975924 -14.0
 -12.88975575 14.0
 -12.88365623 -16.0
 -12.88363114 16.0
 -12.87842966 79.0
 -12.87838137 -79.0
 -12.86717087 29.0
 -12.86717087 -29.0
 -12.86384091 37.0
 -12.86384091 -37.0
 -12.85513923 8.0
 -12.855135 -8.0
 -12.85428664 14.0
 -12.85428567 -14.0
 -12.83153621 47.0
 -12.83146767 -47.0
 -12.82681036 13.0
 -12.82680084 -13.0
 -12.82279852 13.0
 -12.82279409 -13.0
 -12.82272519 -35.0
 -12.82272519 35.0
 -12.82171079 -26.0
 -12.82171002 26.0
 -12.81811577 -71.0
 -12.8181138 71.0
 -12.81579541 17.0
 -12.81578345 -17.0
 -12.81534374 24.0
 -12.81534364 -24.0
 -12.81326541 72.0
 -12.81326097 -72.0
 -12.8101919 -21.0
 -12.8101919 21.0
 -12.79572912 15.0
 -12.79572772 -15.0
 -12.7942588 35.0
 -12.79425869 -35.0
 -12.79317432 95.0
 -12.79317431 -95.0
 -12.78184388 -30.0
 -12.78184386 30.0
 -12.78022393 -24.0
 -12.78022183 24.0
 -12.75530273 67.0
 -12.75529916 -67.0
 -12.75349251 56.0
 -12.75332248 -56.0
 -12.75078846 75.0
 -12.75076941 -75.0
 -12.74550138 17.0
 -12.74549449 -17.0
 -12.73958197 -10.0
 -12.73953802 10.0
 -12.73889051 46.0
 -12.73832751 51.0
 -12.73825771 -51.0
 -12.73713793 -46.0
 -12.73594464 -16.0
 -12.73594381 16.0
 -12.7320111 11.0
 -12.73200918 -11.0
 -12.72392388 -38.0
 -12.72392388 38.0
 -12.7200379 -22.0
 -12.72003749 22.0
 -12.70609477 -30.0
 -12.70609473 30.0
 -12.67001028 -20.0
 -12.67000853 20.0
 -12.66136984 -50.0
 -12.66136079 50.0
 -12.65525197 -2.0
 -12.65520969 2.0
 -12.65398161 10.0
 -12.6539561 -10.0
 -12.6514351 -18.0
 -12.65143047 18.0
 -12.65078593 -40.0
 -12.65078162 40.0
 -12.64512873 -3.0
 -12.64511744 3.0
 -12.6392651 86.0
 -12.63921831 -86.0
 -12.63258181 -70.0
 -12.63256942 70.0
 -12.61911677 -38.0
 -12.61911677 38.0
 -12.6145183 -86.0
 -12.61449331 86.0
 -12.61054091 -1.0
 -12.61053636 1.0
 -12.60570429 -64.0
 -12.60570397 64.0
 -12.60115086 10.0
 -12.60114617 -10.0
 -12.59872431 -18.0
 -12.59872057 18.0
 -12.59765849 63.0
 -12.59765323 -63.0
 -12.58654344 -25.0
 -12.58654312 25.0
 -12.58212514 21.0
 -12.58212455 -21.0
 -12.57282933 20.0
 -12.57282589 -20.0
 -12.57194755 -91.0
 -12.57194675 91.0
 -12.57002893 52.0
 -12.56991693 -52.0
 -12.56497268 11.0
 -12.56494496 -11.0
 -12.53313063 -28.0
 -12.53313041 28.0
 -12.53140136 58.0
 -12.53138701 -58.0
 -12.52555884 35.0
 -12.52555883 -35.0
 -12.51653246 -7.0
 -12.51652857 7.0
 -12.50996921 -7.0
 -12.50995272 7.0
 -12.49929584 79.0
 -12.4992695 -79.0
 -12.49545143 -4.0
 -12.49544792 4.0
 -12.49042336 76.0
 -12.49037459 -76.0
 -12.48001188 2.0
 -12.48000745 -2.0
 -12.4783053 -31.0
 -12.47830527 31.0
 -12.47361042 -13.0
 -12.47360185 13.0
 -12.4620987 39.0
 -12.4620987 -39.0
 -12.45773317 9.0
 -12.45773043 -9.0
 -12.45451507 -29.0
 -12.45451478 29.0
 -12.45349706 -25.0
 -12.45349552 25.0
 -12.45208551 27.0
 -12.45208551 -27.0
 -12.44318991 -5.0
 -12.4431624 5.0
 -12.43974519 0.0
 -12.43905055 -33.0
 -12.43905053 33.0
 -12.43725817 -100.0
 -12.43725817 100.0
 -12.43672266 6.0
 -12.43666722 -6.0
 -12.42717304 28.0
 -12.42717213 -28.0
 -12.42461591 80.0
 -12.42450459 -80.0
 -12.42194343 67.0
 -12.42193953 -67.0
 -12.41666986 57.0
 -12.41627907 -57.0
 -12.41618093 -82.0
 -12.41611246 82.0
 -12.40881641 -3.0
 -12.40880793 3.0
 -12.40685043 26.0
 -12.40684484 -26.0
 -12.40018231 81.0
 -12.40009632 -81.0
 -12.39417909 -15.0
 -12.39416636 15.0
 -12.38637521 -68.0
 -12.38635969 68.0
 -12.3828725 -74.0
 -12.38281615 74.0
 -12.38107973 -26.0
 -12.38107468 26.0
 -12.38086715 -39.0
 -12.38086715 39.0
 -12.38073939 -56.0
 -12.38008046 56.0
 -12.36682832 -73.0
 -12.36676021 73.0
 -12.35730366 64.0
 -12.35715328 -64.0
 -12.33638997 -31.0
 -12.33638978 31.0
 -12.33223127 -39.0
 -12.33222896 39.0
 -12.32616357 44.0
 -12.32342295 70.0
 -12.32337788 -70.0
 -12.32260654 -44.0
 -12.30620389 19.0
 -12.30620009 -19.0
 -12.29854808 -11.0
 -12.29851652 11.0
 -12.29765112 -20.0
 -12.29765112 20.0
 -12.29431522 29.0
 -12.29431472 -29.0
 -12.28633609 3.0
 -12.28632878 -3.0
 -12.27283877 -21.0
 -12.27283752 21.0
 -12.26861423 -23.0
 -12.26861315 23.0
 -12.25695902 -59.0
 -12.25673624 59.0
 -12.23510259 -3.0
 -12.23509405 3.0
 -12.22202527 87.0
 -12.22201511 -87.0
 -12.20881248 21.0
 -12.20881201 -21.0
 -12.20742033 36.0
 -12.20742033 -36.0
 -12.20701375 -19.0
 -12.20700982 19.0
 -12.20158581 95.0
 -12.20158581 -95.0
 -12.19874642 -17.0
 -12.19871126 17.0
 -12.19730167 9.0
 -12.19720889 -9.0
 -12.19664496 41.0
 -12.19664496 -41.0
 -12.19625567 82.0
 -12.19605025 -82.0
 -12.19101732 72.0
 -12.19101274 -72.0
 -12.18643442 -26.0
 -12.18643358 26.0
 -12.18643112 -10.0
 -12.18642582 10.0
 -12.18344915 -10.0
 -12.18344155 10.0
 -12.1783904 -75.0
 -12.17833206 75.0
 -12.17811662 30.0
 -12.1781165 -30.0
 -12.16876269 -8.0
 -12.16873199 8.0
 -12.15736196 48.0
 -12.15728469 -48.0
 -12.15611908 5.0
 -12.15590117 -5.0
 -12.15519767 -60.0
 -12.15519235 60.0
 -12.14759704 41.0
 -12.14759704 -41.0
 -12.14167162 13.0
 -12.14162942 -13.0
 -12.13273214 -8.0
 -12.13271494 8.0
 -12.13170903 -14.0
 -12.13170725 14.0
 -12.12576059 32.0
 -12.12576035 -32.0
 -12.11495719 60.0
 -12.11485725 -60.0
 -12.11368255 -20.0
 -12.11367611 20.0
 -12.11168138 -55.0
 -12.11130411 55.0
 -12.10309238 22.0
 -12.10309101 -22.0
 -12.09893804 -80.0
 -12.09890103 80.0
 -12.09855211 76.0
 -12.09853515 -76.0
 -12.09776617 -16.0
 -12.09774691 16.0
 -12.09653355 12.0
 -12.09651809 -12.0
 -12.09638112 -32.0
 -12.09638092 32.0
 -12.09242207 12.0
 -12.09240486 -12.0
 -12.08611726 32.0
 -12.08611714 -32.0
 -12.08585854 -18.0
 -12.08585252 18.0
 -12.07909052 91.0
 -12.07908994 -91.0
 -12.07456185 32.0
 -12.07456185 -32.0
 -12.06939184 -65.0
 -12.06936263 65.0
 -12.0575557 -27.0
 -12.05755435 27.0
 -12.05609704 -4.0
 -12.05607007 4.0
 -12.05470755 66.0
 -12.05460972 -66.0
 -12.04633066 -30.0
 -12.04633021 30.0
 -12.04353115 -0.0
 -12.03794106 1.0
 -12.0377637 -1.0
 -12.02963857 -5.0
 -12.02963666 5.0
 -12.01961335 -47.0
 -12.01914294 47.0
 -12.01914105 26.0
 -12.01914105 -26.0
 -12.01214092 83.0
 -12.01193538 -83.0
 -12.00809124 38.0
 -12.0080888 -38.0
 -12.00410097 24.0
 -12.00410083 -24.0
 -11.99665698 1.0
 -11.99664824 -1.0
 -11.99511677 87.0
 -11.99506244 -87.0
 -11.9941621 -64.0
 -11.99400288 64.0
 -11.99288692 22.0
 -11.99288576 -22.0
 -11.9886792 -59.0
 -11.98859388 59.0
 -11.98831095 -42.0
 -11.98811925 42.0
 -11.98656741 -8.0
 -11.98655972 8.0
 -11.98217722 -12.0
 -11.98213699 12.0
 -11.96144656 33.0
 -11.96144649 -33.0
 -11.94349139 -77.0
 -11.94342736 77.0
 -11.93956343 -0.0
 -11.93950008 0.0
 -11.93248263 -5.0
 -11.93242715 5.0
 -11.93033303 42.0
 -11.93033303 -42.0
 -11.92891463 28.0
 -11.92891398 -28.0
 -11.91621573 42.0
 -11.91621573 -42.0
 -11.91422872 -56.0
 -11.91370269 56.0
 -11.91197802 -5.0
 -11.91159862 20.0
 -11.91159006 -20.0
 -11.91156437 5.0
 -11.90178438 6.0
 -11.90178399 -6.0
 -11.89627705 -22.0
 -11.89627701 22.0
 -11.87923109 -2.0
 -11.8788501 2.0
 -11.87856577 81.0
 -11.87841966 -81.0
 -11.87493411 25.0
 -11.87493297 -25.0
 -11.86805869 33.0
 -11.86805869 -33.0
 -11.86664128 -7.0
 -11.86663228 7.0
 -11.86474686 -71.0
 -11.86462631 71.0
 -11.86056955 2.0
 -11.86049685 -2.0
 -11.85935203 18.0
 -11.85931508 -18.0
 -11.8530802 -6.0
 -11.85303306 6.0
 -11.83686015 4.0
 -11.83682728 -4.0
 -11.83498733 -27.0
 -11.83498697 27.0
 -11.83329303 62.0
 -11.83311226 -62.0
 -11.83278945 -8.0
 -11.83253581 8.0
 -11.82672861 -36.0
 -11.82672861 36.0
 -11.82329842 -11.0
 -11.82316844 11.0
 -11.8123788 -88.0
 -11.81235501 88.0
 -11.8120819 73.0
 -11.81191362 -73.0
 -11.80921038 14.0
 -11.80919986 -14.0
 -11.80772396 28.0
 -11.80772359 -28.0
 -11.80596858 -15.0
 -11.80595271 15.0
 -11.7901099 -44.0
 -11.78861128 44.0
 -11.78300505 58.0
 -11.78289182 -58.0
 -11.76390431 -68.0
 -11.76388648 68.0
 -11.75340202 11.0
 -11.75323693 -11.0
 -11.74910205 -11.0
 -11.74908501 11.0
 -11.74754497 19.0
 -11.74754497 -19.0
 -11.74735978 57.0
 -11.747059 -57.0
 -11.73569862 -31.0
 -11.73569852 31.0
 -11.73333466 -68.0
 -11.73325167 68.0
 -11.7274142 4.0
 -11.72735411 -4.0
 -11.72723207 53.0
 -11.72688624 -53.0
 -11.72443447 23.0
 -11.7244343 -23.0
 -11.72385559 67.0
 -11.72371775 -67.0
 -11.72306918 -34.0
 -11.72306913 34.0
 -11.69902359 31.0
 -11.69902358 -31.0
 -11.6972284 -12.0
 -11.69710363 12.0
 -11.69004518 -61.0
 -11.69000396 61.0
 -11.68947505 14.0
 -11.6894681 -14.0
 -11.68309729 -43.0
 -11.68309728 43.0
 -11.68199812 -15.0
 -11.68197082 15.0
 -11.67795215 55.0
 -11.67779036 36.0
 -11.67778954 -36.0
 -11.67617889 -55.0
 -11.67186706 26.0
 -11.67186547 -26.0
 -11.66609494 43.0
 -11.66609494 -43.0
 -11.66195785 -41.0
 -11.66172431 41.0
 -11.66166313 77.0
 -11.66162476 -77.0
 -11.65295365 -84.0
 -11.65286336 84.0
 -11.6513007 2.0
 -11.65127613 -2.0
 -11.64502703 50.0
 -11.64475302 -50.0
 -11.64349191 17.0
 -11.64346556 -17.0
 -11.64045134 -73.0
 -11.64044151 73.0
 -11.63946709 100.0
 -11.63946709 -100.0
 -11.62272171 -9.0
 -11.62213377 9.0
 -11.62145422 54.0
 -11.62036257 -54.0
 -11.6089818 -1.0
 -11.60889948 1.0
 -11.60839857 -34.0
 -11.60839856 34.0
 -11.60529759 -46.0
 -11.60515134 46.0
 -11.59853665 63.0
 -11.59842762 -63.0
 -11.59235448 6.0
 -11.59210608 -6.0
 -11.58800677 -13.0
 -11.58794005 13.0
 -11.58667664 -23.0
 -11.58667502 23.0
 -11.5860075 75.0
 -11.58580959 -75.0
 -11.58207129 33.0
 -11.58207109 -33.0
 -11.56406686 25.0
 -11.56406686 -25.0
 -11.56378455 -36.0
 -11.56378455 36.0
 -11.55652356 -45.0
 -11.55266325 3.0
 -11.55253887 -3.0
 -11.54930137 -56.0
 -11.54890965 56.0
 -11.5454321 45.0
 -11.54053364 -92.0
 -11.54053324 92.0
 -11.53665681 8.0
 -11.53661469 -8.0
 -11.53357092 16.0
 -11.53348224 -16.0
 -11.53315959 -44.0
 -11.53093751 96.0
 -11.5309375 -96.0
 -11.530193 29.0
 -11.53019291 -29.0
 -11.52845192 59.0
 -11.52752982 -59.0
 -11.52184237 -35.0
 -11.52184234 35.0
 -11.5196778 -71.0
 -11.51956389 71.0
 -11.5191032 44.0
 -11.49912197 -16.0
 -11.49909354 16.0
 -11.49788117 -7.0
 -11.49784656 7.0
 -11.49530541 -56.0
 -11.49449966 56.0
 -11.49054141 -15.0
 -11.49052571 15.0
 -11.48619026 79.0
 -11.48615813 -79.0
 -11.48587113 -32.0
 -11.48587081 32.0
 -11.47808559 37.0
 -11.47808559 -37.0
 -11.47569957 -60.0
 -11.4755372 60.0
 -11.47134821 55.0
 -11.47092149 -55.0
 -11.46725482 -53.0
 -11.46687461 53.0
 -11.46075675 -21.0
 -11.46075042 21.0
 -11.44978555 78.0
 -11.44925725 -78.0
 -11.44519312 -45.0
 -11.44519312 45.0
 -11.4396731 -69.0
 -11.43955518 69.0
 -11.43859603 -20.0
 -11.43859203 20.0
 -11.43048984 -12.0
 -11.43037062 12.0
 -11.41893052 -64.0
 -11.41868896 64.0
 -11.41860865 1.0
 -11.41829979 -1.0
 -11.40653933 8.0
 -11.4063062 45.0
 -11.4063062 -45.0
 -11.40618146 73.0
 -11.4060123 -73.0
 -11.40571398 -8.0
 -11.40375451 56.0
 -11.4013199 -56.0
 -11.39984127 -51.0
 -11.39935022 51.0
 -11.39838765 -73.0
 -11.39838748 73.0
 -11.39770829 -0.0
 -11.39307908 -88.0
 -11.39304294 88.0
 -11.39145567 10.0
 -11.39139245 -10.0
 -11.38297147 -36.0
 -11.38297147 36.0
 -11.37983535 88.0
 -11.3798028 -88.0
 -11.34561688 -7.0
 -11.34458597 7.0
 -11.34058658 -35.0
 -11.34058461 35.0
 -11.33327055 65.0
 -11.33316696 -65.0
 -11.33298309 -40.0
 -11.3329793 40.0
 -11.33065848 61.0
 -11.33035828 -61.0
 -11.31855207 -27.0
 -11.31855089 27.0
 -11.31008948 -30.0
 -11.31008947 30.0
 -11.30739723 -79.0
 -11.30739294 79.0
 -11.30045708 -25.0
 -11.300457 25.0
 -11.2993703 -85.0
 -11.29933722 85.0
 -11.28307951 -10.0
 -11.28307612 10.0
 -11.28213943 -5.0
 -11.28210509 5.0
 -11.27986045 -22.0
 -11.27985844 22.0
 -11.27692645 69.0
 -11.27692047 -69.0
 -11.27513237 -70.0
 -11.27508992 70.0
 -11.27416392 -58.0
 -11.27377346 70.0
 -11.27373278 -70.0
 -11.27280303 58.0
 -11.27104376 29.0
 -11.27104321 -29.0
 -11.26652784 52.0
 -11.26626489 -52.0
 -11.26182229 37.0
 -11.26182228 -37.0
 -11.2608771 2.0
 -11.26079672 -2.0
 -11.25820482 1.0
 -11.2581482 -1.0
 -11.25726326 -49.0
 -11.25333936 49.0
 -11.2462935 -8.0
 -11.24621512 8.0
 -11.2380946 -33.0
 -11.23809453 33.0
 -11.23326226 -61.0
 -11.23313305 17.0
 -11.23311585 -17.0
 -11.23298846 61.0
 -11.23278975 -4.0
 -11.23227868 4.0
 -11.22948319 -5.0
 -11.22933502 5.0
 -11.2262653 11.0
 -11.2260965 -11.0
 -11.22588682 34.0
 -11.2258868 -34.0
 -11.22087164 -16.0
 -11.22083891 16.0
 -11.20487392 37.0
 -11.20487392 -37.0
 -11.20332567 -60.0
 -11.20278727 60.0
 -11.20254943 62.0
 -11.20218556 -62.0
 -11.2005481 46.0
 -11.2005481 -46.0
 -11.19684824 38.0
 -11.19684824 -38.0
 -11.19021029 7.0
 -11.18825762 -7.0
 -11.1833796 -24.0
 -11.18337785 24.0
 -11.18021696 6.0
 -11.17976128 -6.0
 -11.17959716 74.0
 -11.17928261 -74.0
 -11.1706857 66.0
 -11.17067206 -66.0
 -11.16967234 -82.0
 -11.16930928 82.0
 -11.16783438 -13.0
 -11.16764498 13.0
 -11.16412797 -30.0
 -11.16412688 30.0
 -11.15958369 -17.0
 -11.15955809 17.0
 -11.15366571 14.0
 -11.15364077 -14.0
 -11.15241487 -46.0
 -11.15241487 46.0
 -11.15200741 49.0
 -11.15185155 48.0
 -11.15151696 -48.0
 -11.14927984 -17.0
 -11.14927984 17.0
 -11.14903241 -49.0
 -11.14628445 -50.0
 -11.14508589 50.0
 -11.13844896 59.0
 -11.13745328 -59.0
 -11.13682276 -18.0
 -11.13679804 18.0
 -11.13188409 5.0
 -11.13168316 -5.0
 -11.13006093 -57.0
 -11.1297269 57.0
 -11.12287852 9.0
 -11.12270273 -9.0
 -11.12031757 -18.0
 -11.12030246 18.0
 -11.11984263 66.0
 -11.11981801 -66.0
 -11.11421126 52.0
 -11.11309191 -52.0
 -11.10231646 31.0
 -11.10231636 -31.0
 -11.08993834 -7.0
 -11.089768 7.0
 -11.08877923 -62.0
 -11.08845467 62.0
 -11.0808973 -24.0
 -11.0808973 24.0
 -11.07168522 3.0
 -11.07112416 -3.0
 -11.06346419 2.0
 -11.06324563 -2.0
 -11.05699748 -9.0
 -11.0568023 9.0
 -11.04550051 71.0
 -11.04539151 -71.0
 -11.03965213 -19.0
 -11.03965046 19.0
 -11.03617175 76.0
 -11.03597876 -76.0
 -11.03239853 -65.0
 -11.03145552 65.0
 -11.01836834 11.0
 -11.01833041 -11.0
 -11.0155421 -37.0
 -11.0155421 37.0
 -11.00946219 -43.0
 -11.00710048 43.0
 -11.00601756 3.0
 -11.0057442 -3.0
 -11.00539438 -81.0
 -11.0049409 81.0
 -11.00313482 75.0
 -11.00308778 -75.0
 -11.00211281 -4.0
 -11.00155741 4.0
 -10.99994217 -39.0
 -10.99987801 39.0
 -10.99553604 34.0
 -10.99553552 -34.0
 -10.99423653 -80.0
 -10.99389397 80.0
 -10.99290665 -56.0
 -10.99046809 56.0
 -10.97952715 59.0
 -10.97835454 -59.0
 -10.97826684 56.0
 -10.97733866 -56.0
 -10.97106897 78.0
 -10.97070154 -78.0
 -10.97030485 67.0
 -10.96997987 -67.0
 -10.96205973 18.0
 -10.96189372 -18.0
 -10.95658862 38.0
 -10.95658862 -38.0
 -10.95223254 -35.0
 -10.9522325 35.0
 -10.95131924 -72.0
 -10.95049255 72.0
 -10.95010379 -17.0
 -10.95009299 17.0
 -10.94854249 47.0
 -10.94854249 -47.0
 -10.94752632 54.0
 -10.94736953 64.0
 -10.94707087 -64.0
 -10.94691935 -54.0
 -10.94522756 23.0
 -10.94522446 -23.0
 -10.93551236 25.0
 -10.9355093 -25.0
 -10.93485945 -63.0
 -10.93448311 63.0
 -10.93017214 92.0
 -10.93017189 -92.0
 -10.92319439 -85.0
 -10.92316579 85.0
 -10.91709854 -77.0
 -10.9165449 77.0
 -10.91582126 -89.0
 -10.91580505 89.0
 -10.90976062 65.0
 -10.90943171 -39.0
 -10.90943171 39.0
 -10.90942197 -65.0
 -10.9048636 -47.0
 -10.9048636 47.0
 -10.90455008 -28.0
 -10.90455008 28.0
 -10.90220781 67.0
 -10.90211819 -67.0
 -10.90078305 -74.0
 -10.9004634 74.0
 -10.897508 -52.0
 -10.89723142 -28.0
 -10.89723138 28.0
 -10.89719394 1.0
 -10.89703859 -10.0
 -10.89701796 71.0
 -10.89700193 -71.0
 -10.89681667 10.0
 -10.8967821 52.0
 -10.89602913 -1.0
 -10.88758228 -68.0
 -10.88752781 68.0
 -10.88208877 4.0
 -10.88122957 -4.0
 -10.87980201 -57.0
 -10.87918873 57.0
 -10.87756602 21.0
 -10.87755967 -21.0
 -10.86952295 -47.0
 -10.86837964 24.0
 -10.86837685 -24.0
 -10.86784735 47.0
 -10.86396235 -32.0
 -10.86396218 32.0
 -10.85954188 42.0
 -10.85874415 -42.0
 -10.85388888 38.0
 -10.85388888 -38.0
 -10.85090839 11.0
 -10.85076335 -11.0
 -10.84409667 -73.0
 -10.8438965 73.0
 -10.83872284 43.0
 -10.83836324 13.0
 -10.83783745 -13.0
 -10.83532752 18.0
 -10.83531472 -18.0
 -10.83471762 33.0
 -10.83471746 -33.0
 -10.83169767 13.0
 -10.83148909 -13.0
 -10.82607206 64.0
 -10.8257432 -64.0
 -10.82242127 -1.0
 -10.82188026 -48.0
 -10.82157244 1.0
 -10.82100434 48.0
 -10.8186546 79.0
 -10.81757762 88.0
 -10.81756054 -88.0
 -10.81700488 -43.0
 -10.81666029 -79.0
 -10.81609076 80.0
 -10.81594832 -80.0
 -10.81127429 -62.0
 -10.81091443 0.0
 -10.81054816 -0.0
 -10.81042635 62.0
 -10.79420606 -9.0
 -10.79408393 9.0
 -10.79355874 -2.0
 -10.79296362 -76.0
 -10.79242576 76.0
 -10.79232241 2.0
 -10.78912102 -26.0
 -10.78912096 26.0
 -10.78749786 15.0
 -10.7873544 -15.0
 -10.78636241 15.0
 -10.78635851 -15.0
 -10.77884119 -8.0
 -10.77793565 8.0
 -10.77332894 -6.0
 -10.77192616 6.0
 -10.76258259 -1.0
 -10.76225049 1.0
 -10.75853488 54.0
 -10.75840829 -62.0
 -10.75771141 -54.0
 -10.75749051 62.0
 -10.7561029 68.0
 -10.75609971 -68.0
 -10.75462501 -3.0
 -10.75401597 3.0
 -10.75212071 -40.0
 -10.75212071 40.0
 -10.75096236 -12.0
 -10.75094393 12.0
 -10.74533422 96.0
 -10.74533422 -96.0
 -10.74260189 8.0
 -10.73993555 -8.0
 -10.73867558 58.0
 -10.73640576 -58.0
 -10.73626946 55.0
 -10.7346082 -55.0
 -10.73011029 -54.0
 -10.7295702 29.0
 -10.72956856 -29.0
 -10.72950309 54.0
 -10.72336347 -54.0
 -10.72253412 54.0
 -10.71869826 59.0
 -10.71867083 -59.0
 -10.71701947 -5.0
 -10.71687914 5.0
 -10.71433765 -5.0
 -10.71424964 26.0
 -10.71424736 -26.0
 -10.71387282 5.0
 -10.70844329 -81.0
 -10.70783857 81.0
 -10.69662927 42.0
 -10.69627604 16.0
 -10.69618041 -16.0
 -10.69577103 72.0
 -10.69570258 -72.0
 -10.69183428 -42.0
 -10.69019674 48.0
 -10.69019674 -48.0
 -10.68955065 -53.0
 -10.68938014 53.0
 -10.68820006 21.0
 -10.68819371 -21.0
 -10.68803949 -40.0
 -10.6875743 40.0
 -10.68546314 -101.0
 -10.68546314 101.0
 -10.6850522 -6.0
 -10.68436287 6.0
 -10.68208357 -3.0
 -10.68148153 3.0
 -10.68003446 44.0
 -10.67999938 -8.0
 -10.6798736 8.0
 -10.67928489 -44.0
 -10.67463653 -11.0
 -10.67363382 11.0
 -10.67256201 -80.0
 -10.67215122 80.0
 -10.66305853 37.0
 -10.66298414 -37.0
 -10.66280145 -48.0
 -10.66280145 48.0
 -10.6620474 -46.0
 -10.66159991 46.0
 -10.65979636 75.0
 -10.65951841 -75.0
 -10.65601368 -31.0
 -10.65601352 31.0
 -10.65275411 51.0
 -10.64914332 -51.0
 -10.64807481 78.0
 -10.64801834 -78.0
 -10.64139196 -32.0
 -10.64139175 32.0
 -10.63635762 51.0
 -10.63394772 -51.0
 -10.63024066 -34.0
 -10.63024063 34.0
 -10.62567639 -61.0
 -10.62567261 61.0
 -10.62376632 73.0
 -10.62364128 -73.0
 -10.62218218 -41.0
 -10.62218218 41.0
 -10.62191176 -7.0
 -10.6195552 7.0
 -10.61754926 60.0
 -10.61671812 -60.0
 -10.61527584 -38.0
 -10.61527584 38.0
 -10.61512515 -70.0
 -10.61497705 70.0
 -10.61420564 17.0
 -10.61418353 -17.0
 -10.60657591 -36.0
 -10.6065759 36.0
 -10.59250182 24.0
 -10.59250058 -24.0
 -10.56727734 -50.0
 -10.56711855 -18.0
 -10.56690933 18.0
 -10.56130138 22.0
 -10.56130138 -22.0
 -10.55864417 50.0
 -10.55367115 -65.0
 -10.55350714 65.0
 -10.54053057 -41.0
 -10.54053057 41.0
 -10.53531632 83.0
 -10.53521893 -83.0
 -10.5306017 66.0
 -10.53013975 -66.0
 -10.53012891 16.0
 -10.53012891 -16.0
 -10.52998472 69.0
 -10.52987365 -69.0
 -10.52947436 86.0
 -10.52946461 -86.0
 -10.52465691 50.0
 -10.5231706 67.0
 -10.5226438 33.0
 -10.52264379 -33.0
 -10.52207545 -67.0
 -10.52150714 -50.0
 -10.5181631 -48.0
 -10.51758167 48.0
 -10.51651247 -30.0
 -10.51651246 30.0
 -10.51562707 -74.0
 -10.51558344 74.0
 -10.51521797 -13.0
 -10.51500258 13.0
 -10.51386871 39.0
 -10.51379392 -39.0
 -10.51363261 -53.0
 -10.51340472 0.0
 -10.51133282 53.0
 -10.51066118 15.0
 -10.51065235 -15.0
 -10.50744307 -28.0
 -10.50744279 28.0
 -10.49756238 47.0
 -10.4953719 -47.0
 -10.49260334 27.0
 -10.49259319 -27.0
 -10.49231267 76.0
 -10.4921908 -76.0
 -10.48667143 2.0
 -10.48577618 -58.0
 -10.48529224 -2.0
 -10.48500812 58.0
 -10.47786074 -27.0
 -10.47786074 27.0
 -10.46547995 -22.0
 -10.46547969 22.0
 -10.4600676 -12.0
 -10.45981644 -43.0
 -10.45981145 12.0
 -10.45648506 -34.0
 -10.45648503 34.0
 -10.45633413 81.0
 -10.45605036 -81.0
 -10.45125543 -63.0
 -10.45011526 63.0
 -10.44932832 43.0
 -10.44836196 -8.0
 -10.44648671 8.0
 -10.43504092 70.0
 -10.43502804 -70.0
 -10.42854416 50.0
 -10.42854416 -50.0
 -10.4242282 -78.0
 -10.42348378 50.0
 -10.42348378 -50.0
 -10.42232607 78.0
 -10.42215051 7.0
 -10.4219808 -7.0
 -10.40844818 -25.0
 -10.40844623 25.0
 -10.40674865 -9.0
 -10.40625943 9.0
 -10.40442281 90.0
 -10.4043792 -90.0
 -10.40322671 82.0
 -10.40289874 -82.0
 -10.40025561 -73.0
 -10.40020862 45.0
 -10.39999306 -18.0
 -10.399987 18.0
 -10.3999411 73.0
 -10.39980489 53.0
 -10.39645654 -53.0
 -10.39333614 -60.0
 -10.39272279 22.0
 -10.39271622 -22.0
 -10.39125954 60.0
 -10.38881742 19.0
 -10.38867835 -19.0
 -10.38668371 62.0
 -10.38498759 -62.0
 -10.38179345 49.0
 -10.38041257 57.0
 -10.38036051 -45.0
 -10.37988987 38.0
 -10.37988987 -38.0
 -10.37909763 -57.0
 -10.37868707 56.0
 -10.3783568 -49.0
 -10.37810129 -56.0
 -10.37679597 -12.0
 -10.37578094 12.0
 -10.37403241 68.0
 -10.37329164 -68.0
 -10.36868033 -68.0
 -10.36788454 -35.0
 -10.36788449 35.0
 -10.36749506 68.0
 -10.36353653 77.0
 -10.36345158 -77.0
 -10.36266626 10.0
 -10.36245201 -10.0
 -10.3613763 4.0
 -10.36098897 -4.0
 -10.36069504 52.0
 -10.3601908 -52.0
 -10.3594709 -50.0
 -10.35896098 32.0
 -10.3589608 -32.0
 -10.35719575 50.0
 -10.3564731 -52.0
 -10.35227673 52.0
 -10.35205644 12.0
 -10.35188092 -12.0
 -10.34922748 -14.0
 -10.34912874 14.0
 -10.34834387 26.0
 -10.34834372 -26.0
 -10.34808295 -2.0
 -10.3452513 2.0
 -10.34237453 -38.0
 -10.34234132 38.0
 -10.33534802 -64.0
 -10.33532737 42.0
 -10.33532737 -42.0
 -10.33488654 64.0
 -10.32856513 37.0
 -10.32856513 -37.0
 -10.3273282 -52.0
 -10.32600223 36.0
 -10.32597249 -36.0
 -10.32547577 14.0
 -10.32543941 -14.0
 -10.32386644 52.0
 -10.32124256 -67.0
 -10.32114209 67.0
 -10.31983157 42.0
 -10.31983157 -42.0
 -10.31519324 66.0
 -10.3151666 -66.0
 -10.30787218 -29.0
 -10.30787122 29.0
 -10.30498443 46.0
 -10.30254796 -67.0
 -10.30250162 -55.0
 -10.30230169 67.0
 -10.30126982 61.0
 -10.3012121 55.0
 -10.3011845 69.0
 -10.30115901 -61.0
 -10.30111966 -69.0
 -10.2997736 -18.0
 -10.29972666 18.0
 -10.29955699 -46.0
 -10.29506866 23.0
 -10.29506788 -23.0
 -10.2911878 -41.0
 -10.29043405 41.0
 -10.28455416 4.0
 -10.28452379 -4.0
 -10.2839312 53.0
 -10.28290297 -53.0
 -10.27652692 -31.0
 -10.27652692 31.0
 -10.27618467 60.0
 -10.27611238 -60.0
 -10.27551725 19.0
 -10.27545934 -19.0
 -10.27280305 -27.0
 -10.27279431 27.0
 -10.27185281 19.0
 -10.27184608 -19.0
 -10.27035003 -63.0
 -10.27030375 63.0
 -10.26805238 6.0
 -10.26700516 -6.0
 -10.26578009 -67.0
 -10.26464737 67.0
 -10.26248328 -1.0
 -10.26230194 1.0
 -10.25678532 11.0
 -10.25620198 -11.0
 -10.24792819 -48.0
 -10.24503523 48.0
 -10.23289409 1.0
 -10.23136041 35.0
 -10.23136034 -35.0
 -10.2312936 -1.0
 -10.23106544 -55.0
 -10.2297078 55.0
 -10.22399637 -59.0
 -10.22344337 59.0
 -10.21781154 -78.0
 -10.2177975 78.0
 -10.21712592 -89.0
 -10.2170409 89.0
 -10.21516156 -42.0
 -10.21496242 64.0
 -10.21434342 -64.0
 -10.21335953 42.0
 -10.21113747 -11.0
 -10.21096991 11.0
 -10.20003196 -52.0
 -10.19884494 -17.0
 -10.19878801 17.0
 -10.19809062 52.0
 -10.19486695 -93.0
 -10.19486671 93.0
 -10.19322562 36.0
 -10.19322561 -36.0
 -10.19119226 -59.0
 -10.1905541 59.0
 -10.18881796 -45.0
 -10.18846635 -5.0
 -10.18745071 9.0
 -10.18699922 -9.0
 -10.18669534 5.0
 -10.18401022 15.0
 -10.18391317 -15.0
 -10.18219437 -51.0
 -10.18219437 51.0
 -10.18196233 74.0
 -10.18150258 -74.0
 -10.17477887 -64.0
 -10.17388489 64.0
 -10.17341812 3.0
 -10.17333513 45.0
 -10.17323246 -3.0
 -10.1727099 -46.0
 -10.17260551 -37.0
 -10.17258215 37.0
 -10.16857391 30.0
 -10.16857379 -30.0
 -10.16849279 -51.0
 -10.16849279 51.0
 -10.16738897 46.0
 -10.15629291 60.0
 -10.15495054 -60.0
 -10.14643821 13.0
 -10.1462411 -13.0
 -10.14301121 16.0
 -10.14294237 -16.0
 -10.138989 51.0
 -10.13762721 72.0
 -10.1362666 -72.0
 -10.13361006 71.0
 -10.13323631 81.0
 -10.1331334 -81.0
 -10.13280682 -71.0
 -10.13257481 -51.0
 -10.12758405 -5.0
 -10.12613976 5.0
 -10.12274528 64.0
 -10.12264849 -64.0
 -10.11954416 -12.0
 -10.11901918 12.0
 -10.11174126 87.0
 -10.11172697 -87.0
 -10.102499 1.0
 -10.10023625 75.0
 -10.10004143 -75.0
 -10.09956951 -22.0
 -10.09956907 22.0
 -10.0989109 -15.0
 -10.09874089 15.0
 -10.09796712 -1.0
 -10.09759944 -62.0
 -10.09703053 62.0
 -10.09669437 -47.0
 -10.09309809 -38.0
 -10.09309809 38.0
 -10.09107888 47.0
 -10.08978061 -57.0
 -10.08954063 -20.0
 -10.08947538 20.0
 -10.08945031 65.0
 -10.08931638 57.0
 -10.08876735 -65.0
 -10.08842485 43.0
 -10.08842485 -43.0
 -10.08765035 -0.0
 -10.08520775 0.0
 -10.08454397 -4.0
 -10.08245921 4.0
 -10.07957008 -70.0
 -10.07939452 7.0
 -10.07881889 -7.0
 -10.07858582 51.0
 -10.07852083 70.0
 -10.07842176 -51.0
 -10.07079269 -54.0
 -10.07010287 -62.0
 -10.06912285 62.0
 -10.06863372 -75.0
 -10.06834273 75.0
 -10.06833579 54.0
 -10.06759454 31.0
 -10.06759446 -31.0
 -10.06389658 -14.0
 -10.06389658 14.0
 -10.06247788 6.0
 -10.06147906 69.0
 -10.06099928 -69.0
 -10.06007688 -6.0
 -10.05955216 -3.0
 -10.05895045 -83.0
 -10.0588998 83.0
 -10.05670339 5.0
 -10.05411039 -5.0
 -10.0536841 79.0
 -10.05338652 -79.0
 -10.05322011 3.0
 -10.05264565 -43.0
 -10.05264565 43.0
 -10.05237337 -45.0
 -10.05222258 45.0
 -10.04791079 -63.0
 -10.04789925 63.0
 -10.02858641 -71.0
 -10.02803904 71.0
 -10.02332842 26.0
 -10.02332842 -26.0
 -10.02050552 19.0
 -10.02036359 -19.0
 -10.01886218 -50.0
 -10.01822831 56.0
 -10.01714891 -56.0
 -10.01639876 50.0
 -10.01411022 51.0
 -10.01128303 -51.0
 -10.00925145 -47.0
 -10.00856397 8.0
 -10.00828466 -8.0
 -10.00786597 47.0
 -10.00711049 83.0
 -10.00684003 -83.0
 -10.00652112 -13.0
 -10.00641792 13.0
 -10.0062951 -24.0
 -10.00629491 24.0
 -10.00482142 36.0
 -10.00481123 -36.0
 -10.00471335 -78.0
 -10.00465666 78.0
 -10.00159264 -6.0
 -10.00103051 -72.0
 -10.00097551 5.0
 -10.00010813 72.0
 -9.99834125 -33.0
 -9.99834125 33.0
 -9.99578279 -5.0
 -9.99547534 6.0
 -9.99526488 -21.0
 -9.99526488 21.0
 -9.99518739 68.0
 -9.99479583 -68.0
 -9.99413472 -48.0
 -9.99025539 -35.0
 -9.99022958 35.0
 -9.98979123 48.0
 -9.98121544 -14.0
 -9.98119525 14.0
 -9.97885498 2.0
 -9.97695021 -2.0
 -9.97229984 -50.0
 -9.97115666 50.0
 -9.97013863 -57.0
 -9.96934366 76.0
 -9.96923504 57.0
 -9.96896398 -76.0
 -9.96827309 40.0
 -9.96629489 -40.0
 -9.95954036 -27.0
 -9.95954019 27.0
 -9.95940664 -40.0
 -9.95900488 40.0
 -9.95370499 -64.0
 -9.9536073 64.0
 -9.95137004 -15.0
 -9.9512804 15.0
 -9.95057155 65.0
 -9.95035456 -65.0
 -9.94920937 3.0
 -9.94714726 -3.0
 -9.94646522 21.0
 -9.94645047 -21.0
 -9.94446067 66.0
 -9.94437494 -66.0
 -9.93916773 70.0
 -9.93912972 -70.0
 -9.93861541 -38.0
 -9.93861541 38.0
 -9.93565567 44.0
 -9.93379105 -44.0
 -9.93352012 52.0
 -9.93352012 -52.0
 -9.93254287 16.0
 -9.93248015 -16.0
 -9.9276661 -46.0
 -9.92193227 46.0
 -9.91555112 52.0
 -9.91555112 -52.0
 -9.90669523 36.0
 -9.90669522 -36.0
 -9.90549557 62.0
 -9.90546345 63.0
 -9.90520214 -62.0
 -9.90412186 20.0
 -9.90412 -20.0
 -9.90390628 -63.0
 -9.89891663 30.0
 -9.89891655 -30.0
 -9.89259416 61.0
 -9.89170658 -61.0
 -9.89099345 65.0
 -9.89097414 -65.0
 -9.88681218 -7.0
 -9.88444876 7.0
 -9.88270002 -58.0
 -9.88049898 23.0
 -9.88049483 -23.0
 -9.87880421 58.0
 -9.87436845 -9.0
 -9.87371804 9.0
 -9.87194271 28.0
 -9.87194238 -28.0
 -9.87064033 -82.0
 -9.87060638 82.0
 -9.86829989 -67.0
 -9.86784295 67.0
 -9.86749124 -69.0
 -9.8671301 43.0
 -9.86688137 69.0
 -9.86670682 -43.0
 -9.86484491 69.0
 -9.86471636 -69.0
 -9.86249798 -53.0
 -9.86076229 59.0
 -9.86008232 -59.0
 -9.85857128 53.0
 -9.85828933 -73.0
 -9.85741766 73.0
 -9.85249604 -47.0
 -9.85180649 44.0
 -9.85176546 55.0
 -9.85169847 47.0
 -9.85114606 -55.0
 -9.85061569 85.0
 -9.85049469 -85.0
 -9.84993506 38.0
 -9.84993506 -38.0
 -9.84785707 -76.0
 -9.8478449 76.0
 -9.84631155 45.0
 -9.84631155 -45.0
 -9.8462376 -23.0
 -9.84623746 23.0
 -9.84504722 -1.0
 -9.84467079 -44.0
 -9.84435064 1.0
 -9.84360113 84.0
 -9.84357369 -84.0
 -9.84120373 35.0
 -9.84120264 -35.0
 -9.83932386 68.0
 -9.83864987 -68.0
 -9.83441702 -7.0
 -9.83294478 7.0
 -9.83197658 12.0
 -9.8316742 -12.0
 -9.83126905 20.0
 -9.83125702 -20.0
 -9.81992053 -40.0
 -9.81992053 40.0
 -9.81364763 -32.0
 -9.81364752 32.0
 -9.80995906 79.0
 -9.80978721 -79.0
 -9.8067364 48.0
 -9.80622144 -48.0
 -9.80220646 -57.0
 -9.80187756 57.0
 -9.80123708 -90.0
 -9.80116145 90.0
 -9.79870429 97.0
 -9.79870428 -97.0
 -9.79062913 2.0
 -9.78630799 -71.0
 -9.78594547 71.0
 -9.78475554 57.0
 -9.78404712 -57.0
 -9.77984544 -42.0
 -9.77955386 -45.0
 -9.77955386 45.0
 -9.77932753 42.0
 -9.77908478 67.0
 -9.77872999 -67.0
 -9.77616701 -2.0
 -9.77565048 13.0
 -9.77533898 -13.0
 -9.77231373 21.0
 -9.77229881 -21.0
 -9.77150875 16.0
 -9.77147126 -16.0
 -9.76254491 -65.0
 -9.76167653 65.0
 -9.76066016 -17.0
 -9.76056224 17.0
 -9.7544549 -49.0
 -9.75421075 49.0
 -9.75216708 8.0
 -9.75035955 -9.0
 -9.74866685 9.0
 -9.74732915 70.0
 -9.74729179 72.0
 -9.74695852 -72.0
 -9.74688623 -70.0
 -9.74592366 -8.0
 -9.73942804 -63.0
 -9.73926251 63.0
 -9.73551692 -12.0
 -9.73551692 12.0
 -9.73478107 61.0
 -9.73395966 -80.0
 -9.73395794 80.0
 -9.73311647 -52.0
 -9.7330478 52.0
 -9.73300261 -61.0
 -9.72864148 -49.0
 -9.72654627 -85.0
 -9.7265384 85.0
 -9.72490034 49.0
 -9.72423025 -15.0
 -9.72421327 15.0
 -9.72396412 18.0
 -9.72394324 -18.0
 -9.72334573 -47.0
 -9.71934447 69.0
 -9.71926939 -69.0
 -9.71813444 47.0
 -9.7158737 72.0
 -9.71557291 -72.0
 -9.71156625 72.0
 -9.71080308 -72.0
 -9.71035292 25.0
 -9.71034767 -25.0
 -9.70911151 -67.0
 -9.70893848 61.0
 -9.70861856 -61.0
 -9.70726207 67.0
 -9.70534555 -31.0
 -9.70534552 31.0
 -9.70506212 -64.0
 -9.70495423 64.0
 -9.70436167 8.0
 -9.70294934 -17.0
 -9.70293939 17.0
 -9.7025002 -84.0
 -9.70215321 84.0
 -9.70160349 -8.0
 -9.70000658 14.0
 -9.69973344 -14.0
 -9.696892 17.0
 -9.69688876 -17.0
 -9.69631321 -1.0
 -9.69613225 1.0
 -9.69473334 47.0
 -9.69456098 -47.0
 -9.69442318 -11.0
 -9.69432732 11.0
 -9.68720947 90.0
 -9.68714936 -90.0
 -9.68643326 74.0
 -9.68563977 -74.0
 -9.68448447 10.0
 -9.68441352 -33.0
 -9.68441079 33.0
 -9.68381382 -10.0
 -9.68090521 7.0
 -9.67828592 -7.0
 -9.67401382 54.0
 -9.67401382 -54.0
 -9.67316935 -54.0
 -9.67316935 54.0
 -9.67182296 56.0
 -9.67152445 -56.0
 -9.66922633 -76.0
 -9.66899249 76.0
 -9.66888117 -21.0
 -9.66887272 21.0
 -9.66622947 -12.0
 -9.66586568 12.0
 -9.66522273 20.0
 -9.66521407 70.0
 -9.66503363 -20.0
 -9.66433775 -70.0
 -9.6638282 -60.0
 -9.66368245 60.0
 -9.65982743 -87.0
 -9.65981981 87.0
 -9.65812333 38.0
 -9.65784444 34.0
 -9.65784435 -34.0
 -9.65774509 -38.0
 -9.65680392 -1.0
 -9.65401508 34.0
 -9.65400642 -34.0
 -9.65365419 -39.0
 -9.65326886 -73.0
 -9.65321863 39.0
 -9.65317416 73.0
 -9.6520508 1.0
 -9.64821648 -26.0
 -9.64821542 26.0
 -9.64779965 -24.0
 -9.64778315 24.0
 -9.64646042 -83.0
 -9.64646009 83.0
 -9.64596069 41.0
 -9.64535387 -41.0
 -9.64521164 -76.0
 -9.64488434 76.0
 -9.64477383 -60.0
 -9.64468622 60.0
 -9.64297666 -43.0
 -9.64232805 43.0
 -9.6418946 50.0
 -9.64171217 9.0
 -9.63903159 -50.0
 -9.6384829 -9.0
 -9.63443601 -80.0
 -9.63436145 80.0
 -9.6324272 66.0
 -9.63206844 -66.0
 -9.63112162 -59.0
 -9.63109857 59.0
 -9.62918304 1.0
 -9.62168168 -1.0
 -9.62104266 -64.0
 -9.62037541 64.0
 -9.61302767 -62.0
 -9.61241957 62.0
 -9.60826519 -60.0
 -9.60818499 60.0
 -9.60651383 42.0
 -9.60614799 46.0
 -9.60579741 -46.0
 -9.6057918 -42.0
 -9.6050814 -19.0
 -9.60502645 19.0
 -9.5966474 -10.0
 -9.59557166 10.0
 -9.59331439 -46.0
 -9.59331439 46.0
 -9.58819177 -2.0
 -9.58657653 2.0
 -9.58547719 -23.0
 -9.58547394 23.0
 -9.58113575 -33.0
 -9.58113572 33.0
 -9.57094243 22.0
 -9.57093491 -22.0
 -9.56116621 86.0
 -9.56116233 -86.0
 -9.55864789 6.0
 -9.55639461 -38.0
 -9.55639461 38.0
 -9.55540511 58.0
 -9.5541532 -58.0
 -9.55135438 -15.0
 -9.55109256 15.0
 -9.55043743 58.0
 -9.54855522 -58.0
 -9.5475399 56.0
 -9.54682786 -56.0
 -9.54207789 12.0
 -9.54107617 -39.0
 -9.54107617 39.0
 -9.54075171 -12.0
 -9.53906215 -9.0
 -9.53639403 -32.0
 -9.53639402 32.0
 -9.53374154 -41.0
 -9.53374154 41.0
 -9.5333396 -72.0
 -9.53315576 72.0
 -9.53309931 -6.0
 -9.53134813 11.0
 -9.53091895 -11.0
 -9.53044343 24.0
 -9.53044343 -24.0
 -9.52736749 4.0
 -9.52591144 9.0
 -9.52566881 -13.0
 -9.52382851 13.0
 -9.52287061 46.0
 -9.52287061 -46.0
 -9.52133503 -3.0
 -9.52077122 -101.0
 -9.52077122 101.0
 -9.51875848 -23.0
 -9.51875597 23.0
 -9.51816321 -40.0
 -9.51789364 -34.0
 -9.51789354 34.0
 -9.51760674 91.0
 -9.51760148 -91.0
 -9.51734219 40.0
 -9.51677891 -69.0
 -9.51659337 69.0
 -9.51658934 -4.0
 -9.51559352 3.0
 -9.51339861 -6.0
 -9.51310158 6.0
 -9.50988302 -32.0
 -9.50988301 32.0
 -9.50825826 67.0
 -9.50783369 -67.0
 -9.50613844 -29.0
 -9.50613843 29.0
 -9.50351174 -3.0
 -9.50193639 3.0
 -9.50017063 29.0
 -9.5001702 -29.0
 -9.49949383 46.0
 -9.49540536 74.0
 -9.4952744 -74.0
 -9.49186681 -54.0
 -9.49007645 54.0
 -9.48556559 -46.0
 -9.48443691 -74.0
 -9.48442289 74.0
 -9.48363298 -42.0
 -9.482796 42.0
 -9.48244888 4.0
 -9.481255 -4.0
 -9.48083683 51.0
 -9.47940849 -51.0
 -9.47812717 11.0
 -9.47803728 -11.0
 -9.47714165 -34.0
 -9.47714164 34.0
 -9.47618825 66.0
 -9.47505283 -66.0
 -9.47411067 34.0
 -9.47411066 -34.0
 -9.46853107 77.0
 -9.46834597 -77.0
 -9.46540711 4.0
 -9.46295365 57.0
 -9.46282734 -57.0
 -9.46121913 -4.0
 -9.45185418 -47.0
 -9.45116005 -7.0
 -9.45037969 46.0
 -9.4498383 7.0
 -9.44373223 -80.0
 -9.44368624 80.0
 -9.44067721 44.0
 -9.44050859 -44.0
 -9.43984069 -8.0
 -9.43895618 8.0
 -9.43503833 81.0
 -9.4349774 -81.0
 -9.43438498 89.0
 -9.43437979 -10.0
 -9.43436368 -89.0
 -9.43348081 -24.0
 -9.43348053 24.0
 -9.43316579 10.0
 -9.43268752 -53.0
 -9.43216884 53.0
 -9.43215879 -21.0
 -9.43215138 21.0
 -9.43174979 -1.0
 -9.4312226 -58.0
 -9.42909738 -83.0
 -9.42908705 83.0
 -9.42855529 58.0
 -9.42734883 -5.0
 -9.42705593 5.0
 -9.42169874 -55.0
 -9.42165942 55.0
 -9.41732912 -71.0
 -9.41680961 71.0
 -9.41415898 14.0
 -9.41353868 -14.0
 -9.41272495 -39.0
 -9.41243874 39.0
 -9.41221305 -19.0
 -9.41202311 19.0
 -9.40997376 25.0
 -9.40996307 -25.0
 -9.4086364 2.0
 -9.40269556 27.0
 -9.40269348 -27.0
 -9.40208378 -60.0
 -9.40057727 60.0
 -9.40045659 -46.0
 -9.39917547 -62.0
 -9.39902241 -18.0
 -9.39901193 18.0
 -9.39863649 62.0
 -9.39842624 -31.0
 -9.39842613 31.0
 -9.39567484 46.0
 -9.39430028 64.0
 -9.39403745 -64.0
 -9.39380289 87.0
 -9.39380237 -87.0
 -9.392138 56.0
 -9.39083635 -56.0
 -9.38571416 -2.0
 -9.3836433 18.0
 -9.38362629 -18.0
 -9.38242152 -19.0
 -9.38242152 19.0
 -9.38230402 52.0
 -9.38213704 -56.0
 -9.3816117 -77.0
 -9.38142317 77.0
 -9.38134379 56.0
 -9.3777966 -52.0
 -9.36781665 -48.0
 -9.36751309 41.0
 -9.36724962 -41.0
 -9.36699369 2.0
 -9.36680061 -10.0
 -9.36483221 10.0
 -9.36418553 -92.0
 -9.36418509 92.0
 -9.3636186 45.0
 -9.36292535 48.0
 -9.36288039 -45.0
 -9.35421912 90.0
 -9.35419299 -90.0
 -9.34593203 26.0
 -9.34593194 -26.0
 -9.34580858 31.0
 -9.34580857 -31.0
 -9.3405391 -37.0
 -9.34039085 37.0
 -9.33947105 -15.0
 -9.33936325 54.0
 -9.33888142 15.0
 -9.33854997 -54.0
 -9.33394884 -19.0
 -9.33387787 19.0
 -9.32946231 -48.0
 -9.32819724 47.0
 -9.32819724 -47.0
 -9.32681857 48.0
 -9.32673095 -84.0
 -9.32671137 84.0
 -9.32430593 14.0
 -9.32401143 -14.0
 -9.32136466 46.0
 -9.32126643 -38.0
 -9.3212096 38.0
 -9.3192893 -46.0
 -9.31763842 70.0
 -9.31759207 -70.0
 -9.31601559 -68.0
 -9.3159116 68.0
 -9.31553024 32.0
 -9.31552637 -32.0
 -9.31454594 -52.0
 -9.31338745 52.0
 -9.31142075 -41.0
 -9.31104973 41.0
 -9.31082278 50.0
 -9.31033099 -38.0
 -9.31029719 38.0
 -9.3074317 -51.0
 -9.30594131 51.0
 -9.30528312 -73.0
 -9.30521714 73.0
 -9.30349006 -78.0
 -9.30339167 78.0
 -9.3028551 -50.0
 -9.29740546 -3.0
 -9.29610067 -4.0
 -9.29145566 -74.0
 -9.29124593 3.0
 -9.2911793 74.0
 -9.28526582 -35.0
 -9.28526582 35.0
 -9.28510293 -47.0
 -9.28510293 47.0
 -9.28483073 -75.0
 -9.28474144 75.0
 -9.28418072 3.0
 -9.28357129 -3.0
 -9.28096178 -55.0
 -9.28052636 55.0
 -9.27973411 16.0
 -9.27967988 -16.0
 -9.27617643 -17.0
 -9.27615459 17.0
 -9.27557413 -54.0
 -9.27516034 54.0
 -9.27338775 4.0
 -9.27101402 30.0
 -9.27101398 -30.0
 -9.26719729 -41.0
 -9.26719729 41.0
 -9.26668613 24.0
 -9.26668578 -24.0
 -9.26668133 -93.0
 -9.26668072 93.0
 -9.26650436 15.0
 -9.26625811 -15.0
 -9.26377465 28.0
 -9.26377447 -28.0
 -9.2617855 -35.0
 -9.2617855 35.0
 -9.25734421 -44.0
 -9.25708433 47.0
 -9.25555683 44.0
 -9.25547698 -47.0
 -9.25322956 12.0
 -9.25307043 -12.0
 -9.24654434 45.0
 -9.24572334 -45.0
 -9.23080917 -42.0
 -9.23080917 42.0
 -9.23068418 87.0
 -9.23068128 -87.0
 -9.22998981 -43.0
 -9.22998319 43.0
 -9.22949836 49.0
 -9.22748424 -49.0
 -9.22637457 -81.0
 -9.22635565 81.0
 -9.22512953 48.0
 -9.22414248 -48.0
 -9.22288397 84.0
 -9.22287916 -84.0
 -9.22225577 35.0
 -9.22225574 -35.0
 -9.2156169 92.0
 -9.21561588 -92.0
 -9.2149484 -20.0
 -9.21485351 20.0
 -9.2111852 -53.0
 -9.20885808 53.0
 -9.20376063 47.0
 -9.19919735 -30.0
 -9.19919726 30.0
 -9.19888476 53.0
 -9.19729156 -53.0
 -9.19617912 -28.0
 -9.19617712 28.0
 -9.19351032 20.0
 -9.19343143 -20.0
 -9.19329225 -36.0
 -9.19323034 36.0
 -9.19304094 5.0
 -9.1927569 -5.0
 -9.19215245 82.0
 -9.19214096 -82.0
 -9.19072862 -31.0
 -9.1907285 31.0
 -9.18569608 -44.0
 -9.1855951 44.0
 -9.1848199 -47.0
 -9.18341895 -30.0
 -9.18341885 30.0
 -9.18244135 -72.0
 -9.18225181 -67.0
 -9.18208234 67.0
 -9.18187469 72.0
 -9.18126751 -39.0
 -9.18126751 39.0
 -9.17827379 17.0
 -9.17827379 -17.0
 -9.16741014 49.0
 -9.16711098 48.0
 -9.16492666 -48.0
 -9.16445797 -49.0
 -9.16201772 40.0
 -9.1617675 -40.0
 -9.16171985 63.0
 -9.16127919 -63.0
 -9.15942751 -50.0
 -9.1564564 50.0
 -9.15557547 88.0
 -9.15557245 -88.0
 -9.15536984 57.0
 -9.15421922 29.0
 -9.15421921 -29.0
 -9.15407483 -57.0
 -9.15271942 -59.0
 -9.15264178 59.0
 -9.15245346 61.0
 -9.15223669 -1.0
 -9.15210222 -61.0
 -9.14867961 78.0
 -9.14861797 -78.0
 -9.14655602 11.0
 -9.14615261 -11.0
 -9.14333252 65.0
 -9.14328799 -65.0
 -9.14157242 1.0
 -9.13747765 -0.0
 -9.13257034 -13.0
 -9.13255812 13.0
 -9.13125523 -55.0
 -9.131147 -26.0
 -9.13114647 26.0
 -9.12996865 55.0
 -9.12644915 4.0
 -9.12472482 -75.0
 -9.12452005 75.0
 -9.12191479 -29.0
 -9.12191473 29.0
 -9.11938567 -39.0
 -9.11913984 39.0
 -9.11415306 -4.0
 -9.11274577 70.0
 -9.11271494 -70.0
 -9.11213651 -16.0
 -9.11213651 16.0
 -9.10997786 76.0
 -9.10978639 -76.0
 -9.10580496 51.0
 -9.10489664 -37.0
 -9.10489664 37.0
 -9.10363485 -51.0
 -9.10058615 69.0
 -9.10050625 -69.0
 -9.09997227 -5.0
 -9.09853245 5.0
 -9.09621064 -8.0
 -9.09481739 27.0
 -9.09481739 -27.0
 -9.09186173 8.0
 -9.0754458 -21.0
 -9.07544141 21.0
 -9.07522723 78.0
 -9.07519657 -78.0
 -9.07318833 -88.0
 -9.07318565 88.0
 -9.07291237 -45.0
 -9.07231904 26.0
 -9.07231776 -26.0
 -9.07208039 10.0
 -9.0707395 -10.0
 -9.06878195 -19.0
 -9.0687699 19.0
 -9.06796696 18.0
 -9.0679332 -18.0
 -9.06598839 45.0
 -9.06391319 18.0
 -9.06386565 -18.0
 -9.06135198 29.0
 -9.06135189 -29.0
 -9.06085202 -43.0
 -9.06054391 43.0
 -9.06028609 -2.0
 -9.05825623 -22.0
 -9.05825537 22.0
 -9.05760772 49.0
 -9.05760772 -49.0
 -9.05627687 -43.0
 -9.05619303 20.0
 -9.05615839 -20.0
 -9.05557056 43.0
 -9.05267239 35.0
 -9.05264359 -35.0
 -9.05144002 -49.0
 -9.05144002 49.0
 -9.05024091 74.0
 -9.05016674 -74.0
 -9.04960163 36.0
 -9.04957414 -36.0
 -9.0488647 27.0
 -9.0488647 -27.0
 -9.04673354 93.0
 -9.04673354 -93.0
 -9.03717649 85.0
 -9.03717502 -85.0
 -9.03583808 91.0
 -9.03583075 -91.0
 -9.03422116 16.0
 -9.03389488 -16.0
 -9.03242368 2.0
 -9.03181976 -0.0
 -9.03151117 -15.0
 -9.03104755 15.0
 -9.02809348 -6.0
 -9.02467617 28.0
 -9.02467616 -28.0
 -9.02311086 -24.0
 -9.02310768 24.0
 -9.02304772 -42.0
 -9.02304772 42.0
 -9.02062946 6.0
 -9.01789352 43.0
 -9.01766397 -43.0
 -9.01589311 -42.0
 -9.01584949 42.0
 -9.00889247 -7.0
 -9.00769866 9.0
 -9.00264373 -9.0
 -9.00139555 -79.0
 -9.00135837 79.0
 -8.99630087 18.0
 -8.99630087 -18.0
 -8.99593119 -82.0
 -8.99592739 82.0
 -8.99377684 23.0
 -8.99377596 -23.0
 -8.9929098 7.0
 -8.98830004 22.0
 -8.98829974 -22.0
 -8.9832325 12.0
 -8.9826189 -12.0
 -8.97991918 39.0
 -8.9798507 -39.0
 -8.97813463 10.0
 -8.97801469 -10.0
 -8.9769024 -31.0
 -8.97690191 31.0
 -8.96850083 23.0
 -8.96850083 -23.0
 -8.96042495 37.0
 -8.96039452 -37.0
 -8.95873858 72.0
 -8.95855161 -72.0
 -8.95703258 -26.0
 -8.95703258 26.0
 -8.95620045 -4.0
 -8.95248825 -76.0
 -8.95169586 76.0
 -8.9499141 4.0
 -8.94637847 -82.0
 -8.94636173 82.0
 -8.94327694 -3.0
 -8.94165272 -20.0
 -8.94165052 20.0
 -8.93666294 7.0
 -8.93263243 -85.0
 -8.93263068 85.0
 -8.93022304 -27.0
 -8.93022252 27.0
 -8.92393827 32.0
 -8.92393827 -32.0
 -8.92280932 -5.0
 -8.92226071 -19.0
 -8.9222272 19.0
 -8.92171417 76.0
 -8.92097321 -76.0
 -8.91763479 -7.0
 -8.91763376 -38.0
 -8.91761647 38.0
 -8.91686868 -22.0
 -8.9168591 22.0
 -8.91610099 71.0
 -8.91606474 -71.0
 -8.91554234 94.0
 -8.91554228 -94.0
 -8.915286 38.0
 -8.915286 -38.0
 -8.91490503 -43.0
 -8.91490503 43.0
 -8.91320292 -34.0
 -8.91319749 34.0
 -8.91214204 -46.0
 -8.911251 -54.0
 -8.91100314 54.0
 -8.9102439 46.0
 -8.90892466 2.0
 -8.90567533 -56.0
 -8.90556668 56.0
 -8.90526189 68.0
 -8.90512234 -68.0
 -8.90481745 -21.0
 -8.90481521 21.0
 -8.90113388 77.0
 -8.90102297 -77.0
 -8.90082032 -89.0
 -8.90081741 89.0
 -8.89893152 58.0
 -8.89844387 -58.0
 -8.8981113 -64.0
 -8.89799049 64.0
 -8.89768105 60.0
 -8.89764106 -1.0
 -8.89722229 -60.0
 -8.89698719 62.0
 -8.89669846 -62.0
 -8.89525587 1.0
 -8.89339295 1.0
 -8.89177645 -66.0
 -8.89156808 66.0
 -8.88885986 50.0
 -8.88870586 -18.0
 -8.88867375 18.0
 -8.88644346 -50.0
 -8.88533512 5.0
 -8.88372238 4.0
 -8.88240553 -31.0
 -8.88240483 31.0
 -8.88112756 -3.0
 -8.8801099 25.0
 -8.8801099 -25.0
 -8.87722754 -42.0
 -8.87686986 42.0
 -8.87600511 -1.0
 -8.87217311 70.0
 -8.87211523 -70.0
 -8.87168137 -52.0
 -8.8702382 52.0
 -8.86676849 -16.0
 -8.86671328 3.0
 -8.86667018 16.0
 -8.86088769 29.0
 -8.86088768 -29.0
 -8.86073283 86.0
 -8.86073234 -86.0
 -8.85976779 -19.0
 -8.85966798 19.0
 -8.85964857 44.0
 -8.85867144 -44.0
 -8.85861835 42.0
 -8.85845264 -42.0
 -8.85230989 12.0
 -8.85220693 -12.0
 -8.85166332 -80.0
 -8.85164648 80.0
 -8.84982019 36.0
 -8.84982019 -36.0
 -8.84712197 11.0
 -8.84634063 -11.0
 -8.84434678 41.0
 -8.84411853 -41.0
 -8.84203799 -2.0
 -8.83892016 27.0
 -8.83891608 -27.0
 -8.83709765 48.0
 -8.8350123 -48.0
 -8.8347469 -27.0
 -8.83474276 27.0
 -8.83050098 -44.0
 -8.83050098 44.0
 -8.82944382 -6.0
 -8.8288663 0.0
 -8.82839137 -19.0
 -8.82839137 19.0
 -8.82671216 8.0
 -8.82500505 -1.0
 -8.81995969 37.0
 -8.81994569 -37.0
 -8.81810509 -8.0
 -8.81756153 -24.0
 -8.81756153 24.0
 -8.81573818 -83.0
 -8.81573008 83.0
 -8.8147948 -14.0
 -8.81466768 14.0
 -8.81346464 6.0
 -8.81344675 30.0
 -8.81344643 -30.0
 -8.81224292 18.0
 -8.81224292 -18.0
 -8.80814754 -40.0
 -8.8081395 40.0
 -8.80377877 -0.0
 -8.79227708 -23.0
 -8.79227708 23.0
 -8.78309017 21.0
 -8.78309017 -21.0
 -8.78270068 -13.0
 -8.78141904 13.0
 -8.77930034 -33.0
 -8.77929757 33.0
 -8.77929666 15.0
 -8.77861632 -25.0
 -8.77861538 25.0
 -8.77807738 -15.0
 -8.77653484 -75.0
 -8.77652475 75.0
 -8.77643754 -22.0
 -8.77643696 22.0
 -8.77384905 79.0
 -8.77383079 -79.0
 -8.77182273 -78.0
 -8.7718197 78.0
 -8.77019052 97.0
 -8.77019052 -97.0
 -8.7680154 -29.0
 -8.76801454 29.0
 -8.76521818 25.0
 -8.76521786 -25.0
 -8.76207367 40.0
 -8.76207367 -40.0
 -8.75888956 35.0
 -8.75888017 -35.0
 -8.75595794 73.0
 -8.75594461 -73.0
 -8.75407997 12.0
 -8.753936 -12.0
 -8.75155116 -13.0
 -8.75110652 13.0
 -8.75009939 -9.0
 -8.74971064 -9.0
 -8.74956779 1.0
 -8.7484137 9.0
 -8.74780665 -89.0
 -8.74780605 89.0
 -8.74656905 9.0
 -8.74532102 13.0
 -8.74288515 -13.0
 -8.74142811 6.0
 -8.74096335 -20.0
 -8.74096335 20.0
 -8.73817295 -6.0
 -8.73787558 32.0
 -8.73787547 -32.0
 -8.73710166 -16.0
 -8.73610523 16.0
 -8.72993918 -95.0
 -8.72993918 95.0
 -8.71978051 15.0
 -8.71910509 72.0
 -8.71905962 -72.0
 -8.71887901 -15.0
 -8.71797839 11.0
 -8.7145996 5.0
 -8.71167158 -17.0
 -8.71156424 17.0
 -8.70966446 -2.0
 -8.7087025 2.0
 -8.70819981 -11.0
 -8.70672204 -39.0
 -8.70672204 39.0
 -8.7066391 3.0
 -8.70619924 37.0
 -8.70619709 -37.0
 -8.70545982 -5.0
 -8.7037284 -41.0
 -8.7033348 41.0
 -8.70079664 7.0
 -8.6991217 80.0
 -8.69911617 -80.0
 -8.69517574 7.0
 -8.69477115 -7.0
 -8.69044632 -86.0
 -8.69044617 86.0
 -8.67932286 -20.0
 -8.67931508 20.0
 -8.67724328 -36.0
 -8.67722352 36.0
 -8.67136616 -7.0
 -8.66809436 -17.0
 -8.66805982 17.0
 -8.66645068 26.0
 -8.6664505 -26.0
 -8.66438994 40.0
 -8.66438695 -40.0
 -8.6635108 16.0
 -8.6634398 -16.0
 -8.65915441 -26.0
 -8.65915441 26.0
 -8.65694794 -23.0
 -8.65694769 23.0
 -8.65675744 41.0
 -8.65658179 -41.0
 -8.65432305 -35.0
 -8.65431177 35.0
 -8.65236008 -32.0
 -8.65236003 32.0
 -8.64449503 10.0
 -8.64390621 -84.0
 -8.64390441 84.0
 -8.64362592 -22.0
 -8.64362248 22.0
 -8.64356514 -49.0
 -8.6431436 55.0
 -8.64281391 -55.0
 -8.64243873 -30.0
 -8.64243866 30.0
 -8.64231765 59.0
 -8.64231017 -59.0
 -8.64212591 51.0
 -8.64204834 -57.0
 -8.64195879 -51.0
 -8.64173055 -61.0
 -8.64167151 57.0
 -8.641617 61.0
 -8.64054292 28.0
 -8.64054251 -28.0
 -8.64052114 -30.0
 -8.64052114 30.0
 -8.64048664 -63.0
 -8.64032842 -65.0
 -8.64032807 63.0
 -8.64029744 65.0
 -8.63952001 -10.0
 -8.63943887 45.0
 -8.63937212 -3.0
 -8.63932334 6.0
 -8.63928089 49.0
 -8.63913641 -0.0
 -8.63904406 -53.0
 -8.6388012 53.0
 -8.6384321 -45.0
 -8.63832198 -47.0
 -8.63786641 -68.0
 -8.63782292 68.0
 -8.63637646 66.0
 -8.63632336 -66.0
 -8.63572763 47.0
 -8.6356295 21.0
 -8.63562931 -21.0
 -8.63537987 -45.0
 -8.63537987 45.0
 -8.63435948 18.0
 -8.63427737 -18.0
 -8.63216571 -70.0
 -8.63213215 70.0
 -8.63120324 28.0
 -8.63120323 -28.0
 -8.62722623 -5.0
 -8.62536249 -82.0
 -8.6253577 82.0
 -8.62079759 14.0
 -8.62030717 43.0
 -8.62020575 -14.0
 -8.62005742 -43.0
 -8.61818879 5.0
 -8.616591 -78.0
 -8.61652639 78.0
 -8.61340694 -6.0
 -8.61310211 -32.0
 -8.61310194 32.0
 -8.61255756 25.0
 -8.61255728 -25.0
 -8.61160071 -77.0
 -8.61154251 77.0
 -8.6088466 39.0
 -8.60884385 -39.0
 -8.60819254 -6.0
 -8.60577524 -14.0
 -8.60546209 14.0
 -8.59395445 -45.0
 -8.59395445 45.0
 -8.59299452 19.0
 -8.59298073 -19.0
 -8.59163974 90.0
 -8.59163878 -90.0
 -8.59155523 22.0
 -8.59155311 -22.0
 -8.58901817 -89.0
 -8.58901403 89.0
 -8.58772688 -95.0
 -8.58772685 95.0
 -8.58599207 7.0
 -8.58499635 33.0
 -8.58499635 -33.0
 -8.58262987 39.0
 -8.58258905 -39.0
 -8.57998835 6.0
 -8.57614967 -8.0
 -8.57388427 -74.0
 -8.57388365 74.0
 -8.57184449 16.0
 -8.57178935 -16.0
 -8.56804022 8.0
 -8.56658123 17.0
 -8.56654999 -17.0
 -8.55902619 11.0
 -8.55845592 -11.0
 -8.55816477 3.0
 -8.54731293 81.0
 -8.54730984 -81.0
 -8.54343549 -3.0
 -8.53977608 -2.0
 -8.53715354 2.0
 -8.53317093 -31.0
 -8.53317078 31.0
 -8.53241601 35.0
 -8.53240669 -35.0
 -8.53210535 75.0
 -8.53209854 -75.0
 -8.52889451 -29.0
 -8.52889398 29.0
 -8.52655841 -87.0
 -8.52655833 87.0
 -8.524511 6.0
 -8.52290257 -15.0
 -8.52231872 15.0
 -8.52226237 -30.0
 -8.52226231 30.0
 -8.51868126 -86.0
 -8.51867961 86.0
 -8.51553014 20.0
 -8.51550466 -20.0
 -8.51526997 -7.0
 -8.51455164 -72.0
 -8.51452945 72.0
 -8.51146719 11.0
 -8.51142409 -11.0
 -8.51080058 41.0
 -8.51080058 -41.0
 -8.50125341 38.0
 -8.50119783 -38.0
 -8.49874259 79.0
 -8.49871505 -79.0
 -8.49282338 -14.0
 -8.49273196 14.0
 -8.49142361 -24.0
 -8.49142337 24.0
 -8.48786524 -3.0
 -8.48311107 -6.0
 -8.482967 -23.0
 -8.48296522 23.0
 -8.48156192 -9.0
 -8.48047167 -39.0
 -8.48043374 39.0
 -8.47929931 35.0
 -8.47929228 -35.0
 -8.47836625 98.0
 -8.47836625 -98.0
 -8.47826647 84.0
 -8.47826421 -84.0
 -8.47341475 9.0
 -8.47103919 12.0
 -8.47020479 3.0
 -8.46263123 -12.0
 -8.45978699 -8.0
 -8.45562812 -33.0
 -8.45562514 33.0
 -8.45393854 4.0
 -8.45298426 1.0
 -8.44776807 9.0
 -8.44558735 -9.0
 -8.4410224 -98.0
 -8.4410224 98.0
 -8.44083036 -10.0
 -8.43985706 8.0
 -8.43895287 -38.0
 -8.43895287 38.0
 -8.43803015 10.0
 -8.43690789 26.0
 -8.43690789 -26.0
 -8.4361284 -34.0
 -8.43612715 34.0
 -8.43587807 91.0
 -8.43587804 -91.0
 -8.43276795 79.0
 -8.43276069 -79.0
 -8.42978297 28.0
 -8.42978297 -28.0
 -8.42540087 97.0
 -8.42540087 -97.0
 -8.4240594 -15.0
 -8.42303396 15.0
 -8.42036965 30.0
 -8.42036961 -30.0
 -8.41904856 38.0
 -8.41904653 -38.0
 -8.41711424 34.0
 -8.41711424 -34.0
 -8.41119609 -20.0
 -8.41115249 20.0
 -8.41103984 42.0
 -8.41103984 -42.0
 -8.40797245 -37.0
 -8.40796475 37.0
 -8.40604068 -39.0
 -8.4060375 39.0
 -8.40584372 24.0
 -8.40583649 -24.0
 -8.40146941 -6.0
 -8.39850468 -75.0
 -8.39848874 75.0
 -8.39535086 -9.0
 -8.392611 82.0
 -8.3926104 -82.0
 -8.39160846 -22.0
 -8.39160787 22.0
 -8.39131903 -21.0
 -8.39131104 21.0
 -8.39018235 99.0
 -8.39018235 -99.0
 -8.38774798 18.0
 -8.38767778 -18.0
 -8.38632614 55.0
 -8.38630425 -55.0
 -8.38614725 51.0
 -8.38597318 -53.0
 -8.38584917 53.0
 -8.3857928 -57.0
 -8.38568369 -51.0
 -8.38568284 57.0
 -8.38532355 -59.0
 -8.38521044 59.0
 -8.38432608 -61.0
 -8.38423158 61.0
 -8.38299208 63.0
 -8.38296128 -63.0
 -8.38266927 -71.0
 -8.38266521 71.0
 -8.38244884 47.0
 -8.38235329 45.0
 -8.38229836 -49.0
 -8.38202215 -47.0
 -8.38178413 49.0
 -8.38163289 -45.0
 -8.38162545 65.0
 -8.38158655 -65.0
 -8.38097414 -43.0
 -8.38083901 43.0
 -8.3793961 -67.0
 -8.37935723 67.0
 -8.37894401 -100.0
 -8.37894401 100.0
 -8.37555785 9.0
 -8.37522064 -4.0
 -8.37505916 -69.0
 -8.37503791 69.0
 -8.37081355 41.0
 -8.3707107 -41.0
 -8.36991188 -77.0
 -8.36990418 77.0
 -8.36970133 -88.0
 -8.3697008 88.0
 -8.36871333 -96.0
 -8.36871332 96.0
 -8.36605504 -101.0
 -8.36605504 101.0
 -8.36249784 -2.0
 -8.36079211 -7.0
 -8.35988752 33.0
 -8.35988075 -33.0
 -8.3571198 4.0
 -8.35675289 97.0
 -8.35675289 -97.0
 -8.35338623 -18.0
 -8.35335328 18.0
 -8.3409265 93.0
 -8.3409265 -93.0
 -8.33555302 10.0
 -8.33432489 -10.0
 -8.33341698 -76.0
 -8.33341559 76.0
 -8.33325084 -25.0
 -8.33324717 25.0
 -8.33256291 100.0
 -8.33256291 -100.0
 -8.31770264 85.0
 -8.31770245 -85.0
 -8.31733519 -22.0
 -8.31733519 22.0
 -8.31584677 -28.0
 -8.31584677 28.0
 -8.31514351 28.0
 -8.31514351 -28.0
 -8.31365494 -4.0
 -8.31094519 34.0
 -8.31094514 -34.0
 -8.3095668 -92.0
 -8.30956676 92.0
 -8.30949805 -2.0
 -8.30822117 7.0
 -8.30748587 11.0
 -8.30745096 36.0
 -8.30744868 -36.0
 -8.30718954 20.0
 -8.30718954 -20.0
 -8.30685489 -11.0
 -8.30373094 15.0
 -8.30244426 -15.0
 -8.30182552 -1.0
 -8.29736614 6.0
 -8.29702352 17.0
 -8.29663612 -17.0
 -8.29587872 83.0
 -8.29587058 -83.0
 -8.29338225 73.0
 -8.29337907 -73.0
 -8.29098625 -37.0
 -8.29098277 37.0
 -8.29094328 -14.0
 -8.28828077 14.0
 -8.28808283 33.0
 -8.28808273 -33.0
 -8.28420275 -12.0
 -8.27781318 -25.0
 -8.27781317 25.0
 -8.27741281 12.0
 -8.27676737 23.0
 -8.2767655 -23.0
 -8.25964709 21.0
 -8.25964626 -21.0
 -8.25932765 2.0
 -8.25724324 -80.0
 -8.25724202 80.0
 -8.25518532 -27.0
 -8.25518531 27.0
 -8.25212532 -36.0
 -8.25212532 36.0
 -8.2417979 36.0
 -8.24179597 -36.0
 -8.23231811 -23.0
 -8.23231811 23.0
 -8.23230531 82.0
 -8.23230064 -82.0
 -8.22895106 34.0
 -8.22894971 -34.0
 -8.22533485 2.0
 -8.22516595 41.0
 -8.22516595 -41.0
 -8.22478413 27.0
 -8.22478413 -27.0
 -8.22459666 10.0
 -8.22087605 -0.0
 -8.21567339 16.0
 -8.21544427 -16.0
 -8.21520106 88.0
 -8.215201 -88.0
 -8.21239417 21.0
 -8.21239417 -21.0
 -8.21158673 -10.0
 -8.20995333 -25.0
 -8.20995333 25.0
 -8.20829993 -0.0
 -8.20803087 28.0
 -8.20802963 -28.0
 -8.20514096 26.0
 -8.20513223 -26.0
 -8.19693646 80.0
 -8.19693021 -80.0
 -8.19594458 -101.0
 -8.19594458 101.0
 -8.1933704 -35.0
 -8.19336718 35.0
 -8.18712808 22.0
 -8.1871279 -22.0
 -8.18471371 75.0
 -8.18470777 -75.0
 -8.18009596 5.0
 -8.18003186 -6.0
 -8.17306912 14.0
 -8.17236507 -14.0
 -8.17189142 -31.0
 -8.17189076 31.0
 -8.16737822 8.0
 -8.16511007 32.0
 -8.16510917 -32.0
 -8.16491602 20.0
 -8.16490507 -20.0
 -8.1614704 -86.0
 -8.16146993 86.0
 -8.16080189 -4.0
 -8.15908566 -19.0
 -8.15906481 19.0
 -8.15847047 -24.0
 -8.15846874 24.0
 -8.15760623 0.0
 -8.15728228 -3.0
 -8.15674587 -5.0
 -8.1566586 21.0
 -8.15665064 -21.0
 -8.15527168 78.0
 -8.15526921 -78.0
 -8.15450299 -76.0
 -8.15449767 76.0
 -8.15379875 92.0
 -8.15379875 -92.0
 -8.1522838 13.0
 -8.15138938 -13.0
 -8.15115415 -26.0
 -8.15115415 26.0
 -8.14753221 4.0
 -8.14509385 -32.0
 -8.14509253 32.0
 -8.1349781 -11.0
 -8.13115228 7.0
 -8.13091857 -8.0
 -8.130135 -7.0
 -8.12895115 56.0
 -8.12887304 -56.0
 -8.1288372 -54.0
 -8.12881395 52.0
 -8.12879826 54.0
 -8.12870436 -52.0
 -8.12848895 58.0
 -8.12847603 -58.0
 -8.12819076 -50.0
 -8.12795907 50.0
 -8.12775364 60.0
 -8.12772878 -60.0
 -8.1276996 48.0
 -8.12756679 6.0
 -8.127429 31.0
 -8.12742771 -31.0
 -8.1270214 -48.0
 -8.12661249 62.0
 -8.12656232 -62.0
 -8.1263256 46.0
 -8.12614094 72.0
 -8.12613319 -72.0
 -8.12598282 -46.0
 -8.12497617 64.0
 -8.12496546 -64.0
 -8.12411808 44.0
 -8.12411041 -44.0
 -8.12315645 -42.0
 -8.12306594 42.0
 -8.12296561 -66.0
 -8.12295007 66.0
 -8.12275463 25.0
 -8.12275463 -25.0
 -8.12190581 -38.0
 -8.12189428 38.0
 -8.12115232 68.0
 -8.12114008 -68.0
 -8.12052337 -25.0
 -8.12051592 25.0
 -8.11947317 11.0
 -8.11638024 40.0
 -8.11632717 -40.0
 -8.11426354 70.0
 -8.11424128 -70.0
 -8.11333822 20.0
 -8.1133208 -20.0
 -8.11189961 -27.0
 -8.11189049 27.0
 -8.10588626 -10.0
 -8.10519235 10.0
 -8.10474269 1.0
 -8.10400222 -1.0
 -8.10387103 23.0
 -8.10387103 -23.0
 -8.10062459 -25.0
 -8.10062459 25.0
 -8.09369195 33.0
 -8.09369067 -33.0
 -8.09330362 37.0
 -8.09330362 -37.0
 -8.0917899 27.0
 -8.09178395 -27.0
 -8.08910994 -36.0
 -8.08910872 36.0
 -8.08636433 1.0
 -8.08447213 35.0
 -8.0844721 -35.0
 -8.08211131 -24.0
 -8.08211131 24.0
 -8.08168007 30.0
 -8.08167922 -30.0
 -8.0813484 -1.0
 -8.07900172 -16.0
 -8.07892754 16.0
 -8.07298542 -83.0
 -8.07298495 83.0
 -8.07297772 17.0
 -8.07293509 -17.0
 -8.06442794 -87.0
 -8.06442701 87.0
 -8.05628965 -74.0
 -8.05628793 74.0
 -8.05045347 89.0
 -8.05045314 -89.0
 -8.04783233 40.0
 -8.04783233 -40.0
 -8.04135781 4.0
 -8.03975886 81.0
 -8.03975306 -81.0
 -8.03877563 -93.0
 -8.03877561 93.0
 -8.03416433 -22.0
 -8.03416254 22.0
 -8.03334751 -12.0
 -8.03241877 12.0
 -8.02761168 9.0
 -8.02643903 -9.0
 -8.02573043 30.0
 -8.02573032 -30.0
 -8.02486506 24.0
 -8.02486503 -24.0
 -8.02238386 101.0
 -8.02238386 -101.0
 -8.0211859 38.0
 -8.0211859 -38.0
 -8.01867787 -14.0
 -8.01860958 14.0
 -8.01820518 8.0
 -8.01202716 -8.0
 -8.0120043 -32.0
 -8.01200342 32.0
 -8.00708334 86.0
 -8.00708321 -86.0
 -8.00183408 -31.0
 -8.00183394 31.0
 -7.99953034 -27.0
 -7.99953034 27.0
 -7.99167275 -22.0
 -7.99164885 22.0
 -7.98683198 77.0
 -7.98683122 -77.0
 -7.98622173 91.0
 -7.98622161 -91.0
 -7.97552252 35.0
 -7.97552251 -35.0
 -7.97248086 94.0
 -7.97248085 -94.0
 -7.96831492 79.0
 -7.96831276 -79.0
 -7.9652074 -1.0
 -7.96130865 -3.0
 -7.95522892 34.0
 -7.95522845 -34.0
 -7.95321631 90.0
 -7.95321623 -90.0
 -7.94836635 -33.0
 -7.94836629 33.0
 -7.94744132 3.0
 -7.94388309 -84.0
 -7.94388293 84.0
 -7.94340418 -29.0
 -7.94340416 29.0
 -7.935948 1.0
 -7.92972113 32.0
 -7.92972096 -32.0
 -7.9212386 -76.0
 -7.92123825 76.0
 -7.91774851 -84.0
 -7.91774684 84.0
 -7.91373041 14.0
 -7.90961575 -14.0
 -7.90911315 -15.0
 -7.90886838 15.0
 -7.90428679 -95.0
 -7.90428679 95.0
 -7.89448577 -17.0
 -7.89377259 17.0
 -7.88909153 17.0
 -7.88894856 -17.0
 -7.8869259 -31.0
 -7.88692582 31.0
 -7.88628914 23.0
 -7.88627905 -23.0
 -7.88624964 87.0
 -7.88624935 -87.0
 -7.88511187 -23.0
 -7.88511187 23.0
 -7.8806464 31.0
 -7.88064631 -31.0
 -7.87728209 5.0
 -7.87708355 28.0
 -7.87708355 -28.0
 -7.87207883 53.0
 -7.87202155 -53.0
 -7.87201103 55.0
 -7.87201027 -55.0
 -7.87166452 57.0
 -7.87164884 -57.0
 -7.87156144 -51.0
 -7.87153553 51.0
 -7.87096037 59.0
 -7.87093633 -59.0
 -7.87081949 49.0
 -7.87072493 -49.0
 -7.86989726 61.0
 -7.86987419 -61.0
 -7.86973847 47.0
 -7.86971331 -47.0
 -7.86843292 -45.0
 -7.86839811 -63.0
 -7.8683937 63.0
 -7.86834272 45.0
 -7.86651287 43.0
 -7.866505 -43.0
 -7.86648125 65.0
 -7.86647979 -65.0
 -7.86638029 90.0
 -7.86638018 -90.0
 -7.86489583 72.0
 -7.8648945 -72.0
 -7.86484955 -41.0
 -7.86484468 41.0
 -7.86390028 67.0
 -7.86388672 -67.0
 -7.86342391 35.0
 -7.86342347 -35.0
 -7.86190194 69.0
 -7.86189774 -69.0
 -7.86001991 -39.0
 -7.86001745 39.0
 -7.85876663 -39.0
 -7.85876663 39.0
 -7.85800923 37.0
 -7.85800895 -37.0
 -7.85599656 -4.0
 -7.85422829 71.0
 -7.85422455 -71.0
 -7.85324696 4.0
 -7.85212178 33.0
 -7.85212162 -33.0
 -7.85153967 -2.0
 -7.84564643 -23.0
 -7.84564643 23.0
 -7.84414872 -81.0
 -7.84414815 81.0
 -7.84237503 95.0
 -7.84237503 -95.0
 -7.83266519 -15.0
 -7.83113616 19.0
 -7.83113105 -19.0
 -7.8304934 -96.0
 -7.8304934 96.0
 -7.83039942 15.0
 -7.82881285 -17.0
 -7.82880787 17.0
 -7.82850708 5.0
 -7.82771059 -9.0
 -7.82530639 -6.0
 -7.82393122 78.0
 -7.82393009 -78.0
 -7.82324464 6.0
 -7.8214768 2.0
 -7.82053842 -87.0
 -7.82053841 87.0
 -7.81767745 16.0
 -7.81767581 -16.0
 -7.81650856 80.0
 -7.81650721 -80.0
 -7.81560379 9.0
 -7.81485303 -5.0
 -7.81327716 96.0
 -7.81327716 -96.0
 -7.81125218 0.0
 -7.81114567 -5.0
 -7.8110402 74.0
 -7.81103787 -74.0
 -7.80651731 -18.0
 -7.80651084 18.0
 -7.80555638 6.0
 -7.80243402 -31.0
 -7.80243315 31.0
 -7.80158437 -10.0
 -7.80007356 10.0
 -7.7994108 -80.0
 -7.79941003 80.0
 -7.79753258 26.0
 -7.79753258 -26.0
 -7.7964941 -12.0
 -7.79491343 80.0
 -7.79491302 -80.0
 -7.79371281 -7.0
 -7.79175984 4.0
 -7.79108154 -11.0
 -7.79080252 -27.0
 -7.79080252 27.0
 -7.79021265 9.0
 -7.78979273 12.0
 -7.78951249 -93.0
 -7.78951249 93.0
 -7.78884352 11.0
 -7.78467269 7.0
 -7.78085578 29.0
 -7.78085577 -29.0
 -7.77819958 -19.0
 -7.7781987 19.0
 -7.77572755 -9.0
 -7.77507445 -24.0
 -7.77503828 24.0
 -7.77322186 30.0
 -7.77322186 -30.0
 -7.77089834 18.0
 -7.77080524 -18.0
 -7.76887096 -20.0
 -7.76886582 20.0
 -7.76644871 21.0
 -7.76644859 -21.0
 -7.75723439 -31.0
 -7.75723437 31.0
 -7.75621735 84.0
 -7.75621729 -84.0
 -7.75442322 -13.0
 -7.75428626 -3.0
 -7.75235764 13.0
 -7.75072488 4.0
 -7.74920481 13.0
 -7.74852621 -13.0
 -7.7463137 -28.0
 -7.74631192 28.0
 -7.7421454 -3.0
 -7.74006229 -11.0
 -7.73976706 11.0
 -7.73493409 3.0
 -7.7343551 -6.0
 -7.73001854 13.0
 -7.72959091 33.0
 -7.7295909 -33.0
 -7.72504427 22.0
 -7.72503702 -22.0
 -7.72440703 -4.0
 -7.72246248 -13.0
 -7.72137851 -85.0
 -7.72137846 85.0
 -7.71803495 -4.0
 -7.71279078 -2.0
 -7.71255013 3.0
 -7.70823261 7.0
 -7.70670705 -88.0
 -7.706707 88.0
 -7.70493894 -28.0
 -7.70493894 28.0
 -7.70063047 -81.0
 -7.70063003 81.0
 -7.69142635 82.0
 -7.69142449 -82.0
 -7.69091107 -91.0
 -7.69091107 91.0
 -7.68668701 -7.0
 -7.68626855 -8.0
 -7.68179464 36.0
 -7.68179464 -36.0
 -7.68098037 23.0
 -7.68095686 -23.0
 -7.67370006 -9.0
 -7.67248004 26.0
 -7.67247735 -26.0
 -7.67093839 88.0
 -7.67093838 -88.0
 -7.66558488 -8.0
 -7.66524079 25.0
 -7.66523115 -25.0
 -7.65855033 8.0
 -7.65769703 2.0
 -7.6548384 -4.0
 -7.65318577 78.0
 -7.65318553 -78.0
 -7.65211668 9.0
 -7.6496876 12.0
 -7.64817713 -12.0
 -7.64794012 32.0
 -7.6479401 -32.0
 -7.64784876 -19.0
 -7.6477155 19.0
 -7.64724437 8.0
 -7.64607261 3.0
 -7.64604341 30.0
 -7.6460434 -30.0
 -7.63854054 -22.0
 -7.63854052 22.0
 -7.63841682 77.0
 -7.63841663 -77.0
 -7.63619198 -7.0
 -7.63466931 7.0
 -7.63275391 -25.0
 -7.63275391 25.0
 -7.62979202 5.0
 -7.62491497 102.0
 -7.62491497 -102.0
 -7.62043745 92.0
 -7.62043744 -92.0
 -7.61486215 -54.0
 -7.61485979 54.0
 -7.6146975 -52.0
 -7.61465669 52.0
 -7.61465346 -56.0
 -7.61464236 56.0
 -7.61422836 50.0
 -7.6141233 -50.0
 -7.61406591 -58.0
 -7.61405697 58.0
 -7.61334362 -48.0
 -7.61332211 48.0
 -7.61307196 -60.0
 -7.61306972 60.0
 -7.61231718 -34.0
 -7.6123171 34.0
 -7.61214182 -46.0
 -7.61211728 46.0
 -7.61166943 -62.0
 -7.6116567 62.0
 -7.61059798 -44.0
 -7.61059425 44.0
 -7.60979015 -63.0
 -7.6097877 63.0
 -7.60848065 42.0
 -7.60847359 -42.0
 -7.60745618 65.0
 -7.60745336 -65.0
 -7.60650495 30.0
 -7.60650495 -30.0
 -7.60634821 -40.0
 -7.60634602 40.0
 -7.60435183 -67.0
 -7.60434858 67.0
 -7.60382029 11.0
 -7.60258584 -38.0
 -7.60258456 38.0
 -7.60177549 -69.0
 -7.60177024 69.0
 -7.60094042 -73.0
 -7.60093967 73.0
 -7.59962033 -83.0
 -7.59962018 83.0
 -7.59948493 -36.0
 -7.5994846 36.0
 -7.5964033 -3.0
 -7.59630857 81.0
 -7.5963085 -81.0
 -7.59408981 -71.0
 -7.5940866 71.0
 -7.5918427 -102.0
 -7.5918427 102.0
 -7.58713087 -86.0
 -7.58713086 86.0
 -7.58594626 -25.0
 -7.58593327 25.0
 -7.58515864 11.0
 -7.58355557 -11.0
 -7.5799004 -92.0
 -7.5799004 92.0
 -7.57646965 -17.0
 -7.57641484 17.0
 -7.57110613 -11.0
 -7.57102866 -8.0
 -7.56959128 6.0
 -7.56712213 8.0
 -7.5654042 -14.0
 -7.56493687 14.0
 -7.56171686 14.0
 -7.56158132 -14.0
 -7.56117672 -75.0
 -7.56117636 75.0
 -7.56094816 26.0
 -7.56094816 -26.0
 -7.55805493 16.0
 -7.55795472 -16.0
 -7.55172797 -97.0
 -7.55172797 97.0
 -7.54802064 -91.0
 -7.54802062 91.0
 -7.54743357 -29.0
 -7.54743357 29.0
 -7.5416592 20.0
 -7.54164477 -20.0
 -7.53868615 2.0
 -7.53802225 -93.0
 -7.53802225 93.0
 -7.53706999 -2.0
 -7.53381208 -93.0
 -7.53381207 93.0
 -7.53330677 -0.0
 -7.52558186 -13.0
 -7.52479373 13.0
 -7.51862698 -19.0
 -7.5186267 19.0
 -7.51625256 -97.0
 -7.51625256 97.0
 -7.51540922 4.0
 -7.51495408 -82.0
 -7.51495406 82.0
 -7.51360588 35.0
 -7.51360588 -35.0
 -7.51164598 -83.0
 -7.5116457 83.0
 -7.51152264 2.0
 -7.5062947 -4.0
 -7.5036398 1.0
 -7.50300935 -32.0
 -7.50300928 32.0
 -7.50177027 -89.0
 -7.50177027 89.0
 -7.50049149 -27.0
 -7.50049149 27.0
 -7.4956398 -2.0
 -7.49414039 27.0
 -7.49413877 -27.0
 -7.4912136 -1.0
 -7.49107303 15.0
 -7.48961536 -6.0
 -7.48907607 -15.0
 -7.48394883 -30.0
 -7.48394865 30.0
 -7.47911554 -90.0
 -7.47911554 90.0
 -7.47668954 -86.0
 -7.47668953 86.0
 -7.47196551 -11.0
 -7.47134429 20.0
 -7.47133788 -20.0
 -7.46899849 -37.0
 -7.46899849 37.0
 -7.467081 3.0
 -7.46496477 11.0
 -7.46112723 -79.0
 -7.46112702 79.0
 -7.4606375 -89.0
 -7.4606375 89.0
 -7.45914319 8.0
 -7.45802386 -15.0
 -7.4570457 15.0
 -7.45016804 -3.0
 -7.43693199 -84.0
 -7.43693199 84.0
 -7.43692924 -17.0
 -7.43692616 17.0
 -7.43388702 -90.0
 -7.43388702 90.0
 -7.43016048 -18.0
 -7.42999333 18.0
 -7.42544963 81.0
 -7.42544945 -81.0
 -7.4204578 84.0
 -7.42045775 -84.0
 -7.41856173 16.0
 -7.41812021 -16.0
 -7.40909174 21.0
 -7.40880543 -21.0
 -7.39994365 9.0
 -7.39239004 -22.0
 -7.39238999 22.0
 -7.39002768 -87.0
 -7.39002768 87.0
 -7.38859184 14.0
 -7.38845705 -14.0
 -7.38826047 -83.0
 -7.38826047 83.0
 -7.38217129 -9.0
 -7.37860431 -14.0
 -7.37745365 86.0
 -7.37745365 -86.0
 -7.37565991 85.0
 -7.3756599 -85.0
 -7.37338906 14.0
 -7.36421526 -22.0
 -7.36417035 22.0
 -7.35924424 30.0
 -7.35924424 -30.0
 -7.35754948 -52.0
 -7.35753646 52.0
 -7.35746829 -54.0
 -7.35746583 54.0
 -7.35725856 -50.0
 -7.35724739 50.0
 -7.3569951 -56.0
 -7.35699346 56.0
 -7.35661421 -48.0
 -7.35661158 48.0
 -7.3561148 -58.0
 -7.35610975 58.0
 -7.35559224 -46.0
 -7.35557279 46.0
 -7.35486673 -87.0
 -7.35486673 87.0
 -7.35478383 -60.0
 -7.3547795 60.0
 -7.35431554 -20.0
 -7.35430647 20.0
 -7.35424577 44.0
 -7.35424246 -44.0
 -7.35299106 -62.0
 -7.35299085 62.0
 -7.35249902 -42.0
 -7.35249868 42.0
 -7.35070971 78.0
 -7.35070961 -78.0
 -7.35068494 -64.0
 -7.35068163 64.0
 -7.35024226 -40.0
 -7.35024187 40.0
 -7.35008446 -32.0
 -7.35008444 32.0
 -7.35000359 11.0
 -7.34786865 -66.0
 -7.34786535 66.0
 -7.34768287 38.0
 -7.34768278 -38.0
 -7.34596474 -11.0
 -7.34440699 36.0
 -7.34440682 -36.0
 -7.34422393 -68.0
 -7.34422384 68.0
 -7.34187857 34.0
 -7.34187857 -34.0
 -7.34081914 -70.0
 -7.34081836 70.0
 -7.33914773 -9.0
 -7.33701014 9.0
 -7.33563736 74.0
 -7.33563718 -74.0
 -7.33361093 -11.0
 -7.33330351 -72.0
 -7.33330336 72.0
 -7.33278042 -88.0
 -7.33278042 88.0
 -7.32897521 -5.0
 -7.3280565 -85.0
 -7.3280565 85.0
 -7.32719138 11.0
 -7.32532869 -8.0
 -7.32518429 -85.0
 -7.32518428 85.0
 -7.31135464 1.0
 -7.30790697 -10.0
 -7.30728114 -76.0
 -7.30728113 76.0
 -7.30493435 -8.0
 -7.29552861 0.0
 -7.29487511 91.0
 -7.29487511 -91.0
 -7.29418438 10.0
 -7.2901946 8.0
 -7.2859409 88.0
 -7.2859409 -88.0
 -7.28585525 5.0
 -7.28296935 -12.0
 -7.28210991 12.0
 -7.27792547 12.0
 -7.27703241 -12.0
 -7.26212199 -21.0
 -7.26181929 21.0
 -7.25241036 -26.0
 -7.25240957 26.0
 -7.24703118 28.0
 -7.24703045 -28.0
 -7.24601469 5.0
 -7.24574999 -5.0
 -7.24499199 -79.0
 -7.24499197 79.0
 -7.24476357 -1.0
 -7.2426447 -36.0
 -7.2426447 36.0
 -7.23571162 31.0
 -7.2357115 -31.0
 -7.23109904 -13.0
 -7.23078006 18.0
 -7.23077414 -18.0
 -7.23070383 -14.0
 -7.22962669 14.0
 -7.22865872 13.0
 -7.22659912 33.0
 -7.22659912 -33.0
 -7.22242729 24.0
 -7.22242069 -24.0
 -7.22169576 -15.0
 -7.22114126 15.0
 -7.21896594 2.0
 -7.21576758 91.0
 -7.21576758 -91.0
 -7.21224953 -7.0
 -7.21215745 -18.0
 -7.21205955 18.0
 -7.20686398 6.0
 -7.20509073 19.0
 -7.20509064 -19.0
 -7.20050553 7.0
 -7.19979622 -5.0
 -7.19931587 -6.0
 -7.19930759 83.0
 -7.19930754 -83.0
 -7.18327191 17.0
 -7.18315944 -17.0
 -7.17043444 11.0
 -7.16327524 -11.0
 -7.15722866 1.0
 -7.14884722 -2.0
 -7.14080359 5.0
 -7.13637994 21.0
 -7.13637991 -21.0
 -7.13199122 6.0
 -7.13048872 7.0
 -7.12926821 -102.0
 -7.12926821 102.0
 -7.1289923 -102.0
 -7.1289923 102.0
 -7.12637617 19.0
 -7.12614717 -19.0
 -7.1128288 -7.0
 -7.11277421 -1.0
 -7.11230722 -4.0
 -7.11059827 -6.0
 -7.10796625 4.0
 -7.10662208 3.0
 -7.10582185 5.0
 -7.10010536 53.0
 -7.1001028 -53.0
 -7.10006853 51.0
 -7.10005715 -51.0
 -7.09974631 55.0
 -7.09974533 -55.0
 -7.09963521 -49.0
 -7.09961609 49.0
 -7.09948125 -2.0
 -7.09896832 57.0
 -7.09896495 -57.0
 -7.09881287 -47.0
 -7.09880835 47.0
 -7.09774217 -59.0
 -7.09774125 59.0
 -7.0976313 45.0
 -7.09762926 -45.0
 -7.09716412 -0.0
 -7.09607416 -43.0
 -7.09607327 43.0
 -7.09603787 61.0
 -7.09603547 -61.0
 -7.09415038 -41.0
 -7.09415037 41.0
 -7.09400037 -94.0
 -7.09400037 94.0
 -7.09381853 63.0
 -7.09381799 -63.0
 -7.09362623 -8.0
 -7.09215947 -5.0
 -7.09171766 -39.0
 -7.09171751 39.0
 -7.09102718 -65.0
 -7.09102695 65.0
 -7.09083965 16.0
 -7.09000063 -16.0
 -7.0888392 -37.0
 -7.08883911 37.0
 -7.08764716 67.0
 -7.08764632 -67.0
 -7.08630059 31.0
 -7.08630059 -31.0
 -7.08613817 -94.0
 -7.08613817 94.0
 -7.08567356 35.0
 -7.08567355 -35.0
 -7.08358185 33.0
 -7.08358185 -33.0
 -7.08339661 69.0
 -7.0833954 -69.0
 -7.08055339 0.0
 -7.07902185 71.0
 -7.07902126 -71.0
 -7.07416874 -3.0
 -7.07150019 73.0
 -7.07150009 -73.0
 -7.0713449 13.0
 -7.07039799 -13.0
 -7.06962885 74.0
 -7.06962885 -74.0
 -7.06638494 -78.0
 -7.06638493 78.0
 -7.06590368 -82.0
 -7.06590368 82.0
 -7.06308805 -98.0
 -7.06308805 98.0
 -7.06114687 2.0
 -7.05585657 -98.0
 -7.05585657 98.0
 -7.05496752 8.0
 -7.04928119 76.0
 -7.04928118 -76.0
 -7.04142834 -10.0
 -7.03749271 11.0
 -7.01172913 14.0
 -7.01023396 22.0
 -7.01019576 -22.0
 -7.00993887 -14.0
 -7.00866152 80.0
 -7.00866152 -80.0
 -6.99620206 10.0
 -6.9941884 25.0
 -6.99417941 -25.0
 -6.99300034 3.0
 -6.99281084 -10.0
 -6.99189664 -27.0
 -6.9918961 27.0
 -6.98863024 30.0
 -6.98863022 -30.0
 -6.98834651 -11.0
 -6.98677874 6.0
 -6.98640923 -3.0
 -6.9843348 32.0
 -6.98433479 -32.0
 -6.98188178 -6.0
 -6.98037227 16.0
 -6.98035914 -16.0
 -6.98026247 -84.0
 -6.98026247 84.0
 -6.97860804 13.0
 -6.9780906 -13.0
 -6.97783247 -17.0
 -6.97782175 17.0
 -6.97527283 -20.0
 -6.97524592 20.0
 -6.97521079 11.0
 -6.9716549 35.0
 -6.9716549 -35.0
 -6.97064248 -11.0
 -6.97021644 11.0
 -6.95748583 17.0
 -6.95742978 -17.0
 -6.95652561 14.0
 -6.95629929 -14.0
 -6.95175739 -4.0
 -6.94352097 -0.0
 -6.94311629 -12.0
 -6.94065321 -8.0
 -6.93998086 12.0
 -6.93237986 -19.0
 -6.93237985 19.0
 -6.92630149 6.0
 -6.92582149 8.0
 -6.92386937 -6.0
 -6.91845596 9.0
 -6.91398619 3.0
 -6.91140703 -8.0
 -6.908695 15.0
 -6.90721558 -15.0
 -6.90612524 -9.0
 -6.89863028 12.0
 -6.89545744 8.0
 -6.89375462 -9.0
 -6.88751837 -12.0
 -6.88370481 -6.0
 -6.88282112 9.0
 -6.88233901 -3.0
 -6.87957707 -20.0
 -6.87957541 20.0
 -6.87841721 -6.0
 -6.87221709 6.0
 -6.85747916 9.0
 -6.85677911 -9.0
 -6.85004503 4.0
 -6.84254844 52.0
 -6.84254597 -52.0
 -6.84236414 50.0
 -6.84236078 -50.0
 -6.84231727 54.0
 -6.84231623 -54.0
 -6.84177171 -48.0
 -6.84176949 48.0
 -6.84165347 56.0
 -6.84165302 -56.0
 -6.84079532 46.0
 -6.84079235 -46.0
 -6.84053331 58.0
 -6.84053213 -58.0
 -6.83941852 44.0
 -6.8394175 -44.0
 -6.8389279 60.0
 -6.83892719 -60.0
 -6.8376627 42.0
 -6.83766269 -42.0
 -6.83679367 62.0
 -6.83679336 -62.0
 -6.83551355 40.0
 -6.83551351 -40.0
 -6.83408656 64.0
 -6.83408546 -64.0
 -6.83288202 38.0
 -6.83288197 -38.0
 -6.83073577 66.0
 -6.83073528 -66.0
 -6.82976006 -36.0
 -6.82976004 36.0
 -6.82690765 -7.0
 -6.82670096 -68.0
 -6.82670076 68.0
 -6.82649209 -34.0
 -6.82649209 34.0
 -6.82417652 32.0
 -6.82417652 -32.0
 -6.82174095 69.0
 -6.82174078 -69.0
 -6.82038695 7.0
 -6.81628686 -71.0
 -6.81628684 71.0
 -6.80840451 -73.0
 -6.80840447 73.0
 -6.80553089 1.0
 -6.80297344 75.0
 -6.80297343 -75.0
 -6.79842254 6.0
 -6.79333359 1.0
 -6.78853442 -1.0
 -6.78738059 -4.0
 -6.7872075 79.0
 -6.7872075 -79.0
 -6.78717719 77.0
 -6.78717719 -77.0
 -6.78352611 4.0
 -6.78144713 -11.0
 -6.78124448 11.0
 -6.77930917 13.0
 -6.77773511 -13.0
 -6.77671965 -1.0
 -6.76102574 -16.0
 -6.75985224 16.0
 -6.75654991 83.0
 -6.75654991 -83.0
 -6.75557375 -81.0
 -6.75557375 81.0
 -6.75441628 19.0
 -6.7544096 -19.0
 -6.74848859 -24.0
 -6.74848589 24.0
 -6.74797824 21.0
 -6.74791788 -21.0
 -6.74746665 12.0
 -6.74716173 -12.0
 -6.74473139 -0.0
 -6.74278563 26.0
 -6.74278563 -26.0
 -6.73713161 -29.0
 -6.73713144 29.0
 -6.73247132 -5.0
 -6.7312981 -7.0
 -6.73086903 -31.0
 -6.73086901 31.0
 -6.72593373 -34.0
 -6.72593373 34.0
 -6.71831569 15.0
 -6.71826784 -15.0
 -6.71773169 7.0
 -6.70671735 5.0
 -6.70358379 -14.0
 -6.7016425 14.0
 -6.68023129 -0.0
 -6.6786583 10.0
 -6.67601688 -16.0
 -6.67592529 16.0
 -6.6729828 -6.0
 -6.67199114 -10.0
 -6.66939225 -18.0
 -6.66939202 18.0
 -6.66785729 6.0
 -6.63924731 2.0
 -6.63345474 -4.0
 -6.62653897 -19.0
 -6.62653896 19.0
 -6.62583777 9.0
 -6.61907894 -9.0
 -6.61790183 3.0
 -6.61638575 4.0
 -6.61329056 -3.0
 -6.61168762 11.0
 -6.6049396 -11.0
 -6.6016039 -2.0
 -6.58478252 -51.0
 -6.58478037 51.0
 -6.58469262 -53.0
 -6.58469188 53.0
 -6.58467348 -2.0
 -6.58444415 49.0
 -6.5844429 -49.0
 -6.58415731 -55.0
 -6.58415726 55.0
 -6.58368906 47.0
 -6.58368853 -47.0
 -6.58315378 -57.0
 -6.58315292 57.0
 -6.58252368 -45.0
 -6.58252324 45.0
 -6.58165083 59.0
 -6.58165033 -59.0
 -6.58136527 -10.0
 -6.58095283 43.0
 -6.58095259 -43.0
 -6.57961151 -60.0
 -6.57961124 60.0
 -6.57897342 -41.0
 -6.57897338 41.0
 -6.57758842 10.0
 -6.5770665 -9.0
 -6.57698603 -62.0
 -6.57698586 62.0
 -6.5765801 -39.0
 -6.57658007 39.0
 -6.57371695 37.0
 -6.57371693 -37.0
 -6.57371523 -64.0
 -6.57371518 64.0
 -6.57037651 35.0
 -6.57037651 -35.0
 -6.56971818 -66.0
 -6.569718 66.0
 -6.56689684 -33.0
 -6.56689684 33.0
 -6.56492274 -68.0
 -6.56492252 68.0
 -6.55911235 -70.0
 -6.55911226 70.0
 -6.55777465 9.0
 -6.5569616 -12.0
 -6.55586725 1.0
 -6.55245808 -72.0
 -6.55245807 72.0
 -6.54883457 12.0
 -6.54377819 74.0
 -6.54377818 -74.0
 -6.54288883 -3.0
 -6.5353476 76.0
 -6.5353476 -76.0
 -6.52403459 4.0
 -6.52110335 -78.0
 -6.52110335 78.0
 -6.510972 80.0
 -6.510972 -80.0
 -6.50327295 -20.0
 -6.5032644 20.0
 -6.50230421 3.0
 -6.50179301 17.0
 -6.50178599 -17.0
 -6.50177822 -11.0
 -6.50166686 11.0
 -6.49828046 -22.0
 -6.49827203 22.0
 -6.49367615 -25.0
 -6.49367413 25.0
 -6.48893895 -81.0
 -6.48893895 81.0
 -6.48822242 27.0
 -6.4882223 -27.0
 -6.48698315 4.0
 -6.48403336 -4.0
 -6.48233082 -30.0
 -6.48233081 30.0
 -6.4786404 -15.0
 -6.47852288 15.0
 -6.47762967 13.0
 -6.47757372 -13.0
 -6.47598666 5.0
 -6.47518332 -32.0
 -6.47518332 32.0
 -6.47329876 -5.0
 -6.47082557 -6.0
 -6.46615389 -14.0
 -6.46612401 14.0
 -6.46024798 6.0
 -6.44288617 16.0
 -6.4428857 -16.0
 -6.43882807 -4.0
 -6.43720708 -10.0
 -6.43615817 10.0
 -6.4159081 17.0
 -6.41590808 -17.0
 -6.41344306 -2.0
 -6.39610465 -1.0
 -6.37589671 -18.0
 -6.37589671 18.0
 -6.3749383 -3.0
 -6.36584255 1.0
 -6.36188481 3.0
 -6.36085285 -8.0
 -6.35916509 8.0
 -6.35209863 2.0
 -6.34795354 -3.0
 -6.32686418 -51.0
 -6.32686369 51.0
 -6.32680231 -49.0
 -6.32680181 49.0
 -6.32646663 -53.0
 -6.32646635 53.0
 -6.32629794 47.0
 -6.32629768 -47.0
 -6.3255881 -55.0
 -6.32558791 55.0
 -6.32536016 -45.0
 -6.3253599 45.0
 -6.32419897 -57.0
 -6.32419867 57.0
 -6.32399698 -43.0
 -6.32399678 43.0
 -6.32226097 -59.0
 -6.32226084 59.0
 -6.32220725 -41.0
 -6.32220724 41.0
 -6.31998834 -39.0
 -6.31998833 39.0
 -6.31972764 -61.0
 -6.31972755 61.0
 -6.31733027 -37.0
 -6.31733027 37.0
 -6.31653791 -63.0
 -6.3165377 63.0
 -6.31435268 6.0
 -6.31420167 35.0
 -6.31420167 -35.0
 -6.31261682 -65.0
 -6.3126168 65.0
 -6.31097173 0.0
 -6.31062346 -33.0
 -6.31062346 33.0
 -6.30786524 67.0
 -6.30786517 -67.0
 -6.30323066 9.0
 -6.30217543 -69.0
 -6.3021754 69.0
 -6.30195027 -9.0
 -6.29533549 71.0
 -6.29533548 -71.0
 -6.29325745 4.0
 -6.28731262 73.0
 -6.28731261 -73.0
 -6.28476354 -11.0
 -6.28391599 -1.0
 -6.28227199 11.0
 -6.27857028 2.0
 -6.27735793 75.0
 -6.27735793 -75.0
 -6.27357039 5.0
 -6.27170004 -2.0
 -6.2678924 1.0
 -6.26619347 -76.0
 -6.26619347 76.0
 -6.25818871 16.0
 -6.25796844 -16.0
 -6.25374551 19.0
 -6.25372438 -19.0
 -6.25114825 78.0
 -6.25114825 -78.0
 -6.2495359 -21.0
 -6.24952533 21.0
 -6.24608655 12.0
 -6.24604755 -12.0
 -6.24519895 4.0
 -6.24463674 24.0
 -6.24463606 -24.0
 -6.24393367 -5.0
 -6.24209776 9.0
 -6.23971644 -4.0
 -6.23924822 26.0
 -6.23924822 -26.0
 -6.23460989 80.0
 -6.23460989 -80.0
 -6.2332838 29.0
 -6.23328378 -29.0
 -6.23149404 -7.0
 -6.23126907 -9.0
 -6.23123998 7.0
 -6.22919835 -13.0
 -6.22898743 13.0
 -6.22756209 14.0
 -6.226843 31.0
 -6.22684299 -31.0
 -6.22665841 -14.0
 -6.21934016 -6.0
 -6.21746517 -11.0
 -6.21735666 11.0
 -6.21473872 -0.0
 -6.1978178 -6.0
 -6.19554438 -15.0
 -6.19554222 15.0
 -6.16971302 1.0
 -6.16040917 16.0
 -6.16039268 -16.0
 -6.14804895 6.0
 -6.13655024 6.0
 -6.13548891 -6.0
 -6.13167342 -1.0
 -6.12801799 -18.0
 -6.12801798 18.0
 -6.10921032 -7.0
 -6.09927588 7.0
 -6.09539479 1.0
 -6.08479861 3.0
 -6.08181778 -1.0
 -6.08108334 10.0
 -6.08004643 -10.0
 -6.06896094 -6.0
 -6.06881866 50.0
 -6.0688184 -50.0
 -6.06859245 48.0
 -6.06859237 -48.0
 -6.06857067 52.0
 -6.06857054 -52.0
 -6.0679073 46.0
 -6.06790728 -46.0
 -6.06785948 -3.0
 -6.06782769 54.0
 -6.06782768 -54.0
 -6.06677255 44.0
 -6.06677248 -44.0
 -6.06656156 56.0
 -6.0665614 -56.0
 -6.06585467 3.0
 -6.06519197 -42.0
 -6.06519195 42.0
 -6.06473522 -58.0
 -6.06473509 58.0
 -6.06316499 -40.0
 -6.06316499 40.0
 -6.06230155 -60.0
 -6.06230155 60.0
 -6.0618615 6.0
 -6.06068529 38.0
 -6.06068529 -38.0
 -6.05920142 62.0
 -6.05920136 -62.0
 -6.05774047 -36.0
 -6.05774047 36.0
 -6.05658652 -3.0
 -6.05535913 64.0
 -6.05535911 -64.0
 -6.05431363 -34.0
 -6.05431363 34.0
 -6.05067955 66.0
 -6.05067953 -66.0
 -6.04907436 -8.0
 -6.04840852 8.0
 -6.04688721 -4.0
 -6.04503837 68.0
 -6.04503835 -68.0
 -6.03908519 4.0
 -6.03828643 70.0
 -6.03828642 -70.0
 -6.03018892 71.0
 -6.03018892 -71.0
 -6.02055033 -73.0
 -6.02055033 73.0
 -6.00879541 -75.0
 -6.00879541 75.0
 -6.0079723 12.0
 -6.00634036 -12.0
 -6.00484228 -17.0
 -6.00483301 17.0
 -6.00413415 15.0
 -6.00404541 -15.0
 -6.00029263 20.0
 -6.00028915 -20.0
 -5.99981689 11.0
 -5.99976644 -11.0
 -5.99917006 7.0
 -5.9956547 22.0
 -5.99565323 -22.0
 -5.99477879 77.0
 -5.99477879 -77.0
 -5.99041948 25.0
 -5.9904192 -25.0
 -5.98983105 -7.0
 -5.98781058 -5.0
 -5.9872378 5.0
 -5.98462942 -27.0
 -5.98462941 27.0
 -5.9781943 30.0
 -5.9781943 -30.0
 -5.97710209 -79.0
 -5.97710209 79.0
 -5.97314528 -8.0
 -5.9723971 13.0
 -5.97239509 -13.0
 -5.96614307 8.0
 -5.94923653 14.0
 -5.94923591 -14.0
 -5.94507681 -10.0
 -5.94501034 10.0
 -5.91830829 -15.0
 -5.91830825 15.0
 -5.89183526 -8.0
 -5.89008035 8.0
 -5.88202339 17.0
 -5.88202338 -17.0
 -5.85814808 6.0
 -5.85168831 -6.0
 -5.84505424 0.0
 -5.842818 2.0
 -5.83671743 -1.0
 -5.83382097 -2.0
 -5.82692849 1.0
 -5.82432996 3.0
 -5.82142093 0.0
 -5.81890137 -0.0
 -5.81219642 0.0
 -5.81054227 49.0
 -5.81054221 -49.0
 -5.8104569 51.0
 -5.8104568 -51.0
 -5.81013767 47.0
 -5.81013767 -47.0
 -5.80986171 53.0
 -5.80986166 -53.0
 -5.80925674 45.0
 -5.80925672 -45.0
 -5.80872937 55.0
 -5.80872932 -55.0
 -5.80790684 43.0
 -5.80790683 -43.0
 -5.80702411 57.0
 -5.80702405 -57.0
 -5.80609043 41.0
 -5.80609043 -41.0
 -5.8049253 -5.0
 -5.80469966 59.0
 -5.80469963 -59.0
 -5.80380446 39.0
 -5.80380446 -39.0
 -5.80302604 -4.0
 -5.801697 61.0
 -5.80169699 -61.0
 -5.80104032 37.0
 -5.80104032 -37.0
 -5.79794157 63.0
 -5.79794154 -63.0
 -5.79778382 -35.0
 -5.79778382 35.0
 -5.79761333 5.0
 -5.79628337 8.0
 -5.7933381 -65.0
 -5.79333808 65.0
 -5.79073931 -8.0
 -5.78776518 -66.0
 -5.78776517 66.0
 -5.78106431 68.0
 -5.78106431 -68.0
 -5.77498992 9.0
 -5.77497823 -9.0
 -5.77303328 -70.0
 -5.77303328 70.0
 -5.77012139 -1.0
 -5.76760716 1.0
 -5.76565888 -9.0
 -5.7644457 11.0
 -5.76400291 -11.0
 -5.76399705 9.0
 -5.76338339 -72.0
 -5.76338339 72.0
 -5.75520137 -16.0
 -5.75515524 16.0
 -5.7548434 -4.0
 -5.75465234 4.0
 -5.75176859 -74.0
 -5.75176859 74.0
 -5.75110571 -19.0
 -5.75110051 19.0
 -5.75052293 -14.0
 -5.75025295 14.0
 -5.74971194 -11.0
 -5.74965953 11.0
 -5.74663133 21.0
 -5.74663032 -21.0
 -5.74222043 6.0
 -5.74158048 -24.0
 -5.74158037 24.0
 -5.73758861 76.0
 -5.73758861 -76.0
 -5.73626563 -6.0
 -5.73594238 -26.0
 -5.73594238 26.0
 -5.73157744 -12.0
 -5.73157215 12.0
 -5.72969598 -29.0
 -5.72969598 29.0
 -5.72016633 78.0
 -5.72016633 -78.0
 -5.7045822 13.0
 -5.70458117 -13.0
 -5.67305824 15.0
 -5.67305819 -15.0
 -5.63696369 16.0
 -5.63696356 -16.0
 -5.59214859 -3.0
 -5.58607047 3.0
 -5.5808929 0.0
 -5.57468692 -1.0
 -5.57419948 1.0
 -5.57025642 -3.0
 -5.56468246 3.0
 -5.5631524 -4.0
 -5.56254586 4.0
 -5.56033963 6.0
 -5.55995232 -6.0
 -5.55211235 -50.0
 -5.55211234 50.0
 -5.55202112 -48.0
 -5.5520211 48.0
 -5.55198828 -7.0
 -5.55177061 7.0
 -5.5516777 -52.0
 -5.55167769 52.0
 -5.5514225 -46.0
 -5.55142249 46.0
 -5.55069106 -54.0
 -5.55069105 54.0
 -5.55032833 -44.0
 -5.55032833 44.0
 -5.54911757 -56.0
 -5.54911755 56.0
 -5.54874441 -42.0
 -5.54874441 42.0
 -5.54691189 57.0
 -5.54691187 -57.0
 -5.54667082 40.0
 -5.54667082 -40.0
 -5.54410212 -38.0
 -5.54410212 38.0
 -5.54401589 59.0
 -5.54401589 -59.0
 -5.54102704 36.0
 -5.54102704 -36.0
 -5.54035547 -61.0
 -5.54035545 61.0
 -5.53617266 -10.0
 -5.53589518 10.0
 -5.53583612 -63.0
 -5.53583612 63.0
 -5.5303367 -65.0
 -5.5303367 65.0
 -5.52526022 8.0
 -5.52515866 -8.0
 -5.52370051 -67.0
 -5.52370051 67.0
 -5.51590418 -2.0
 -5.51572106 -69.0
 -5.51572106 69.0
 -5.51517506 -7.0
 -5.5137119 2.0
 -5.5134757 7.0
 -5.50689384 -12.0
 -5.50674436 -0.0
 -5.50658595 12.0
 -5.50612485 71.0
 -5.50612485 -71.0
 -5.50550672 -15.0
 -5.50548605 15.0
 -5.50526079 5.0
 -5.50522369 -5.0
 -5.50187545 17.0
 -5.50187265 -17.0
 -5.49757839 -20.0
 -5.49757763 20.0
 -5.49453009 73.0
 -5.49453009 -73.0
 -5.49271828 -22.0
 -5.49271812 22.0
 -5.48725532 -25.0
 -5.48725529 25.0
 -5.48589036 -11.0
 -5.48588332 11.0
 -5.48116737 27.0
 -5.48116737 -27.0
 -5.48041552 75.0
 -5.48041552 -75.0
 -5.47889616 10.0
 -5.47886658 -10.0
 -5.46298781 -76.0
 -5.46298781 76.0
 -5.45788174 -13.0
 -5.4578791 13.0
 -5.4279238 14.0
 -5.42792376 -14.0
 -5.39214437 15.0
 -5.39214437 -15.0
 -5.33177081 -6.0
 -5.32999501 6.0
 -5.3259973 1.0
 -5.32386405 -1.0
 -5.31697756 -2.0
 -5.31563826 2.0
 -5.31329835 -3.0
 -5.3126332 4.0
 -5.30858502 5.0
 -5.30769756 -5.0
 -5.29352274 -48.0
 -5.29352273 48.0
 -5.29326268 -50.0
 -5.29326267 50.0
 -5.29323936 -46.0
 -5.29323935 46.0
 -5.29243447 -52.0
 -5.29243446 52.0
 -5.29242948 -44.0
 -5.29242948 44.0
 -5.29110315 -42.0
 -5.29110315 42.0
 -5.29100442 -54.0
 -5.29100441 54.0
 -5.28926399 -40.0
 -5.28926399 40.0
 -5.28892818 -56.0
 -5.28892817 56.0
 -5.28690965 -38.0
 -5.28690965 38.0
 -5.28614852 -58.0
 -5.28614851 58.0
 -5.28403181 -36.0
 -5.28403181 36.0
 -5.28259212 -60.0
 -5.28259212 60.0
 -5.2788502 -8.0
 -5.2785024 8.0
 -5.27816513 -62.0
 -5.27816513 62.0
 -5.27274704 64.0
 -5.27274704 -64.0
 -5.26720284 1.0
 -5.2664032 -1.0
 -5.26618159 66.0
 -5.26618159 -66.0
 -5.26236841 -9.0
 -5.26234336 9.0
 -5.25961929 9.0
 -5.259515 -9.0
 -5.25862681 -11.0
 -5.2585614 11.0
 -5.25826359 -68.0
 -5.25826359 68.0
 -5.25823261 4.0
 -5.25781594 -4.0
 -5.25538577 14.0
 -5.25533494 -14.0
 -5.25258925 16.0
 -5.25258365 -16.0
 -5.24871831 70.0
 -5.24871831 -70.0
 -5.24848418 19.0
 -5.24848319 -19.0
 -5.24382152 -21.0
 -5.2438215 21.0
 -5.23930019 10.0
 -5.23929159 -10.0
 -5.23853941 24.0
 -5.2385394 -24.0
 -5.23717076 -72.0
 -5.23717076 72.0
 -5.23545549 6.0
 -5.23441974 -6.0
 -5.23262484 26.0
 -5.23262484 -26.0
 -5.22309031 73.0
 -5.22309031 -73.0
 -5.21346387 12.0
 -5.21346381 -12.0
 -5.20570736 75.0
 -5.20570736 -75.0
 -5.18288358 13.0
 -5.18288328 -13.0
 -5.14756184 -15.0
 -5.14756184 15.0
 -5.07026397 -0.0
 -5.06803728 -1.0
 -5.06743969 1.0
 -5.06135112 3.0
 -5.05854556 -3.0
 -5.05669246 4.0
 -5.0563282 -4.0
 -5.0470928 -6.0
 -5.04705939 6.0
 -5.03467227 47.0
 -5.03467227 -47.0
 -5.03460227 -49.0
 -5.03460227 49.0
 -5.03417967 45.0
 -5.03417967 -45.0
 -5.03394651 -51.0
 -5.03394651 51.0
 -5.03344966 7.0
 -5.03343184 -7.0
 -5.03313962 -43.0
 -5.03313962 43.0
 -5.03267263 53.0
 -5.03267263 -53.0
 -5.03156006 41.0
 -5.03156006 -41.0
 -5.03073748 55.0
 -5.03073748 -55.0
 -5.0294422 -39.0
 -5.0294422 39.0
 -5.0280848 -57.0
 -5.0280848 57.0
 -5.02678085 37.0
 -5.02678085 -37.0
 -5.02464213 -59.0
 -5.02464213 59.0
 -5.02031643 61.0
 -5.02031643 -61.0
 -5.01498787 63.0
 -5.01498787 -63.0
 -5.01462765 0.0
 -5.01409578 -8.0
 -5.0140762 8.0
 -5.01368449 2.0
 -5.01318191 10.0
 -5.01315787 -10.0
 -5.01314073 -2.0
 -5.01170249 7.0
 -5.01157239 -5.0
 -5.01154654 -7.0
 -5.01148879 5.0
 -5.00850086 65.0
 -5.00850086 -65.0
 -5.00402617 12.0
 -5.00398163 -12.0
 -5.00322466 15.0
 -5.00322115 -15.0
 -5.00065088 67.0
 -5.00065088 -67.0
 -4.99934703 -17.0
 -4.99934658 17.0
 -4.99488582 20.0
 -4.99488572 -20.0
 -4.99116441 68.0
 -4.99116441 -68.0
 -4.98979269 22.0
 -4.98979269 -22.0
 -4.98862544 10.0
 -4.98862475 -10.0
 -4.98706504 -3.0
 -4.9864697 3.0
 -4.98405724 25.0
 -4.98405723 -25.0
 -4.97966705 -70.0
 -4.97966705 70.0
 -4.96808937 11.0
 -4.96808886 -11.0
 -4.96563226 72.0
 -4.96563226 -72.0
 -4.94829226 74.0
 -4.94829226 -74.0
 -4.93975717 -12.0
 -4.93975583 12.0
 -4.90302559 -14.0
 -4.90302559 14.0
 -4.81608161 -1.0
 -4.81571497 1.0
 -4.81190839 2.0
 -4.81166534 -2.0
 -4.81144601 6.0
 -4.8112816 -6.0
 -4.80754208 3.0
 -4.80732006 -3.0
 -4.79752333 -5.0
 -4.79745389 5.0
 -4.77568082 48.0
 -4.77568082 -48.0
 -4.77554375 46.0
 -4.77554375 -46.0
 -4.77521289 50.0
 -4.77521289 -50.0
 -4.7748231 44.0
 -4.7748231 -44.0
 -4.77410917 52.0
 -4.77410917 -52.0
 -4.77353193 42.0
 -4.77353193 -42.0
 -4.7723278 54.0
 -4.7723278 -54.0
 -4.77167579 40.0
 -4.77167579 -40.0
 -4.76981369 56.0
 -4.76981369 -56.0
 -4.76925311 38.0
 -4.76925311 -38.0
 -4.76748008 8.0
 -4.76744872 -8.0
 -4.76649537 58.0
 -4.76649536 -58.0
 -4.76308937 -1.0
 -4.76295584 1.0
 -4.76228065 -60.0
 -4.76228065 60.0
 -4.76100441 -4.0
 -4.76038948 4.0
 -4.75800041 9.0
 -4.75798772 -9.0
 -4.75705051 61.0
 -4.75705051 -61.0
 -4.75668594 11.0
 -4.75667752 -11.0
 -4.75378932 -14.0
 -4.75378249 14.0
 -4.75065013 -63.0
 -4.75065013 63.0
 -4.75016327 -16.0
 -4.75016288 16.0
 -4.74836144 9.0
 -4.74835927 -9.0
 -4.74590741 -19.0
 -4.74590729 19.0
 -4.74287581 -65.0
 -4.74287581 65.0
 -4.74101121 -21.0
 -4.7410112 21.0
 -4.73632563 -6.0
 -4.73612249 6.0
 -4.73546274 -24.0
 -4.73546274 24.0
 -4.73345496 67.0
 -4.73345496 -67.0
 -4.72251964 -10.0
 -4.72251888 10.0
 -4.72201476 -69.0
 -4.72201476 69.0
 -4.70803087 71.0
 -4.70803087 -71.0
 -4.6930686 12.0
 -4.69306858 -12.0
 -4.69074044 -73.0
 -4.69074044 73.0
 -4.67395759 4.0
 -4.67389363 -4.0
 -4.65853753 -13.0
 -4.65853752 13.0
 -4.60216402 4.0
 -4.60209822 -4.0
 -4.56112127 1.0
 -4.56112067 -0.0
 -4.56093407 -1.0
 -4.55539663 -3.0
 -4.55499244 3.0
 -4.54853367 -4.0
 -4.5484182 4.0
 -4.53645936 6.0
 -4.53645303 -6.0
 -4.52103838 7.0
 -4.52103416 -7.0
 -4.5164812 -47.0
 -4.5164812 47.0
 -4.51621805 49.0
 -4.51621805 -49.0
 -4.51611832 -45.0
 -4.51611832 45.0
 -4.5152998 51.0
 -4.5152998 -51.0
 -4.51514877 43.0
 -4.51514877 -43.0
 -4.51386771 -0.0
 -4.51368613 -52.0
 -4.51368613 52.0
 -4.51358326 -41.0
 -4.51358326 41.0
 -4.51246722 -2.0
 -4.51237129 2.0
 -4.51142457 39.0
 -4.51142457 -39.0
 -4.51132325 -54.0
 -4.51132325 54.0
 -4.51069358 5.0
 -4.51064676 -5.0
 -4.50947261 -8.0
 -4.5094597 8.0
 -4.50814081 -56.0
 -4.50814081 56.0
 -4.50760991 10.0
 -4.50760867 -10.0
 -4.50419856 -13.0
 -4.50419408 13.0
 -4.50404765 -58.0
 -4.50404765 58.0
 -4.50092552 -15.0
 -4.50092503 15.0
 -4.50092249 8.0
 -4.50092095 -8.0
 -4.49892562 -60.0
 -4.49892562 60.0
 -4.49688258 18.0
 -4.49688254 -18.0
 -4.49262077 62.0
 -4.49262077 -62.0
 -4.49219196 -20.0
 -4.49219195 20.0
 -4.48683855 -23.0
 -4.48683855 23.0
 -4.48493027 -64.0
 -4.48493027 64.0
 -4.47632775 -10.0
 -4.47632758 10.0
 -4.47558263 -66.0
 -4.47558263 66.0
 -4.46420654 -68.0
 -4.46420654 68.0
 -4.45028018 -70.0
 -4.45028018 70.0
 -4.44815958 -11.0
 -4.44815957 11.0
 -4.43304524 -72.0
 -4.43304524 72.0
 -4.41415442 12.0
 -4.41415442 -12.0
 -4.3088972 1.0
 -4.3088214 -1.0
 -4.30543791 -2.0
 -4.30539465 2.0
 -4.29888164 -3.0
 -4.29885627 3.0
 -4.28808538 5.0
 -4.28808219 -5.0
 -4.27864991 6.0
 -4.27863976 -6.0
 -4.261073 1.0
 -4.26106009 -1.0
 -4.25995241 4.0
 -4.25984262 -4.0
 -4.25698463 -45.0
 -4.25698463 45.0
 -4.25694492 -47.0
 -4.25694492 47.0
 -4.25668561 -9.0
 -4.25668088 9.0
 -4.2563752 43.0
 -4.2563752 -43.0
 -4.25622901 49.0
 -4.25622901 -49.0
 -4.25513365 -41.0
 -4.25513365 41.0
 -4.2547983 -51.0
 -4.2547983 51.0
 -4.25476873 6.0
 -4.25476478 -6.0
 -4.25475154 -11.0
 -4.25475063 11.0
 -4.25456463 -8.0
 -4.25456197 8.0
 -4.25326797 39.0
 -4.25326797 -39.0
 -4.2526005 53.0
 -4.2526005 -53.0
 -4.25162559 14.0
 -4.25162492 -14.0
 -4.24956657 -55.0
 -4.24956657 55.0
 -4.2478076 16.0
 -4.2478076 -16.0
 -4.24560648 -57.0
 -4.24560648 57.0
 -4.24333167 19.0
 -4.24333166 -19.0
 -4.24060309 59.0
 -4.24060309 -59.0
 -4.23818199 21.0
 -4.23818199 -21.0
 -4.23440342 -61.0
 -4.23440342 61.0
 -4.23199507 -9.0
 -4.23199503 9.0
 -4.22680565 63.0
 -4.22680565 -63.0
 -4.21753941 65.0
 -4.21753941 -65.0
 -4.20623501 -67.0
 -4.20623501 67.0
 -4.20322432 10.0
 -4.20322428 -10.0
 -4.19237319 -69.0
 -4.19237319 69.0
 -4.17520029 -70.0
 -4.17520029 70.0
 -4.16973993 -12.0
 -4.16973993 12.0
 -4.1518328 0.0
 -4.05501276 0.0
 -4.05417987 -1.0
 -4.0541469 1.0
 -4.04825239 3.0
 -4.04822142 -3.0
 -4.03935998 4.0
 -4.03935167 -4.0
 -4.02591184 -5.0
 -4.02591079 5.0
 -4.01136353 -0.0
 -4.01031757 3.0
 -4.01030609 -3.0
 -4.00900669 -5.0
 -4.00899954 5.0
 -4.0081788 -7.0
 -4.00817821 7.0
 -4.00751121 8.0
 -4.00751016 -8.0
 -4.0052097 -10.0
 -4.00520918 10.0
 -4.00225371 13.0
 -4.00225339 -13.0
 -3.99867839 15.0
 -3.99867834 -15.0
 -3.9973748 46.0
 -3.9973748 -46.0
 -3.99717044 44.0
 -3.99717044 -44.0
 -3.99687981 -48.0
 -3.99687981 48.0
 -3.99629148 42.0
 -3.99629148 -42.0
 -3.99564885 -50.0
 -3.99564885 50.0
 -3.99475224 40.0
 -3.99475224 -40.0
 -3.99442684 -18.0
 -3.99442684 18.0
 -3.99363134 -52.0
 -3.99363134 52.0
 -3.99075973 -54.0
 -3.99075973 54.0
 -3.98949013 20.0
 -3.98949013 -20.0
 -3.98694528 56.0
 -3.98694528 -56.0
 -3.98565437 -8.0
 -3.98565432 8.0
 -3.98207202 58.0
 -3.98207202 -58.0
 -3.97598805 60.0
 -3.97598805 -60.0
 -3.96849264 -62.0
 -3.96849264 62.0
 -3.95931669 63.0
 -3.95931669 -63.0
 -3.95821599 10.0
 -3.95821598 -10.0
 -3.94809218 -65.0
 -3.94809218 65.0
 -3.9343025 67.0
 -3.9343025 -67.0
 -3.9254018 -11.0
 -3.9254018 11.0
 -3.9171987 69.0
 -3.9171987 -69.0
 -3.8077993 -0.0
 -3.80209341 -1.0
 -3.80207911 1.0
 -3.79813199 2.0
 -3.79812542 -2.0
 -3.79025396 3.0
 -3.79025193 -3.0
 -3.77805067 -5.0
 -3.77805028 5.0
 -3.76212864 -6.0
 -3.76212808 6.0
 -3.7594788 1.0
 -3.7594781 -1.0
 -3.75855584 -4.0
 -3.75854453 4.0
 -3.75698651 -6.0
 -3.75698562 6.0
 -3.75528206 9.0
 -3.75528123 -9.0
 -3.75281678 11.0
 -3.75281671 -11.0
 -3.7494904 -14.0
 -3.74949036 14.0
 -3.74547365 16.0
 -3.74547365 -16.0
 -3.74075977 -19.0
 -3.74075977 19.0
 -3.73988394 7.0
 -3.73988377 -7.0
 -3.73748714 45.0
 -3.73748714 -45.0
 -3.7372336 -47.0
 -3.7372336 47.0
 -3.73701584 43.0
 -3.73701584 -43.0
 -3.73622088 -49.0
 -3.73622088 49.0
 -3.7358418 -41.0
 -3.7358418 41.0
 -3.73440038 51.0
 -3.73440038 -51.0
 -3.73170623 -53.0
 -3.73170623 53.0
 -3.72805119 55.0
 -3.72805119 -55.0
 -3.7233206 -56.0
 -3.7233206 56.0
 -3.71736379 -58.0
 -3.71736379 58.0
 -3.7135198 -9.0
 -3.71351978 9.0
 -3.70998124 60.0
 -3.70998124 -60.0
 -3.70090522 -62.0
 -3.70090522 62.0
 -3.6897695 -64.0
 -3.6897695 64.0
 -3.68110101 -10.0
 -3.68110101 10.0
 -3.67606021 66.0
 -3.67606021 -66.0
 -3.65903315 68.0
 -3.65903315 -68.0
 -3.54897355 0.0
 -3.54698779 1.0
 -3.5469839 -1.0
 -3.54044078 -3.0
 -3.54043875 3.0
 -3.52984433 -4.0
 -3.52984373 4.0
 -3.51440666 5.0
 -3.51440656 -5.0
 -3.50891894 0.0
 -3.50850407 -3.0
 -3.50850283 3.0
 -3.50737983 5.0
 -3.50737924 -5.0
 -3.50571761 -8.0
 -3.50571752 8.0
 -3.5033061 10.0
 -3.50330605 -10.0
 -3.50023842 -13.0
 -3.5002384 13.0
 -3.49646789 -15.0
 -3.49646788 15.0
 -3.49402374 7.0
 -3.4940237 -7.0
 -3.4919874 -18.0
 -3.4919874 18.0
 -3.47726991 -45.0
 -3.47726991 45.0
 -3.47725925 -43.0
 -3.47725925 43.0
 -3.47649588 47.0
 -3.47649588 -47.0
 -3.47649561 -41.0
 -3.47649561 41.0
 -3.4748908 49.0
 -3.4748908 -49.0
 -3.47239076 51.0
 -3.47239076 -51.0
 -3.46891021 53.0
 -3.46891021 -53.0
 -3.46828215 -8.0
 -3.46828215 8.0
 -3.46433602 -55.0
 -3.46433602 55.0
 -3.45851888 -57.0
 -3.45851888 57.0
 -3.45126064 -59.0
 -3.45126064 59.0
 -3.44229505 61.0
 -3.44229505 -61.0
 -3.43682922 -9.0
 -3.43682922 9.0
 -3.43125778 63.0
 -3.43125778 -63.0
 -3.41763779 -65.0
 -3.41763779 65.0
 -3.40069576 -67.0
 -3.40069576 67.0
 -3.33458105 0.0
 -3.29494999 1.0
 -3.29494873 -1.0
 -3.29040558 -2.0
 -3.29040484 2.0
 -3.28118605 -3.0
 -3.28118592 3.0
 -3.26715834 5.0
 -3.26715831 -5.0
 -3.25792351 -1.0
 -3.25792324 1.0
 -3.25710696 4.0
 -3.2571058 -4.0
 -3.25637982 -0.0
 -3.25573274 6.0
 -3.25573267 -6.0
 -3.2537641 -9.0
 -3.25376401 9.0
 -3.25091652 -11.0
 -3.25091652 11.0
 -3.24811506 6.0
 -3.24811505 -6.0
 -3.24740491 14.0
 -3.24740491 -14.0
 -3.24316918 -16.0
 -3.24316918 16.0
 -3.22322362 -7.0
 -3.22322361 7.0
 -3.21696621 -44.0
 -3.21696621 44.0
 -3.21666608 42.0
 -3.21666608 -42.0
 -3.2164535 -46.0
 -3.2164535 46.0
 -3.21508418 48.0
 -3.21508418 -48.0
 -3.21279659 -50.0
 -3.21279659 50.0
 -3.20950712 52.0
 -3.20950712 -52.0
 -3.20510436 -54.0
 -3.20510436 54.0
 -3.19944057 56.0
 -3.19944057 -56.0
 -3.19254583 -9.0
 -3.19254583 9.0
 -3.19231913 58.0
 -3.19231913 -58.0
 -3.18347541 -60.0
 -3.18347541 60.0
 -3.1725471 62.0
 -3.1725471 -62.0
 -3.15902612 64.0
 -3.15902612 -64.0
 -3.1421781 65.0
 -3.1421781 -65.0
 -3.04231858 -0.0
 -3.03944366 -1.0
 -3.03944335 1.0
 -3.03200552 3.0
 -3.03200543 -3.0
 -3.01954944 4.0
 -3.01954941 -4.0
 -3.00688945 3.0
 -3.00688929 -3.0
 -3.00688444 0.0
 -3.00582915 -5.0
 -3.00582911 5.0
 -3.00403955 8.0
 -3.00403955 -8.0
 -3.00167363 -5.0
 -3.00167363 5.0
 -3.00151885 -10.0
 -3.00151885 10.0
 -2.99827967 13.0
 -2.99827967 -13.0
 -2.99430088 15.0
 -2.99430088 -15.0
 -2.9780918 -7.0
 -2.9780918 7.0
 -2.95629758 -43.0
 -2.95629758 43.0
 -2.95607132 45.0
 -2.95607132 -45.0
 -2.95496028 47.0
 -2.95496028 -47.0
 -2.95290538 49.0
 -2.95290538 -49.0
 -2.94982526 51.0
 -2.94982526 -51.0
 -2.9483543 8.0
 -2.9483543 -8.0
 -2.94561046 -53.0
 -2.94561046 53.0
 -2.94011503 -55.0
 -2.94011503 55.0
 -2.93314404 57.0
 -2.93314404 -57.0
 -2.92443467 59.0
 -2.92443467 -59.0
 -2.91362678 -60.0
 -2.91362678 60.0
 -2.90021536 62.0
 -2.90021536 -62.0
 -2.88347111 -64.0
 -2.88347111 64.0
 -2.78752784 -1.0
 -2.78752778 1.0
 -2.7822373 2.0
 -2.78223724 -2.0
 -2.77149397 3.0
 -2.77149397 -3.0
 -2.75646744 1.0
 -2.75646744 -1.0
 -2.75568583 -4.0
 -2.75568572 4.0
 -2.75516287 -5.0
 -2.75516287 5.0
 -2.75424214 -6.0
 -2.75424214 6.0
 -2.75204123 9.0
 -2.75204122 -9.0
 -2.74908657 -11.0
 -2.74908657 11.0
 -2.74537782 14.0
 -2.74537782 -14.0
 -2.73286862 6.0
 -2.73286862 -6.0
 -2.70412897 7.0
 -2.70412897 -7.0
 -2.69532457 44.0
 -2.69532457 -44.0
 -2.69449682 46.0
 -2.69449682 -46.0
 -2.69269703 -48.0
 -2.69269703 48.0
 -2.68984641 50.0
 -2.68984641 -50.0
 -2.68583776 -51.0
 -2.68583776 51.0
 -2.68052716 53.0
 -2.68052716 -53.0
 -2.6737216 -55.0
 -2.6737216 55.0
 -2.66516024 -57.0
 -2.66516024 57.0
 -2.65448526 -59.0
 -2.65448526 59.0
 -2.64119489 61.0
 -2.64119489 -61.0
 -2.62456503 -63.0
 -2.62456503 63.0
 -2.53506999 0.0
 -2.5315844 1.0
 -2.53158438 -1.0
 -2.52293805 -3.0
 -2.52293804 3.0
 -2.50831024 -4.0
 -2.50831024 4.0
 -2.50546395 -3.0
 -2.50546393 3.0
 -2.50528478 -0.0
 -2.50437351 5.0
 -2.50437351 -5.0
 -2.50247448 -8.0
 -2.50247448 8.0
 -2.49981942 -10.0
 -2.49981942 10.0
 -2.49639485 -13.0
 -2.49639485 13.0
 -2.48741701 5.0
 -2.48741701 -5.0
 -2.45988923 -7.0
 -2.45988923 7.0
 -2.43366919 -44.0
 -2.43366919 44.0
 -2.43214939 46.0
 -2.43214939 -46.0
 -2.42955058 -48.0
 -2.42955058 48.0
 -2.42576816 -50.0
 -2.42576816 50.0
 -2.42066053 -52.0
 -2.42066053 52.0
 -2.41403683 54.0
 -2.41403683 -54.0
 -2.40563844 -56.0
 -2.40563844 56.0
 -2.39511003 58.0
 -2.39511003 -58.0
 -2.38195325 60.0
 -2.38195325 -60.0
 -2.36544934 -62.0
 -2.36544934 62.0
 -2.27988498 1.0
 -2.27988498 -1.0
 -2.27365547 -2.0
 -2.27365547 2.0
 -2.26103147 -3.0
 -2.26103147 3.0
 -2.25514168 1.0
 -2.25514167 -1.0
 -2.25435064 4.0
 -2.25435063 -4.0
 -2.25280822 6.0
 -2.25280822 -6.0
 -2.25047138 -9.0
 -2.25047138 9.0
 -2.24734629 11.0
 -2.24734629 -11.0
 -2.24181525 -5.0
 -2.24181525 5.0
 -2.2156128 -6.0
 -2.2156128 6.0
 -2.17123801 -45.0
 -2.17123801 45.0
 -2.16891577 47.0
 -2.16891577 -47.0
 -2.1653818 49.0
 -2.1653818 -49.0
 -2.16049714 -51.0
 -2.16049714 51.0
 -2.1540734 -53.0
 -2.1540734 53.0
 -2.14585438 55.0
 -2.14585438 -55.0
 -2.13548752 57.0
 -2.13548752 -57.0
 -2.12247804 59.0
 -2.12247804 -59.0
 -2.10611269 60.0
 -2.10611269 -60.0
 -2.02749273 -0.0
 -2.02347341 -1.0
 -2.02347341 1.0
 -2.01324855 3.0
 -2.01324855 -3.0
 -2.00420142 3.0
 -2.00420142 -3.0
 -2.00401973 0.0
 -2.00304072 -5.0
 -2.00304072 5.0
 -2.00103506 8.0
 -2.00103506 -8.0
 -1.9982258 10.0
 -1.9982258 -10.0
 -1.99592681 4.0
 -1.99592681 -4.0
 -1.97125124 -5.0
 -1.97125124 5.0
 -1.90791771 -46.0
 -1.90791771 46.0
 -1.90465682 48.0
 -1.90465682 -48.0
 -1.90001727 50.0
 -1.90001727 -50.0
 -1.89381343 -52.0
 -1.89381343 52.0
 -1.88579185 -53.0
 -1.88579185 53.0
 -1.87560296 55.0
 -1.87560296 -55.0
 -1.86275579 -57.0
 -1.86275579 57.0
 -1.84654279 59.0
 -1.84654279 -59.0
 -1.77214189 -1.0
 -1.77214189 1.0
 -1.76470276 2.0
 -1.76470276 -2.0
 -1.75397053 -1.0
 -1.75397053 1.0
 -1.75314512 -4.0
 -1.75314512 4.0
 -1.75150224 -6.0
 -1.75150224 6.0
 -1.74966516 3.0
 -1.74966516 -3.0
 -1.74902638 9.0
 -1.74902638 -9.0
 -1.72679007 5.0
 -1.72679007 -5.0
 -1.64356915 -46.0
 -1.64356915 46.0
 -1.63919923 48.0
 -1.63919923 -48.0
 -1.63323736 50.0
 -1.63323736 -50.0
 -1.62543314 52.0
 -1.62543314 -52.0
 -1.61544028 -54.0
 -1.61544028 54.0
 -1.60277188 -56.0
 -1.60277188 56.0
 -1.58672633 58.0
 -1.58672633 -58.0
 -1.51988542 0.0
 -1.51523051 1.0
 -1.51523051 -1.0
 -1.50309852 -3.0
 -1.50309852 3.0
 -1.5029893 -0.0
 -1.50293871 -3.0
 -1.50293871 3.0
 -1.50186237 5.0
 -1.50186237 -5.0
 -1.49974022 -8.0
 -1.49974022 8.0
 -1.48214889 4.0
 -1.48214889 -4.0
 -1.37801914 -47.0
 -1.37801914 47.0
 -1.37232368 -49.0
 -1.37232368 49.0
 -1.36475883 51.0
 -1.36475883 -51.0
 -1.35498191 53.0
 -1.35498191 -53.0
 -1.34251039 -55.0
 -1.34251039 55.0
 -1.32664885 57.0
 -1.32664885 -57.0
 -1.2645082 1.0
 -1.2645082 -1.0
 -1.25546484 2.0
 -1.25546484 -2.0
 -1.25297893 1.0
 -1.25297893 -1.0
 -1.25210586 4.0
 -1.25210586 -4.0
 -1.2503586 6.0
 -1.2503586 -6.0
 -1.23724633 -3.0
 -1.23724633 3.0
 -1.11104871 -48.0
 -1.11104871 48.0
 -1.1037476 -50.0
 -1.1037476 50.0
 -1.09420863 -52.0
 -1.09420863 52.0
 -1.08195393 54.0
 -1.08195393 -54.0
 -1.06629459 55.0
 -1.06629459 -55.0
 -1.01265038 -0.0
 -1.00707455 -1.0
 -1.00707455 1.0
 -1.00213657 3.0
 -1.00213657 -3.0
 -1.00211925 -0.0
 -1.00087178 -5.0
 -1.00087178 5.0
 -0.99204607 3.0
 -0.99204607 -3.0
 -0.84237601 -48.0
 -0.84237601 48.0
 -0.83309933 50.0
 -0.83309933 -50.0
 -0.82108349 -52.0
 -0.82108349 52.0
 -0.80564639 -54.0
 -0.80564639 54.0
 -0.7573656 -1.0
 -0.7573656 1.0
 -0.75219739 -1.0
 -0.75219739 1.0
 -0.75126877 -4.0
 -0.75126877 4.0
 -0.74611022 -2.0
 -0.74611022 2.0
 -0.5716308 -49.0
 -0.5716308 49.0
 -0.5598782 51.0
 -0.5598782 -51.0
 -0.54468546 -53.0
 -0.54468546 53.0
 -0.50651424 0.0
 -0.5015373 3.0
 -0.5015373 -3.0
 -0.50127823 0.0
 -0.4994164 1.0
 -0.4994164 -1.0
 -0.29831512 -50.0
 -0.29831512 50.0
 -0.28339121 52.0
 -0.28339121 -52.0
 -0.25166397 -1.0
 -0.25166397 1.0
 -0.25144541 1.0
 -0.25144541 -1.0
 -0.02174101 -50.0
 -0.02174101 50.0
 -0.00310942 0.0
 0.0 0.0
