0.0 -0.5 331166.6787138347 0.0
0.0 -0.49 256639.03603060025 0.0
0.0 -0.48 198888.18585041392 0.0
0.0 -0.47 154136.49036211928 0.0
0.0 -0.45999999999999996 119457.15721257312 0.0
0.0 -0.44999999999999996 92582.54957933951 0.0
0.0 -0.43999999999999995 71755.69442796044 0.0
0.0 -0.42999999999999994 55615.25142524004 0.0
0.0 -0.41999999999999993 43106.400556467015 0.0
0.0 -0.4099999999999999 33411.80688937547 0.0
0.0 -0.3999999999999999 25898.137851787236 0.0
0.0 -0.3899999999999999 20074.628346372687 0.0
0.0 -0.3799999999999999 15560.978999067689 0.0
0.0 -0.3699999999999999 12062.48469879291 0.0
0.0 -0.3599999999999999 9350.764504138804 0.0
0.0 -0.34999999999999987 7248.83107497203 0.0
0.0 -0.33999999999999986 5619.522124014767 0.0
0.0 -0.32999999999999985 4356.536632199261 0.0
0.0 -0.31999999999999984 3377.4891811190314 0.0
0.0 -0.30999999999999983 2618.5279167806953 0.0
0.0 -0.2999999999999998 2030.1640382412793 0.0
0.0 -0.2899999999999998 1574.0400154406173 0.0
0.0 -0.2799999999999998 1220.4251819640995 0.0
0.0 -0.2699999999999998 946.2749477645085 0.0
0.0 -0.2599999999999998 733.7267533699983 0.0
0.0 -0.24999999999999978 568.9344570083632 0.0
0.0 -0.23999999999999977 441.16498098802606 0.0
0.0 -0.22999999999999976 342.0981933855025 0.0
0.0 -0.21999999999999975 265.28428866235055 0.0
0.0 -0.20999999999999974 205.72322626693318 0.0
0.0 -0.19999999999999973 159.53876353149514 0.0
0.0 -0.18999999999999972 123.72580036909524 0.0
0.0 -0.17999999999999972 95.95454289767878 0.0
0.0 -0.1699999999999997 74.41870454009597 0.0
0.0 -0.1599999999999997 57.71783915172198 0.0
0.0 -0.1499999999999997 44.76612941120866 0.0
0.0 -0.13999999999999968 34.72168081097881 0.0
0.0 -0.12999999999999967 26.93171001905375 0.0
0.0 -0.11999999999999968 20.890053642525142 0.0
0.0 -0.10999999999999968 16.20422729588846 0.0
0.0 -0.09999999999999969 12.56988789230374 0.0
0.0 -0.08999999999999969 9.751034935073267 0.0
0.0 -0.0799999999999997 7.564660830286664 0.0
0.0 -0.0699999999999997 5.8688503105808145 0.0
0.0 -0.0599999999999997 4.5535538944785605 0.0
0.0 -0.0499999999999997 3.5334345838235386 0.0
0.0 -0.039999999999999696 2.7423220988718056 0.0
0.0 -0.029999999999999694 2.128913683133128 0.0
0.0 -0.01999999999999969 1.653441711821223 0.0
0.0 -0.009999999999999691 1.2850913063307583 0.0
0.0 3.0878077872387166e-16 0.9999999999999925 0.0
0.0 0.010000000000000309 0.7797094033079148 0.0
0.0 0.02000000000000031 0.6099682517407409 0.0
0.0 0.03000000000000031 0.4798091068712202 0.0
0.0 0.04000000000000031 0.3808388140768456 0.0
0.0 0.050000000000000315 0.3066967630667322 0.0
0.0 0.06000000000000032 0.2526459613770699 0.0
0.0 0.07000000000000031 0.2152706344264876 0.0
0.0 0.08000000000000031 0.192261080777503 0.0
0.0 0.0900000000000003 0.1822723018554239 0.0
0.0 0.1000000000000003 0.1848478780405567 0.0
0.0 0.11000000000000029 0.2004050128452536 0.0
0.0 0.12000000000000029 0.2302809203363286 0.0
0.0 0.13000000000000028 0.2768450874119214 0.0
0.0 0.1400000000000003 0.3436867155369122 0.0
0.0 0.1500000000000003 0.4358921867608549 0.0
0.0 0.1600000000000003 0.5604341202938216 0.0
0.0 0.17000000000000032 0.7267019973908999 0.0
0.0 0.18000000000000033 0.9472150765342728 0.0
0.0 0.19000000000000034 1.238572224520272 0.0
0.0 0.20000000000000034 1.622711427226905 0.0
0.0 0.21000000000000035 2.128575524841883 0.0
0.0 0.22000000000000036 2.794311992841849 0.0
0.0 0.23000000000000037 3.670175806008438 0.0
0.0 0.24000000000000038 4.822358808068295 0.0
0.0 0.2500000000000004 6.33804083773237 0.0
0.0 0.2600000000000004 8.332052792819082 0.0
0.0 0.2700000000000004 10.955667348888838 0.0
0.0 0.2800000000000004 14.408199135047356 0.0
0.0 0.2900000000000004 18.952316006915396 0.0
0.0 0.30000000000000043 24.934254169450263 0.0
0.0 0.31000000000000044 32.810515568709725 0.0
0.0 0.32000000000000045 43.18313713042852 0.0
0.0 0.33000000000000046 56.846299217093645 0.0
0.0 0.34000000000000047 74.84793984733552 0.0
0.0 0.3500000000000005 98.57123465494402 0.0
0.0 0.3600000000000005 129.8423873518887 0.0
0.0 0.3700000000000005 171.0732810256009 0.0
0.0 0.3800000000000005 225.45033958285646 0.0
0.0 0.3900000000000005 297.18467148504277 0.0
0.0 0.4000000000000005 391.84352239754605 0.0
0.0 0.41000000000000053 516.789660929261 0.0
0.0 0.42000000000000054 681.7641126355303 0.0
0.0 0.43000000000000055 899.6593787104754 0.0
0.0 0.44000000000000056 1187.5459145088275 0.0
0.0 0.45000000000000057 1568.0355230271034 0.0
0.0 0.4600000000000006 2071.093216489877 0.0
0.0 0.4700000000000006 2736.446402032937 0.0
0.0 0.4800000000000006 3616.790164511352 0.0
0.0 0.4900000000000006 4782.054270260154 0.0
0.0 0.5000000000000006 6325.087119951255 0.0
0.1 -0.5 -274497.65370435687 184569.98638911577
0.1 -0.49 -212689.1671575579 143082.76913136893
0.1 -0.48 -164801.85175122603 110923.60155961842
0.1 -0.47 -127699.38359955646 85994.56175191386
0.1 -0.45999999999999996 -98952.21659455833 66669.69132674536
0.1 -0.44999999999999996 -76678.2657490131 51688.789922298456
0.1 -0.43999999999999995 -59419.51211377831 40075.11552717347
0.1 -0.42999999999999994 -46046.42777637694 31071.608226258053
0.1 -0.41999999999999993 -35683.947085125365 24091.46711439895
0.1 -0.4099999999999999 -27654.125469605497 18679.849247092843
0.1 -0.3999999999999999 -21431.723130107595 14484.187073562942
0.1 -0.3899999999999999 -16609.799515785355 11231.184496469417
0.1 -0.3799999999999999 -12873.061703352087 8708.988445192144
0.1 -0.3699999999999999 -9977.218729023964 6753.37123683823
0.1 -0.3599999999999999 -7732.988067816089 5237.021186651424
0.1 -0.34999999999999987 -5993.705697890431 4061.24208094425
0.1 -0.33999999999999986 -4645.727589470925 3149.51953760721
0.1 -0.32999999999999985 -3600.9935479255523 2442.534252673551
0.1 -0.31999999999999984 -2791.266144654016 1894.2966468323798
0.1 -0.30999999999999983 -2163.667299712779 1469.1506660545783
0.1 -0.2999999999999998 -1677.2201479573207 1139.451245887551
0.1 -0.2899999999999998 -1300.1697103336965 883.7639309001758
0.1 -0.2799999999999998 -1007.9069285092484 685.4692248116612
0.1 -0.2699999999999998 -781.3601535082095 531.680661083144
0.1 -0.2599999999999998 -605.7488012211036 412.40605456462015
0.1 -0.24999999999999978 -469.6176084186673 319.89725985992413
0.1 -0.23999999999999977 -364.0882980402685 248.14605793212735
0.1 -0.22999999999999976 -282.2796970345651 192.49332231568536
0.1 -0.21999999999999975 -218.8583771998792 149.32600253053297
0.1 -0.20999999999999974 -169.69043217873158 115.84218721758354
0.1 -0.19999999999999973 -131.5716219136224 89.86894689754027
0.1 -0.18999999999999972 -102.01824316113421 69.72109574487187
0.1 -0.17999999999999972 -79.10505702384967 54.091677837783685
0.1 -0.1699999999999997 -61.33968211286336 41.96704995655423
0.1 -0.1599999999999997 -47.56524647070371 32.56103498042254
0.1 -0.1499999999999997 -36.884938912749746 25.26386176942977
0.1 -0.13999999999999968 -28.603531946398107 19.602570098470053
0.1 -0.12999999999999967 -22.182057608106554 15.210305505819827
0.1 -0.11999999999999968 -17.202677013449293 11.802507479058166
0.1 -0.10999999999999968 -13.341450384660025 9.158442937326562
0.1 -0.09999999999999969 -10.34723037498495 7.106884709744619
0.1 -0.08999999999999969 -8.025301406493805 5.515004312260881
0.1 -0.0799999999999997 -6.224697631779122 4.279757351668435
0.1 -0.0699999999999997 -4.828372284172049 3.3212019497408485
0.1 -0.0599999999999997 -3.7455772966129666 2.5773162356003905
0.1 -0.0499999999999997 -2.9059563119007814 1.9999783812384972
0.1 -0.039999999999999696 -2.254966003739293 1.5518481952691092
0.1 -0.029999999999999694 -1.7503272840795667 1.2039478595900728
0.1 -0.01999999999999969 -1.359275149292791 0.9337848035374398
0.1 -0.009999999999999691 -1.0564280039870277 0.7238949143505363
0.1 3.0878077872387166e-16 -0.8221376988910852 0.5607115709166227
0.1 0.010000000000000309 -0.641212866591934 0.4336871341427159
0.1 0.02000000000000031 -0.5019324833683463 0.3346099064795932
0.1 0.03000000000000031 -0.3952855170878632 0.257072249414397
0.1 0.04000000000000031 -0.3143872771777964 0.1960553444757308
0.1 0.050000000000000315 -0.2540346279439065 0.1476036363408078
0.1 0.06000000000000032 -0.2103713169632235 0.1085677957723821
0.1 0.07000000000000031 -0.1806419025764997 0.0763994608118824
0.1 0.08000000000000031 -0.1630186152730958 0.0489843424150656
0.1 0.0900000000000003 -0.1564903451192336 0.0245027295261584
0.1 0.1000000000000003 -0.1608071368423272 0.0013081546881554
0.1 0.11000000000000029 -0.1764773806339566 -0.0221839068607599
0.1 0.12000000000000029 -0.2048185740014514 -0.0476048665834043
0.1 0.13000000000000028 -0.2480663593844275 -0.0767468936931468
0.1 0.1400000000000003 -0.3095507913344437 -0.1116898133213193
0.1 0.1500000000000003 -0.393953770142946 -0.1549500518466394
0.1 0.1600000000000003 -0.5076676705885104 -0.209662327148588
0.1 0.17000000000000032 -0.6592828586973819 -0.2798072292017589
0.1 0.18000000000000033 -0.8602416147615851 -0.3705012362642713
0.1 0.19000000000000034 -1.1257087269706945 -0.4883703151102625
0.1 0.20000000000000034 -1.4757256772083653 -0.6420343988942936
0.1 0.21000000000000035 -1.9367372081465863 -0.8427381740759585
0.1 0.22000000000000036 -2.5436078501860524 -1.1051743342121563
0.1 0.23000000000000037 -3.342283958037594 -1.4485595576348371
0.1 0.24000000000000038 -4.3933069491175125 -1.8980419678060287
0.1 0.2500000000000004 -5.776449707948858 -2.4865430893347034
0.1 0.2600000000000004 -7.596835768883702 -3.257169086928963
0.1 0.2700000000000004 -9.993016871993865 -4.266367682130393
0.1 0.2800000000000004 -13.147638038188816 -5.588061608936869
0.1 0.2900000000000004 -17.30152269102408 -7.319060749484578
0.1 0.30000000000000043 -22.772279854151137 -9.586148353189143
0.1 0.31000000000000044 -29.97889272823042 -12.555358738113584
0.1 0.32000000000000045 -39.47422179734583 -16.444123416175835
0.1 0.33000000000000046 -51.98798435354644 -21.537171177061673
0.1 0.34000000000000047 -68.48360698080086 -28.20734031320742
0.1 0.3500000000000005 -90.23345607712432 -36.942817428851555
0.1 0.3600000000000005 -118.91842451975289 -48.38278263035033
0.1 0.3700000000000005 -156.75981093984922 -63.36404851318228
0.1 0.3800000000000005 -206.69403305667714 -82.9820733894519
0.1 0.3900000000000005 -272.60418352455423 -108.67076370798573
0.1 0.4000000000000005 -359.62705362587036 -142.3068293951585
0.1 0.41000000000000053 -474.5604018563541 -186.3462132666241
0.1 0.42000000000000054 -626.4034461703985 -244.0024039343508
0.1 0.43000000000000055 -827.0745003370104 -319.4794187540162
0.1 0.44000000000000056 -1092.3642812241885 -418.27611322365607
0.1 0.45000000000000057 -1443.2029252306593 -547.5834984581361
0.1 0.4600000000000006 -1907.3448335653684 -716.8032663315183
0.1 0.4700000000000006 -2521.6103546535423 -938.22416492622
0.1 0.4800000000000006 -3334.8700156662835 -1227.9037872195922
0.1 0.4900000000000006 -4412.019582411755 -1606.81743602897
0.1 0.5000000000000006 -5839.278111069334 -2102.353898010549
0.2 -0.5 124382.00134623704 -305255.0050385755
0.2 -0.49 96279.15595159112 -236601.5029918704
0.2 -0.48 74527.30683416793 -183392.80433854365
0.2 -0.47 57690.85520863196 -142153.381413132
0.2 -0.45999999999999996 44658.784578969324 -110190.01278852888
0.2 -0.44999999999999996 34571.25704229908 -85415.64667114549
0.2 -0.43999999999999995 26762.813614062594 -66212.93212551624
0.2 -0.42999999999999994 20718.42182912726 -51328.48214103332
0.2 -0.41999999999999993 16039.464060027574 -39790.94609844948
0.2 -0.4099999999999999 12417.417728506789 -30847.528907623877
0.2 -0.3999999999999999 9613.4874445718 -23914.80228609102
0.2 -0.3899999999999999 7442.842794524452 -18540.589572932542
0.2 -0.3799999999999999 5762.420089092296 -14374.430498296046
0.2 -0.3699999999999999 4461.482043859363 -11144.693991696406
0.2 -0.3599999999999999 3454.311699014654 -8640.842230638973
0.2 -0.34999999999999987 2674.5579637385217 -6699.686223474736
0.2 -0.33999999999999986 2070.85932960868 -5194.734376434571
0.2 -0.32999999999999985 1603.45676074272 -4027.937825072708
0.2 -0.31999999999999984 1241.5721244041422 -3123.293068962818
0.2 -0.30999999999999983 961.3790979770341 -2421.8839024378367
0.2 -0.2999999999999998 744.4326215260403 -1878.0387367509106
0.2 -0.2899999999999998 576.453247561127 -1456.3523214095121
0.2 -0.2799999999999998 446.38617343147666 -1129.3773675131367
0.2 -0.2699999999999998 345.67287620795355 -875.8353512912294
0.2 -0.2599999999999998 267.6873036712137 -679.229696260842
0.2 -0.24999999999999978 207.2994355913374 -526.7708167816
0.2 -0.23999999999999977 160.5374345265678 -408.5428736684449
0.2 -0.22999999999999976 124.32611019604789 -316.8578760530572
0.2 -0.21999999999999975 96.28445579588183 -245.7549949759015
0.2 -0.20999999999999974 74.56891093718991 -190.612432922463
0.2 -0.19999999999999973 57.752021494850844 -147.8465392997912
0.2 -0.18999999999999972 44.72850068006309 -114.67855477806393
0.2 -0.17999999999999972 34.642502175820496 -88.95377950122825
0.2 -0.1699999999999997 26.831314445977924 -69.00137965653911
0.2 -0.1599999999999997 20.78176762779793 -53.525697150983795
0.2 -0.1499999999999997 16.0964821626089 -41.52198126112848
0.2 -0.13999999999999968 12.467736781316596 -32.21105323171048
0.2 -0.12999999999999967 9.657235418046781 -24.988648840152337
0.2 -0.11999999999999968 7.480441183623735 -19.38614047043047
0.2 -0.10999999999999968 5.7944463151296555 -15.04008167578914
0.2 -0.09999999999999969 4.488579861207633 -11.66859193483608
0.2 -0.08999999999999969 3.477135115745773 -9.053044813981547
0.2 -0.0799999999999997 2.6937383568332205 -7.023868100055706
0.2 -0.0699999999999997 2.0869884804210725 -5.449532182287734
0.2 -0.0599999999999997 1.6170807580287325 -4.228010498405869
0.2 -0.0499999999999997 1.2531927060041383 -3.280156744798882
0.2 -0.039999999999999696 0.971460196492119 -2.544568271676453
0.2 -0.029999999999999694 0.7534107703194058 -1.9736017685169067
0.2 -0.01999999999999969 0.584751186946361 -1.530282292050661
0.2 -0.009999999999999691 0.4544295471241974 -1.1859047805970624
0.2 3.0878077872387166e-16 0.3539103843813401 -0.9181722179563858
0.2 0.010000000000000309 0.2766151313497922 -0.709749488417924
0.2 0.02000000000000031 0.2174912490300778 -0.5471389720141274
0.2 0.03000000000000031 0.1726817784328079 -0.4198048232216712
0.2 0.04000000000000031 0.1392736932510597 -0.3194890157389888
0.2 0.050000000000000315 0.1151086364084062 -0.2396746696739182
0.2 0.06000000000000032 0.0986437569881689 -0.1751617126953532
0.2 0.07000000000000031 0.0888537019417028 -0.121727181479101
0.2 0.08000000000000031 0.085167582457196 -0.0758479130514477
0.2 0.0900000000000003 0.0874371149337797 -0.0344673575820224
0.2 0.1000000000000003 0.0959342945079143 0.0052089812527988
0.2 0.11000000000000029 0.1113790460838541 0.0459032311294118
0.2 0.12000000000000029 0.1349994633185178 0.0904529016553942
0.2 0.13000000000000028 0.1686296488056906 0.142009715948339
0.2 0.1400000000000003 0.2148529887644568 0.204263519733885
0.2 0.1500000000000003 0.2772021477280144 0.2817072349129159
0.2 0.1600000000000003 0.3604314194887612 0.3799619370295251
0.2 0.17000000000000032 0.4708826588331329 0.5061856252902094
0.2 0.18000000000000033 0.6169732827448747 0.669595453832859
0.2 0.19000000000000034 0.8098443425313644 0.8821415620578874
0.2 0.20000000000000034 1.0642191829047498 1.159381796111903
0.2 0.21000000000000035 1.3995397147517148 1.5216213721727512
0.2 0.22000000000000036 1.8414691511335073 1.9954009770328291
0.2 0.23000000000000037 2.423878935529136 2.61544235644052
0.2 0.24000000000000038 3.1914758428227517 3.4271939760516474
0.2 0.2500000000000004 4.203275932559649 4.490163304337438
0.2 0.2600000000000004 5.537199268604524 5.8822798712419475
0.2 0.2700000000000004 7.296148526669666 7.7056087022734125
0.2 0.2800000000000004 9.6160530265823 10.093832511846411
0.2 0.2900000000000004 12.676516982835949 13.222050350558314
0.2 0.30000000000000043 16.714919697137738 17.319609635963456
0.2 0.31000000000000044 22.045093122457118 22.686909935431327
0.2 0.32000000000000045 29.082071513870382 29.71740655397439
0.2 0.33000000000000046 38.37489917068656 38.926420854633
0.2 0.34000000000000047 50.65013617593527 50.988859639879415
0.2 0.3500000000000005 66.86957278654532 66.78859350752013
0.2 0.3600000000000005 88.30682318766195 87.48309035108475
0.2 0.3700000000000005 116.64901558182623 114.58800566955297
0.2 0.3800000000000005 154.13185763863214 150.08787493884412
0.2 0.3900000000000005 203.7191076442474 196.58093755846295
0.2 0.4000000000000005 269.34115456201783 257.46858014667055
0.2 0.41000000000000053 356.2123159198454 337.2030923247784
0.2 0.42000000000000054 471.2530183216085 441.6116051074312
0.2 0.43000000000000055 623.6517913308992 578.319521375143
0.2 0.44000000000000056 825.613733074872 757.3038256967917
0.2 0.45000000000000057 1093.3578046720834 991.6158625047586
0.2 0.4600000000000006 1448.446337285499 1298.3251229274208
0.2 0.4700000000000006 1919.558314894075 1699.751085833061
0.2 0.4800000000000006 2544.8557831553876 2225.07024940068
0.2 0.4900000000000006 3375.1434362210566 2912.411484793184
0.2 0.5000000000000006 4478.089503742498 3811.586423915312
0.30000000000000004 -0.5 66679.05523266442 320859.31216908526
0.30000000000000004 -0.49 51845.11237375605 248610.41733921634
0.30000000000000004 -0.48 40311.93986903307 192634.25526016884
0.30000000000000004 -0.47 31344.922108038638 149264.74579491248
0.30000000000000004 -0.45999999999999996 24372.969097245936 115661.95161198713
0.30000000000000004 -0.44999999999999996 18952.10928662446 89625.86106320981
0.30000000000000004 -0.43999999999999995 14737.189363306907 69452.15615144758
0.30000000000000004 -0.42999999999999994 11459.875523068153 53820.497085728544
0.30000000000000004 -0.41999999999999993 8911.552883276932 41707.99080708577
0.30000000000000004 -0.4099999999999999 6930.032267499843 32322.16482306801
0.30000000000000004 -0.3999999999999999 5389.216531216575 25049.048480414192
0.30000000000000004 -0.3899999999999999 4191.06742209048 19412.95564782585
0.30000000000000004 -0.3799999999999999 3259.360732700319 15045.33087818792
0.30000000000000004 -0.3699999999999999 2534.831578272158 11660.615958376795
0.30000000000000004 -0.3599999999999999 1971.400298897508 9037.554426570374
0.30000000000000004 -0.34999999999999987 1533.2384047597438 7004.70841108687
0.30000000000000004 -0.33999999999999986 1192.4875528491757 5429.238459717521
0.30000000000000004 -0.32999999999999985 927.4861834299425 4208.211033965493
0.30000000000000004 -0.31999999999999984 721.3908113804354 3261.864093000244
0.30000000000000004 -0.30999999999999983 561.1041267889268 2528.389571070768
0.30000000000000004 -0.2999999999999998 436.4416161050298 1959.8909878027505
0.30000000000000004 -0.2899999999999998 339.48361741551946 1519.2514502069073
0.30000000000000004 -0.2799999999999998 264.07154081330856 1177.7069630491555
0.30000000000000004 -0.2699999999999998 205.4161711365563 912.9661750877669
0.30000000000000004 -0.2599999999999998 159.7931114691542 707.7534843131946
0.30000000000000004 -0.24999999999999978 124.30597712000927 548.6801537620067
0.30000000000000004 -0.23999999999999977 96.70226532263655 425.36956927085123
0.30000000000000004 -0.22999999999999976 75.23018077263944 329.7794101893465
0.30000000000000004 -0.21999999999999975 58.527305229061405 255.67639451191715
0.30000000000000004 -0.20999999999999974 45.53402700033373 198.2292460987459
0.30000000000000004 -0.19999999999999973 35.426222451302635 153.69326812914144
0.30000000000000004 -0.18999999999999972 27.56290716342635 119.16590062694137
0.30000000000000004 -0.17999999999999972 21.44552714821988 92.39728350903157
0.30000000000000004 -0.1699999999999997 16.686301259937288 71.64344432010363
0.30000000000000004 -0.1599999999999997 12.983601868474523 55.55251726209248
0.30000000000000004 -0.1499999999999997 10.102808622974198 43.07655983800661
0.30000000000000004 -0.13999999999999968 7.861418279668877 33.40320680932475
0.30000000000000004 -0.12999999999999967 6.117464254983479 25.902697755657517
0.30000000000000004 -0.11999999999999968 4.760510032782807 20.08681918714736
0.30000000000000004 -0.10999999999999968 3.7046442025652313 15.577080638200947
0.30000000000000004 -0.09999999999999969 2.883032150835257 12.080047399735731
0.30000000000000004 -0.08999999999999969 2.243678369809247 9.368219987295452
0.30000000000000004 -0.0799999999999997 1.7461302826583758 7.26521266718823
0.30000000000000004 -0.0699999999999997 1.3589143080772874 5.63426405951421
0.30000000000000004 -0.0599999999999997 1.057541405105085 4.36933035822658
0.30000000000000004 -0.0499999999999997 0.8229555108829721 3.388180273810423
0.30000000000000004 -0.039999999999999696 0.6403264099391069 2.6270414310820542
0.30000000000000004 -0.029999999999999694 0.4981104421505824 2.036449179164839
0.30000000000000004 -0.01999999999999969 0.3873194580621087 1.5780272064015268
0.30000000000000004 -0.009999999999999691 0.3009516453786696 1.2219901234232495
0.30000000000000004 3.0878077872387166e-16 0.2335481189172198 0.9452052516137615
0.30000000000000004 0.010000000000000309 0.180847140320097 0.72968730535393
0.30000000000000004 0.02000000000000031 0.1395140195936587 0.5614278639777127
0.30000000000000004 0.03000000000000031 0.1069295403673423 0.4294833338141762
0.30000000000000004 0.04000000000000031 0.0810234480319462 0.3252619239900643
0.30000000000000004 0.050000000000000315 0.0601423782264129 0.2419630981059545
0.30000000000000004 0.06000000000000032 0.0429437611172497 0.1741328595972507
0.30000000000000004 0.07000000000000031 0.0283088493938237 0.1173057243862478
0.30000000000000004 0.08000000000000031 0.0152691843296498 0.0677098156692841
0.30000000000000004 0.0900000000000003 0.0029416047482116 0.022015541659393
0.30000000000000004 0.1000000000000003 -0.0095326368222504 -0.0228889558101449
0.30000000000000004 0.11000000000000029 -0.0230489360491041 -0.0701107959862555
0.30000000000000004 0.12000000000000029 -0.0386050204816984 -0.122968448991436
0.30000000000000004 0.13000000000000028 -0.0573761890757587 -0.185226022879444
0.30000000000000004 0.1400000000000003 -0.080805912123513 -0.2613623607378256
0.30000000000000004 0.1500000000000003 -0.1107189253168284 -0.3568942537044321
0.30000000000000004 0.1600000000000003 -0.149465855066371 -0.4787771579198205
0.30000000000000004 0.17000000000000032 -0.200111052703903 -0.6359125813991341
0.30000000000000004 0.18000000000000033 -0.2666789170782227 -0.8397992103582272
0.30000000000000004 0.19000000000000034 -0.354478853330636 -1.1053754583450492
0.30000000000000004 0.20000000000000034 -0.4705355623179964 -1.452115228277903
0.30000000000000004 0.21000000000000035 -0.6241601347381762 -1.9054573153530192
0.30000000000000004 0.22000000000000036 -0.8277091812910229 -2.498673417547954
0.30000000000000004 0.23000000000000037 -1.097594964586015 -3.2753119617823554
0.30000000000000004 0.24000000000000038 -1.4556305505271019 -4.292397262897727
0.30000000000000004 0.2500000000000004 -1.9308221645604609 -5.624619010794827
0.30000000000000004 0.2600000000000004 -2.561758633307905 -7.369819791704982
0.30000000000000004 0.2700000000000004 -3.399798250767158 -9.65618361372303
0.30000000000000004 0.2800000000000004 -4.513320973607389 -12.651653189501458
0.30000000000000004 0.2900000000000004 -5.993404353159703 -16.576267144414654
0.30000000000000004 0.30000000000000043 -7.961402883889789 -21.718322288628336
0.30000000000000004 0.31000000000000044 -10.579073011268907 -28.455546206762264
0.30000000000000004 0.32000000000000045 -14.062104037821403 -37.28283205993418
0.30000000000000004 0.33000000000000046 -18.698207609013533 -48.84856729540321
0.30000000000000004 0.34000000000000047 -24.87131092556881 -64.0022157098805
0.30000000000000004 0.3500000000000005 -33.09392572802361 -83.85663344186676
0.30000000000000004 0.3600000000000005 -44.05047275278061 -109.86967326506134
0.30000000000000004 0.3700000000000005 -58.65529213709801 -143.95103535765668
0.30000000000000004 0.3800000000000005 -78.13034816588022 -188.60215735565168
0.30000000000000004 0.3900000000000005 -104.10935500916973 -247.09933331907882
0.30000000000000004 0.4000000000000005 -138.77736128427082 -323.73338125957815
0.30000000000000004 0.41000000000000053 -185.05794113427288 -424.1232645525443
0.30000000000000004 0.42000000000000054 -246.8643255499876 -555.6264030031549
0.30000000000000004 0.43000000000000055 -329.4364442849053 -727.8753599220477
0.30000000000000004 0.44000000000000056 -439.79344122570046 -953.4796490947942
0.30000000000000004 0.45000000000000057 -587.3414566310463 -1248.9432005064282
0.30000000000000004 0.4600000000000006 -784.6902593630408 -1635.8633715691494
0.30000000000000004 0.4700000000000006 -1048.7509052358503 -2142.497344358663
0.30000000000000004 0.4800000000000006 -1402.2116746670335 -2805.8076661218583
0.30000000000000004 0.4900000000000006 -1875.5233750642187 -3674.1323155987907
0.30000000000000004 0.5000000000000006 -2509.5707501851953 -4810.66825122148
0.4 -0.5 -232426.54536866158 -227276.6909498877
0.4 -0.49 -180275.6951496238 -175957.35613974932
0.4 -0.48 -139829.31015491002 -136228.53610051764
0.4 -0.47 -108459.81863962377 -105471.92271137971
0.4 -0.45999999999999996 -84129.67170379397 -81660.81830499285
0.4 -0.44999999999999996 -65258.81981678274 -63226.43033582144
0.4 -0.43999999999999995 -50621.96251699232 -48954.39062063681
0.4 -0.42999999999999994 -39268.88069515602 -37904.66521515015
0.4 -0.41999999999999993 -30462.664737486564 -29349.566536034185
0.4 -0.4099999999999999 -23631.81756173535 -22725.775265223983
0.4 -0.3999999999999999 -18333.115259647344 -17597.204988723308
0.4 -0.3899999999999999 -14222.808595567752 -13626.258627996174
0.4 -0.3799999999999999 -11034.291679950373 -10551.579870767071
0.4 -0.3699999999999999 -8560.785142525703 -8170.831637015603
0.4 -0.3599999999999999 -6641.907514969182 -6327.3654725844835
0.4 -0.34999999999999987 -5153.261568249304 -4899.9025807953085
0.4 -0.33999999999999986 -3998.35852358962 -3794.5459532928526
0.4 -0.32999999999999985 -3102.355149072239 -2938.596877144773
0.4 -0.31999999999999984 -2407.19667378637 -2275.768137579546
0.4 -0.30999999999999983 -1867.849878209497 -1762.4783677580053
0.4 -0.2999999999999998 -1449.3816068734004 -1364.9833032977401
0.4 -0.2899999999999998 -1124.6929127218395 -1057.1548884607175
0.4 -0.2799999999999998 -872.76165993153 -818.7618966968384
0.4 -0.2699999999999998 -677.2794572186001 -634.138790393961
0.4 -0.2599999999999998 -525.5944172754703 -491.15513539443054
0.4 -0.24999999999999978 -407.8911072175555 -380.4176938946756
0.4 -0.23999999999999977 -316.55446237249026 -294.65265173075136
0.4 -0.22999999999999976 -245.67638359368408 -228.2273042814439
0.4 -0.21999999999999975 -190.67300354443344 -176.77971215145212
0.4 -0.20999999999999974 -147.9877925364626 -136.93194932925178
0.4 -0.19999999999999973 -114.86124664182071 -106.06807160173527
0.4 -0.18999999999999972 -89.15222212739609 -82.16219461557323
0.4 -0.17999999999999972 -69.1993316331277 -63.64537004082684
0.4 -0.1699999999999997 -53.7134166994055 -49.30250226710939
0.4 -0.1599999999999997 -41.69412711209565 -38.19252526167812
0.4 -0.1499999999999997 -32.36520102072718 -29.586589926706093
0.4 -0.13999999999999968 -25.124252439900072 -22.920197358244803
0.4 -0.12999999999999967 -19.503813310205192 -17.756130896950403
0.4 -0.11999999999999968 -15.141106838542 -13.755750200158824
0.4 -0.10999999999999968 -11.754594715594257 -10.656760535335135
0.4 -0.09999999999999969 -9.12577974697637 -8.255996309090566
0.4 -0.08999999999999969 -7.085085917134896 -6.396087537335779
0.4 -0.0799999999999997 -5.5009020217603934 -4.955133232848756
0.4 -0.0699999999999997 -4.271079887937107 -3.838703337430096
0.4 -0.0599999999999997 -3.316337139508892 -2.9736438635068185
0.4 -0.0499999999999997 -2.5751377645419455 -2.303278403863554
0.4 -0.039999999999999696 -1.999719396215292 -1.7836909133766183
0.4 -0.029999999999999694 -1.553010428458361 -1.3808456978463919
0.4 -0.01999999999999969 -1.206237662719212 -1.0683555336470203
0.4 -0.009999999999999691 -0.9370698531255 -0.8257514036383792
0.4 3.0878077872387166e-16 -0.7281771780161985 -0.6371402676345491
0.4 0.010000000000000309 -0.5661135614290814 -0.4901627541868373
0.4 0.02000000000000031 -0.4404496403422486 -0.3751823379024546
0.4 0.03000000000000031 -0.3431003735979879 -0.284652745314057
0.4 0.04000000000000031 -0.2678038650013776 -0.2126220086971222
0.4 0.050000000000000315 -0.2097177397517835 -0.1543405268226494
0.4 0.06000000000000032 -0.1651070016519906 -0.1059472796717695
0.4 0.07000000000000031 -0.1311031986883026 -0.0642134238193245
0.4 0.08000000000000031 -0.1055193172313267 -0.0263261966083984
0.4 0.0900000000000003 -0.0867084058705635 0.0103013811749425
0.4 0.1000000000000003 -0.0734567283081098 0.0482079305422486
0.4 0.11000000000000029 -0.0649044389317514 0.0900604917075615
0.4 0.12000000000000029 -0.0604885026273829 0.1388430218324847
0.4 0.13000000000000028 -0.0599039483845633 0.1980699945102211
0.4 0.1400000000000003 -0.0630806352694362 0.2720404494564464
0.4 0.1500000000000003 -0.0701735794814818 0.3661509145634445
0.4 0.1600000000000003 -0.081565584510246 0.4872900355415697
0.4 0.17000000000000032 -0.097881458086956 0.644343831114189
0.4 0.18000000000000033 -0.1200134977004996 0.8488486966307479
0.4 0.19000000000000034 -0.1491581694694158 1.1158402142658637
0.4 0.20000000000000034 -0.1868639576663321 1.4649603026846583
0.4 0.21000000000000035 -0.2350901571755817 1.9219043226425336
0.4 0.22000000000000036 -0.296275808586003 2.5203148561864843
0.4 0.23000000000000037 -0.3734168654606402 3.3042618476052317
0.4 0.24000000000000038 -0.4701477811387405 4.331492064754448
0.4 0.2500000000000004 -0.5908206344691552 5.677687598089141
0.4 0.2600000000000004 -0.7405701377238172 7.442047541209181
0.4 0.2700000000000004 -0.9253456049195784 9.754604567934008
0.4 0.2800000000000004 -1.1518800883050908 12.78581601182891
0.4 0.2900000000000004 -1.4275508256653575 16.75913666160164
0.4 0.30000000000000043 -1.7600616286910726 21.96750011372968
0.4 0.31000000000000044 -2.1568437007418364 28.794923278089268
0.4 0.32000000000000045 -2.624022119020014 37.74482559083176
0.4 0.33000000000000046 -3.1647245557255665 49.477148227199855
0.4 0.34000000000000047 -3.776407922444404 64.85700519187101
0.4 0.3500000000000005 -4.4467351641655295 85.01844475095513
0.4 0.3600000000000005 -5.147331184647242 111.44800788790221
0.4 0.3700000000000005 -5.8244598639200005 146.09422082979484
0.4 0.3800000000000005 -6.3852599651896895 191.51105633819319
0.4 0.3900000000000005 -6.677610085130995 251.04588061079326
0.4 0.4000000000000005 -6.460897420351923 329.08564829160565
0.4 0.41000000000000053 -5.363853013257454 431.3793505800597
0.4 0.42000000000000054 -2.8240642176842887 565.4602647457233
0.4 0.43000000000000055 1.998386648386716 741.1987932041097
0.4 0.44000000000000056 10.343714747097026 971.5261313753675
0.4 0.45000000000000057 24.0263876722518 1273.3813346455659
0.4 0.4600000000000006 45.68076159113593 1668.9504340913586
0.4 0.4700000000000006 79.1069301172624 2187.2872039928734
0.4 0.4800000000000006 129.7563973966135 2866.4324694676143
0.4 0.4900000000000006 205.4124889920408 3756.184345226679
0.4 0.5000000000000006 317.14152231782026 4921.717950951959
0.5 -0.5 316402.3818169188 58442.12130167605
0.5 -0.49 245236.1244358618 45008.75908965204
0.5 -0.48 190080.69991629582 34662.16156835497
0.5 -0.47 147333.1562937078 26693.240769096996
0.5 -0.45999999999999996 114201.51604233393 20555.75983772513
0.5 -0.44999999999999996 88522.19344626505 15828.940038221008
0.5 -0.43999999999999995 68618.52834833994 12188.652205020122
0.5 -0.42999999999999994 53191.174956630006 9385.222174175035
0.5 -0.41999999999999993 41233.1709595696 7226.3319688577285
0.5 -0.4099999999999999 31964.12855808933 5563.846974653001
0.5 -0.3999999999999999 24779.2411553372 4283.6678305476935
0.5 -0.3899999999999999 19209.769443954723 3297.9126334909874
0.5 -0.3799999999999999 14892.422083402196 2538.8944480773935
0.5 -0.3699999999999999 11545.628316715165 1954.4819238321934
0.5 -0.3599999999999999 8951.150887289303 1504.5254460641042
0.5 -0.34999999999999987 6939.837032550067 1158.1041511688404
0.5 -0.33999999999999986 5380.576043438534 891.4053080134147
0.5 -0.32999999999999985 4171.741618374684 686.0908442136766
0.5 -0.31999999999999984 3234.559743762789 528.0391389634972
0.5 -0.30999999999999983 2507.968740968831 406.37589271570135
0.5 -0.2999999999999998 1944.635675227614 312.72767530235666
0.5 -0.2899999999999998 1507.8689111184178 240.647001663621
0.5 -0.2799999999999998 1169.2251693482194 185.1695312170531
0.5 -0.2699999999999998 906.6548234027604 142.47303663798286
0.5 -0.2599999999999998 703.0643415828356 109.6147596006826
0.5 -0.24999999999999978 545.2020306154423 84.32914188976768
0.5 -0.23999999999999977 422.7943538416917 64.87205777772502
0.5 -0.22999999999999976 327.8764609363808 49.90086085421782
0.5 -0.21999999999999975 254.27324720952964 38.38201375622856
0.5 -0.20999999999999974 197.19708783743027 29.51996057377898
0.5 -0.19999999999999973 152.9360082513816 22.702358591084625
0.5 -0.18999999999999972 118.61195412603894 17.457908235534973
0.5 -0.17999999999999972 91.99339864453287 13.423884507534783
0.5 -0.1699999999999997 71.35006983680799 10.321138965861236
0.5 -0.1599999999999997 55.34032837806619 7.93485416204108
0.5 -0.1499999999999997 42.92385575538 6.099727394402937
0.5 -0.13999999999999968 33.29396323052831 4.688564858788918
0.5 -0.12999999999999967 25.825111315545517 3.6035015620651585
0.5 -0.11999999999999968 20.032221051461224 2.769242800489273
0.5 -0.10999999999999968 15.539126963709098 2.1278619616939354
0.5 -0.09999999999999969 12.054117319797612 1.6347964180854047
0.5 -0.08999999999999969 9.350969110389299 1.255765682502558
0.5 -0.0799999999999997 7.2542431424566365 0.9643994489234738
0.5 -0.0699999999999997 5.6278821234377405 0.7404119971881976
0.5 -0.0599999999999997 4.366369726525968 0.5681970554556222
0.5 -0.0499999999999997 3.3878753869189104 0.4357461705931106
0.5 -0.039999999999999696 2.628938859772055 0.333815923967088
0.5 -0.029999999999999694 2.0403488005245722 0.255286479487656
0.5 -0.01999999999999969 1.5839473401099564 0.1946671408582927
0.5 -0.009999999999999691 1.2301528857266564 0.1477147324788771
0.5 3.0878077872387166e-16 0.9560401086899224 0.1111384003281468
0.5 0.010000000000000309 0.7438523288877938 0.0823703904821447
0.5 0.02000000000000031 0.5798496317188134 0.0593869135806868
0.5 0.03000000000000031 0.4534178900083491 0.0405666563164904
0.5 0.04000000000000031 0.3563808323821292 0.0245770930196654
0.5 0.050000000000000315 0.2824705059243214 0.0102806593596867
0.5 0.06000000000000032 0.2269217846157046 -0.0033457934689978
0.5 0.07000000000000031 0.1861646469891392 -0.0172839499233325
0.5 0.08000000000000031 0.1575943123363864 -0.0325445773952675
0.5 0.0900000000000003 0.1394043993124621 -0.0502407342841745
0.5 0.1000000000000003 0.130472384551509 -0.0716689410980191
0.5 0.11000000000000029 0.1302900600701419 -0.0984042387148122
0.5 0.12000000000000029 0.1389346398459334 -0.1324161127617515
0.5 0.13000000000000028 0.157078840450186 -0.176213831113965
0.5 0.1400000000000003 0.1860408322019427 -0.2330319408564621
0.5 0.1500000000000003 0.2278775931595584 -0.3070696664620144
0.5 0.1600000000000003 0.2855280690934418 -0.4038019662263102
0.5 0.17000000000000032 0.3630158333466838 -0.5303853387520547
0.5 0.18000000000000033 0.4657248617984302 -0.6961885231910295
0.5 0.19000000000000034 0.6007668390377569 -0.9134875315093238
0.5 0.20000000000000034 0.7774643946560622 -1.1983766806055456
0.5 0.21000000000000035 1.0079822065872144 -1.5719633674841587
0.5 0.22000000000000036 1.308147467432814 -2.0619354488334296
0.5 0.23000000000000037 1.6985133741722724 -2.70461781938951
0.5 0.24000000000000038 2.2057348069879628 -3.5476711954047477
0.5 0.2500000000000004 2.8643451351322677 -4.653633909506767
0.5 0.2600000000000004 3.7190482920394543 -6.104570266367258
0.5 0.2700000000000004 4.8276723621085145 -8.008171359414971
0.5 0.2800000000000004 6.264971752518138 -10.505762326427952
0.5 0.2900000000000004 8.127516877863513 -13.782811852190234
0.5 0.30000000000000043 10.539976018287163 -18.082725834762936
0.5 0.31000000000000044 13.663177163131202 -23.724951318552023
0.5 0.32000000000000045 17.704442590089073 -31.128737152908357
0.5 0.33000000000000046 22.930821013448963 -40.844318069014896
0.5 0.34000000000000047 29.686007895043442 -53.593840046372485
0.5 0.3500000000000005 38.41195184294526 -70.32506765732357
0.5 0.3600000000000005 49.67640337809238 -92.28186182375156
0.5 0.3700000000000005 64.207982910569 -121.0966588561814
0.5 0.3800000000000005 82.94074056835217 -158.91181006401033
0.5 0.3900000000000005 107.07066645856791 -208.53877504623074
0.5 0.4000000000000005 138.12720259983098 -273.666957140321
0.5 0.41000000000000053 178.06352493036752 -359.1376304927578
0.5 0.42000000000000054 229.37022347321 -471.30320138032965
0.5 0.43000000000000055 295.2180273971579 -618.4983197543118
0.5 0.44000000000000056 379.6364113770468 -811.657564525075
0.5 0.45000000000000057 487.73628328420097 -1065.1251598133792
0.5 0.4600000000000006 625.9864775461267 -1397.7162104942533
0.5 0.4700000000000006 802.5554231632503 -1834.107277827215
0.5 0.4800000000000006 1027.731036845878 -2406.658055621065
0.5 0.4900000000000006 1314.4334597095767 -3157.7971509989266
0.5 0.5000000000000006 1678.836458978126 -4143.145723901804
0.6 -0.5 -291607.54251373844 126296.34947018106
0.6 -0.49 -225834.3599672988 98171.36101262843
0.6 -0.48 -174899.63605087312 76310.60743258828
0.6 -0.47 -135455.1114504452 59318.64114762855
0.6 -0.45999999999999996 -104908.21092469717 46110.91729464693
0.6 -0.44999999999999996 -81251.45358163124 35844.51551623394
0.6 -0.43999999999999995 -62930.380593999274 27864.300977418625
0.6 -0.42999999999999994 -48741.301652417824 21661.083435726447
0.6 -0.41999999999999993 -37752.12637300852 16839.100259855702
0.6 -0.4099999999999999 -29241.067850572574 13090.745359534327
0.6 -0.3999999999999999 -22649.182902960853 10176.929177238315
0.6 -0.3899999999999999 -17543.624934756404 7911.814826402691
0.6 -0.3799999999999999 -13589.190856740597 6150.955160238195
0.6 -0.3699999999999999 -10526.28964705943 4782.072907481137
0.6 -0.3599999999999999 -8153.88293405354 3717.8949154292377
0.6 -0.34999999999999987 -6316.275286866805 2890.5827968222093
0.6 -0.33999999999999986 -4892.885288702882 2247.404277866614
0.6 -0.32999999999999985 -3790.324635751826 1747.3688114413821
0.6 -0.31999999999999984 -2936.264376727029 1358.6126197760009
0.6 -0.30999999999999983 -2274.684988203676 1056.3662025354085
0.6 -0.2999999999999998 -1762.1980140112487 821.3745492810192
0.6 -0.2899999999999998 -1365.1974778749484 638.669207584307
0.6 -0.2799999999999998 -1057.6538482795274 496.6138274825091
0.6 -0.2699999999999998 -819.4055858588279 386.16226541280963
0.6 -0.2599999999999998 -634.8360178271022 300.281902121187
0.6 -0.24999999999999978 -491.8486142646869 233.5053764619986
0.6 -0.23999999999999977 -381.07335442682756 181.5821343660758
0.6 -0.22999999999999976 -295.2520582186943 141.20756324527628
0.6 -0.21999999999999975 -228.76231773728688 109.81243369288151
0.6 -0.20999999999999974 -177.24876989780313 85.3992188079411
0.6 -0.19999999999999973 -137.33750256879858 66.41485260877073
0.6 -0.18999999999999972 -106.41484706023908 51.651813825057125
0.6 -0.17999999999999972 -82.45603828552575 40.17122832169623
0.6 -0.1699999999999997 -63.892498453539005 31.2430878834704
0.6 -0.1599999999999997 -49.50903599288774 24.299774743429726
0.6 -0.1499999999999997 -38.36421524075397 18.899929756489268
0.6 -0.13999999999999968 -29.728673300382187 14.70036166371466
0.6 -0.12999999999999967 -23.037338318514085 11.434207556183383
0.6 -0.11999999999999968 -17.85241564049139 8.893953146173603
0.6 -0.10999999999999968 -13.83471478928815 6.918231215688971
0.6 -0.09999999999999969 -10.721437388416154 5.381557401385511
0.6 -0.08999999999999969 -8.30896994146028 4.186349651957804
0.6 -0.0799999999999997 -6.439553620534294 3.2567231985320504
0.6 -0.0699999999999997 -4.990957452478487 2.5336659909419885
0.6 -0.0599999999999997 -3.8684782145609433 1.9712874864383223
0.6 -0.0499999999999997 -2.9987428861258967 1.5339020395544025
0.6 -0.039999999999999696 -2.3249076595224043 1.1937612911942799
0.6 -0.029999999999999694 -1.8029390461027648 0.9292912798767874
0.6 -0.01999999999999969 -1.3987335265949485 0.72372213272403
0.6 -0.009999999999999691 -1.085887141839289 0.5640231864833886
0.6 3.0878077872387166e-16 -0.8439690039715338 0.4400758325648939
0.6 0.010000000000000309 -0.6571857226630299 0.3440315140216386
0.6 0.02000000000000031 -0.5133493512053128 0.2698140912541458
0.6 0.03000000000000031 -0.4030813425956208 0.2127349885848562
0.6 0.04000000000000031 -0.319200470476244 0.1691967222549514
0.6 0.050000000000000315 -0.2562547281474451 0.136466050765816
0.6 0.06000000000000032 -0.2101666620563336 0.1125024414795552
0.6 0.07000000000000031 -0.177969044060679 0.0958310985090994
0.6 0.08000000000000031 -0.1576137287556739 0.0854526748652973
0.6 0.0900000000000003 -0.1478413692594332 0.0807841832569786
0.6 0.1000000000000003 -0.1481036954883238 0.0816276816685374
0.6 0.11000000000000029 -0.158533559898388 0.0881651791628967
0.6 0.12000000000000029 -0.1799611597035301 0.1009800112722066
0.6 0.13000000000000028 -0.2139779659060374 0.1211067982539748
0.6 0.1400000000000003 -0.2630531379485262 0.1501141560358762
0.6 0.1500000000000003 -0.3307107979192531 0.190226728224702
0.6 0.1600000000000003 -0.4217807238128155 0.244496025174522
0.6 0.17000000000000032 -0.5427400817447176 0.3170332106933804
0.6 0.18000000000000033 -0.7021700961777513 0.4133216435992836
0.6 0.19000000000000034 -0.9113594815361946 0.5406330130513635
0.6 0.20000000000000034 -1.18509656522004 0.7085787611408945
0.6 0.21000000000000035 -1.5427050044338468 0.9298387608874438
0.6 0.22000000000000036 -2.009394712153326 1.2211226947495606
0.6 0.23000000000000037 -2.6180211843426076 1.6044372847036317
0.6 0.24000000000000038 -3.411374306466901 2.10875580917715
0.6 0.2500000000000004 -4.44515377332895 2.7722169792586575
0.6 0.2600000000000004 -5.791834878867584 3.645020571558822
0.6 0.2700000000000004 -7.545688707659309 4.793240300540304
0.6 0.2800000000000004 -9.829298659185868 6.30384430286902
0.6 0.2900000000000004 -12.80201586824486 8.291305622083971
0.6 0.30000000000000043 -16.670926016822335 10.9063062265552
0.6 0.31000000000000044 -21.70506769788778 14.34719758141462
0.6 0.32000000000000045 -28.253858711418157 18.87509074753831
0.6 0.33000000000000046 -36.770965319514914 24.833725341413686
0.6 0.34000000000000047 -47.845208324348185 32.675630425371516
0.6 0.3500000000000005 -62.24056158118335 42.99656907347018
0.6 0.3600000000000005 -80.94789224621937 56.58088820564175
0.6 0.3700000000000005 -105.2518547208376 74.46122390998848
0.6 0.3800000000000005 -136.8173290772603 97.99710241866319
0.6 0.3900000000000005 -177.8010497669193 128.97841028887413
0.6 0.4000000000000005 -230.99567787167345 169.7615919656875
0.6 0.41000000000000053 -300.0156267410356 223.44891021366638
0.6 0.42000000000000054 -389.53657892631713 294.1243604143191
0.6 0.43000000000000055 -505.60398642208145 387.16410663376934
0.6 0.44000000000000056 -656.0301211307786 509.64492432430825
0.6 0.45000000000000057 -850.9046830670087 670.8815088276262
0.6 0.4600000000000006 -1103.2508872146932 883.1331866364626
0.6 0.4700000000000006 -1429.8677201720302 1162.533261964879
0.6 0.4800000000000006 -1852.410163496958 1530.310878216312
0.6 0.4900000000000006 -2398.773216747436 2014.3970918431733
0.6 0.5000000000000006 -3104.863255663698 2651.5354362627945
0.7 -0.5 169262.2342645604 -263539.6088785981
0.7 -0.49 130841.84158655354 -204415.26097151783
0.7 -0.48 101143.20118930245 -158558.10378471296
0.7 -0.47 78186.20173220511 -122990.42618392613
0.7 -0.45999999999999996 60440.32833749942 -95402.97793868104
0.7 -0.44999999999999996 46722.56702315822 -74004.87749210757
0.7 -0.43999999999999995 36118.496146467005 -57407.22735045546
0.7 -0.42999999999999994 27921.29814691879 -44532.86554599358
0.7 -0.41999999999999993 21584.6213255832 -34546.382714502404
0.7 -0.4099999999999999 16686.146008156265 -26799.85316111134
0.7 -0.3999999999999999 12899.423982520626 -20790.750779375878
0.7 -0.3899999999999999 9972.11231202352 -16129.313439159849
0.7 -0.3799999999999999 7709.1493877073135 -12513.23409865129
0.7 -0.3699999999999999 5959.7508993208685 -9708.033449553592
0.7 -0.3599999999999999 4607.3583018236495 -7531.838400810411
0.7 -0.34999999999999987 3561.869352130512 -5843.5772002273725
0.7 -0.33999999999999986 2753.63254335821 -4533.824134054161
0.7 -0.32999999999999985 2128.8049355830863 -3517.6989900789863
0.7 -0.31999999999999984 1645.7638284187165 -2729.3600293066165
0.7 -0.30999999999999983 1272.3330122324326 -2117.7327753388863
0.7 -0.2999999999999998 983.6386630640759 -1643.1972370343683
0.7 -0.2899999999999998 760.4519370281864 -1275.0184529333387
0.7 -0.2799999999999998 587.9077752933559 -989.3535357093576
0.7 -0.2699999999999998 454.5145162428033 -767.7058420341609
0.7 -0.2599999999999998 351.3883008394657 -595.7259327460421
0.7 -0.24999999999999978 271.6612440967617 -462.2815081489291
0.7 -0.23999999999999977 210.0239296510788 -358.73596762859086
0.7 -0.22999999999999976 162.3717384380412 -278.388786725118
0.7 -0.21999999999999975 125.5314436057922 -216.04140858454306
0.7 -0.20999999999999974 97.04985364040942 -167.66049288237636
0.7 -0.19999999999999973 75.03042099853134 -130.11668315329655
0.7 -0.18999999999999972 58.00693009024646 -100.98195340885978
0.7 -0.17999999999999972 44.84584936886078 -78.3723952589696
0.7 -0.1699999999999997 34.67084230303845 -60.82625429184183
0.7 -0.1599999999999997 26.804408467034076 -47.20931061871053
0.7 -0.1499999999999997 20.722767310532976 -36.641471690891805
0.7 -0.13999999999999968 16.020979439163494 -28.43982086421794
0.7 -0.12999999999999967 12.385982256153852 -22.074431995944693
0.7 -0.11999999999999968 9.575744040554602 -17.134087849961034
0.7 -0.10999999999999968 7.403148104593035 -13.29968195596166
0.7 -0.09999999999999969 5.72353374237941 -10.323581464110974
0.7 -0.08999999999999969 4.425064249342637 -8.013614759532329
0.7 -0.0799999999999997 3.4212805858695727 -6.220647203333582
0.7 -0.0699999999999997 2.645344825330109 -4.828940779943372
0.7 -0.0599999999999997 2.045590064343695 -3.7486737257004825
0.7 -0.0499999999999997 1.5820804791521723 -2.910136080885433
0.7 -0.039999999999999696 1.2239524824800883 -2.2592256141925784
0.7 -0.029999999999999694 0.9473599515104836 -1.7539527483875983
0.7 -0.01999999999999969 0.7338867245284092 -1.3617284243622603
0.7 -0.009999999999999691 0.5693206809394382 -1.0572595100891424
0.7 3.0878077872387166e-16 0.4427077994922778 -0.8209156741432985
0.7 0.010000000000000309 0.3456232366466463 -0.637462147418639
0.7 0.02000000000000031 0.2716109233348983 -0.4950764674327203
0.7 0.03000000000000031 0.2157544070251792 -0.384585670429019
0.7 0.04000000000000031 0.1743504153166193 -0.2988746572693106
0.7 0.050000000000000315 0.1446634706178418 -0.2324275336161752
0.7 0.06000000000000032 0.1247453000486172 -0.1809723306548372
0.7 0.07000000000000031 0.1133071222707507 -0.1412062074249761
0.7 0.08000000000000031 0.1096364438159654 -0.11058345409135
0.7 0.0900000000000003 0.1135529999802007 -0.0871526963130496
0.7 0.1000000000000003 0.1254011318570282 -0.0694329102816165
0.7 0.11000000000000029 0.1460783815813544 -0.0563204062653535
0.7 0.12000000000000029 0.1771025821379598 -0.0470209940164075
0.7 0.13000000000000028 0.22072238727273 -0.041003243892598
0.7 0.1400000000000003 0.28007921523794 -0.0379702193951427
0.7 0.1500000000000003 0.3594321770154804 -0.0378483831373691
0.7 0.1600000000000003 0.4644619749893205 -0.0407936662839986
0.7 0.17000000000000032 0.602675298610342 -0.047216039881374
0.7 0.18000000000000033 0.7839382944445227 -0.0578254429578239
0.7 0.19000000000000034 1.0211767387606965 -0.0737037323024903
0.7 0.20000000000000034 1.3312922192794852 -0.0964095761044624
0.7 0.21000000000000035 1.736358747695104 -0.1281261130009372
0.7 0.22000000000000036 2.2651838211138715 -0.1718649922261864
0.7 0.23000000000000037 2.955343380905418 -0.2317454317180048
0.7 0.24000000000000038 3.85583313289918 -0.3133736196692918
0.7 0.2500000000000004 5.030521562071633 -0.4243567277184742
0.7 0.2600000000000004 6.562645636950023 -0.5749977840110249
0.7 0.2700000000000004 8.56066246097139 -0.7792337189285288
0.7 0.2800000000000004 11.165863920044265 -1.0559004461765429
0.7 0.2900000000000004 14.562283079801086 -1.4304377512067665
0.7 0.30000000000000043 18.98957896145572 -1.937185534417433
0.7 0.31000000000000044 24.759791054735537 -2.6224749503815596
0.7 0.32000000000000045 32.279120322216734 -3.5487876772771347
0.7 0.33000000000000046 42.0762373607206 -4.800349929379717
0.7 0.34000000000000047 54.83906386667092 -6.490652884389202
0.7 0.3500000000000005 71.46255036511883 -8.77255860651244
0.7 0.3600000000000005 93.11071970499941 -11.851874538505854
0.7 0.3700000000000005 121.29721160893169 -16.005579185509227
0.7 0.3800000000000005 157.98981239893436 -21.606282000285702
0.7 0.3900000000000005 205.74606806907082 -29.155035362650292
0.7 0.4000000000000005 267.889163890003 -39.32533071263377
0.7 0.41000000000000053 348.7359457070697 -53.02206390096903
0.7 0.42000000000000054 453.8924318058357 -71.46052579516878
0.7 0.43000000000000055 590.6366440998934 -96.27216819905226
0.7 0.44000000000000056 768.4143614173285 -129.64615162258835
0.7 0.45000000000000057 999.4808350191287 -174.518685211965
0.7 0.4600000000000006 1299.7310800900398 -234.82616507175482
0.7 0.4700000000000006 1689.7736720256457 -315.8434293797948
0.7 0.4800000000000006 2196.3188067303995 -424.63550572396224
0.7 0.4900000000000006 2853.971718264556 -570.6605943128322
0.7 0.5000000000000006 3707.5486462927815 -766.5744577353911
0.7999999999999999 -0.5 6171.942521565648 308040.9940532433
0.7999999999999999 -0.49 5198.14334093647 238681.7277422599
0.7999999999999999 -0.48 4350.4742133880645 184942.46021098163
0.7999999999999999 -0.47 3621.4183283745624 143304.84805192708
0.7999999999999999 -0.45999999999999996 3000.4628110950634 111043.18854472932
0.7999999999999999 -0.44999999999999996 2475.827333689949 86045.8138528752
0.7999999999999999 -0.43999999999999995 2035.5662612130668 66676.73801117917
0.7999999999999999 -0.42999999999999994 1668.2388578507753 51668.483142287456
0.7999999999999999 -0.41999999999999993 1363.286213552009 40039.05703652596
0.7999999999999999 -0.4099999999999999 1111.2129906804857 31027.638622777253
0.7999999999999999 -0.3999999999999999 903.6427717714478 24044.754991554193
0.7999999999999999 -0.3899999999999999 733.2947047522324 18633.684077674505
0.7999999999999999 -0.3799999999999999 593.9140681185872 14440.553266544826
0.7999999999999999 -0.3699999999999999 480.1786766464396 11191.174378372829
0.7999999999999999 -0.3599999999999999 387.5955129739483 8673.097132633668
0.7999999999999999 -0.34999999999999987 312.3967178631664 6721.705284630984
0.7999999999999999 -0.33999999999999986 251.44045586513218 5209.444604111287
0.7999999999999999 -0.32999999999999985 202.11972261552972 4037.477117834421
0.7999999999999999 -0.31999999999999984 162.28053337395045 3129.2150285714756
0.7999999999999999 -0.30999999999999983 130.14988281485603 2425.310880934755
0.7999999999999999 -0.2999999999999998 104.27321606898754 1879.7759470547633
0.7999999999999999 -0.2899999999999998 83.46077382475183 1456.972708625442
0.7999999999999999 -0.2799999999999998 66.74198002817567 1129.284561997997
0.7999999999999999 -0.2699999999999998 53.32696611205095 875.3102231632603
0.7999999999999999 -0.2599999999999998 42.57432670974886 678.464666888016
0.7999999999999999 -0.24999999999999978 33.96424820034654 525.8950508846619
0.7999999999999999 -0.23999999999999977 27.076222717819668 407.64069605080437
0.7999999999999999 -0.22999999999999976 21.570642888798744 315.982168704292
0.7999999999999999 -0.21999999999999975 17.173657826678742 244.93688703618426
0.7999999999999999 -0.20999999999999974 13.664753442855446 189.8682624957446
0.7999999999999999 -0.19999999999999973 10.86659685342558 147.18281558990918
0.7999999999999999 -0.18999999999999972 8.636754005804507 114.09546117274569
0.7999999999999999 -0.17999999999999972 6.860951060984175 88.44761763671183
0.7999999999999999 -0.1699999999999997 5.447603608081361 68.56624949002725
0.7999999999999999 -0.1599999999999997 4.323383893957287 53.15462981990357
0.7999999999999999 -0.1499999999999997 3.429635560410746 41.207683345404725
0.7999999999999999 -0.13999999999999968 2.719478621426895 31.94637792228916
0.7999999999999999 -0.12999999999999967 2.155475326536099 24.766877658912584
0.7999999999999999 -0.11999999999999968 1.707750859347299 19.201135727387868
0.7999999999999999 -0.10999999999999968 1.352482175515333 14.886352643410609
0.7999999999999999 -0.09999999999999969 1.070684289481276 11.541305156968482
0.7999999999999999 -0.08999999999999969 0.8472365023279594 8.947999843771198
0.7999999999999999 -0.0799999999999997 0.6701018836921314 6.937453377522346
0.7999999999999999 -0.0699999999999997 0.529702174025831 5.378671047656856
0.7999999999999999 -0.0599999999999997 0.418417496021038 4.170103993972692
0.7999999999999999 -0.0499999999999997 0.330186139646249 3.2330275175396306
0.7999999999999999 -0.039999999999999696 0.2601844519524577 2.5064082796005556
0.7999999999999999 -0.029999999999999694 0.2045707186506568 1.9429254172380808
0.7999999999999999 -0.01999999999999969 0.1602800332781982 1.505885940244585
0.7999999999999999 -0.009999999999999691 0.1248596461786677 1.1668331510809202
0.7999999999999999 3.0878077872387166e-16 0.0963362793262439 0.9036920635050686
0.7999999999999999 0.010000000000000309 0.0731084729684503 0.6993308406470934
0.7999999999999999 0.02000000000000031 0.0538582669437345 0.5404444193185274
0.7999999999999999 0.03000000000000031 0.0374774687580604 0.4166875072247025
0.7999999999999999 0.04000000000000031 0.0230044640883244 0.320000406228572
0.7999999999999999 0.050000000000000315 0.0095680133840077 0.2440836900343842
0.7999999999999999 0.06000000000000032 -0.0036652302618073 0.1839874695965664
0.7999999999999999 0.07000000000000031 -0.0175426433017894 0.1357884476898752
0.7999999999999999 0.08000000000000031 -0.0329802419965857 0.096333682774348
0.7999999999999999 0.0900000000000003 -0.0510235192116867 0.0630343246797242
0.7999999999999999 0.1000000000000003 -0.0729185668066299 0.0336958339888404
0.7999999999999999 0.11000000000000029 -0.1001983347880735 0.0063735652593227
0.7999999999999999 0.12000000000000029 -0.1347900015628565 -0.0207557641221633
0.7999999999999999 0.13000000000000028 -0.179150965917488 -0.0495151754259881
0.7999999999999999 0.1400000000000003 -0.2364430312914408 -0.081849086615853
0.7999999999999999 0.1500000000000003 -0.310757083330011 -0.1199535646411952
0.7999999999999999 0.1600000000000003 -0.4074041560747264 -0.166423784771793
0.7999999999999999 0.17000000000000032 -0.5332934941619852 -0.2244284441943048
0.7999999999999999 0.18000000000000033 -0.6974243796628754 -0.2979226420797462
0.7999999999999999 0.19000000000000034 -0.9115265353252182 -0.3919132446655328
0.7999999999999999 0.20000000000000034 -1.1908944046319643 -0.5127941584909259
0.7999999999999999 0.21000000000000035 -1.5554742770213885 -0.6687734500887919
0.7999999999999999 0.22000000000000036 -2.0312810283921534 -0.870420156368366
0.7999999999999999 0.23000000000000037 -2.6522444238738916 -1.1313662911109843
0.7999999999999999 0.24000000000000038 -3.46261509511936 -1.4692094393909354
0.7999999999999999 0.2500000000000004 -4.520099554338337 -1.9066740457952975
0.7999999999999999 0.2600000000000004 -5.899944664808385 -2.4731058133978525
0.7999999999999999 0.2700000000000004 -7.700258388342363 -3.2063945181684192
0.7999999999999999 0.2800000000000004 -10.048939963831248 -4.155447252421623
0.7999999999999999 0.2900000000000004 -13.112704893578863 -5.383368219026829
0.7999999999999999 0.30000000000000043 -17.108835952433957 -6.971544702638761
0.7999999999999999 0.31000000000000044 -22.32048090931248 -9.024894268539745
0.7999999999999999 0.32000000000000045 -29.116563752674693 -11.678598766447866
0.7999999999999999 0.33000000000000046 -37.97769577719583 -15.106740352636793
0.7999999999999999 0.34000000000000047 -49.529887730163196 -19.533368524001098
0.7999999999999999 0.3500000000000005 -64.58840258047638 -25.246671396739945
0.7999999999999999 0.3600000000000005 -84.21478692838313 -32.61710706250851
0.7999999999999999 0.3700000000000005 -109.79102494040785 -42.12058168324673
0.7999999999999999 0.3800000000000005 -143.11593318056177 -54.36805233284396
0.7999999999999999 0.3900000000000005 -186.5304369568802 -70.14329972786336
0.7999999999999999 0.4000000000000005 -243.08034109331672 -90.45107782484959
0.7999999999999999 0.41000000000000053 -316.7277624993549 -116.57842715629324
0.7999999999999999 0.42000000000000054 -412.62569914844295 -150.1726654779011
0.7999999999999999 0.43000000000000055 -537.4744902708711 -193.34047805430617
0.7999999999999999 0.44000000000000056 -699.9844597357541 -248.773663757708
0.7999999999999999 0.45000000000000057 -911.4761949164531 -319.90850440462674
0.7999999999999999 0.4600000000000006 -1186.659168658534 -411.1274766600152
0.7999999999999999 0.4700000000000006 -1544.6413699895652 -528.0141944215842
0.7999999999999999 0.4800000000000006 -2010.2380521277857 -677.6751456350349
0.7999999999999999 0.4900000000000006 -2615.66764039262 -869.1450785138131
0.7999999999999999 0.5000000000000006 -3402.748561466775 -1113.8969243736342
0.8999999999999999 -0.5 -173487.77285301348 -247816.36487716238
0.8999999999999999 -0.49 -134796.0042937488 -191761.19961418488
0.8999999999999999 -0.48 -104734.40452046257 -148387.08666798126
0.8999999999999999 -0.47 -81377.80844820837 -114824.89139610839
0.8999999999999999 -0.45999999999999996 -63230.54938351019 -88854.7178845867
0.8999999999999999 -0.44999999999999996 -49130.630059334835 -68758.97655615327
0.8999999999999999 -0.43999999999999995 -38175.276760147506 -53208.70946402884
0.8999999999999999 -0.42999999999999994 -29663.104770735557 -41175.64440685253
0.8999999999999999 -0.41999999999999993 -23049.188308455417 -31864.15363568046
0.8999999999999999 -0.4099999999999999 -17910.155347273372 -24658.611548342935
0.8999999999999999 -0.3999999999999999 -13917.070362770739 -19082.66580489368
0.8999999999999999 -0.3899999999999999 -10814.36722843899 -14767.725371867353
0.8999999999999999 -0.3799999999999999 -8403.482285283291 -11428.579417225366
0.8999999999999999 -0.3699999999999999 -6530.138854460912 -8844.533190041704
0.8999999999999999 -0.3599999999999999 -5074.468481801609 -6844.812323785635
0.8999999999999999 -0.34999999999999987 -3943.3359978165436 -5297.269606622304
0.8999999999999999 -0.33999999999999986 -3064.3767025660736 -4099.646891547897
0.8999999999999999 -0.32999999999999985 -2381.36369549686 -3172.8139580567195
0.8999999999999999 -0.31999999999999984 -1850.6085992782446 -2455.5369900687165
0.8999999999999999 -0.30999999999999983 -1438.1651372972267 -1900.4305696104948
0.8999999999999999 -0.2999999999999998 -1117.6564609496932 -1470.8254072143445
0.8999999999999999 -0.2899999999999998 -868.5870821553083 -1138.3446250993882
0.8999999999999999 -0.2799999999999998 -675.0313097780179 -881.0282904694092
0.8999999999999999 -0.2699999999999998 -524.6142054504934 -681.8821678555589
0.8999999999999999 -0.2599999999999998 -407.7198102515654 -527.7547227534375
0.8999999999999999 -0.24999999999999978 -316.87594944705955 -408.46812164999415
0.8999999999999999 -0.23999999999999977 -246.27623080510253 -316.145773160006
0.8999999999999999 -0.22999999999999976 -191.40863743246982 -244.6919533216814
0.8999999999999999 -0.21999999999999975 -148.76694155002622 -189.38911538076002
0.8999999999999999 -0.20999999999999974 -115.62646843058542 -146.58626616723706
0.8999999999999999 -0.19999999999999973 -89.86985958109351 -113.45781234950647
0.8999999999999999 -0.18999999999999972 -69.85168508161098 -87.81693881843952
0.8999999999999999 -0.17999999999999972 -54.29324182786416 -67.97118643137
0.8999999999999999 -0.1699999999999997 -42.200806547764174 -52.610685807227775
0.8999999999999999 -0.1599999999999997 -32.80211362184198 -40.721662318225476
0.8999999999999999 -0.1499999999999997 -25.496994071274504 -31.519497629782766
0.8999999999999999 -0.13999999999999968 -19.819018274580415 -24.39692555550057
0.8999999999999999 -0.12999999999999967 -15.405689061944122 -18.88394008268661
0.8999999999999999 -0.11999999999999968 -11.975278896143202 -14.616767314365632
0.8999999999999999 -0.10999999999999968 -9.308829905951296 -11.313851932873087
0.8999999999999999 -0.09999999999999969 -7.236165803262542 -8.75727220932843
0.8999999999999999 -0.08999999999999969 -5.625021330492172 -6.778356197046005
0.8999999999999999 -0.0799999999999997 -4.372594275608314 -5.246549259754586
0.8999999999999999 -0.0699999999999997 -3.398980020111822 -4.060797839443908
0.8999999999999999 -0.0599999999999997 -2.642068965439107 -3.1428805567400326
0.8999999999999999 -0.0499999999999997 -2.053580719048716 -2.4322463412682116
0.8999999999999999 -0.039999999999999696 -1.5959815978793266 -1.8820188085464231
0.8999999999999999 -0.029999999999999694 -1.2400884738429252 -1.4559031091039671
0.8999999999999999 -0.01999999999999969 -0.9632058559465246 -1.1257910625704834
0.8999999999999999 -0.009999999999999691 -0.747677182772939 -0.8699064908855775
0.8999999999999999 3.0878077872387166e-16 -0.5797577670528336 -0.6713683258157651
0.8999999999999999 0.010000000000000309 -0.4487373835431236 -0.5170766420211642
0.8999999999999999 0.02000000000000031 -0.3462564362586338 -0.3968480791612655
0.8999999999999999 0.03000000000000031 -0.2657720004797516 -0.3027435722476414
0.8999999999999999 0.04000000000000031 -0.2021395985861664 -0.2285439950336112
0.8999999999999999 0.050000000000000315 -0.1512839473671416 -0.1693390739310136
0.8999999999999999 0.06000000000000032 -0.109937578789339 -0.1212023931850003
0.8999999999999999 0.07000000000000031 -0.0754305471152348 -0.0809309778818516
0.8999999999999999 0.08000000000000031 -0.0455176667057872 -0.045832182992199
0.8999999999999999 0.0900000000000003 -0.0182320812717982 -0.0135437129576571
0.8999999999999999 0.1000000000000003 0.0082444053202509 0.0181252497035438
0.8999999999999999 0.11000000000000029 0.0357028036667069 0.0513424762637742
0.8999999999999999 0.12000000000000029 0.0660283497365028 0.0884007165039402
0.8999999999999999 0.13000000000000028 0.1013300915251852 0.131875387193428
0.8999999999999999 0.1400000000000003 0.1440875585580017 0.1848027154254376
0.8999999999999999 0.1500000000000003 0.1973247002973666 0.2508905815486358
0.8999999999999999 0.1600000000000003 0.2648232638064647 0.3347765947738634
0.8999999999999999 0.17000000000000032 0.3513906133157869 0.442351215079475
0.8999999999999999 0.18000000000000033 0.4632008760081238 0.5811682322263764
0.8999999999999999 0.19000000000000034 0.6082335036269059 0.7609709329523036
0.8999999999999999 0.20000000000000034 0.7968402346992257 0.994370239669135
0.8999999999999999 0.21000000000000035 1.0424805110457194 1.2977215269415243
0.8999999999999999 0.22000000000000036 1.3626772797132354 1.692260419999067
0.8999999999999999 0.23000000000000037 1.7802606274355846 2.2055755691826624
0.8999999999999999 0.24000000000000038 2.324986931483766 2.873519365176395
0.8999999999999999 0.2500000000000004 3.0356475775418748 3.7426873531973306
0.8999999999999999 0.2600000000000004 3.9628156251438695 4.8736357138650686
0.8999999999999999 0.2700000000000004 5.172423477058737 6.345056181643288
0.8999999999999999 0.2800000000000004 6.750422726546624 8.259192497940498
0.8999999999999999 0.2900000000000004 8.808852935929368 10.7488662435605
0.8999999999999999 0.30000000000000043 11.493744360407048 13.986588210764372
0.8999999999999999 0.31000000000000044 14.995407345434051 18.196371512579738
0.8999999999999999 0.32000000000000045 19.56182708082652 23.669043608847304
0.8999999999999999 0.33000000000000046 25.516097985567022 30.78208823938231
0.8999999999999999 0.34000000000000047 33.279111998161554 40.025350202440116
0.8999999999999999 0.3500000000000005 43.39907860687668 52.03432570981546
0.8999999999999999 0.3600000000000005 56.58992638218646 67.63326405101125
0.8999999999999999 0.3700000000000005 73.78124820440111 87.89095513155989
0.8999999999999999 0.3800000000000005 96.1832469192945 114.19291405881802
0.8999999999999999 0.3900000000000005 125.37116865517274 148.3347522334723
0.8999999999999999 0.4000000000000005 163.39504717153335 192.6429136000544
0.8999999999999999 0.41000000000000053 212.92231449674134 250.1307436980348
0.8999999999999999 0.42000000000000054 277.42307725436444 324.70016198866705
0.8999999999999999 0.43000000000000055 361.41076503796364 421.4021708850867
0.8999999999999999 0.44000000000000056 470.75462146978623 546.7732454853789
0.8999999999999999 0.45000000000000057 613.0853813182232 709.2695464202144
0.8999999999999999 0.4600000000000006 798.3217824108655 919.8271920798384
0.8999999999999999 0.4700000000000006 1039.3537172719468 1192.5849094433547
0.8999999999999999 0.4800000000000006 1352.9283757363776 1545.8157583333493
0.8999999999999999 0.4900000000000006 1760.799361379105 2003.1279358721913
0.8999999999999999 0.5000000000000006 2291.216377010064 2595.0117386764373
0.9999999999999999 -0.5 276477.61193537666 107076.65305456572
0.9999999999999999 -0.49 214397.2293881146 82517.22800922435
0.9999999999999999 -0.48 166258.46563937797 63589.36901860575
0.9999999999999999 -0.47 128929.93887392165 49002.03403370573
0.9999999999999999 -0.45999999999999996 99983.6997352825 37760.09365367417
0.9999999999999999 -0.44999999999999996 77537.18956582263 29096.518666732896
0.9999999999999999 -0.43999999999999995 60130.711360756766 22420.10535142061
0.9999999999999999 -0.42999999999999994 46632.432425934414 17275.178868013692
0.9999999999999999 -0.41999999999999993 36164.73160870252 13310.530491808158
0.9999999999999999 -0.4099999999999999 28047.094586724517 10255.47308868932
0.9999999999999999 -0.3999999999999999 21751.8387173728 7901.383886260627
0.9999999999999999 -0.3899999999999999 16869.784649281122 6087.477231362558
0.9999999999999999 -0.3799999999999999 13083.639754210566 4689.838074194288
0.9999999999999999 -0.3699999999999999 10147.360679329262 3612.96898413302
0.9999999999999999 -0.3599999999999999 7870.151680820296 2783.2746966116842
0.9999999999999999 -0.34999999999999987 6104.057253480878 2144.040166295919
0.9999999999999999 -0.33999999999999986 4734.341587294597 1651.5598427844725
0.9999999999999999 -0.32999999999999985 3672.028808488991 1272.1543169893941
0.9999999999999999 -0.31999999999999984 2848.118619367522 979.8709487579234
0.9999999999999999 -0.30999999999999983 2209.1010012216466 754.7116956605748
0.9999999999999999 -0.2999999999999998 1713.4781911947962 581.2672927670062
0.9999999999999999 -0.2899999999999998 1329.067693784997 447.66463028157807
0.9999999999999999 -0.2799999999999998 1030.9109097232067 344.7555262964379
0.9999999999999999 -0.2699999999999998 799.6513687665589 265.4915497350889
0.9999999999999999 -0.2599999999999998 620.2771042225233 204.4422347949155
0.9999999999999999 -0.24999999999999978 481.1453948813667 157.42380703372973
0.9999999999999999 -0.23999999999999977 373.22646658521876 121.2130788815209
0.9999999999999999 -0.22999999999999976 289.51698647299355 93.32698236381589
0.9999999999999999 -0.21999999999999975 224.58522492291274 71.85268509908039
0.9999999999999999 -0.20999999999999974 174.21832200853945 55.316687372652005
0.9999999999999999 -0.19999999999999973 135.1487340571534 42.58395855583382
0.9999999999999999 -0.18999999999999972 104.84208363408273 32.78022168537242
0.9999999999999999 -0.17999999999999972 81.33262790330357 25.23207544219692
0.9999999999999999 -0.1699999999999997 63.09565551650081 19.420860829057858
0.9999999999999999 -0.1599999999999997 48.948522305497484 14.94711860916097
0.9999999999999999 -0.1499999999999997 37.973897211166495 11.503207059502351
0.9999999999999999 -0.13999999999999968 29.460233121700153 8.852207165570743
0.9999999999999999 -0.12999999999999967 22.855596470967427 6.811672078995753
0.9999999999999999 -0.11999999999999968 17.731857338481703 5.2411087970898285
0.9999999999999999 -0.10999999999999968 13.756914825576823 4.032335202393853
0.9999999999999999 -0.09999999999999969 10.673154413423163 3.1020522395558316
0.9999999999999999 -0.08999999999999969 8.280738766116135 2.386122531022501
0.9999999999999999 -0.0799999999999997 6.424647335471802 1.8351634887496917
0.9999999999999999 -0.0699999999999997 4.984623554243095 1.4111529405020853
0.9999999999999999 -0.0599999999999997 3.8673771910055343 1.0848146016154303
0.9999999999999999 -0.0499999999999997 3.0005358503625272 0.8336041220248585
0.9999999999999999 -0.039999999999999696 2.327953149216372 0.6401575731154735
0.9999999999999999 -0.029999999999999694 1.8060691605016532 0.4910959211876793
0.9999999999999999 -0.01999999999999969 1.4010870104537683 0.3761034300800403
0.9999999999999999 -0.009999999999999691 1.0867824802035513 0.2872167129825579
0.9999999999999999 3.0878077872387166e-16 0.8428045371584691 0.2182755970171029
0.9999999999999999 0.010000000000000309 0.6533565736431779 0.1644980618440164
0.9999999999999999 0.02000000000000031 0.5061728278687677 0.1221500247131548
0.9999999999999999 0.03000000000000031 0.3917236089635325 0.0882872514577025
0.9999999999999999 0.04000000000000031 0.3025977864485142 0.0605516212717363
0.9999999999999999 0.050000000000000315 0.2330224982832524 0.0370077013761395
0.9999999999999999 0.06000000000000032 0.1784889262904802 0.0160083509721042
0.9999999999999999 0.07000000000000031 0.1354598604274574 -0.0039199388044865
0.9999999999999999 0.08000000000000031 0.1011400696910661 -0.0241799151073474
0.9999999999999999 0.0900000000000003 0.0732945606858024 -0.0462017912377657
0.9999999999999999 0.1000000000000003 0.0501028981563976 -0.0715436751116074
0.9999999999999999 0.11000000000000029 0.0300400850978663 -0.1020012109443236
0.9999999999999999 0.12000000000000029 0.011776203261449 -0.1397341030282507
0.9999999999999999 0.13000000000000028 -0.0059117926393432 -0.1874183794205414
0.9999999999999999 0.1400000000000003 -0.0242219759973476 -0.2484350577263399
0.9999999999999999 0.1500000000000003 -0.0444085232931686 -0.3271084200624536
0.9999999999999999 0.1600000000000003 -0.0678674368891726 -0.4290105657590048
0.9999999999999999 0.17000000000000032 -0.0962327529059991 -0.5613535273789474
0.9999999999999999 0.18000000000000033 -0.1314898300454124 -0.7334963264104435
0.9999999999999999 0.19000000000000034 -0.1761135226983302 -0.9576023285832111
0.9999999999999999 0.20000000000000034 -0.2332407819340092 -1.2494926835567812
0.9999999999999999 0.21000000000000035 -0.3068896208619586 -1.6297552145699086
0.9999999999999999 0.22000000000000036 -0.4022395903039776 -2.1251857901642004
0.9999999999999999 0.23000000000000037 -0.5259931557061794 -2.770662169457098
0.9999999999999999 0.24000000000000038 -0.6868429355116878 -3.61158013058004
0.9999999999999999 0.2500000000000004 -0.8960770326027931 -4.707020398736293
0.9999999999999999 0.2600000000000004 -1.1683641559072713 -6.133865115809936
0.9999999999999999 0.2700000000000004 -1.522772527705268 -7.992147743382426
0.9999999999999999 0.2800000000000004 -1.984092531584274 -10.412004774238467
0.9999999999999999 0.2900000000000004 -2.5845537481514698 -13.562707149218838
0.9999999999999999 0.30000000000000043 -3.366053836602389 -17.664391216904246
0.9999999999999999 0.31000000000000044 -4.383051441280689 -23.003292976986458
0.9999999999999999 0.32000000000000045 -5.706320246908175 -29.951527551934355
0.9999999999999999 0.33000000000000046 -7.427819460561674 -38.99276427930716
0.9999999999999999 0.34000000000000047 -9.667011215796558 -50.755547105399714
0.9999999999999999 0.3500000000000005 -12.579052643586712 -66.056526687753
0.9999999999999999 0.3600000000000005 -16.365416041061792 -85.95653911519082
0.9999999999999999 0.3700000000000005 -21.287652944749336 -111.83333073790142
0.9999999999999999 0.3800000000000005 -27.68522760747614 -145.4758464230279
0.9999999999999999 0.3900000000000005 -35.99861606647286 -189.2064433150991
0.9999999999999999 0.4000000000000005 -46.799216272887065 -246.03925888542418
0.9999999999999999 0.41000000000000053 -60.82806525955682 -319.88537310510094
0.9999999999999999 0.42000000000000054 -79.04594013794977 -415.8185176241318
0.9999999999999999 0.43000000000000055 -102.69816819509923 -540.4191028496808
0.9999999999999999 0.44000000000000056 -133.39843546905408 -702.2195179839788
0.9999999999999999 0.45000000000000057 -173.23712445702338 -912.2803453942505
0.9999999999999999 0.4600000000000006 -224.92130897208799 -1184.9357511553285
0.9999999999999999 0.4700000000000006 -291.9555887569696 -1538.7574234653569
0.9999999999999999 0.4800000000000006 -378.8755878391806 -1997.8007431832334
0.9999999999999999 0.4900000000000006 -491.54933461466135 -2593.2153019026755
0.9999999999999999 0.5000000000000006 -637.5661004354722 -3365.325608369085
1.0999999999999999 -0.5 -283059.6505516931 63542.65453345209
1.0999999999999999 -0.49 -219207.6932885202 49728.92105636193
1.0999999999999999 -0.48 -169760.97813290588 38915.08527402057
1.0999999999999999 -0.47 -131469.24521198726 30450.411735857288
1.0999999999999999 -0.45999999999999996 -101815.6800515057 23825.14333999573
1.0999999999999999 -0.44999999999999996 -78851.38590709353 18640.001961565125
1.0999999999999999 -0.43999999999999995 -61067.21786026841 14582.277065981247
1.0999999999999999 -0.42999999999999994 -47294.54457545195 11407.081742888904
1.0999999999999999 -0.41999999999999993 -36628.40778546727 8922.661319309762
1.0999999999999999 -0.4099999999999999 -28368.023783182336 6978.879780798557
1.0999999999999999 -0.3999999999999999 -21970.712543561353 5458.197711238205
1.0999999999999999 -0.3899999999999999 -17016.22375102977 4268.603414887695
1.0999999999999999 -0.3799999999999999 -13179.113152384634 3338.075003580451
1.0999999999999999 -0.3699999999999999 -10207.352344582498 2610.242351788681
1.0999999999999999 -0.3599999999999999 -7905.765214851747 2040.9893133928817
1.0999999999999999 -0.34999999999999987 -6123.2017774729575 1595.7926760694238
1.0999999999999999 -0.33999999999999986 -4742.60599997027 1247.6383168723312
1.0999999999999999 -0.32999999999999985 -3673.324564147076 975.3895190627635
1.0999999999999999 -0.31999999999999984 -2845.150893065629 762.509459606598
1.0999999999999999 -0.30999999999999983 -2203.7128936354557 596.0610838276688
1.0999999999999999 -0.2999999999999998 -1706.9012257410507 465.9242081143799
1.0999999999999999 -0.2899999999999998 -1322.1033271302617 364.18272193662017
1.0999999999999999 -0.2799999999999998 -1024.0614002605014 284.6449724649609
1.0999999999999999 -0.2699999999999998 -793.2135883448633 222.46841740276466
1.0999999999999999 -0.2599999999999998 -614.4093315194253 173.86590165309607
1.0999999999999999 -0.24999999999999978 -475.9144897741196 135.87582559233087
1.0999999999999999 -0.23999999999999977 -368.6408648059712 106.18232064764318
1.0999999999999999 -0.22999999999999976 -285.5495008662691 82.9745618209995
1.0999999999999999 -0.21999999999999975 -221.18856485008405 64.83670727315727
1.0999999999999999 -0.20999999999999974 -171.33544928295606 50.66180357544606
1.0999999999999999 -0.19999999999999973 -132.71958997119074 39.58444265851593
1.0999999999999999 -0.18999999999999972 -102.80779314135111 30.928089748866874
1.0999999999999999 -0.17999999999999972 -79.63797353396977 24.163888791889224
1.0999999999999999 -0.1699999999999997 -61.69038509162916 18.878446374720596
1.0999999999999999 -0.1599999999999997 -47.787888629122044 14.748638787306634
1.0999999999999999 -0.1499999999999997 -37.01870805961258 11.521912341579535
1.0999999999999999 -0.13999999999999968 -28.67660371716912 9.000880054920556
1.0999999999999999 -0.12999999999999967 -22.21453512243675 7.031278381927071
1.0999999999999999 -0.11999999999999968 -17.208771344310982 5.492551577576771
1.0999999999999999 -0.10999999999999968 -13.331093118542489 4.290490811926232
1.0999999999999999 -0.09999999999999969 -10.32726216492374 3.3514799745515105
1.0999999999999999 -0.08999999999999969 -8.000344600733497 2.6179977555296867
1.0999999999999999 -0.0799999999999997 -6.197794007927824 2.045101978544869
1.0999999999999999 -0.0699999999999997 -4.801446506437345 1.5976819166064957
1.0999999999999999 -0.0599999999999997 -3.719771325338335 1.2483110626017937
1.0999999999999999 -0.0499999999999997 -2.8818684007661255 0.9755693893148916
1.0999999999999999 -0.039999999999999696 -2.2328191858981996 0.7627327346261334
1.0999999999999999 -0.029999999999999694 -1.7300856631492187 0.5967493233708864
1.0999999999999999 -0.01999999999999969 -1.3407213329195122 0.4674409467419781
1.0999999999999999 -0.009999999999999691 -1.0392112329794456 0.366880027227767
1.0999999999999999 3.0878077872387166e-16 -0.8057993158086979 0.2889045354446208
1.0999999999999999 0.010000000000000309 -0.6251934874981582 0.2287411483702864
1.0999999999999999 0.02000000000000031 -0.485563390296862 0.1827136595397204
1.0999999999999999 0.03000000000000031 -0.3777652181293712 0.1480188745657795
1.0999999999999999 0.04000000000000031 -0.2947427513048338 0.1225563690135284
1.0999999999999999 0.050000000000000315 -0.231065361181139 0.1048018040063123
1.0999999999999999 0.06000000000000032 -0.1825727270890765 0.0937161919930478
1.0999999999999999 0.07000000000000031 -0.1461030169634295 0.0886857475884697
1.0999999999999999 0.08000000000000031 -0.1192867705350384 0.0894888860297506
1.0999999999999999 0.0900000000000003 -0.1003930506371959 0.096288665969415
1.0999999999999999 0.1000000000000003 -0.0882178793290306 0.1096506247474814
1.0999999999999999 0.11000000000000029 -0.0820077792348346 0.1305876300125961
1.0999999999999999 0.12000000000000029 -0.0814135828700356 0.1606351819243051
1.0999999999999999 0.13000000000000028 -0.0864717102995128 0.2019626660014648
1.0999999999999999 0.1400000000000003 -0.0976119856540321 0.2575285173359972
1.0999999999999999 0.1500000000000003 -0.1156928933687458 0.3312902795532427
1.0999999999999999 0.1600000000000003 -0.142067091916378 0.4284843328358199
1.0999999999999999 0.17000000000000032 -0.1786821402931844 0.5559948837976609
1.0999999999999999 0.18000000000000033 -0.2282239015414444 0.7228379857606161
1.0999999999999999 0.19000000000000034 -0.2943131467203444 0.9407943135798916
1.0999999999999999 0.20000000000000034 -0.3817697108037122 1.2252346963904968
1.0999999999999999 0.21000000000000035 -0.4969634236905777 1.5961957162091749
1.0999999999999999 0.22000000000000036 -0.6482773050573613 2.0797799170047364
1.0999999999999999 0.23000000000000037 -0.8467166218872874 2.709977510332421
1.0999999999999999 0.24000000000000038 -1.1067079456845776 3.5310354270022373
1.0999999999999999 0.2500000000000004 -1.4471460706207144 4.6005371123079035
1.0999999999999999 0.2600000000000004 -1.8927645508221167 5.993405134295942
1.0999999999999999 0.2700000000000004 -2.4759289704544893 7.807101754735118
1.0999999999999999 0.2800000000000004 -3.238982550715634 10.168384347879014
1.0999999999999999 0.2900000000000004 -4.237313510042114 13.24207843311271
1.0999999999999999 0.30000000000000043 -5.5433655801863155 17.242468209436954
1.0999999999999999 0.31000000000000044 -7.251880962056455 22.448082008793453
1.0999999999999999 0.32000000000000045 -9.486753634201243 29.220879859087532
1.0999999999999999 0.33000000000000046 -12.409986632138164 38.03114764823053
1.0999999999999999 0.34000000000000047 -16.233397950014133 49.48978692780336
1.0999999999999999 0.3500000000000005 -21.233916834094877 64.3901866273422
1.0999999999999999 0.3600000000000005 -27.773569459986945 83.76250566786567
1.0999999999999999 0.3700000000000005 -36.32558857977051 108.94402594217125
1.0999999999999999 0.3800000000000005 -47.50851948869697 141.67030783485046
1.0999999999999999 0.3900000000000005 -62.130765585712886 184.19326552622766
1.0999999999999999 0.4000000000000005 -81.24876123981954 239.43406704428733
1.0999999999999999 0.41000000000000053 -106.24293014750664 311.18107055689785
1.0999999999999999 0.42000000000000054 -138.9168522200349 404.3459831156001
1.0999999999999999 0.43000000000000055 -181.62671017769708 525.2952629887421
1.0999999999999999 0.44000000000000056 -237.45023406339106 682.2787285551323
1.0999999999999999 0.45000000000000057 -310.40715811371985 885.9837022664896
1.0999999999999999 0.4600000000000006 -405.74684514957005 1150.251214034515
1.0999999999999999 0.4700000000000006 -530.3234725835982 1493.001336163801
1.0999999999999999 0.4800000000000006 -693.0853407503764 1937.4282904233842
1.0999999999999999 0.4900000000000006 -905.7128861976134 2513.543414054948
1.0999999999999999 0.5000000000000006 -1183.450414723323 3260.1664931307223
1.2 -0.5 195216.02513112957 -205461.88612107447
1.2 -0.49 150870.12280822409 -159556.25330232945
1.2 -0.48 116598.02145247068 -123907.79961803665
1.2 -0.47 90111.28411662 -96224.52171506645
1.2 -0.45999999999999996 69641.34284582926 -74726.60008035359
1.2 -0.44999999999999996 53821.39546126745 -58031.93801065271
1.2 -0.43999999999999995 41595.133887965305 -45067.28103907714
1.2 -0.42999999999999994 32146.20797209378 -34999.19972373111
1.2 -0.41999999999999993 24843.713811034628 -27180.49648461744
1.2 -0.4099999999999999 19200.06597742149 -21108.589362103994
1.2 -0.3999999999999999 14838.440171827058 -16393.19599729662
1.2 -0.3899999999999999 11467.612051827813 -12731.239367580116
1.2 -0.3799999999999999 8862.511962766072 -9887.361336243479
1.2 -0.3699999999999999 6849.197038737631 -7678.790778558566
1.2 -0.3599999999999999 5293.237152659676 -5963.593132796294
1.2 -0.34999999999999987 4090.7391788442155 -4631.545712063385
1.2 -0.33999999999999986 3161.410219158078 -3597.0519926084335
1.2 -0.32999999999999985 2443.1966032241744 -2793.6392303606035
1.2 -0.31999999999999984 1888.1406987170722 -2169.6855857324226
1.2 -0.30999999999999983 1459.1788877473175 -1685.1020073884695
1.2 -0.2999999999999998 1127.6669108617511 -1308.755525100939
1.2 -0.2899999999999998 871.4673485413065 -1016.4682793767918
1.2 -0.2799999999999998 673.4715448645195 -789.4636380392461
1.2 -0.2699999999999998 520.4572858808629 -613.1594986783978
1.2 -0.2599999999999998 402.20596336656916 -476.23119995315096
1.2 -0.24999999999999978 310.82028006959433 -369.8837999591271
1.2 -0.23999999999999977 240.19694222531143 -287.2869411957976
1.2 -0.22999999999999976 185.61913314385967 -223.13597482273727
1.2 -0.21999999999999975 143.44155900679547 -173.31113414567722
1.2 -0.20999999999999974 110.84703866789913 -134.61285063905396
1.2 -0.19999999999999973 85.658385917083 -104.55620064414894
1.2 -0.18999999999999972 66.19302427538321 -81.21127194690543
1.2 -0.17999999999999972 51.15062742574054 -63.07919115616283
1.2 -0.1699999999999997 39.52628333919901 -48.99584496976787
1.2 -0.1599999999999997 30.543384246560308 -38.05710841525201
1.2 -0.1499999999999997 23.60176160641606 -29.560775431075903
1.2 -0.13999999999999968 18.23760306148329 -22.96146058467702
1.2 -0.12999999999999967 14.092475011832363 -17.835574317422843
1.2 -0.11999999999999968 10.889382384913143 -13.854121454046847
1.2 -0.10999999999999968 8.414267037332214 -10.761575430741676
1.2 -0.09999999999999969 6.501709351047498 -8.359471097908617
1.2 -0.08999999999999969 5.023878230699682 -6.4936621358133815
1.2 -0.0799999999999997 3.881991605828419 -5.04442457192305
1.2 -0.0699999999999997 2.9997171724491305 -3.9187707410192463
1.2 -0.0599999999999997 2.3180726645949252 -3.0444800355979798
1.2 -0.0499999999999997 1.7914850775616589 -2.3654630811898367
1.2 -0.039999999999999696 1.384745656020893 -1.838161626839926
1.2 -0.029999999999999694 1.070657278945848 -1.4287529696018522
1.2 -0.01999999999999969 0.8282171133561401 -1.1109794087431912
1.2 -0.009999999999999691 0.6412131576415511 -0.8644633711246598
1.2 3.0878077872387166e-16 0.4971409396705947 -0.6734000435666028
1.2 0.010000000000000309 0.3863680210265721 -0.5255435954048971
1.2 0.02000000000000031 0.3014905147575952 -0.411421932938267
1.2 0.03000000000000031 0.2368386558086922 -0.3237296089613546
1.2 0.04000000000000031 0.1880984281056967 -0.2568599586243699
1.2 0.050000000000000315 0.1520240160862266 -0.2065464833945675
1.2 0.06000000000000032 0.1262219305578821 -0.1695905335235822
1.2 0.07000000000000031 0.1089924662890487 -0.1436578984698761
1.2 0.08000000000000031 0.0992180040916536 -0.127131362323677
1.2 0.0900000000000003 0.0962908325430779 -0.1190099044581726
1.2 0.1000000000000003 0.100075847365984 -0.1188482588106938
1.2 0.11000000000000029 0.1109058719340108 -0.1267331853506521
1.2 0.12000000000000029 0.1296095934913879 -0.1432952266929397
1.2 0.13000000000000028 0.157574381697279 -0.1697570802402717
1.2 0.1400000000000003 0.1968487070903139 -0.208022167309692
1.2 0.1500000000000003 0.2502916788710859 -0.2608096880699534
1.2 0.1600000000000003 0.3217805716799144 -0.3318455951286708
1.2 0.17000000000000032 0.4164913471525741 -0.4261227091234995
1.2 0.18000000000000033 0.5412723917270943 -0.5502478898323246
1.2 0.19000000000000034 0.7051383583606041 -0.7129000791212521
1.2 0.20000000000000034 0.9199195907570894 -0.925430540788402
1.2 0.21000000000000035 1.2011137355116486 -1.2026462362232833
1.2 0.22000000000000036 1.5690006013405948 -1.5638296312647406
1.2 0.23000000000000037 2.050100132149636 -2.0340641456517314
1.2 0.24000000000000038 2.679077857068869 -2.645954981045431
1.2 0.2500000000000004 3.501234102720135 -3.4418615450637247
1.2 0.2600000000000004 4.575754861871281 -4.47679186074589
1.2 0.2700000000000004 5.97995645182533 -5.822153442414752
1.2 0.2800000000000004 7.814826797608936 -7.5706119953892
1.2 0.2900000000000004 10.212258327970867 -9.842382640280723
1.2 0.30000000000000043 13.344487569596888 -12.793372901394012
1.2 0.31000000000000044 17.436413016656438 -16.625718502777573
1.2 0.32000000000000045 22.78166673243613 -21.601409871120442
1.2 0.33000000000000046 29.763580707186303 -28.059909133806734
1.2 0.34000000000000047 38.882534846653954 -36.440917110683316
1.2 0.3500000000000005 50.79162377369429 -47.31378369965767
1.2 0.3600000000000005 66.3431658093456 -61.41548408969591
1.2 0.3700000000000005 86.64934038082998 -79.69963416627283
1.2 0.3800000000000005 113.16123270272315 -103.39972548760757
1.2 0.3900000000000005 147.77185573654998 -134.11066692625747
1.2 0.4000000000000005 192.95039851017378 -173.89388210297585
1.2 0.41000000000000053 251.9171328120727 -225.4126999269636
1.2 0.42000000000000054 328.87124744544377 -292.1066800448
1.2 0.43000000000000055 429.2875656022227 -378.4159503900617
1.2 0.44000000000000056 560.3028891772874 -490.0697458606678
1.2 0.45000000000000057 731.218931324964 -634.4573100689431
1.2 0.4600000000000006 954.1568691305941 -821.1043900897014
1.2 0.4700000000000006 1244.9090205421483 -1062.2850133304983
1.2 0.4800000000000006 1624.0467334281811 -1373.8064604790336
1.2 0.4900000000000006 2118.361187553647 -1776.0158116928926
1.2 0.5000000000000006 2762.7366385260525 -2295.089740924348
1.3 -0.5 -46736.287428940894 272498.1566303444
1.3 -0.49 -35672.7034089156 211220.58012550976
1.3 -0.48 -27221.872176549823 163723.8499041908
1.3 -0.47 -20768.086741454623 126908.5010527217
1.3 -0.45999999999999996 -15840.457295694967 98372.2315090947
1.3 -0.44999999999999996 -12078.907954029455 76253.07590749314
1.3 -0.43999999999999995 -9208.145159435739 59107.860309350166
1.3 -0.42999999999999994 -7017.731501906506 45818.00007609204
1.3 -0.41999999999999993 -5346.835054953921 35516.48917920261
1.3 -0.4099999999999999 -4072.5587816358125 27531.3133800619
1.3 -0.3999999999999999 -3101.010875575863 21341.592391411534
1.3 -0.3899999999999999 -2360.4733165850266 16543.587443717897
1.3 -0.3799999999999999 -1796.1764178793571 12824.354939035073
1.3 -0.3699999999999999 -1366.3024445080002 9941.326173944439
1.3 -0.3599999999999999 -1038.9297114854305 7706.480071067006
1.3 -0.34999999999999987 -789.696227795654 5974.07575406426
1.3 -0.33999999999999986 -600.0137705863882 4631.144224003135
1.3 -0.32999999999999985 -455.70295602685576 3590.1185271551353
1.3 -0.31999999999999984 -345.95025802931394 2783.121411120753
1.3 -0.30999999999999983 -262.5111887941345 2157.5376656438766
1.3 -0.2999999999999998 -199.1016629614648 1672.582202902584
1.3 -0.2899999999999998 -150.93319735217418 1296.639925774316
1.3 -0.2799999999999998 -114.35802948995887 1005.2038057194305
1.3 -0.2699999999999998 -86.59821996884583 779.2766337432797
1.3 -0.2599999999999998 -65.53891050774486 604.1321675466002
1.3 -0.24999999999999978 -49.57058100617376 468.3548511177212
1.3 -0.23999999999999977 -37.46872187391397 363.09546081591196
1.3 -0.22999999999999976 -28.302070234594538 281.4941211380082
1.3 -0.21999999999999975 -21.362647733267703 218.23305356906576
1.3 -0.20999999999999974 -16.112434748976206 169.18988601436413
1.3 -0.19999999999999973 -12.142736505377647 131.16891075207968
1.3 -0.18999999999999972 -9.143229416856837 101.69276382327357
1.3 -0.17999999999999972 -6.8783887460764195 78.84094015137264
1.3 -0.1699999999999997 -5.169543110137572 61.124613673804504
1.3 -0.1599999999999997 -3.881217202925335 47.38959973152598
1.3 -0.1499999999999997 -2.910741624324966 36.74113241486477
1.3 -0.13999999999999968 -2.1803511117257086 28.485552267969172
1.3 -0.12999999999999967 -1.6311774857769847 22.085102534399947
1.3 -0.11999999999999968 -1.2186848048382075 17.122886930550134
1.3 -0.10999999999999968 -0.9092019307986694 13.275704527421196
1.3 -0.09999999999999969 -0.6772898598828451 10.292990928934103
1.3 -0.08999999999999969 -0.5037438147236925 7.98049305943872
1.3 -0.0799999999999997 -0.3740778493301118 6.18761348296448
1.3 -0.0699999999999997 -0.2773761160123744 4.7975994007406655
1.3 -0.0599999999999997 -0.2054226781059013 3.7199369137186498
1.3 -0.0499999999999997 -0.1520428823720791 2.884454887037147
1.3 -0.039999999999999696 -0.112605401415624 2.2367541879167483
1.3 -0.029999999999999694 -0.0836463187817697 1.734664453901045
1.3 -0.01999999999999969 -0.0625859733990028 1.3454975175087276
1.3 -0.009999999999999691 -0.0475164051547925 1.0439185327355516
1.3 3.0878077872387166e-16 -0.0370426842384932 0.810296103513276
1.3 0.010000000000000309 -0.0301655726466779 0.6294239285955967
1.3 0.02000000000000031 -0.0261961709279128 0.489530686288447
1.3 0.03000000000000031 -0.0246956889177595 0.3815136640880344
1.3 0.04000000000000031 -0.0254354339502319 0.2983462168664047
1.3 0.050000000000000315 -0.0283736818694368 0.2346204629292548
1.3 0.06000000000000032 -0.0336474040996442 0.1861954381424056
1.3 0.07000000000000031 -0.0415779668568508 0.1499277984568612
1.3 0.08000000000000031 -0.052690982212133 0.1234675380378614
1.3 0.0900000000000003 -0.0677515545273636 0.1051054238422342
1.3 0.1000000000000003 -0.0878173084549278 0.093662213210145
1.3 0.11000000000000029 -0.1143128899439652 0.0884124373384811
1.3 0.12000000000000029 -0.1491311943448821 0.0890377761815909
1.3 0.13000000000000028 -0.1947685084892688 0.0956069637927565
1.3 0.1400000000000003 -0.2545031952565192 0.1085808695972918
1.3 0.1500000000000003 -0.3326306741769267 0.1288430082786449
1.3 0.1600000000000003 -0.4347714828325348 0.1577573386564044
1.3 0.17000000000000032 -0.5682744279241572 0.1972569179652214
1.3 0.18000000000000033 -0.7427436227646655 0.2499688837631196
1.3 0.19000000000000034 -0.9707270407773952 0.3193834519399832
1.3 0.20000000000000034 -1.2686157174964636 0.4100772715216481
1.3 0.21000000000000035 -1.6578177195967694 0.5280047118423268
1.3 0.22000000000000036 -2.1662905263296968 0.6808746498019312
1.3 0.23000000000000037 -2.8305409126574608 0.8786352845474744
1.3 0.24000000000000038 -3.698234575021244 1.1340956884853606
1.3 0.2500000000000004 -4.831600929648574 1.463720515455963
1.3 0.2600000000000004 -6.3118747697671855 1.8886439023401973
1.3 0.2700000000000004 -8.245089732590571 2.4359605689073156
1.3 0.2800000000000004 -10.76963392260138 3.140366980607719
1.3 0.2900000000000004 -14.066102223229546 4.046243829217778
1.3 0.30000000000000043 -18.370141456678738 5.210293756996475
1.3 0.31000000000000044 -23.989194860077852 6.704876069848381
1.3 0.32000000000000045 -31.324325929209465 8.62221414119505
1.3 0.33000000000000046 -40.898657482576674 11.079692395605992
1.3 0.34000000000000047 -53.39442440018066 14.226509352088389
1.3 0.3500000000000005 -69.70123977826702 18.252012392316004
1.3 0.3600000000000005 -90.9789555552755 23.396109804627855
1.3 0.3700000000000005 -118.7395135870145 29.962237091380082
1.3 0.3800000000000005 -154.9535010944828 38.33344784395843
1.3 0.3900000000000005 -202.18883525995076 48.992304085538635
1.3 0.4000000000000005 -263.7912218407508 62.54535471601705
1.3 0.41000000000000053 -344.1189125004638 79.7531089899847
1.3 0.42000000000000054 -448.84801970654297 101.56652650235044
1.3 0.43000000000000055 -585.3694879626856 129.17114202717707
1.3 0.44000000000000056 -763.3050905852631 164.04000056543518
1.3 0.45000000000000057 -995.1779413673863 207.99656089730775
1.3 0.4600000000000006 -1297.2835210104317 263.2885833019508
1.3 0.4700000000000006 -1690.8208161685652 332.6736727556583
1.3 0.4800000000000006 -2203.3607522772127 419.51649186381155
1.3 0.4900000000000006 -2870.7518259428707 527.8965281112739
1.3 0.5000000000000006 -3739.592195484748 662.7234695329639
1.4000000000000001 -0.5 -109822.31717355309 -245939.30020039107
1.4000000000000001 -0.49 -85598.07998986714 -190320.34503064648
1.4000000000000001 -0.48 -66715.31575295738 -147280.0414215451
1.4000000000000001 -0.47 -51996.66020969122 -113973.51189728612
1.4000000000000001 -0.45999999999999996 -40524.15866180653 -88199.32630788173
1.4000000000000001 -0.44999999999999996 -31582.134987147256 -68253.96127938379
1.4000000000000001 -0.43999999999999995 -24612.636932837493 -52819.1810505974
1.4000000000000001 -0.42999999999999994 -19180.690679449115 -40874.89243254782
1.4000000000000001 -0.41999999999999993 -14947.206125148658 -31631.7113990566
1.4000000000000001 -0.4099999999999999 -11647.849074411946 -24478.782424388886
1.4000000000000001 -0.3999999999999999 -9076.566903339026 -18943.400367360286
1.4000000000000001 -0.3899999999999999 -7072.743234106817 -14659.765187706653
1.4000000000000001 -0.3799999999999999 -5511.182574636961 -11344.803698830588
1.4000000000000001 -0.3699999999999999 -4294.30172815885 -8779.459858338963
1.4000000000000001 -0.3599999999999999 -3346.041946999366 -6794.216683065457
1.4000000000000001 -0.34999999999999987 -2607.1227983732474 -5257.892664180477
1.4000000000000001 -0.33999999999999986 -2031.3421618999632 -4068.97205521746
1.4000000000000001 -0.32999999999999985 -1582.6918659856208 -3148.895929691866
1.4000000000000001 -0.31999999999999984 -1233.1092321792134 -2436.8705342063554
1.4000000000000001 -0.30999999999999983 -960.7243844766172 -1885.8497699700172
1.4000000000000001 -0.2999999999999998 -748.4940527440995 -1459.4262535968328
1.4000000000000001 -0.2899999999999998 -583.1366738516056 -1129.4254693450994
1.4000000000000001 -0.2799999999999998 -454.30236682081954 -874.0440010382183
1.4000000000000001 -0.2699999999999998 -353.92599628935596 -676.4087957705232
1.4000000000000001 -0.2599999999999998 -275.722952127338 -523.4622409718976
1.4000000000000001 -0.24999999999999978 -214.79617207419875 -405.0993714501407
1.4000000000000001 -0.23999999999999977 -167.32987251320233 -313.50018737817436
1.4000000000000001 -0.22999999999999976 -130.35086181375522 -242.61295953364188
1.4000000000000001 -0.21999999999999975 -101.54252782422118 -187.75437691808474
1.4000000000000001 -0.20999999999999974 -79.0998787240205 -145.30011383845758
1.4000000000000001 -0.19999999999999973 -61.616579341269606 -112.44536907349088
1.4000000000000001 -0.18999999999999972 -47.99692290853958 -87.01955386424244
1.4000000000000001 -0.17999999999999972 -37.38723558630711 -67.34288381193967
1.4000000000000001 -0.1699999999999997 -29.122425022569605 -52.115398855505696
1.4000000000000001 -0.1599999999999997 -22.684330438048416 -40.33107835977893
1.4000000000000001 -0.1499999999999997 -17.669269249825646 -31.2113766013266
1.4000000000000001 -0.13999999999999968 -13.762750085768491 -24.15378718822993
1.4000000000000001 -0.12999999999999967 -10.719770070258724 -18.692038002597712
1.4000000000000001 -0.11999999999999968 -8.349463443718522 -14.4652867379569
1.4000000000000001 -0.10999999999999968 -6.50314071456692 -11.194281804113405
1.4000000000000001 -0.09999999999999969 -5.064969626359882 -8.662913589591403
1.4000000000000001 -0.08999999999999969 -3.9447145016013208 -6.703937218725584
1.4000000000000001 -0.0799999999999997 -3.0720793223904215 -5.187923551268967
1.4000000000000001 -0.0699999999999997 -2.3923002746345627 -4.014708459134276
1.4000000000000001 -0.0599999999999997 -1.862711689591109 -3.1067754710695756
1.4000000000000001 -0.0499999999999997 -1.4500702526101776 -2.4041346079580017
1.4000000000000001 -0.039999999999999696 -1.1284698237926036 -1.860359078824782
1.4000000000000001 -0.029999999999999694 -0.8777161974257344 -1.4395180016836748
1.4000000000000001 -0.01999999999999969 -0.6820599292965434 -1.1138025081128364
1.4000000000000001 -0.009999999999999691 -0.5292077847250236 -0.8616883968650842
1.4000000000000001 3.0878077872387166e-16 -0.4095508079713523 -0.6665139461778704
1.4000000000000001 0.010000000000000309 -0.3155605768449926 -0.5153789183226148
1.4000000000000001 0.02000000000000031 -0.241315733070998 -0.3982920048982754
1.4000000000000001 0.03000000000000031 -0.1821290273040583 -0.3075103686916652
1.4000000000000001 0.04000000000000031 -0.1342513966083858 -0.2370276210878748
1.4000000000000001 0.050000000000000315 -0.0946343934173798 -0.1821763703111498
1.4000000000000001 0.06000000000000032 -0.0607359071968489 -0.1393190315535244
1.4000000000000001 0.07000000000000031 -0.0303567876405678 -0.105606403340298
1.4000000000000001 0.08000000000000031 -0.0014978551078692 -0.0787879678244868
1.4000000000000001 0.0900000000000003 0.027772016408861 -0.0570612582725713
1.4000000000000001 0.1000000000000003 0.0594454664431793 -0.038950175752912
1.4000000000000001 0.11000000000000029 0.0957125733102531 -0.0232039930557928
1.4000000000000001 0.12000000000000029 0.1391124161579993 -0.0087100749217611
1.4000000000000001 0.13000000000000028 0.1927107559877688 0.0055858514686918
1.4000000000000001 0.1400000000000003 0.2603162443722282 0.0207576785956642
1.4000000000000001 0.1500000000000003 0.3467503581764806 0.0379810222441509
1.4000000000000001 0.1600000000000003 0.4581901107416558 0.0586258309337295
1.4000000000000001 0.17000000000000032 0.6026077779302145 0.0843669046373394
1.4000000000000001 0.18000000000000033 0.7903387671341658 0.1173213445876523
1.4000000000000001 0.19000000000000034 1.03481783299996 0.1602243172396221
1.4000000000000001 0.20000000000000034 1.353535741165228 0.2166578251546965
1.4000000000000001 0.21000000000000035 1.7692840323154746 0.2913517203700331
1.4000000000000001 0.22000000000000036 2.311775827801316 0.3905823599424882
1.4000000000000001 0.23000000000000037 3.019757056615396 0.5227026135862336
1.4000000000000001 0.24000000000000038 3.9437569072249232 0.6988480954096504
1.4000000000000001 0.2500000000000004 5.149671101059174 0.9338794520610088
1.4000000000000001 0.2600000000000004 6.723429842809814 1.247640564837339
1.4000000000000001 0.2700000000000004 8.777078042238756 1.6666393071993821
1.4000000000000001 0.2800000000000004 11.45669383067071 2.226293304606195
1.4000000000000001 0.2900000000000004 14.952699262421687 2.973930992638268
1.4000000000000001 0.30000000000000043 19.513283140547326 3.972802196078783
1.4000000000000001 0.31000000000000044 25.4618714579177 5.307437839256328
1.4000000000000001 0.32000000000000045 33.21986064779401 7.090812428154423
1.4000000000000001 0.33000000000000046 43.336191638446664 9.473915195368015
1.4000000000000001 0.34000000000000047 56.52581309220186 12.65853903974564
1.4000000000000001 0.3500000000000005 73.71969181313958 16.9143676436605
1.4000000000000001 0.3600000000000005 96.12981796421023 22.60180309045018
1.4000000000000001 0.3700000000000005 125.33367512097159 30.202459139048486
1.4000000000000001 0.3800000000000005 163.38396821039436 40.35988926180831
1.4000000000000001 0.3900000000000005 212.9511135062162 53.93397714642864
1.4000000000000001 0.4000000000000005 277.5082066495104 72.0735618241284
1.4000000000000001 0.41000000000000053 361.57104189310843 96.31339462877712
1.4000000000000001 0.42000000000000054 471.00944440828783 128.70355671655585
1.4000000000000001 0.43000000000000055 613.4509362392436 171.982171161525
1.4000000000000001 0.44000000000000056 798.8038913959182 229.80584482857142
1.4000000000000001 0.45000000000000057 1039.9352386111511 307.05706714917426
1.4000000000000001 0.4600000000000006 1353.547942888648 410.25416669230754
1.4000000000000001 0.4700000000000006 1761.3165797991612 548.0979005285049
1.4000000000000001 0.4800000000000006 2291.356127014642 732.200012781275
1.4000000000000001 0.4900000000000006 2980.120677401416 978.0540569761225
1.4000000000000001 0.5000000000000006 3874.8564522893516 1306.3286352221921
1.5000000000000002 -0.5 221887.75280280743 139454.39572521468
1.5000000000000002 -0.49 172213.86242268543 107564.06477392567
1.5000000000000002 -0.48 133660.59249736276 82964.8902424412
1.5000000000000002 -0.47 103738.31331315557 63990.192391915894
1.5000000000000002 -0.45999999999999996 80514.7658788587 49354.2112886233
1.5000000000000002 -0.44999999999999996 62490.27881193141 38065.061073516066
1.5000000000000002 -0.43999999999999995 48500.92148285801 29357.572656037442
1.5000000000000002 -0.42999999999999994 37643.33910284961 22641.48125051569
1.5000000000000002 -0.41999999999999993 29216.415635117904 17461.453053362948
1.5000000000000002 -0.4099999999999999 22675.997137206214 13466.246182573546
1.5000000000000002 -0.3999999999999999 17599.751578088428 10384.918907718182
1.5000000000000002 -0.3899999999999999 13659.895784444354 8008.474964940264
1.5000000000000002 -0.3799999999999999 10602.028229177895 6175.703613263587
1.5000000000000002 -0.3699999999999999 8228.700690766711 4762.2559195486565
1.5000000000000002 -0.3599999999999999 6386.667848937277 3672.217752978149
1.5000000000000002 -0.34999999999999987 4956.99140382076 2831.6089356678026
1.5000000000000002 -0.33999999999999986 3847.3596512396175 2183.3683612397385
1.5000000000000002 -0.32999999999999985 2986.126521048619 1683.4854752559809
1.5000000000000002 -0.31999999999999984 2317.685128265809 1298.016113797441
1.5000000000000002 -0.30999999999999983 1798.8770692514208 1000.7805686049188
1.5000000000000002 -0.2999999999999998 1396.205583143886 771.5879395261946
1.5000000000000002 -0.2899999999999998 1083.6726118232432 594.866472739599
1.5000000000000002 -0.2799999999999998 841.1000824081818 458.6070776786735
1.5000000000000002 -0.2699999999999998 652.8270067390195 353.5484272577293
1.5000000000000002 -0.2599999999999998 506.6982619120763 272.5484103821698
1.5000000000000002 -0.24999999999999978 393.27975206782975 210.09933035458675
1.5000000000000002 -0.23999999999999977 305.2492707486169 161.95398218471482
1.5000000000000002 -0.22999999999999976 236.9237293407084 124.83725526479427
1.5000000000000002 -0.21999999999999975 183.8922231421127 96.22370404116434
1.5000000000000002 -0.20999999999999974 142.73124114786503 74.16600064146448
1.5000000000000002 -0.19999999999999973 110.7836300922299 57.16263267333518
1.5000000000000002 -0.18999999999999972 85.98704019100742 44.055870184538506
1.5000000000000002 -0.17999999999999972 66.74077525408757 33.95307827788546
1.5000000000000002 -0.1699999999999997 51.802449732079346 26.16603513562623
1.5000000000000002 -0.1599999999999997 40.207779968770296 20.16413648599099
1.5000000000000002 -0.1499999999999997 31.20833074706614 15.538309583675337
1.5000000000000002 -0.13999999999999968 24.2231976065366 11.973186410316561
1.5000000000000002 -0.12999999999999967 18.80150524549623 9.225646274446127
1.5000000000000002 -0.11999999999999968 14.59330070766182 7.108270291245389
1.5000000000000002 -0.10999999999999968 11.326962091608776 5.476583655487856
1.5000000000000002 -0.09999999999999969 8.79166421256009 4.219218792214075
1.5000000000000002 -0.08999999999999969 6.82376915631524 3.2503308169777045
1.5000000000000002 -0.0799999999999997 5.296263078273389 2.5037497121310155
1.5000000000000002 -0.0699999999999997 4.110557280074687 1.92847160344562
1.5000000000000002 -0.0599999999999997 3.1901242423468097 1.4851825055874286
1.5000000000000002 -0.0499999999999997 2.475557760854738 1.1435780686809731
1.5000000000000002 -0.039999999999999696 1.9207382745328785 0.8802969625427569
1.5000000000000002 -0.029999999999999694 1.4898558238905986 0.6773272521206353
1.5000000000000002 -0.01999999999999969 1.1550984439888021 0.5207772789317242
1.5000000000000002 -0.009999999999999691 0.8948567522150813 0.3999273522121842
1.5000000000000002 3.0878077872387166e-16 0.6923288107484821 0.3064976531546372
1.5000000000000002 0.010000000000000309 0.5344351778988896 0.2340824629222916
1.5000000000000002 0.02000000000000031 0.4109740790170136 0.1777121387730876
1.5000000000000002 0.03000000000000031 0.313962118228886 0.133512950765871
1.5000000000000002 0.04000000000000031 0.2371179163015571 0.0984415438785014
1.5000000000000002 0.050000000000000315 0.1754552690612836 0.0700758581889496
1.5000000000000002 0.06000000000000032 0.1249594684152696 0.046448166372647
1.5000000000000002 0.07000000000000031 0.0823257677608552 0.0259087317431963
1.5000000000000002 0.08000000000000031 0.0447429483348791 0.0070106427060673
1.5000000000000002 0.0900000000000003 0.0097078071722445 -0.0115922223832224
1.5000000000000002 0.1000000000000003 -0.0251416772130697 -0.031241310971446
1.5000000000000002 0.11000000000000029 -0.0621856173041176 -0.0533704799468
1.5000000000000002 0.12000000000000029 -0.1039846544098711 -0.0796111064808684
1.5000000000000002 0.13000000000000028 -0.1534566205448968 -0.1119129736115759
1.5000000000000002 0.1400000000000003 -0.2140795636598476 -0.1526899408890565
1.5000000000000002 0.1500000000000003 -0.2901351844360808 -0.2050013490121706
1.5000000000000002 0.1600000000000003 -0.3870096051647256 -0.2727828740772887
1.5000000000000002 0.17000000000000032 -0.5115724271604867 -0.3611443571108146
1.5000000000000002 0.18000000000000033 -0.6726605116707668 -0.476757283044341
1.5000000000000002 0.19000000000000034 -0.8817002167926922 -0.6283614680537695
1.5000000000000002 0.20000000000000034 -1.1535114386551453 -0.8274296666795342
1.5000000000000002 0.21000000000000035 -1.5073493940970077 -1.0890409366270284
1.5000000000000002 0.22000000000000036 -1.9682564985491389 -1.4330296353566612
1.5000000000000002 0.23000000000000037 -2.5688180465075674 -1.8854981061739011
1.5000000000000002 0.24000000000000038 -3.3514431306123353 -2.4808090779052367
1.5000000000000002 0.2500000000000004 -4.371328198180115 -3.2642107110636007
1.5000000000000002 0.2600000000000004 -5.700307241979471 -4.29529592574145
1.5000000000000002 0.2700000000000004 -7.431852951644824 -5.652561905383159
1.5000000000000002 0.2800000000000004 -9.687571202824895 -7.4394204522392595
1.5000000000000002 0.2900000000000004 -12.625632167210593 -9.792121727930455
1.5000000000000002 0.30000000000000043 -16.45171168864894 -12.890201493049828
1.5000000000000002 0.31000000000000044 -21.433184865066224 -16.97025667167136
1.5000000000000002 0.32000000000000045 -27.917530875714387 -22.344110961040926
1.5000000000000002 0.33000000000000046 -36.356187927644335 -29.422771138278932
1.5000000000000002 0.34000000000000047 -47.33545758595598 -38.74802187319369
1.5000000000000002 0.3500000000000005 -61.61652146805107 -51.03409677817815
1.5000000000000002 0.3600000000000005 -80.1872293677932 -67.2226416579501
1.5000000000000002 0.3700000000000005 -104.32908331913183 -88.55521251267822
1.5000000000000002 0.3800000000000005 -135.70382392884468 -116.66890495513157
1.5000000000000002 0.3900000000000005 -176.46528315335425 -153.7224976494162
1.5000000000000002 0.4000000000000005 -229.40377707103545 -202.5628476246435
1.5000000000000002 0.41000000000000053 -298.1323684587435 -266.9443809317096
1.5000000000000002 0.42000000000000054 -387.32695220462455 -351.8186165451791
1.5000000000000002 0.43000000000000055 -503.0354575701596 -463.7160585725655
1.5000000000000002 0.44000000000000056 -653.0757087760425 -611.2499048186497
1.5000000000000002 0.45000000000000057 -847.5468746491571 -805.780391979614
1.5000000000000002 0.4600000000000006 -1099.4862613228267 -1062.2909437437856
1.5000000000000002 0.4700000000000006 -1425.7118203079676 -1400.5435469435834
1.5000000000000002 0.4800000000000006 -1847.9016014057333 -1846.602186212028
1.5000000000000002 0.4900000000000006 -2393.9750178205704 -2434.8413388331965
1.5000000000000002 0.5000000000000006 -3099.857866288216 -3210.5935934588547
1.6000000000000003 -0.5 -254599.82865390496 7263.06743673544
1.6000000000000003 -0.49 -197237.91516734438 6200.392655651766
1.6000000000000003 -0.48 -152800.06586342922 5248.087685409244
1.6000000000000003 -0.47 -118374.32209343916 4410.334861140361
1.6000000000000003 -0.45999999999999996 -91704.84401954638 3683.8312006558053
1.6000000000000003 -0.44999999999999996 -71044.07079309391 3060.949613707737
1.6000000000000003 -0.43999999999999995 -55038.19362935361 2531.8552616021984
1.6000000000000003 -0.42999999999999994 -42638.43513765502 2085.887546144541
1.6000000000000003 -0.41999999999999993 -33032.31984111231 1712.4313001849566
1.6000000000000003 -0.4099999999999999 -25590.431198705803 1401.4372575353766
1.6000000000000003 -0.3999999999999999 -19825.165528909205 1143.7056563007088
1.6000000000000003 -0.3899999999999999 -15358.779574414155 931.0133150450088
1.6000000000000003 -0.3799999999999999 -11898.637590124677 756.140333577375
1.6000000000000003 -0.3699999999999999 -9218.035713395378 612.8352065841665
1.6000000000000003 -0.3599999999999999 -7141.346919117058 495.7447508313838
1.6000000000000003 -0.34999999999999987 -5532.513034666018 400.3264736578704
1.6000000000000003 -0.33999999999999986 -4286.129652914692 322.75485159752736
1.6000000000000003 -0.32999999999999985 -3320.5397144309354 259.8287102612876
1.6000000000000003 -0.31999999999999984 -2572.4831713843414 208.88396478664427
1.6000000000000003 -0.30999999999999983 -1992.9521241332245 167.71400473857315
1.6000000000000003 -0.2999999999999998 -1543.97982116621 134.4987060611659
1.6000000000000003 -0.2899999999999998 -1196.1531119598947 107.74222195842889
1.6000000000000003 -0.2799999999999998 -926.68535151281 86.21919838132042
1.6000000000000003 -0.2699999999999998 -717.9234820951812 68.92877402401967
1.6000000000000003 -0.2599999999999998 -556.1914691756907 55.055585722870944
1.6000000000000003 -0.24999999999999978 -430.8943092300841 43.93695627174572
1.6000000000000003 -0.23999999999999977 -333.82390169596874 35.03545709520129
1.6000000000000003 -0.22999999999999976 -258.6213047147914 27.91608845543851
1.6000000000000003 -0.21999999999999975 -200.36014135660272 22.22738844201112
1.6000000000000003 -0.20999999999999974 -155.2238612823919 17.685858089907526
1.6000000000000003 -0.19999999999999973 -120.25571247894175 14.063166722958213
1.6000000000000003 -0.18999999999999972 -93.16504180013604 11.175674868437618
1.6000000000000003 -0.17999999999999972 -72.17723375844002 8.875879519909976
1.6000000000000003 -0.1699999999999997 -55.91745618096231 7.045447043414009
1.6000000000000003 -0.1599999999999997 -43.320596330892975 5.589552321668853
1.6000000000000003 -0.1499999999999997 -33.56148703884319 4.432288994120097
1.6000000000000003 -0.13999999999999968 -26.000851727911428 3.5129553445308983
1.6000000000000003 -0.12999999999999967 -20.143427055575845 2.783054125585955
1.6000000000000003 -0.11999999999999968 -15.605519713647602 2.2038730622211657
1.6000000000000003 -0.10999999999999968 -12.089871999260826 1.7445366126417285
1.6000000000000003 -0.09999999999999969 -9.366189592392733 1.3804394250668903
1.6000000000000003 -0.08999999999999969 -7.256055921103928 1.0919883931949785
1.6000000000000003 -0.0799999999999997 -5.621244868814129 0.8635938073496686
1.6000000000000003 -0.0699999999999997 -4.354666206603174 0.6828612810256703
1.6000000000000003 -0.0599999999999997 -3.3733506038126104 0.5399453029119267
1.6000000000000003 -0.0499999999999997 -2.6130146817113364 0.4270327644158234
1.6000000000000003 -0.039999999999999696 -2.0238500812896962 0.3379309329917265
1.6000000000000003 -0.029999999999999694 -1.5672606984697255 0.2677393277131292
1.6000000000000003 -0.01999999999999969 -1.2133343511681716 0.2125890117414756
1.6000000000000003 -0.009999999999999691 -0.9388832517277204 0.1694361192234352
1.6000000000000003 3.0878077872387166e-16 -0.7259249168852869 0.1358991259316944
1.6000000000000003 0.010000000000000309 -0.5605039964355005 0.1101315742440628
1.6000000000000003 0.02000000000000031 -0.4317778308633114 0.0907237751084494
1.6000000000000003 0.03000000000000031 -0.3313058200804811 0.0766285182499136
1.6000000000000003 0.04000000000000031 -0.2524960312945032 0.0671071008366162
1.6000000000000003 0.050000000000000315 -0.1901727680099065 0.0616930991600196
1.6000000000000003 0.06000000000000032 -0.1402367382920027 0.0601723169236244
1.6000000000000003 0.07000000000000031 -0.0993955169750211 0.0625783041145153
1.6000000000000003 0.08000000000000031 -0.0649465898755886 0.0692038092464562
1.6000000000000003 0.0900000000000003 -0.0345986987996832 0.0806295659666936
1.6000000000000003 0.1000000000000003 -0.006319698546696 0.0977729913190176
1.6000000000000003 0.11000000000000029 0.0217991458981358 0.1219607684429537
1.6000000000000003 0.12000000000000029 0.0516714400807374 0.1550310003164537
1.6000000000000003 0.13000000000000028 0.0853450775206656 0.1994727776736181
1.6000000000000003 0.1400000000000003 0.1251414576529024 0.2586137621275294
1.6000000000000003 0.1500000000000003 0.173813843523663 0.3368699495715719
1.6000000000000003 0.1600000000000003 0.2347354873496136 0.4400764152860943
1.6000000000000003 0.17000000000000032 0.3121301360306644 0.5759238983876075
1.6000000000000003 0.18000000000000033 0.4113603331157252 0.7545340144234802
1.6000000000000003 0.19000000000000034 0.5392927345892986 0.9892162880260152
1.6000000000000003 0.20000000000000034 0.7047646899538372 1.2974638565752528
1.6000000000000003 0.21000000000000035 0.9191829182914926 1.7022626410231614
1.6000000000000003 0.22000000000000036 1.1972936334596922 2.233812365846366
1.6000000000000003 0.23000000000000037 1.5581744586207276 2.9317888176647426
1.6000000000000003 0.24000000000000038 2.0265125737080587 3.8483175040482536
1.6000000000000003 0.2500000000000004 2.634251590280882 5.051882491957368
1.6000000000000003 0.2600000000000004 3.422712692332619 6.632464722776057
1.6000000000000003 0.2700000000000004 4.445324930755651 8.70829685062187
1.6000000000000003 0.2800000000000004 5.771136851181571 11.434743647717285
1.6000000000000003 0.2900000000000004 7.489328904785034 15.015977493542833
1.6000000000000003 0.30000000000000043 9.71500585387832 19.720329552896
1.6000000000000003 0.31000000000000044 12.59662372632893 25.9004749204109
1.6000000000000003 0.32000000000000045 16.32550055825144 34.0199752690435
1.6000000000000003 0.33000000000000046 21.147978739716073 44.688183011696594
1.6000000000000003 0.34000000000000047 27.380954677523416 58.70614299619094
1.6000000000000003 0.3500000000000005 35.431675120903854 77.12695907233207
1.6000000000000003 0.3600000000000005 45.82292628877992 101.3351862980097
1.6000000000000003 0.3700000000000005 59.225020307089345 133.15124764378314
1.6000000000000003 0.3800000000000005 76.4963226477808 174.96876531110667
1.6000000000000003 0.3900000000000005 98.73447392319449 229.9351837637617
1.6000000000000003 0.4000000000000005 127.34094888421573 302.189331568281
1.6000000000000003 0.41000000000000053 164.10217255262737 397.1738681037428
1.6000000000000003 0.42000000000000054 211.2910821322887 522.0462120475877
1.6000000000000003 0.43000000000000055 271.7937806826397 686.2189750675053
1.6000000000000003 0.44000000000000056 349.2667592800748 902.070682330181
1.6000000000000003 0.45000000000000057 448.33103328156176 1185.880380345462
1.6000000000000003 0.4600000000000006 574.8103783717803 1559.0565678808232
1.6000000000000003 0.4700000000000006 736.0215474036606 2049.7529889924913
1.6000000000000003 0.4800000000000006 941.1247095763077 2694.992837444293
1.6000000000000003 0.4900000000000006 1201.5420785078234 3543.4609830123227
1.6000000000000003 0.5000000000000006 1531.4513212599527 4659.1737454643835
1.7000000000000004 -0.5 201534.25944287656 -143293.78962472756
1.7000000000000004 -0.49 155806.46581111956 -111487.22457754472
1.7000000000000004 -0.48 120453.6873423156 -86739.25018009251
1.7000000000000004 -0.47 93122.08337213201 -67483.74602968383
1.7000000000000004 -0.45999999999999996 71991.82122356833 -52501.99335210541
1.7000000000000004 -0.44999999999999996 55655.93184506455 -40845.63234920828
1.7000000000000004 -0.43999999999999995 43026.64727992916 -31776.70064731401
1.7000000000000004 -0.42999999999999994 33262.98581706611 -24720.966871511147
1.7000000000000004 -0.41999999999999993 25714.764837417617 -19231.61226706288
1.7000000000000004 -0.4099999999999999 19879.31474896043 -14960.966363046651
1.7000000000000004 -0.3999999999999999 15368.01276087814 -11638.511071631276
1.7000000000000004 -0.3899999999999999 11880.408844777246 -9053.763378333082
1.7000000000000004 -0.3799999999999999 9184.221565620026 -7042.9548505551365
1.7000000000000004 -0.3699999999999999 7099.872168930932 -5478.66599705367
1.7000000000000004 -0.3599999999999999 5488.527386368861 -4261.760172271732
1.7000000000000004 -0.34999999999999987 4242.854973306132 -3315.107010478619
1.7000000000000004 -0.33999999999999986 3279.876563543996 -2578.6984615399533
1.7000000000000004 -0.32999999999999985 2535.4420357737886 -2005.848518912975
1.7000000000000004 -0.31999999999999984 1959.9575257441722 -1560.2362363466304
1.7000000000000004 -0.30999999999999983 1515.0826714499412 -1213.604947331518
1.7000000000000004 -0.2999999999999998 1171.1772005332657 -943.9720970176197
1.7000000000000004 -0.2899999999999998 905.3268539903573 -734.2363905821982
1.7000000000000004 -0.2799999999999998 699.8172085618324 -571.094094700842
1.7000000000000004 -0.2699999999999998 540.9537790014609 -444.19588757166196
1.7000000000000004 -0.2599999999999998 418.1498355880458 -345.49087372009745
1.7000000000000004 -0.24999999999999978 323.2211963307294 -268.716224457466
1.7000000000000004 -0.23999999999999977 249.84103378553087 -209.00012206252293
1.7000000000000004 -0.22999999999999976 193.11839056308088 -162.55285819091662
1.7000000000000004 -0.21999999999999975 149.27233468845753 -126.42651819782812
1.7000000000000004 -0.20999999999999974 115.38005431009012 -98.3280259321647
1.7000000000000004 -0.19999999999999973 89.18211479209559 -76.47370280820242
1.7000000000000004 -0.18999999999999972 68.93190773351863 -59.476124349608156
1.7000000000000004 -0.17999999999999972 53.279264354972604 -46.25610328872917
1.7000000000000004 -0.1699999999999997 41.18048090358143 -35.97422015052772
1.7000000000000004 -0.1599999999999997 31.82876272937895 -27.97756079878817
1.7000000000000004 -0.1499999999999997 24.60045359410716 -21.758284067984604
1.7000000000000004 -0.13999999999999968 19.01346813154952 -16.921392351105638
1.7000000000000004 -0.12999999999999967 14.695158190436604 -13.15966133142229
1.7000000000000004 -0.11999999999999968 11.35747217831355 -10.234138871666218
1.7000000000000004 -0.10999999999999968 8.777752330600194 -7.958976148791806
1.7000000000000004 -0.09999999999999969 6.783890403390961 -6.189628809795084
1.7000000000000004 -0.08999999999999969 5.242852641912885 -4.813679624850887
1.7000000000000004 -0.0799999999999997 4.051809344968835 -3.7437003673439664
1.7000000000000004 -0.0699999999999997 3.131277878372825 -2.9116999907069645
1.7000000000000004 -0.0599999999999997 2.419822144609609 -2.264806795810604
1.7000000000000004 -0.0499999999999997 1.8699552268057067 -1.7619105674802489
1.7000000000000004 -0.039999999999999696 1.4449721004061227 -1.371051566902743
1.7000000000000004 -0.029999999999999694 1.116501286068401 -1.0673906595900264
1.7000000000000004 -0.01999999999999969 0.8626122308927147 -0.8316317412491478
1.7000000000000004 -0.009999999999999691 0.6663522440034093 -0.6487963353998107
1.7000000000000004 3.0878077872387166e-16 0.5146154442369202 -0.5072725981536742
1.7000000000000004 0.010000000000000309 0.3972683098656939 -0.3980783961421276
1.7000000000000004 0.02000000000000031 0.3064735276173442 -0.3142917296883684
1.7000000000000004 0.03000000000000031 0.2361670607865571 -0.2506124193243686
1.7000000000000004 0.04000000000000031 0.1816535753402162 -0.203027336709064
1.7000000000000004 0.050000000000000315 0.1392932599743738 -0.1685580737101448
1.7000000000000004 0.06000000000000032 0.1062591779501088 -0.145075228358461
1.7000000000000004 0.07000000000000031 0.0803490026925375 -0.1311677827578676
1.7000000000000004 0.08000000000000031 0.0598386309143565 -0.1260596335201502
1.7000000000000004 0.0900000000000003 0.0433679807310509 -0.1295684440719452
1.7000000000000004 0.1000000000000003 0.0298514575945217 -0.1421048262776843
1.7000000000000004 0.11000000000000029 0.01840725589232 -0.16471261785619
1.7000000000000004 0.12000000000000029 0.0083009751963003 -0.199153892276094
1.7000000000000004 0.13000000000000028 -0.0010999395134318 -0.2480455212827454
1.7000000000000004 0.1400000000000003 -0.0103635982720396 -0.3150578352153462
1.7000000000000004 0.1500000000000003 -0.0200248842479627 -0.4051904637830542
1.7000000000000004 0.1600000000000003 -0.0306118568944377 -0.5251461234689223
1.7000000000000004 0.17000000000000032 -0.0426681146939594 -0.6838303678747542
1.7000000000000004 0.18000000000000033 -0.0567712488044834 -0.8930146732029624
1.7000000000000004 0.19000000000000034 -0.0735467440183901 -1.168212390480639
1.7000000000000004 0.20000000000000034 -0.0936756726455203 -1.5298329677635305
1.7000000000000004 0.21000000000000035 -0.1178931406265789 -2.0047006171581185
1.7000000000000004 0.22000000000000036 -0.1469724917937882 -2.628050828977905
1.7000000000000004 0.23000000000000037 -0.1816874893728466 -3.446153859642148
1.7000000000000004 0.24000000000000038 -0.222740700923298 -4.519761220302425
1.7000000000000004 0.2500000000000004 -0.2706405912918388 -5.928632788596357
1.7000000000000004 0.2600000000000004 -0.3255016444035122 -7.777483079429294
1.7000000000000004 0.2700000000000004 -0.3867301602811715 -10.20379151685574
1.7000000000000004 0.2800000000000004 -0.4525417675514988 -13.388061230469834
1.7000000000000004 0.2900000000000004 -0.5192331375166979 -17.56729444621798
1.7000000000000004 0.30000000000000043 -0.5800970658866024 -23.0526937384524
1.7000000000000004 0.31000000000000044 -0.6238230698115179 -30.25291537224881
1.7000000000000004 0.32000000000000045 -0.6321594487112492 -39.70461749593189
1.7000000000000004 0.33000000000000046 -0.5765197441761511 -52.11259331897653
1.7000000000000004 0.34000000000000047 -0.4130860891144534 -68.40249871987035
1.7000000000000004 0.3500000000000005 -0.0757793051325744 -89.79012894892567
1.7000000000000004 0.3600000000000005 0.5337896937017929 -117.87244111864632
1.7000000000000004 0.3700000000000005 1.56062901656378 -154.7471511112836
1.7000000000000004 0.3800000000000005 3.216674107005775 -203.16987762058827
1.7000000000000004 0.3900000000000005 5.809525787744871 -266.76062274311914
1.7000000000000004 0.4000000000000005 9.783010948894878 -350.2750784210431
1.7000000000000004 0.41000000000000053 15.774296096699938 -459.96110737378893
1.7000000000000004 0.42000000000000054 24.694140577442916 -604.0271282506653
1.7000000000000004 0.43000000000000055 37.839451613752345 -793.2575125661887
1.7000000000000004 0.44000000000000056 57.05087271953709 -1041.8210979466696
1.7000000000000004 0.45000000000000057 84.9330806451225 -1368.333353501532
1.7000000000000004 0.4600000000000006 125.16230798887347 -1797.2516658038726
1.7000000000000004 0.4700000000000006 182.91507178348124 -2360.7080439276137
1.7000000000000004 0.4800000000000006 265.46516879030287 -3100.916094015266
1.7000000000000004 0.4900000000000006 383.01406794033153 -4073.3317714402524
1.7000000000000004 0.5000000000000006 549.8447783818103 -5350.803292263204
1.8000000000000005 -0.5 -85210.53482921797 224205.41475368955
1.8000000000000005 -0.49 -65479.463682936 173908.57528038204
1.8000000000000005 -0.48 -50313.7676475456 134894.7074327387
1.8000000000000005 -0.47 -38657.85833069211 104632.80086417278
1.8000000000000005 -0.45999999999999996 -29700.055854550727 81159.58754278919
1.8000000000000005 -0.44999999999999996 -22816.26484026085 62952.193000304884
1.8000000000000005 -0.43999999999999995 -17526.649484178517 48829.35185753581
1.8000000000000005 -0.42999999999999994 -13462.309238948095 37874.78090594258
1.8000000000000005 -0.41999999999999993 -10339.647928666582 29377.73993984447
1.8000000000000005 -0.4099999999999999 -7940.661130602488 22786.92518782694
1.8000000000000005 -0.3999999999999999 -6097.776043926321 17674.704855940152
1.8000000000000005 -0.3899999999999999 -4682.1930862533745 13709.377033522595
1.8000000000000005 -0.3799999999999999 -3594.920854572434 10633.650516417665
1.8000000000000005 -0.3699999999999999 -2759.8825933746616 8247.95271021576
1.8000000000000005 -0.3599999999999999 -2118.6158101132123 6397.481859963427
1.8000000000000005 -0.34999999999999987 -1626.197079766847 4962.16371504096
1.8000000000000005 -0.33999999999999986 -1248.1090156295022 3848.861128029799
1.8000000000000005 -0.32999999999999985 -957.8317238786703 2985.3312215143897
1.8000000000000005 -0.31999999999999984 -734.9913233554097 2315.5381141868274
1.8000000000000005 -0.30999999999999983 -563.9367762402189 1796.0171289552684
1.8000000000000005 -0.2999999999999998 -432.64601545338746 1393.0546139106768
1.8000000000000005 -0.2899999999999998 -331.8852292930732 1080.500415750397
1.8000000000000005 -0.2799999999999998 -254.56275707872578 838.0710862133959
1.8000000000000005 -0.2699999999999998 -195.23258010412206 650.0337371745411
1.8000000000000005 -0.2599999999999998 -149.71279767749652 504.1851541734026
1.8000000000000005 -0.24999999999999978 -114.7924797867565 391.0599330569991
1.8000000000000005 -0.23999999999999977 -88.00644091920161 303.3162625811534
1.8000000000000005 -0.22999999999999976 -67.46221067393951 235.25950103330743
1.8000000000000005 -0.21999999999999975 -51.70711441008094 182.47263482934198
1.8000000000000005 -0.20999999999999974 -39.62617385611263 141.52964151723015
1.8000000000000005 -0.19999999999999973 -30.363687640436115 109.77315853624764
1.8000000000000005 -0.18999999999999972 -23.263004508865205 85.14203136998118
1.8000000000000005 -0.17999999999999972 -17.82027248615028 66.03755106427248
1.8000000000000005 -0.1699999999999997 -13.648923788862078 51.219701411728195
1.8000000000000005 -0.1599999999999997 -10.452405864409055 39.726683291516295
1.8000000000000005 -0.1499999999999997 -8.003245772827047 30.8124940236725
1.8000000000000005 -0.13999999999999968 -6.126978425039775 23.898511141016073
1.8000000000000005 -0.12999999999999967 -4.689809837535666 18.53593870711518
1.8000000000000005 -0.11999999999999968 -3.5891483108322593 14.376679174328991
1.8000000000000005 -0.10999999999999968 -2.746337547715308 11.15074051391952
1.8000000000000005 -0.09999999999999969 -2.101080234233292 8.648712434550637
1.8000000000000005 -0.08999999999999969 -1.6071593020603332 6.708174452128107
1.8000000000000005 -0.0799999999999997 -1.2291552688867429 5.203153726526196
1.8000000000000005 -0.0699999999999997 -0.9399280886723854 4.035948495044531
1.8000000000000005 -0.0599999999999997 -0.718685735170948 3.130786450595412
1.8000000000000005 -0.0499999999999997 -0.54950305529728 2.4289064960892555
1.8000000000000005 -0.039999999999999696 -0.4201861572151246 1.8847446826709748
1.8000000000000005 -0.029999999999999694 -0.3214019650570681 1.4629768027722325
1.8000000000000005 -0.01999999999999969 -0.2460112867907795 1.1362257099544588
1.8000000000000005 -0.009999999999999691 -0.1885581172388997 0.8832845846065516
1.8000000000000005 3.0878077872387166e-16 -0.1448789442018504 0.6877408581222746
1.8000000000000005 0.010000000000000309 -0.1118043183761468 0.5369115223345122
1.8000000000000005 0.02000000000000031 -0.0869314847414997 0.4210207747058941
1.8000000000000005 0.03000000000000031 -0.0684519146648097 0.332566696534836
1.8000000000000005 0.04000000000000031 -0.0550214796593974 0.2658359545326347
1.8000000000000005 0.050000000000000315 -0.0456640451957302 0.216535155159153
1.8000000000000005 0.06000000000000032 -0.0397016513425812 0.1815150940236629
1.8000000000000005 0.07000000000000031 -0.0367063561756268 0.1585702266888254
1.8000000000000005 0.08000000000000031 -0.0364703844038754 0.1463006413617046
1.8000000000000005 0.0900000000000003 -0.0389925606039527 0.1440279652166413
1.8000000000000005 0.1000000000000003 -0.0444802115469203 0.1517602610995455
1.8000000000000005 0.11000000000000029 -0.0533668849163164 0.1702043148810051
1.8000000000000005 0.12000000000000029 -0.0663474403613046 0.2008270052768042
1.8000000000000005 0.13000000000000028 -0.0844334167240851 0.2459709176694868
1.8000000000000005 0.1400000000000003 -0.1090331724869023 0.3090332582870682
1.8000000000000005 0.1500000000000003 -0.1420632621984752 0.3947217264813542
1.8000000000000005 0.1600000000000003 -0.1861000085501922 0.5094066472394941
1.8000000000000005 0.17000000000000032 -0.2445834611268844 0.6615957696272126
1.8000000000000005 0.18000000000000033 -0.322090163357869 0.8625672263417786
1.8000000000000005 0.19000000000000034 -0.4246967271424574 1.127207901496081
1.8000000000000005 0.20000000000000034 -0.5604636012293122 1.475119745099925
1.8000000000000005 0.21000000000000035 -0.7400782277814302 1.9320765464502776
1.8000000000000005 0.22000000000000036 -0.9777098286693277 2.5319398296250575
1.8000000000000005 0.23000000000000037 -1.2921454394447307 3.3191768213947257
1.8000000000000005 0.24000000000000038 -1.7082999719800405 4.352168435299912
1.8000000000000005 0.2500000000000004 -2.2592239856236636 5.707554290066476
1.8000000000000005 0.2600000000000004 -2.988774090417815 7.4859393688842255
1.8000000000000005 0.2700000000000004 -3.95516598882496 9.819388852986396
1.8000000000000005 0.2800000000000004 -5.235703767516983 12.881271582897453
1.8000000000000005 0.2900000000000004 -6.933077457581935 16.899188573653085
1.8000000000000005 0.30000000000000043 -9.18375251501112 22.17195425836326
1.8000000000000005 0.31000000000000044 -12.169151043329803 29.0919020360789
1.8000000000000005 0.32000000000000045 -16.130560477568903 38.17418509574972
1.8000000000000005 0.33000000000000046 -21.389021488378102 50.095268396963235
1.8000000000000005 0.34000000000000047 -28.371870498143135 65.7434975605439
1.8000000000000005 0.3500000000000005 -37.64818036041635 86.28553709882942
1.8000000000000005 0.3600000000000005 -49.976105158203644 113.25366201192294
1.8000000000000005 0.3700000000000005 -66.36615869326533 148.66045277977943
1.8000000000000005 0.3800000000000005 -88.16583132071172 195.14950173603037
1.8000000000000005 0.3900000000000005 -117.172798036113 256.1934430881489
1.8000000000000005 0.4000000000000005 -155.78645635901995 336.3541721365286
1.8000000000000005 0.41000000000000053 -207.21087727220697 441.62478759059536
1.8000000000000005 0.42000000000000054 -275.7267557427401 579.878923398201
1.8000000000000005 0.43000000000000055 -367.05601393866493 761.4611911314037
1.8000000000000005 0.44000000000000056 -488.8508875723224 999.9630311442825
1.8000000000000005 0.45000000000000057 -651.3503545847657 1313.2421573160868
1.8000000000000005 0.4600000000000006 -868.2616485542181 1724.7620068635088
1.8000000000000005 0.4700000000000006 -1157.9446954361072 2265.351522502002
1.8000000000000005 0.4800000000000006 -1545.0044631762069 2975.516963679068
1.8000000000000005 0.4900000000000006 -2062.432917099116 3908.4785726895925
1.8000000000000005 0.5000000000000006 -2754.491919112043 5134.158820916984
1.9000000000000006 -0.5 -52156.00296586296 -226516.36841507858
1.9000000000000006 -0.49 -40965.709148932736 -175365.98503014658
1.9000000000000006 -0.48 -32170.31577335621 -135765.63506515094
1.9000000000000006 -0.47 -25258.714106008036 -105107.34233068739
1.9000000000000006 -0.45999999999999996 -19828.529807151357 -81371.98909604768
1.9000000000000006 -0.44999999999999996 -15563.07312135939 -62996.360713028305
1.9000000000000006 -0.43999999999999995 -12213.155344054114 -48770.20875772094
1.9000000000000006 -0.42999999999999994 -9582.74900105167 -37756.55531526168
1.9000000000000006 -0.41999999999999993 -7517.682885991232 -29229.991144435047
1.9000000000000006 -0.4099999999999999 -5896.732429193034 -22628.905129247396
1.9000000000000006 -0.3999999999999999 -4624.599967302371 -17518.499639134905
1.9000000000000006 -0.3899999999999999 -3626.385624616729 -13562.156558884415
1.9000000000000006 -0.3799999999999999 -2843.233491742191 -10499.268562731613
1.9000000000000006 -0.3699999999999999 -2228.904194643414 -8128.0758900408455
1.9000000000000006 -0.3599999999999999 -1747.0774394155405 -6292.378456481036
1.9000000000000006 -0.34999999999999987 -1369.2295938847137 -4871.248302143988
1.9000000000000006 -0.33999999999999986 -1072.9641253806403 -3771.0649356206663
1.9000000000000006 -0.32999999999999985 -840.6985771653685 -2919.3490871177505
1.9000000000000006 -0.31999999999999984 -658.6321778535713 -2259.9888043623155
1.9000000000000006 -0.30999999999999983 -515.9342820672825 -1749.5435089478226
1.9000000000000006 -0.2999999999999998 -404.10654141881685 -1354.3826143137633
1.9000000000000006 -0.2899999999999998 -316.481718579299 -1048.4702633515508
1.9000000000000006 -0.2799999999999998 -247.82994974328233 -811.6502921182945
1.9000000000000006 -0.2699999999999998 -194.04947965352082 -628.31846783607
1.9000000000000006 -0.2599999999999998 -151.92379201002385 -486.3945532666276
1.9000000000000006 -0.24999999999999978 -118.93091573129485 -376.5264949817531
1.9000000000000006 -0.23999999999999977 -93.0937245677182 -291.4743201632957
1.9000000000000006 -0.22999999999999976 -72.862437926521 -225.6331619765138
1.9000000000000006 -0.21999999999999975 -57.022411673479674 -174.6639966110956
1.9000000000000006 -0.20999999999999974 -44.62178734811054 -135.20776916054152
1.9000000000000006 -0.19999999999999973 -34.91473198104764 -104.66407776374209
1.9000000000000006 -0.18999999999999972 -27.31691577774841 -81.01983753884436
1.9000000000000006 -0.17999999999999972 -21.37059431018834 -62.716637815344576
1.9000000000000006 -0.1699999999999997 -16.717227269069806 -48.54805480791864
1.9000000000000006 -0.1599999999999997 -13.076010133723775 -37.58015501702072
1.9000000000000006 -0.1499999999999997 -10.227044185236343 -29.089952233752395
1.9000000000000006 -0.13999999999999968 -7.998144480345755 -22.517763674306416
1.9000000000000006 -0.12999999999999967 -6.254500739710235 -17.43032636218861
1.9000000000000006 -0.11999999999999968 -4.8905751864814535 -13.492243716546493
1.9000000000000006 -0.10999999999999968 -3.823754110767936 -10.443881078525147
1.9000000000000006 -0.09999999999999969 -2.989374125640647 -8.084253759460076
1.9000000000000006 -0.08999999999999969 -2.336825846699411 -6.257780107969371
1.9000000000000006 -0.0799999999999997 -1.8265018845408936 -4.844026732445832
1.9000000000000006 -0.0699999999999997 -1.4274063707641453 -3.749770153877784
1.9000000000000006 -0.0599999999999997 -1.115282715273248 -2.9028517870419317
1.9000000000000006 -0.0499999999999997 -0.8711472495607462 -2.2474213096150146
1.9000000000000006 -0.039999999999999696 -0.6801406799520644 -1.740254962455622
1.9000000000000006 -0.029999999999999694 -0.5306282948291245 -1.3479061569329724
1.9000000000000006 -0.01999999999999969 -0.413494769111993 -1.044500613126307
1.9000000000000006 -0.009999999999999691 -0.321591072647654 -0.8100307295821817
1.9000000000000006 3.0878077872387166e-16 -0.2493001098474204 -0.6290367898106143
1.9000000000000006 0.010000000000000309 -0.1921948383139058 -0.4895881110948654
1.9000000000000006 0.02000000000000031 -0.1467681577389278 -0.3824970181118052
1.9000000000000006 0.03000000000000031 -0.1102181564516452 -0.3007138810910674
1.9000000000000006 0.04000000000000031 -0.0802756064112997 -0.2388634086090722
1.9000000000000006 0.050000000000000315 -0.0550631031883903 -0.1928917173262805
1.9000000000000006 0.06000000000000032 -0.0329771022000625 -0.1598010316478663
1.9000000000000006 0.07000000000000031 -0.0125854128288764 -0.1374546807136305
1.9000000000000006 0.08000000000000031 0.0074664492682722 -0.124439744410549
1.9000000000000006 0.0900000000000003 0.0285462418617258 -0.1199785668454921
1.9000000000000006 0.1000000000000003 0.0521295035555727 -0.1238836648960371
1.9000000000000006 0.11000000000000029 0.0799042192031819 -0.1365535359700296
1.9000000000000006 0.12000000000000029 0.1138931818341276 -0.1590097181149577
1.9000000000000006 0.13000000000000028 0.1566030504028809 -0.1929783767829609
1.9000000000000006 0.1400000000000003 0.2112112364526153 -0.2410228941145312
1.9000000000000006 0.1500000000000003 0.2818047312138578 -0.3067376503282311
1.9000000000000006 0.1600000000000003 0.3736890446582395 -0.3950176849131498
1.9000000000000006 0.17000000000000032 0.4937908909061853 -0.5124245405751462
1.9000000000000006 0.18000000000000033 0.6511855516519414 -0.6676757433778366
1.9000000000000006 0.19000000000000034 0.8577895573015565 -0.872294593000877
1.9000000000000006 0.20000000000000034 1.1292722119233407 -1.1414689191828624
1.9000000000000006 0.21000000000000035 1.4862565735594178 -1.4951831050224749
1.9000000000000006 0.22000000000000036 1.9559031421071773 -1.9597081629361723
1.9000000000000006 0.23000000000000037 2.5739995043431563 -2.5695615192850885
1.9000000000000006 0.24000000000000038 3.38771893289465 -3.3700834472210346
1.9000000000000006 0.2500000000000004 4.459263612928322 -4.420823450068909
1.9000000000000006 0.2600000000000004 5.870678003640323 -5.799990845718116
1.9000000000000006 0.2700000000000004 7.73021045151852 -7.6103039491481725
1.9000000000000006 0.2800000000000004 10.180724035568293 -9.986677666459805
1.9000000000000006 0.2900000000000004 13.410820692712521 -13.106327991138002
1.9000000000000006 0.30000000000000043 17.669559196558538 -17.202054352561298
1.9000000000000006 0.31000000000000044 23.285935201884417 -22.579700860248277
1.9000000000000006 0.32000000000000045 30.694673860244045 -29.641113455177845
1.9000000000000006 0.33000000000000046 40.47039385937361 -38.914325841404015
1.9000000000000006 0.34000000000000047 53.372878051381115 -51.09325445938907
1.9000000000000006 0.3500000000000005 70.40708608612752 -67.08990333561208
1.9000000000000006 0.3600000000000005 92.90274346052163 -88.10302826591813
1.9000000000000006 0.3700000000000005 122.61993916451189 -115.70845871930374
1.9000000000000006 0.3800000000000005 161.88929451141567 -151.9779202445952
1.9000000000000006 0.3900000000000005 213.7981080357834 -199.635365343118
1.9000000000000006 0.4000000000000005 282.43767572999775 -262.262671756887
1.9000000000000006 0.41000000000000053 373.2320544870226 -344.57032119754314
1.9000000000000006 0.42000000000000054 493.37531170012056 -452.7536147597514
1.9000000000000006 0.43000000000000055 652.4133661044874 -594.9614901543961
1.9000000000000006 0.44000000000000056 863.0186544462618 -781.9135759695357
1.9000000000000006 0.45000000000000057 1142.022105071729 -1027.71240133124
1.9000000000000006 0.4600000000000006 1511.7886761071052 -1350.912532985568
1.9000000000000006 0.4700000000000006 2002.051926461 -1775.9279631550905
1.9000000000000006 0.4800000000000006 2652.362299868259 -2334.884801741727
1.9000000000000006 0.4900000000000006 3515.3564808323736 -3070.060180846237
1.9000000000000006 0.5000000000000006 4661.126007704386 -4037.092811244828
2.0000000000000004 -0.5 163929.1844508708 154247.7028052194
2.0000000000000004 -0.49 127393.33443428058 119091.17901465723
2.0000000000000004 -0.48 98999.15273693702 91946.18662086433
2.0000000000000004 -0.47 76932.64653928201 70987.3517512265
2.0000000000000004 -0.45999999999999996 59783.91676724079 54805.13342605957
2.0000000000000004 -0.44999999999999996 46457.15669554097 42311.108207649086
2.0000000000000004 -0.43999999999999995 36100.6921684135 32664.825339239098
2.0000000000000004 -0.42999999999999994 28052.601451726194 25217.320568988896
2.0000000000000004 -0.41999999999999993 21798.44591689027 19467.49517586705
2.0000000000000004 -0.4099999999999999 16938.414921391177 15028.43044707698
2.0000000000000004 -0.3999999999999999 13161.788567449681 11601.374951333508
2.0000000000000004 -0.3899999999999999 10227.08872561452 8955.657170597719
2.0000000000000004 -0.3799999999999999 7946.651534649937 6913.173968177697
2.0000000000000004 -0.3699999999999999 6174.636649870228 5336.412687297288
2.0000000000000004 -0.3599999999999999 4797.707782775541 4119.2020168328545
2.0000000000000004 -0.34999999999999987 3727.7895302808406 3179.5700604028634
2.0000000000000004 -0.33999999999999986 2896.4379971186872 2454.2296055106744
2.0000000000000004 -0.32999999999999985 2250.4657175984735 1894.3199140905087
2.0000000000000004 -0.31999999999999984 1748.5414502560534 1462.1187843544508
2.0000000000000004 -0.30999999999999983 1358.547656932672 1128.5038350143793
2.0000000000000004 -0.2999999999999998 1055.52685587142 870.9923149395764
2.0000000000000004 -0.2899999999999998 820.0856424296175 672.2276254608537
2.0000000000000004 -0.2799999999999998 637.1543999265093 518.8107703249507
2.0000000000000004 -0.2699999999999998 495.0234419060901 400.398136602691
2.0000000000000004 -0.2599999999999998 384.5939854218262 309.0049162881206
2.0000000000000004 -0.24999999999999978 298.7960798105456 238.46730582613836
2.0000000000000004 -0.23999999999999977 232.13628284720937 184.02729838734885
2.0000000000000004 -0.22999999999999976 180.34616713178588 142.01212881527164
2.0000000000000004 -0.21999999999999975 140.10918338322423 109.58679786675052
2.0000000000000004 -0.20999999999999974 108.84841545121739 84.56301852499637
2.0000000000000004 -0.19999999999999973 84.56165412134587 65.25172321494051
2.0000000000000004 -0.18999999999999972 65.69324176996851 50.34920185894895
2.0000000000000004 -0.17999999999999972 51.034490838260126 38.849203925136
2.0000000000000004 -0.1699999999999997 39.646306121501084 29.975085105322094
2.0000000000000004 -0.1599999999999997 30.79906073432736 23.12742851630006
2.0000000000000004 -0.1499999999999997 23.925879039298206 17.843612082732175
2.0000000000000004 -0.13999999999999968 18.586337325621678 13.766598096779846
2.0000000000000004 -0.12999999999999967 14.43825939993635 10.620841961402125
2.0000000000000004 -0.11999999999999968 11.215802093184031 8.193696587250967
2.0000000000000004 -0.10999999999999968 8.712428099022194 6.321059085261858
2.0000000000000004 -0.09999999999999969 6.767676265414614 4.876292186298804
2.0000000000000004 -0.08999999999999969 5.256882455201869 3.7616734578890214
2.0000000000000004 -0.0799999999999997 4.0831929109818175 2.9017957260788325
2.0000000000000004 -0.0699999999999997 3.1713587791503373 2.238473613619122
2.0000000000000004 -0.0599999999999997 2.4629144507411733 1.7268126270042445
2.0000000000000004 -0.0499999999999997 1.9124309542748927 1.3321755997973883
2.0000000000000004 -0.039999999999999696 1.4846044540438583 1.0278418058860876
2.0000000000000004 -0.029999999999999694 1.1519933683245553 0.7932007688591998
2.0000000000000004 -0.01999999999999969 0.8932591459614456 0.6123588590754767
2.0000000000000004 -0.009999999999999691 0.6917979830559177 0.4730646179270603
2.0000000000000004 3.0878077872387166e-16 0.5346757867838325 0.3658802557151863
2.0000000000000004 0.010000000000000309 0.4117981014031868 0.2835433849160484
2.0000000000000004 0.02000000000000031 0.3152617434242667 0.2204758944956088
2.0000000000000004 0.03000000000000031 0.238846509493486 0.1724068094415939
2.0000000000000004 0.04000000000000031 0.1776142636094872 0.13608368331076
2.0000000000000004 0.050000000000000315 0.1275895499899202 0.1090530604030088
2.0000000000000004 0.06000000000000032 0.0855010489979032 0.0894952228807074
2.0000000000000004 0.07000000000000031 0.0485670229434036 0.0761021234407637
2.0000000000000004 0.08000000000000031 0.014310625973428 0.0679903461128672
2.0000000000000004 0.0900000000000003 -0.0196072550372424 0.0646433368728452
2.0000000000000004 0.1000000000000003 -0.0555489986407782 0.0658791665524234
2.0000000000000004 0.11000000000000029 -0.0960662739774034 0.0718418708844399
2.0000000000000004 0.12000000000000029 -0.1440828853768219 0.083016081418514
2.0000000000000004 0.13000000000000028 -0.2031076815579786 0.1002663353505255
2.0000000000000004 0.1400000000000003 -0.2774931992051382 0.1249042533420618
2.0000000000000004 0.1500000000000003 -0.3727593032799996 0.1587888347923364
2.0000000000000004 0.1600000000000003 -0.4960061314298276 0.2044675935879873
2.0000000000000004 0.17000000000000032 -0.6564475428964712 0.2653693307332312
2.0000000000000004 0.18000000000000033 -0.8661055516647753 0.3460632471652426
2.0000000000000004 0.19000000000000034 -1.1407186127295597 0.4526041392652662
2.0000000000000004 0.20000000000000034 -1.500933095410681 0.5929899780786619
2.0000000000000004 0.21000000000000035 -1.9738691038876732 0.7777667563713532
2.0000000000000004 0.22000000000000036 -2.5951806990996706 1.0208267584755566
2.0000000000000004 0.23000000000000037 -3.4117688014984546 1.3404612392226543
2.0000000000000004 0.24000000000000038 -4.4853556122682265 1.7607480411938554
2.0000000000000004 0.2500000000000004 -5.897196260948355 2.313380453978882
2.0000000000000004 0.2600000000000004 -7.754291846866768 3.040077633883314
2.0000000000000004 0.2700000000000004 -10.197585089962509 3.995761814059213
2.0000000000000004 0.2800000000000004 -13.412774731380702 5.252746858248957
2.0000000000000004 0.2900000000000004 -17.64458995534791 6.906261098861977
2.0000000000000004 0.30000000000000043 -23.21563781655299 9.081731013171705
2.0000000000000004 0.31000000000000044 -30.551296710745127 11.944389291850396
2.0000000000000004 0.32000000000000045 -40.21260624876178 15.71195205803239
2.0000000000000004 0.33000000000000046 -52.939736966580234 20.6713497414382
2.0000000000000004 0.34000000000000047 -69.70946334287594 27.20081341639375
2.0000000000000004 0.3500000000000005 -91.81117881012588 35.799038501939826
2.0000000000000004 0.3600000000000005 -120.94747272957832 47.123704076213016
2.0000000000000004 0.3700000000000005 -159.36725785785399 62.042363124228544
2.0000000000000004 0.3800000000000005 -210.04205438838233 81.69969585068695
2.0000000000000004 0.3900000000000005 -276.89951914940923 107.6064131791093
2.0000000000000004 0.4000000000000005 -365.1329445300236 141.75681497002753
2.0000000000000004 0.41000000000000053 -481.611627034138 186.78428592971113
2.0000000000000004 0.42000000000000054 -635.4252363843129 246.16703600830178
2.0000000000000004 0.43000000000000055 -838.6062943661794 324.5004066173412
2.0000000000000004 0.44000000000000056 -1107.0895250820656 427.85739577172933
2.0000000000000004 0.45000000000000057 -1461.986408540158 564.2661391030089
2.0000000000000004 0.4600000000000006 -1931.2794273379188 744.3424988155999
2.0000000000000004 0.4700000000000006 -2552.075485771454 982.1284308987326
2.0000000000000004 0.4800000000000006 -3373.6048209856663 1296.2034511101804
2.0000000000000004 0.4900000000000006 -4461.214482065449 1711.158674310868
2.0000000000000004 0.5000000000000006 -5901.68960504976 2259.552389511919
2.1000000000000005 -0.5 -214841.88510268272 -35873.17667633794
2.1000000000000005 -0.49 -166542.25708553364 -27240.93424392324
2.1000000000000005 -0.48 -129100.43172175127 -20677.323779393486
2.1000000000000005 -0.47 -100075.71570260539 -15688.412674929967
2.1000000000000005 -0.45999999999999996 -77576.01755442326 -11897.828253803773
2.1000000000000005 -0.44999999999999996 -60134.54464077658 -9018.857305903324
2.1000000000000005 -0.43999999999999995 -46614.211776565964 -6833.150340208305
2.1000000000000005 -0.42999999999999994 -36133.53384933568 -5174.4706457525635
2.1000000000000005 -0.41999999999999993 -28009.174271232525 -3916.2959091334833
2.1000000000000005 -0.4099999999999999 -21711.406064638086 -2962.3613029194375
2.1000000000000005 -0.3999999999999999 -16829.58356624239 -2239.447947057417
2.1000000000000005 -0.3899999999999999 -13045.374896570522 -1691.8850036487306
2.1000000000000005 -0.3799999999999999 -10112.010955431804 -1277.3592959930772
2.1000000000000005 -0.3699999999999999 -7838.1986976141425 -963.7223539572798
2.1000000000000005 -0.3599999999999999 -6075.650347633464 -726.5581494622294
2.1000000000000005 -0.34999999999999987 -4709.415821763023 -547.3308307406244
2.1000000000000005 -0.33999999999999986 -3650.388286417609 -411.97457139126664
2.1000000000000005 -0.32999999999999985 -2829.4943926579663 -309.8203402315572
2.1000000000000005 -0.31999999999999984 -2193.1905118061086 -232.77935663497743
2.1000000000000005 -0.30999999999999983 -1699.9714089200859 -174.7220478910707
2.1000000000000005 -0.2999999999999998 -1317.663773966147 -131.00586488841057
2.1000000000000005 -0.2899999999999998 -1021.3281837926457 -98.11640621668542
2.1000000000000005 -0.2799999999999998 -791.6327242722411 -73.39476333813234
2.1000000000000005 -0.2699999999999998 -613.5922450837342 -54.830453325806744
2.1000000000000005 -0.2599999999999998 -475.5910527533563 -40.904226373371216
2.1000000000000005 -0.24999999999999978 -368.6253237780635 -30.468786091210657
2.1000000000000005 -0.23999999999999977 -285.71584290920924 -22.658318896615324
2.1000000000000005 -0.22999999999999976 -221.4527753936001 -16.81990635937126
2.1000000000000005 -0.21999999999999975 -171.64278978334568 -12.461552831807202
2.1000000000000005 -0.20999999999999974 -133.03552083211545 -9.212823439980793
2.1000000000000005 -0.19999999999999973 -103.11153490569949 -6.795048666517283
2.1000000000000005 -0.18999999999999972 -79.91797041024364 -4.998783115149683
2.1000000000000005 -0.17999999999999972 -61.94113436357125 -3.666762367714616
2.1000000000000005 -0.1699999999999997 -48.00774603563963 -2.6810248735221243
2.1000000000000005 -0.1599999999999997 -37.20838664884497 -1.9531873696608832
2.1000000000000005 -0.1499999999999997 -28.838162235505056 -1.4171066673793795
2.1000000000000005 -0.13999999999999968 -22.35070930290948 -1.0233462271364406
2.1000000000000005 -0.12999999999999967 -17.322543139554487 -0.7350068521895391
2.1000000000000005 -0.11999999999999968 -13.425423143165617 -0.5245877693591905
2.1000000000000005 -0.10999999999999968 -10.404932441782263 -0.3716254890386346
2.1000000000000005 -0.09999999999999969 -8.063874407218156 -0.2609193481709421
2.1000000000000005 -0.08999999999999969 -6.249402854778897 -0.1811992585766873
2.1000000000000005 -0.0799999999999997 -4.843046272045855 -0.1241264967151251
2.1000000000000005 -0.0699999999999997 -3.7529752044577855 -0.0835451069895197
2.1000000000000005 -0.0599999999999997 -2.908008257452136 -0.0549217212764017
2.1000000000000005 -0.0499999999999997 -2.2529655969407676 -0.0349268964227222
2.1000000000000005 -0.039999999999999696 -1.7450667388478507 -0.0211226339090467
2.1000000000000005 -0.029999999999999694 -1.3511375475385232 -0.0117294785578557
2.1000000000000005 -0.01999999999999969 -1.0454441554726135 -0.0054531838999106
2.1000000000000005 -0.009999999999999691 -0.8080124153340608 -0.0013559021214641
2.1000000000000005 3.0878077872387166e-16 -0.6233231684170139 0.0012393984358795
2.1000000000000005 0.010000000000000309 -0.4792981244879765 0.0028197661629637
2.1000000000000005 0.02000000000000031 -0.3665100966942813 0.0037347077620119
2.1000000000000005 0.03000000000000031 -0.2775659551861155 0.0042350053070861
2.1000000000000005 0.04000000000000031 -0.2066219070714902 0.0045014827198872
2.1000000000000005 0.050000000000000315 -0.1489993094612565 0.0046664036493679
2.1000000000000005 0.06000000000000032 -0.1008757347537843 0.0048295179995679
2.1000000000000005 0.07000000000000031 -0.0590308539299422 0.0050702813023739
2.1000000000000005 0.08000000000000031 -0.0206301954806611 0.0054574080497097
2.1000000000000005 0.0900000000000003 0.0169678044280262 0.0060566556621746
2.1000000000000005 0.1000000000000003 0.0563946762047052 0.0069375465015428
2.1000000000000005 0.11000000000000029 0.1004574746111537 0.0081796036263954
2.1000000000000005 0.12000000000000029 0.1523402214005712 0.0098785885709569
2.1000000000000005 0.13000000000000028 0.2158358257310911 0.0121531761209854
2.1000000000000005 0.1400000000000003 0.2956255360130955 0.0151524737454523
2.1000000000000005 0.1500000000000003 0.3976267059502482 0.0190647849935565
2.1000000000000005 0.1600000000000003 0.529434949837569 0.0241280198874529
2.1000000000000005 0.17000000000000032 0.7008940317399541 0.0306421632641072
2.1000000000000005 0.18000000000000033 0.924836646064633 0.0389842139406569
2.1000000000000005 0.19000000000000034 1.218052366057611 0.0496259891380542
2.1000000000000005 0.20000000000000034 1.6025564815907658 0.0631551287823519
2.1000000000000005 0.21000000000000035 2.1072565753541603 0.080299501908997
2.1000000000000005 0.22000000000000036 2.770144299000153 0.1019549660157911
2.1000000000000005 0.23000000000000037 3.641180297093716 0.1292159910784579
2.1000000000000005 0.24000000000000038 4.786093753244077 0.1634079317090344
2.1000000000000005 0.2500000000000004 6.29138879511411 0.2061185651050416
2.1000000000000005 0.2600000000000004 8.27094355296944 0.2592246926016832
2.1000000000000005 0.2700000000000004 10.874711389434864 0.3249068150055021
2.1000000000000005 0.2800000000000004 14.300197477144652 0.4056406833715092
2.1000000000000005 0.2900000000000004 18.807600456210047 0.5041482458390273
2.1000000000000005 0.30000000000000043 24.739795552391776 0.623281223335811
2.1000000000000005 0.31000000000000044 32.548715110357875 0.765796917003188
2.1000000000000005 0.32000000000000045 42.830185318157476 0.9339659739922704
2.1000000000000005 0.33000000000000046 56.36994426527003 1.1289230068271583
2.1000000000000005 0.34000000000000047 74.20444996400843 1.3496293280424132
2.1000000000000005 0.3500000000000005 97.70125884520499 1.5912571728190021
2.1000000000000005 0.3600000000000005 128.66531038203325 1.8427189182374293
2.1000000000000005 0.3700000000000005 169.47951824878064 2.08294205423165
2.1000000000000005 0.3800000000000005 223.2908111635591 2.2753156049305088
2.1000000000000005 0.3900000000000005 294.25641182874983 2.359484592104534
2.1000000000000005 0.4000000000000005 387.8699897831618 2.2393153150106597
2.1000000000000005 0.41000000000000053 511.39377358564985 1.7653524979900053
2.1000000000000005 0.42000000000000054 674.4312941505794 0.7093789055598103
2.1000000000000005 0.43000000000000055 889.6868691122169 -1.2723167574482515
2.1000000000000005 0.44000000000000056 1173.9731844650485 -4.691777397114682
2.1000000000000005 0.45000000000000057 1549.5486656558294 -10.305137998805833
2.1000000000000005 0.4600000000000006 2045.8934731673562 -19.22095262511789
2.1000000000000005 0.4700000000000006 2702.0692113544424 -33.05471513022517
2.1000000000000005 0.4800000000000006 3569.855897395887 -54.148812859463256
2.1000000000000005 0.4900000000000006 4717.92455724958 -85.88505564702939
2.1000000000000005 0.5000000000000006 6237.3905902960005 -133.12804811250766
2.2000000000000006 -0.5 191984.56951849422 -86685.70099420962
2.2000000000000006 -0.49 148515.16689659352 -67662.52545580844
2.2000000000000006 -0.48 114887.23749795061 -52810.72476660356
2.2000000000000006 -0.47 88872.8745061384 -41216.368857055146
2.2000000000000006 -0.45999999999999996 68748.47885943299 -32165.586986950428
2.2000000000000006 -0.44999999999999996 53180.61418930495 -25100.81667865941
2.2000000000000006 -0.43999999999999995 41137.6952136207 -19586.610746217775
2.2000000000000006 -0.42999999999999994 31821.66339832998 -15282.916621062202
2.2000000000000006 -0.41999999999999993 24615.126605652848 -11924.196800499818
2.2000000000000006 -0.4099999999999999 19040.46302078655 -9303.114907495898
2.2000000000000006 -0.3999999999999999 14728.181616669925 -7257.7900620735845
2.2000000000000006 -0.3899999999999999 11392.444179254639 -5661.839868409126
2.2000000000000006 -0.3799999999999999 8812.128021161352 -4416.602503247862
2.2000000000000006 -0.3699999999999999 6816.17533268356 -3445.0614717005305
2.2000000000000006 -0.3599999999999999 5272.258931233146 -2687.1006538938927
2.2000000000000006 -0.34999999999999987 4078.0137563013154 -2095.79862193219
2.2000000000000006 -0.33999999999999986 3154.2533499518036 -1634.5348077549816
2.2000000000000006 -0.32999999999999985 2439.722007617947 -1274.7298189047526
2.2000000000000006 -0.31999999999999984 1887.0349809498791 -994.0810585445881
2.2000000000000006 -0.30999999999999983 1459.5377954833789 -775.1851765964335
2.2000000000000006 -0.2999999999999998 1128.8766194945572 -604.4626128952829
2.2000000000000006 -0.2899999999999998 873.1187164851239 -471.31803939744634
2.2000000000000006 -0.2799999999999998 675.298450336256 -367.48499952033603
2.2000000000000006 -0.2699999999999998 522.2925016758396 -286.51436434788206
2.2000000000000006 -0.2599999999999998 403.94976293055777 -223.3750701890294
2.2000000000000006 -0.24999999999999978 312.41825197589196 -174.14251117248193
2.2000000000000006 -0.23999999999999977 241.6244375408222 -135.75535735392552
2.2000000000000006 -0.22999999999999976 186.8704680001515 -105.82578394818897
2.2000000000000006 -0.21999999999999975 144.52260768765183 -82.49138926353712
2.2000000000000006 -0.20999999999999974 111.77022881549227 -64.29964971129974
2.2000000000000006 -0.19999999999999973 86.439382809211 -50.11776773407146
2.2000000000000006 -0.18999999999999972 66.8485920738283 -39.062335970226954
2.2000000000000006 -0.17999999999999972 51.69730150851521 -30.444464805923904
2.2000000000000006 -0.1699999999999997 39.97959386040882 -23.726975931444635
2.2000000000000006 -0.1599999999999997 30.917447669043355 -18.491010416707656
2.2000000000000006 -0.1499999999999997 23.90911205450876 -14.409982079452591
2.2000000000000006 -0.13999999999999968 18.489174781787305 -11.229261410390455
2.2000000000000006 -0.12999999999999967 14.297675297389382 -8.750330057491118
2.2000000000000006 -0.11999999999999968 11.05621415577926 -6.818422733945091
2.2000000000000006 -0.10999999999999968 8.549474175847067 -5.312889484475035
2.2000000000000006 -0.09999999999999969 6.610927537891857 -4.139679861611583
2.2000000000000006 -0.08999999999999969 5.111780634574455 -3.225482141739112
2.2000000000000006 -0.0799999999999997 3.9524232252175966 -2.513153380955472
2.2000000000000006 -0.0699999999999997 3.0558145458945964 -1.9581562205334144
2.2000000000000006 -0.0599999999999997 2.362367508930019 -1.525780855957066
2.2000000000000006 -0.0499999999999997 1.8259915024567444 -1.1889793499810262
2.2000000000000006 -0.039999999999999696 1.4110311620100642 -0.9266775179990642
2.2000000000000006 -0.029999999999999694 1.089897927889339 -0.7224592998033531
2.2000000000000006 -0.01999999999999969 0.8412371654231486 -0.5635416950748481
2.2000000000000006 -0.009999999999999691 0.6485091579986945 -0.4399764166770372
2.2000000000000006 3.0878077872387166e-16 0.4988897407734647 -0.3440285272597444
2.2000000000000006 0.010000000000000309 0.3824175468798794 -0.2696933465661212
2.2000000000000006 0.02000000000000031 0.291331193274719 -0.2123215336131458
2.2000000000000006 0.03000000000000031 0.2195523240177735 -0.1683289950766754
2.2000000000000006 0.04000000000000031 0.162280088530379 -0.1349735684744418
2.2000000000000006 0.050000000000000315 0.1156700002903909 -0.1101846060739446
2.2000000000000006 0.06000000000000032 0.0765756838585669 -0.0924349035771436
2.2000000000000006 0.07000000000000031 0.0423361409293878 -0.0806470842421246
2.2000000000000006 0.08000000000000031 0.0105941185085504 -0.0741287318276112
2.2000000000000006 0.0900000000000003 -0.0208668654882784 -0.0725324026744661
2.2000000000000006 0.1000000000000003 -0.0542781687179984 -0.075838255622791
2.2000000000000006 0.11000000000000029 -0.0920453504506868 -0.0843585221889744
2.2000000000000006 0.12000000000000029 -0.1369226480199894 -0.098764495700767
2.2000000000000006 0.13000000000000028 -0.1922153722003482 -0.1201382437749843
2.2000000000000006 0.1400000000000003 -0.2620252323135656 -0.150052946543511
2.2000000000000006 0.1500000000000003 -0.3515569699100262 -0.1906877492378797
2.2000000000000006 0.1600000000000003 -0.4675094403764907 -0.2449854287045696
2.2000000000000006 0.17000000000000032 -0.6185808084373261 -0.3168641756682664
2.2000000000000006 0.18000000000000033 -0.8161263265408509 -0.4114985958369304
2.2000000000000006 0.19000000000000034 -1.0750189319779324 -0.5356898962582166
2.2000000000000006 0.20000000000000034 -1.414778548289377 -0.6983514846761394
2.2000000000000006 0.21000000000000035 -1.8610567325817384 -0.9111443004905369
2.2000000000000006 0.22000000000000036 -2.4475907979524796 -1.1893066720592143
2.2000000000000006 0.23000000000000037 -3.21877791546905 -1.5527370733546648
2.2000000000000006 0.24000000000000038 -4.233067822174207 -2.0274057584521556
2.2000000000000006 0.2500000000000004 -5.5674364210998455 -2.647194078512954
2.2000000000000006 0.2600000000000004 -7.323286782470136 -3.4562898718819826
2.2000000000000006 0.2700000000000004 -9.634235507947327 -4.5123056464170075
2.2000000000000006 0.2800000000000004 -12.67638994473116 -5.890335895784978
2.2000000000000006 0.2900000000000004 -16.68191706848243 -7.688234087230973
2.2000000000000006 0.30000000000000043 -21.956963572290476 -10.033472834518097
2.2000000000000006 0.31000000000000044 -28.90532949368939 -13.092057914883327
2.2000000000000006 0.32000000000000045 -38.05975207406438 -17.08010499025082
2.2000000000000006 0.33000000000000046 -50.12325901766357 -22.27886593284107
2.2000000000000006 0.34000000000000047 -66.02384949890983 -29.05422070262192
2.2000000000000006 0.3500000000000005 -86.98682181720588 -37.88194493901545
2.2000000000000006 0.3600000000000005 -114.63047459187317 -49.380440701640254
2.2000000000000006 0.3700000000000005 -151.09277846226158 -64.35310063301851
2.2000000000000006 0.3800000000000005 -199.19910016430873 -83.84309240275378
2.2000000000000006 0.3900000000000005 -262.68436425088834 -109.20413571455825
2.2000000000000006 0.4000000000000005 -346.4874312748449 -142.19184179690703
2.2000000000000006 0.41000000000000053 -457.1413175485285 -185.08144834939225
2.2000000000000006 0.42000000000000054 -603.2906648452405 -240.81937593220633
2.2000000000000006 0.43000000000000055 -796.3782356309296 -313.21803208560436
2.2000000000000006 0.44000000000000056 -1051.5560256737028 -407.20578809593263
2.2000000000000006 0.45000000000000057 -1388.895008476372 -529.1471550697961
2.2000000000000006 0.4600000000000006 -1834.9921041447685 -687.2520075864813
2.2000000000000006 0.4700000000000006 -2425.105774238753 -892.097368528323
2.2000000000000006 0.4800000000000006 -3205.995465396711 -1157.2908987159776
2.2000000000000006 0.4900000000000006 -4239.698688845975 -1500.311929555055
2.2000000000000006 0.5000000000000006 -5608.557837621036 -1943.5736834805284
2.3000000000000007 -0.5 -107642.852882755 172821.58691185052
2.3000000000000007 -0.49 -82938.93544216256 134181.5612886354
2.3000000000000007 -0.48 -63902.19189662545 104179.58039507462
2.3000000000000007 -0.47 -49233.06225781394 80884.87582610622
2.3000000000000007 -0.45999999999999996 -37929.88180769471 62798.17788464878
2.3000000000000007 -0.44999999999999996 -29220.619536892566 48755.29691929857
2.3000000000000007 -0.43999999999999995 -22510.25315340621 37852.24599137319
2.3000000000000007 -0.42999999999999994 -17340.19997507392 29387.09303329049
2.3000000000000007 -0.41999999999999993 -13357.042723108516 22814.80532660113
2.3000000000000007 -0.4099999999999999 -10288.421343779552 17712.183824313513
2.3000000000000007 -0.3999999999999999 -7924.449420650337 13750.633142637344
2.3000000000000007 -0.3899999999999999 -6103.389603744586 10675.016568231526
2.3000000000000007 -0.3799999999999999 -4700.6123053179945 8287.236494977227
2.3000000000000007 -0.3699999999999999 -3620.0853846935547 6433.484428982797
2.3000000000000007 -0.3599999999999999 -2787.8148523083655 4994.34058632132
2.3000000000000007 -0.34999999999999987 -2146.7894766850404 3877.0863043529966
2.3000000000000007 -0.33999999999999986 -1653.0846086943636 3009.734761545558
2.3000000000000007 -0.32999999999999985 -1272.8595098164058 2336.395992055576
2.3000000000000007 -0.31999999999999984 -980.0433557892901 1813.6779887215846
2.3000000000000007 -0.30999999999999983 -754.5520254924165 1407.892325064495
2.3000000000000007 -0.2999999999999998 -580.9139706498131 1092.8844755613604
2.3000000000000007 -0.2899999999999998 -447.2113573920437 848.3491997289668
2.3000000000000007 -0.2799999999999998 -344.2641745960705 658.5225624076131
2.3000000000000007 -0.2699999999999998 -265.0015802117793 511.16639616229827
2.3000000000000007 -0.2599999999999998 -203.97753425429775 396.77982989196283
2.3000000000000007 -0.24999999999999978 -156.99761607244156 307.9871205069338
2.3000000000000007 -0.23999999999999977 -120.83151487114895 239.06237156102625
2.3000000000000007 -0.22999999999999976 -92.99153356316558 185.56053373958588
2.3000000000000007 -0.21999999999999975 -71.56195565302947 144.0309238079918
2.3000000000000007 -0.20999999999999974 -55.06760046102545 111.79481110518032
2.3000000000000007 -0.19999999999999973 -42.37257057991807 86.77274567250349
2.3000000000000007 -0.18999999999999972 -32.60225972695404 67.3505050343148
2.3000000000000007 -0.17999999999999972 -25.083279942765376 52.275023577067905
2.3000000000000007 -0.1699999999999997 -19.297192957364846 40.57359944255112
2.3000000000000007 -0.1599999999999997 -14.844875170236742 31.491173127489375
2.3000000000000007 -0.1499999999999997 -11.419073573517064 24.441636062349524
2.3000000000000007 -0.13999999999999968 -8.78327079673241 18.970031256775
2.3000000000000007 -0.12999999999999967 -6.755409582618239 14.723209830495652
2.3000000000000007 -0.11999999999999968 -5.195359945368184 11.427052074109334
2.3000000000000007 -0.10999999999999968 -3.9952687726904745 8.868784683559767
2.3000000000000007 -0.09999999999999969 -3.072129249312742 6.883254223138454
2.3000000000000007 -0.08999999999999969 -2.3620597174331417 5.342271843746997
2.3000000000000007 -0.0799999999999997 -1.8158988637043407 4.1463422370069205
2.3000000000000007 -0.0699999999999997 -1.3958144580345409 3.218243492033436
2.3000000000000007 -0.0599999999999997 -1.0726924503057482 2.4980438399605687
2.3000000000000007 -0.0499999999999997 -0.8241268214555829 1.9392339084847707
2.3000000000000007 -0.039999999999999696 -0.6328718557661958 1.5057250330992324
2.3000000000000007 -0.029999999999999694 -0.4856502792114481 1.1695200178115024
2.3000000000000007 -0.01999999999999969 -0.3722351721762824 0.9089061047335604
2.3000000000000007 -0.009999999999999691 -0.284742390782201 0.7070535939563294
2.3000000000000007 3.0878077872387166e-16 -0.2170847102934459 0.5509297236689524
2.3000000000000007 0.010000000000000309 -0.1645500296298148 0.430457762640937
2.3000000000000007 0.02000000000000031 -0.1234745109308862 0.337867094753798
2.3000000000000007 0.03000000000000031 -0.0909880577044832 0.2671924092794354
2.3000000000000007 0.04000000000000031 -0.0648145069248636 0.213889747150143
2.3000000000000007 0.050000000000000315 -0.0431126649586391 0.174544715078105
2.3000000000000007 0.06000000000000032 -0.0243471108979093 0.1466541551866119
2.3000000000000007 0.07000000000000031 -0.0071797138158626 0.1284673351995384
2.3000000000000007 0.08000000000000031 0.0096258009492884 0.118876613921184
2.3000000000000007 0.0900000000000003 0.0272930552105477 0.1173507930108826
2.3000000000000007 0.1000000000000003 0.0471224526317215 0.1239072033760128
2.3000000000000007 0.11000000000000029 0.0705874200455401 0.1391211816390626
2.3000000000000007 0.12000000000000029 0.0994446318602906 0.164174144706076
2.3000000000000007 0.13000000000000028 0.1358665355425095 0.200944142784953
2.3000000000000007 0.1400000000000003 0.1826062722531054 0.2521457481471778
2.3000000000000007 0.1500000000000003 0.2432076406157934 0.321529626674332
2.3000000000000007 0.1600000000000003 0.322276287312851 0.4141563877417946
2.3000000000000007 0.17000000000000032 0.4258331070342708 0.5367646162129825
2.3000000000000007 0.18000000000000033 0.5617772775667663 0.6982597352916803
2.3000000000000007 0.19000000000000034 0.740494955597956 0.910359010341959
2.3000000000000007 0.20000000000000034 0.9756610993487524 1.188439197425719
2.3000000000000007 0.21000000000000035 1.2852970770848209 1.5526478615582109
2.3000000000000007 0.22000000000000036 1.6931668788066867 2.0293582689463454
2.3000000000000007 0.23000000000000037 2.230621484568035 2.6530723320798004
2.3000000000000007 0.24000000000000038 2.939036400346152 3.4689080937039307
2.3000000000000007 0.2500000000000004 3.8730344002035704 4.535849932792773
2.3000000000000007 0.2600000000000004 5.104747899044401 5.930993995774442
2.3000000000000007 0.2700000000000004 6.729458159733464 7.755092109596016
2.3000000000000007 0.2800000000000004 8.873058410220617 10.139789566816205
2.3000000000000007 0.2900000000000004 11.70193382309806 13.257072106449963
2.3000000000000007 0.30000000000000043 15.43604505408488 17.3315934725498
2.3000000000000007 0.31000000000000044 20.366259441374233 22.65675790233453
2.3000000000000007 0.32000000000000045 26.877316071389146 29.615695741694932
2.3000000000000007 0.33000000000000046 35.478265748121224 38.70861316876197
2.3000000000000007 0.34000000000000047 46.84283182456359 50.58844205797898
2.3000000000000007 0.3500000000000005 61.86294268448435 66.1072934426628
2.3000000000000007 0.3600000000000005 81.71975785494008 86.37696662307
2.3000000000000007 0.3700000000000005 107.9779359619162 112.84773562201701
2.3000000000000007 0.3800000000000005 142.71079238991544 147.41088949780084
2.3000000000000007 0.3900000000000005 188.66652565209708 192.5321251256593
2.3000000000000007 0.4000000000000005 249.48906530122522 251.42498549939836
2.3000000000000007 0.41000000000000053 330.01159293013853 328.27623738173367
2.3000000000000007 0.42000000000000054 436.64678871001144 428.53855967350205
2.3000000000000007 0.43000000000000055 577.9058635477406 559.3103842215384
2.3000000000000007 0.44000000000000056 765.0891262977038 729.8284667414409
2.3000000000000007 0.45000000000000057 1013.2051098185378 952.1061099970627
2.3000000000000007 0.4600000000000006 1342.1943482091442 1241.7593430699035
2.3000000000000007 0.4700000000000006 1778.5593794671606 1619.0753120358238
2.3000000000000007 0.4800000000000006 2357.5366118875672 2110.392315122351
2.3000000000000007 0.4900000000000006 3125.9912445528926 2749.8801209659982
2.3000000000000007 0.5000000000000006 4146.277366419641 3581.833408904088
2.400000000000001 -0.5 -6416.0382721219585 -196594.16509462928
2.400000000000001 -0.49 -5499.759519941052 -152297.56931688552
2.400000000000001 -0.48 -4670.650017507607 -117980.96271995078
2.400000000000001 -0.47 -3935.953160215017 -91396.06808492662
2.400000000000001 -0.45999999999999996 -3295.2199426508528 -70801.05017919998
2.400000000000001 -0.44999999999999996 -2743.4086176345545 -54846.446270017586
2.400000000000001 -0.43999999999999995 -2272.9777951112687 -42486.78692723725
2.400000000000001 -0.42999999999999994 -1875.269284894475 -32912.12178839403
2.400000000000001 -0.41999999999999993 -1541.3945427013919 -25494.96766324043
2.400000000000001 -0.4099999999999999 -1262.7782496563264 -19749.205752383492
2.400000000000001 -0.3999999999999999 -1031.4685592232552 -15298.236877364589
2.400000000000001 -0.3899999999999999 -840.2915842340645 -11850.309635866131
2.400000000000001 -0.3799999999999999 -682.9045795256573 -9179.405954302896
2.400000000000001 -0.3699999999999999 -553.7856394260924 -7110.432334876083
2.400000000000001 -0.3599999999999999 -448.1858264857406 -5507.7469913563355
2.400000000000001 -0.34999999999999987 -362.06118975282664 -4266.271484751021
2.400000000000001 -0.33999999999999986 -291.99616919171075 -3304.6047001911966
2.400000000000001 -0.32999999999999985 -235.1257218736855 -2559.688125576204
2.400000000000001 -0.31999999999999984 -189.06063633296188 -1982.6729825357688
2.400000000000001 -0.30999999999999983 -151.8185530691011 -1535.718470754042
2.400000000000001 -0.2999999999999998 -121.76191221520402 -1189.511369956845
2.400000000000001 -0.2899999999999998 -97.54320917611444 -921.3444920610006
2.400000000000001 -0.2799999999999998 -78.05741556447482 -713.6280823368844
2.400000000000001 -0.2699999999999998 -62.40111591043519 -552.7366296186613
2.400000000000001 -0.2599999999999998 -49.83774933984499 -428.11551856852526
2.400000000000001 -0.24999999999999978 -39.76827966273571 -331.58898054074757
2.400000000000001 -0.23999999999999977 -31.7066122262106 -256.8239884629561
2.400000000000001 -0.22999999999999976 -25.259107450439092 -198.9149590588462
2.400000000000001 -0.21999999999999975 -20.107592924024157 -154.06204186890037
2.400000000000001 -0.20999999999999974 -15.99533748755699 -119.32190735051971
2.400000000000001 -0.19999999999999973 -12.715514918732257 -92.41469755796467
2.400000000000001 -0.18999999999999972 -10.10174733599938 -71.57448373341762
2.400000000000001 -0.17999999999999972 -8.02037675830056 -55.43342670749339
2.400000000000001 -0.1699999999999997 -6.364166107380547 -42.93204512065054
2.400000000000001 -0.1599999999999997 -5.0471778204956665 -33.24970786622323
2.400000000000001 -0.1499999999999997 -4.000619161519083 -25.75079295194436
2.400000000000001 -0.13999999999999968 -3.1694785832986168 -19.942982049221754
2.400000000000001 -0.12999999999999967 -2.5098075747463646 -15.444955650194698
2.400000000000001 -0.11999999999999968 -1.9865278686690755 -11.961370121536138
2.400000000000001 -0.10999999999999968 -1.5716652536465896 -9.263475424969393
2.400000000000001 -0.09999999999999969 -1.242929070543753 -7.174102161483605
2.400000000000001 -0.08999999999999969 -0.982571287570806 -5.556033132759583
2.400000000000001 -0.0799999999999997 -0.7764712948346771 -4.302996581136542
2.400000000000001 -0.0699999999999997 -0.6134026448169948 -3.3326902188778527
2.400000000000001 -0.0599999999999997 -0.4844462421515124 -2.5813783607479492
2.400000000000001 -0.0499999999999997 -0.3825212581692189 -1.9997076638364724
2.400000000000001 -0.039999999999999696 -0.3020105718918608 -1.5494669206981786
2.400000000000001 -0.029999999999999694 -0.2384620384429532 -1.201078287989319
2.400000000000001 -0.01999999999999969 -0.1883505421781976 -0.9316553242976108
2.400000000000001 -0.009999999999999691 -0.148888758988762 -0.7235004051067078
2.400000000000001 3.0878077872387166e-16 -0.1178769582236953 -0.5629429193341626
2.400000000000001 0.010000000000000309 -0.0935841258561274 -0.4394420222904775
2.400000000000001 0.02000000000000031 -0.0746542751361313 -0.3448950920287056
2.400000000000001 0.03000000000000031 -0.0600331024166794 -0.2731065501448996
2.400000000000001 0.04000000000000031 -0.0489112054375888 -0.2193822516176384
2.400000000000001 0.050000000000000315 -0.0406809609038479 -0.1802229142237532
2.400000000000001 0.06000000000000032 -0.0349049022129983 -0.1530965904363765
2.400000000000001 0.07000000000000031 -0.0312940860066017 -0.1362754143264476
2.400000000000001 0.08000000000000031 -0.0296955239860822 -0.1287261289046533
2.400000000000001 0.0900000000000003 -0.0300883191196075 -0.1300474997466699
2.400000000000001 0.1000000000000003 -0.0325887189068781 -0.1404508898643894
2.400000000000001 0.11000000000000029 -0.0374649220566575 -0.1607832230550641
2.400000000000001 0.12000000000000029 -0.0451631942395194 -0.1925945005312427
2.400000000000001 0.13000000000000028 -0.0563477186278047 -0.2382551622257341
2.400000000000001 0.1400000000000003 -0.0719576968786855 -0.3011321191740368
2.400000000000001 0.1500000000000003 -0.0932866149095993 -0.3858364772394582
2.400000000000001 0.1600000000000003 -0.1220904112293305 -0.4985611243231239
2.400000000000001 0.17000000000000032 -0.1607336866318634 -0.6475328322096999
2.400000000000001 0.18000000000000033 -0.212386275616764 -0.843611795698795
2.400000000000001 0.19000000000000034 -0.2812867322456246 -1.1010821904451937
2.400000000000001 0.20000000000000034 -0.3730949272346973 -1.4386911436033878
2.400000000000001 0.21000000000000035 -0.4953634917510407 -1.88101147103757
2.400000000000001 0.22000000000000036 -0.6581679231836224 -2.4602269317475476
2.400000000000001 0.23000000000000037 -0.8749486555185509 -3.2184692632972736
2.400000000000001 0.24000000000000038 -1.1636364535315722 -4.210876078211945
2.400000000000001 0.2500000000000004 -1.5481566739633161 -5.509590669736854
2.400000000000001 0.2600000000000004 -2.060440338807482 -7.208992608473971
2.400000000000001 0.2700000000000004 -2.743113391673219 -9.432536545876854
2.400000000000001 0.2800000000000004 -3.6530937246169257 -12.341692175972867
2.400000000000001 0.2900000000000004 -4.866403627582042 -16.14762904509573
2.400000000000001 0.30000000000000043 -6.484610018244596 -21.126486515511107
2.400000000000001 0.31000000000000044 -8.643445280906496 -27.639325568045706
2.400000000000001 0.32000000000000045 -11.524350037606668 -36.158193323509074
2.400000000000001 0.33000000000000046 -15.369932164802627 -47.300166627167066
2.400000000000001 0.34000000000000047 -20.504675991961143 -61.871808227769776
2.400000000000001 0.3500000000000005 -27.36269162850684 -80.92720750086582
2.400000000000001 0.3600000000000005 -36.52490676070601 -105.84373853104721
2.400000000000001 0.3700000000000005 -48.768925813349405 -138.42091800692285
2.400000000000001 0.3800000000000005 -65.13588638108226 -181.0093696107639
2.400000000000001 0.3900000000000005 -87.02012751461974 -236.67901129900437
2.400000000000001 0.4000000000000005 -116.28947951740844 -309.4383202063261
2.400000000000001 0.41000000000000053 -155.44666614768815 -404.520081349621
2.400000000000001 0.42000000000000054 -207.84591389911617 -528.7536282707856
2.400000000000001 0.43000000000000055 -277.9837071877683 -691.0495412347133
2.400000000000001 0.44000000000000056 -371.8891401628116 -903.0304726375936
2.400000000000001 0.45000000000000057 -497.6480700541434 -1179.8517201748043
2.400000000000001 0.4600000000000006 -666.1070458593667 -1541.268004529444
2.400000000000001 0.4700000000000006 -891.8188079081092 -2013.0194423915577
2.400000000000001 0.4800000000000006 -1194.3124234832283 -2628.6309681959797
2.400000000000001 0.4900000000000006 -1599.799715411954 -3431.7467517604578
2.400000000000001 0.5000000000000006 -2143.468071485299 -4479.156123385461
2.500000000000001 -0.5 110732.4781429035 154332.10400345913
2.500000000000001 -0.49 86212.42134215597 119271.04476830596
2.500000000000001 -0.48 67119.74230240883 92173.78880478123
2.500000000000001 -0.47 52253.63649005502 71231.72640228078
2.500000000000001 -0.45999999999999996 40678.85724444618 55046.92449421415
2.500000000000001 -0.44999999999999996 31667.01540927604 42538.889766002954
2.500000000000001 -0.43999999999999995 24650.84796932799 32872.496354933224
2.500000000000001 -0.42999999999999994 19188.591875664817 25402.274530337858
2.500000000000001 -0.41999999999999993 14936.231281634293 19629.346834397802
2.500000000000001 -0.4099999999999999 11625.879042976778 15168.14091457752
2.500000000000001 -0.3999999999999999 9048.937287592396 11720.659801522292
2.500000000000001 -0.3899999999999999 7042.981095375839 9056.594066845086
2.500000000000001 -0.3799999999999999 5481.542527195502 6997.949676681837
2.500000000000001 -0.3699999999999999 4266.153969185172 5407.166373441456
2.500000000000001 -0.3599999999999999 3320.151368307838 4177.934120029422
2.500000000000001 -0.34999999999999987 2583.848278679944 3228.0950296713554
2.500000000000001 -0.33999999999999986 2010.7776149214856 2494.1572647418916
2.500000000000001 -0.32999999999999985 1564.7649966874155 1927.054885089298
2.500000000000001 -0.31999999999999984 1217.649759141955 1488.8707232310207
2.500000000000001 -0.30999999999999983 947.5103643822051 1150.3035981517125
2.500000000000001 -0.2999999999999998 737.2826247403083 888.7108323286654
2.500000000000001 -0.2899999999999998 573.6838246420041 686.5954175897361
2.500000000000001 -0.2799999999999998 446.3750494954855 530.4368429943084
2.500000000000001 -0.2699999999999998 347.309002764656 409.78752995477396
2.500000000000001 -0.2599999999999998 270.2222547960541 316.57454527004495
2.500000000000001 -0.24999999999999978 210.23995060823322 244.5599635538416
2.500000000000001 -0.23999999999999977 163.56807866082386 188.92384038727732
2.500000000000001 -0.22999999999999976 127.25391264080433 145.94194268509094
2.500000000000001 -0.21999999999999975 98.99952946589984 112.73670919840868
2.500000000000001 -0.20999999999999974 77.01664850871448 87.08480380515121
2.500000000000001 -0.19999999999999973 59.91363942764557 67.26840348139001
2.500000000000001 -0.18999999999999972 46.60757248458637 51.960283760466275
2.500000000000001 -0.17999999999999972 36.25576322065633 40.13502198113146
2.500000000000001 -0.1699999999999997 28.202492067549784 31.000383357729778
2.500000000000001 -0.1599999999999997 21.93753617515954 23.94430332354309
2.500000000000001 -0.1499999999999997 17.063895623984333 18.49392171041456
2.500000000000001 -0.13999999999999968 13.27267614051827 14.28392970272025
2.500000000000001 -0.12999999999999967 10.323541951946314 11.03211291273609
2.500000000000001 -0.11999999999999968 8.029503932876185 8.520454927219422
2.500000000000001 -0.10999999999999968 6.2450818509808785 6.580537392978956
2.500000000000001 -0.09999999999999969 4.857092550047085 5.0822599686032035
2.500000000000001 -0.08999999999999969 3.777481742396669 3.925125457849576
2.500000000000001 -0.0799999999999997 2.9377461706212187 3.0315069869693683
2.500000000000001 -0.0699999999999997 2.2845933797927596 2.3414466547103894
2.500000000000001 -0.0599999999999997 1.776564552453542 1.8086375277607627
2.500000000000001 -0.0499999999999997 1.381406733249351 1.397320022097774
2.500000000000001 -0.039999999999999696 1.0740281488854548 1.0798848932290699
2.500000000000001 -0.029999999999999694 0.8349072022651643 0.83502234543853
2.500000000000001 -0.01999999999999969 0.6488544148145169 0.6462933231762522
2.500000000000001 -0.009999999999999691 0.5040489199453372 0.501027310790731
2.500000000000001 3.0878077872387166e-16 0.391288483567929 0.3894728300509145
2.500000000000001 0.010000000000000309 0.3034055420147045 0.3041437508379642
2.500000000000001 0.02000000000000031 0.2348122576500857 0.239317651581221
2.500000000000001 0.03000000000000031 0.1811457621353445 0.1906526608324241
2.500000000000001 0.04000000000000031 0.1389911033826542 0.1548971627173055
2.500000000000001 0.050000000000000315 0.1056643361556842 0.1296729900228268
2.500000000000001 0.06000000000000032 0.0790420098050604 0.1133176784715346
2.500000000000001 0.07000000000000031 0.0574262515049228 0.1047753474918754
2.500000000000001 0.08000000000000031 0.0394369066452906 0.1035290762025667
2.500000000000001 0.0900000000000003 0.0239239240197651 0.1095704827886053
2.500000000000001 0.1000000000000003 0.0098944728862177 0.1234047853097213
2.500000000000001 0.11000000000000029 -0.0035497637308083 0.1460920998576226
2.500000000000001 0.12000000000000029 -0.0172689963594728 0.1793282910052779
2.500000000000001 0.13000000000000028 -0.032138866427966 0.2255715104347198
2.500000000000001 0.1400000000000003 -0.0491042926411979 0.2882238436353403
2.500000000000001 0.1500000000000003 -0.069236727910906 0.3718814674776667
2.500000000000001 0.1600000000000003 -0.0937980073910951 0.482671690721704
2.500000000000001 0.17000000000000032 -0.1243141927037872 0.6287015648076113
2.500000000000001 0.18000000000000033 -0.1626631794811506 0.8206508714638138
2.500000000000001 0.19000000000000034 -0.2111803270540316 1.0725528058275573
2.500000000000001 0.20000000000000034 -0.272786979030354 1.4028193416535761
2.500000000000001 0.21000000000000035 -0.3511474514181508 1.835586080206286
2.500000000000001 0.22000000000000036 -0.4508608344833759 2.402474638058951
2.500000000000001 0.23000000000000037 -0.5776947225055743 3.1449010056375633
2.500000000000001 0.24000000000000038 -0.7388686465607149 4.117098006177526
2.500000000000001 0.2500000000000004 -0.9433953693840814 5.390071873404218
2.500000000000001 0.2600000000000004 -1.2024880414876993 7.056780791922219
2.500000000000001 0.2700000000000004 -1.5300401044418381 9.238911897117365
2.500000000000001 0.2800000000000004 -1.943182142447564 12.095749093578661
2.500000000000001 0.2900000000000004 -2.462914706914426 15.835775449914385
2.500000000000001 0.30000000000000043 -3.1148071165274556 20.731851725466292
2.500000000000001 0.31000000000000044 -3.9297373926371177 27.141070943888923
2.500000000000001 0.32000000000000045 -4.9446249701467195 35.53072631029303
2.500000000000001 0.33000000000000046 -6.203071522291058 46.51227022330916
2.500000000000001 0.34000000000000047 -7.75577028854637 60.88571698033945
2.500000000000001 0.3500000000000005 -9.66046236024906 79.69769177653052
2.500000000000001 0.3600000000000005 -11.981097657134484 104.31730677979037
2.500000000000001 0.3700000000000005 -14.785682183506031 136.53532035692177
2.500000000000001 0.3800000000000005 -18.142038214294782 178.69369747763372
2.500000000000001 0.3900000000000005 -22.110337604907894 233.85485418211354
2.500000000000001 0.4000000000000005 -26.730744755318966 306.0226875481405
2.500000000000001 0.41000000000000053 -32.00376127385697 400.43116024875934
2.500000000000001 0.42000000000000054 -37.85981072438563 523.9209785527005
2.500000000000001 0.43000000000000055 -44.113116576334825 685.4311017141017
2.500000000000001 0.44000000000000056 -50.392840352888015 896.6398718567708
2.500000000000001 0.45000000000000057 -56.04152647047597 1172.8010021096775
2.500000000000001 0.4600000000000006 -59.966823871938395 1533.833209655909
2.500000000000001 0.4700000000000006 -60.42678046861471 2005.7398336178585
2.500000000000001 0.4800000000000006 -54.72112866553964 2622.4574964883827
2.500000000000001 0.4900000000000006 -38.7500693151019 3428.2622407088547
2.500000000000001 0.5000000000000006 -6.386983813785725 4480.899503382314
2.600000000000001 -0.5 -171695.5551271541 -64353.86090188302
2.600000000000001 -0.49 -133202.7923242006 -49388.19571728531
2.600000000000001 -0.48 -103338.6274754356 -37899.08557188645
2.600000000000001 -0.47 -80169.12777094488 -29079.732965761938
2.600000000000001 -0.45999999999999996 -62193.75279736037 -22310.39575539984
2.600000000000001 -0.44999999999999996 -48248.24573687584 -17115.056901519405
2.600000000000001 -0.43999999999999995 -37429.28020339915 -13128.123058989659
2.600000000000001 -0.42999999999999994 -29035.9894588457 -10068.832639468425
2.600000000000001 -0.41999999999999993 -22524.59619136009 -7721.589981100428
2.600000000000001 -0.4099999999999999 -17473.208070896708 -5920.854480095654
2.600000000000001 -0.3999999999999999 -13554.501646879697 -4539.5305434000265
2.600000000000001 -0.3899999999999999 -10514.527288184534 -3480.0479885679783
2.600000000000001 -0.3799999999999999 -8156.263751004075 -2667.509954811033
2.600000000000001 -0.3699999999999999 -6326.858178504253 -2044.429505400098
2.600000000000001 -0.3599999999999999 -4907.7257433790965 -1566.686901850205
2.600000000000001 -0.34999999999999987 -3806.868150405519 -1200.4247108058037
2.600000000000001 -0.33999999999999986 -2952.913780425709 -919.6633849821671
2.600000000000001 -0.32999999999999985 -2290.493661457996 -704.4702925692926
2.600000000000001 -0.31999999999999984 -1776.6538999099114 -539.5538565649184
2.600000000000001 -0.30999999999999983 -1378.0722852615174 -413.1841991422706
2.600000000000001 -0.2999999999999998 -1068.8988331897556 -316.3645368539239
2.600000000000001 -0.2899999999999998 -829.080421497054 -242.19513229276876
2.600000000000001 -0.2799999999999998 -643.0610129387597 -185.38510082849285
2.600000000000001 -0.2699999999999998 -498.77327646492097 -141.87773831901578
2.600000000000001 -0.2599999999999998 -386.8562867823104 -108.56300073680659
2.600000000000001 -0.24999999999999978 -300.04862232912694 -83.05688561537174
2.600000000000001 -0.23999999999999977 -232.71754109984747 -63.532165603932555
2.600000000000001 -0.22999999999999976 -180.49372738457214 -48.58853481026893
2.600000000000001 -0.21999999999999975 -139.98794083212948 -37.153001543930344
2.600000000000001 -0.20999999999999974 -108.57120493818724 -28.40349062545111
2.600000000000001 -0.19999999999999973 -84.20428855943314 -21.710253739558592
2.600000000000001 -0.18999999999999972 -65.30542786446013 -16.59094197950084
2.600000000000001 -0.17999999999999972 -50.64771403855418 -12.676158806550529
2.600000000000001 -0.1699999999999997 -39.279494512855244 -9.683051780003566
2.600000000000001 -0.1599999999999997 -30.462626982804952 -7.395069567390845
2.600000000000001 -0.1499999999999997 -23.62458261189711 -5.646446841414311
2.600000000000001 -0.13999999999999968 -18.321292531580905 -4.310314372507292
2.600000000000001 -0.12999999999999967 -14.208328197196165 -3.2895884832430418
2.600000000000001 -0.11999999999999968 -11.018546459909446 -2.5099911292702513
2.600000000000001 -0.10999999999999968 -8.544749370799078 -1.9147030989879952
2.600000000000001 -0.09999999999999969 -6.626233903523782 -1.4602688449913888
2.600000000000001 -0.08999999999999969 -5.138359037495421 -1.113460461960712
2.600000000000001 -0.0799999999999997 -3.9844533312302297 -0.8488765940300836
2.600000000000001 -0.0699999999999997 -3.089537918212582 -0.647104415013063
2.600000000000001 -0.0599999999999997 -2.395457614424777 -0.4933129812906369
2.600000000000001 -0.0499999999999997 -1.8571041707504437 -0.3761770526223432
2.600000000000001 -0.039999999999999696 -1.4394865563483277 -0.2870540928582959
2.600000000000001 -0.029999999999999694 -1.1154581143043818 -0.2193552754538523
2.600000000000001 -0.01999999999999969 -0.8639530515767521 -0.1680652135882335
2.600000000000001 -0.009999999999999691 -0.668617775006792 -0.1293757988665904
2.600000000000001 3.0878077872387166e-16 -0.5167482071692507 -0.1004077244992611
2.600000000000001 0.010000000000000309 -0.398464071610536 -0.0789995717449834
2.600000000000001 0.02000000000000031 -0.3060665142755241 -0.063549201518151
2.600000000000001 0.03000000000000031 -0.2335373238826616 -0.0528959634324478
2.600000000000001 0.04000000000000031 -0.176147200117131 -0.046235181617735
2.600000000000001 0.050000000000000315 -0.1301475904115176 -0.0430587113366576
2.600000000000001 0.06000000000000032 -0.0925260322151341 -0.0431172501700951
2.600000000000001 0.07000000000000031 -0.0608090489798295 -0.0464016681814022
2.600000000000001 0.08000000000000031 -0.0328997208368854 -0.0531420069630978
2.600000000000001 0.0900000000000003 -0.0069392838468612 -0.0638240880509731
2.600000000000001 0.1000000000000003 0.0188163510864933 -0.0792249605776356
2.600000000000001 0.11000000000000029 0.0461133281531355 -0.1004698002047028
2.600000000000001 0.12000000000000029 0.0768175903085012 -0.1291144473706762
2.600000000000001 0.13000000000000028 0.1130415095548192 -0.1672596582050764
2.600000000000001 0.1400000000000003 0.1572879043994424 -0.2177054744444535
2.600000000000001 0.1500000000000003 0.212621134177643 -0.2841570706900956
2.600000000000001 0.1600000000000003 0.2828767883782078 -0.3714972252542101
2.600000000000001 0.17000000000000032 0.3729240757558304 -0.4861454629564417
2.600000000000001 0.18000000000000033 0.4889985299608265 -0.6365302946560835
2.600000000000001 0.19000000000000034 0.6391273112043127 -0.8337092972799854
2.600000000000001 0.20000000000000034 0.8336754947413867 -1.0921826502615428
2.600000000000001 0.21000000000000035 1.0860496843011507 -1.4309599672552618
2.600000000000001 0.22000000000000036 1.413605572648116 -1.8749588785501887
2.600000000000001 0.23000000000000037 1.8388193353101647 -2.456838193782006
2.600000000000001 0.24000000000000038 2.3907998100913406 -3.219400390863197
2.600000000000001 0.2500000000000004 3.107240334193027 -4.21873997022478
2.600000000000001 0.2600000000000004 4.0369372188198165 -5.52836893790412
2.600000000000001 0.2700000000000004 5.243037834667785 -7.244622332038358
2.600000000000001 0.2800000000000004 6.807227310381776 -9.49374051022367
2.600000000000001 0.2900000000000004 8.835121627368897 -12.441147702220022
2.600000000000001 0.30000000000000043 11.463209855582257 -16.30360703494075
2.600000000000001 0.31000000000000044 14.867783727605312 -21.36514252662193
2.600000000000001 0.32000000000000045 19.276414101865598 -27.997893673641812
2.600000000000001 0.33000000000000046 24.982687886310575 -36.6894281325406
2.600000000000001 0.34000000000000047 32.365114116669915 -48.07850863306714
2.600000000000001 0.3500000000000005 41.91135458642233 -63.00192557916663
2.600000000000001 0.3600000000000005 54.249245668967625 -82.55581107040612
2.600000000000001 0.3700000000000005 70.18646971358382 -108.17590102716458
2.600000000000001 0.3800000000000005 90.76122617560867 -141.7425849540616
2.600000000000001 0.3900000000000005 117.30686824120806 -185.71837561733213
2.600000000000001 0.4000000000000005 151.53423886527568 -243.32777110750618
2.600000000000001 0.41000000000000053 195.63639528983248 -318.7925353818704
2.600000000000001 0.42000000000000054 252.42159408578385 -417.63940622305495
2.600000000000001 0.43000000000000055 325.4818673953293 -547.1024319859154
2.600000000000001 0.44000000000000056 419.4063105038297 -716.6489045388465
2.600000000000001 0.45000000000000057 540.0503834730605 -938.6666676239898
2.600000000000001 0.4600000000000006 694.8751738869261 -1229.3620494517218
2.600000000000001 0.4700000000000006 893.3737463437966 -1609.9325881271266
2.600000000000001 0.4800000000000006 1147.6054895321336 -2108.0981134780523
2.600000000000001 0.4900000000000006 1472.8638285283807 -2760.09894341553
2.600000000000001 0.5000000000000006 1888.5078445301112 -3613.302656317681
2.700000000000001 -0.5 172231.52341042474 -40560.05012044943
2.700000000000001 -0.49 133329.75846554502 -31902.53139221702
2.700000000000001 -0.48 103213.60771939717 -25087.026761834124
2.700000000000001 -0.47 79899.16317128646 -19723.035452499662
2.700000000000001 -0.45999999999999996 61850.45475101474 -15502.502803252468
2.700000000000001 -0.44999999999999996 47878.324673776195 -12182.494887126153
2.700000000000001 -0.43999999999999995 37062.1289656876 -9571.494275204388
2.700000000000001 -0.42999999999999994 28689.11398918576 -7518.564859887372
2.700000000000001 -0.41999999999999993 22207.47851918489 -5904.788692828473
2.700000000000001 -0.4099999999999999 17190.032276064812 -4636.501158297279
2.700000000000001 -0.3999999999999999 13306.05900544451 -3639.948892445575
2.700000000000001 -0.3899999999999999 10299.53204883982 -2857.0727986877687
2.700000000000001 -0.3799999999999999 7972.248373145038 -2242.1803985120887
2.700000000000001 -0.3699999999999999 6170.770710768712 -1759.3208707247363
2.700000000000001 -0.3599999999999999 4776.318094374073 -1380.215084767406
2.700000000000001 -0.34999999999999987 3696.9391355167522 -1082.623810394573
2.700000000000001 -0.33999999999999986 2861.452660321091 -849.0617479517966
2.700000000000001 -0.32999999999999985 2214.756662786006 -665.7843936703258
2.700000000000001 -0.31999999999999984 1714.1966217530196 -521.9900851410566
2.700000000000001 -0.30999999999999983 1326.753978157216 -409.1917002431181
2.700000000000001 -0.2999999999999998 1026.869574530813 -320.7220730126442
2.700000000000001 -0.2899999999999998 794.7586726720283 -251.34477011617076
2.700000000000001 -0.2799999999999998 615.1065397460038 -196.94786055885245
2.700000000000001 -0.2699999999999998 476.05865859225077 -154.30304118050972
2.700000000000001 -0.2599999999999998 368.4390245287996 -120.87621464765773
2.700000000000001 -0.24999999999999978 285.14501593053507 -94.67856359594695
2.700000000000001 -0.23999999999999977 220.67895844073198 -74.14948946085347
2.700000000000001 -0.22999999999999976 170.78550871377607 -58.06461804144024
2.700000000000001 -0.21999999999999975 132.17095605983073 -45.463519363036085
2.700000000000001 -0.20999999999999974 102.2859383951975 -35.592928680294975
2.700000000000001 -0.19999999999999973 79.15724797195462 -27.86215310404398
2.700000000000001 -0.18999999999999972 61.25763769583691 -21.808055384593153
2.700000000000001 -0.17999999999999972 47.40504353367108 -17.067563152741972
2.700000000000001 -0.1699999999999997 36.68457754373631 -13.356090228543323
2.700000000000001 -0.1599999999999997 28.38814716744154 -10.450601570668159
2.700000000000001 -0.1499999999999997 21.96771849109056 -8.176324865606329
2.700000000000001 -0.13999999999999968 16.999140786322116 -6.396325269631551
2.700000000000001 -0.12999999999999967 13.154146041938198 -5.003327732996308
2.700000000000001 -0.11999999999999968 10.178676299078447 -3.9133033624673534
2.700000000000001 -0.10999999999999968 7.876108923207968 -3.0604400621124266
2.700000000000001 -0.09999999999999969 6.094272994851298 -2.3931992569245897
2.700000000000001 -0.08999999999999969 4.71540006922239 -1.871224592355254
2.700000000000001 -0.0799999999999997 3.648346126814784 -1.4629188487241898
2.700000000000001 -0.0699999999999997 2.8225713735821087 -1.1435448511463486
2.700000000000001 -0.0599999999999997 2.183480529030923 -0.8937372047599321
2.700000000000001 -0.0499999999999997 1.6888160103889993 -0.698336059983849
2.700000000000001 -0.039999999999999696 1.3058659003426183 -0.5454732429979042
2.700000000000001 -0.029999999999999694 1.0093023564208614 -0.425856096486599
2.700000000000001 -0.01999999999999969 0.7795077280672882 -0.3322061480137145
2.700000000000001 -0.009999999999999691 0.601277836950113 -0.258818951732618
2.700000000000001 3.0878077872387166e-16 0.4628167702392742 -0.2012186778534924
2.700000000000001 0.010000000000000309 0.3549567774177706 -0.1558866802214336
2.700000000000001 0.02000000000000031 0.2705517177831266 -0.1200476897219502
2.700000000000001 0.03000000000000031 0.2040039579982119 -0.0915007211296922
2.700000000000001 0.04000000000000031 0.1508934220761484 -0.0684844466588478
2.700000000000001 0.050000000000000315 0.1076842303577756 -0.0495688380453298
2.700000000000001 0.06000000000000032 0.0714894730481306 -0.0335664307795599
2.700000000000001 0.07000000000000031 0.0398784839870125 -0.019457709464847
2.700000000000001 0.08000000000000031 0.0107137625063319 -0.0063259177756479
2.700000000000001 0.0900000000000003 -0.0179933823524254 0.006702895415167
2.700000000000001 0.1000000000000003 -0.0482181950124317 0.0205185448008061
2.700000000000001 0.11000000000000029 -0.0820580315203435 0.0360880686563827
2.700000000000001 0.12000000000000029 -0.1218773790486082 0.0545240540032744
2.700000000000001 0.13000000000000028 -0.1704723116010062 0.0771647989908789
2.700000000000001 0.1400000000000003 -0.2312657462647514 0.1056721330991451
2.700000000000001 0.1500000000000003 -0.308547032068081 0.142154089762999
2.700000000000001 0.1600000000000003 -0.4077724993256164 0.1893215318277734
2.700000000000001 0.17000000000000032 -0.5359478339102118 0.2506904136417469
2.700000000000001 0.18000000000000033 -0.7021188078306506 0.3308448208819244
2.700000000000001 0.19000000000000034 -0.918004380872436 0.435780522094599
2.700000000000001 0.20000000000000034 -1.1988159960293412 0.5733548412474129
2.700000000000001 0.21000000000000035 -1.5643196880098715 0.7538766764069876
2.700000000000001 0.22000000000000036 -2.040214272926682 0.9908810496900674
2.700000000000001 0.23000000000000037 -2.6599205086414273 1.3021464725185434
2.700000000000001 0.24000000000000038 -3.466904159387986 1.7110316929946194
2.700000000000001 0.2500000000000004 -4.5176922401651005 2.2482324325333547
2.700000000000001 0.2600000000000004 -5.885788777389772 2.9540903215404763
2.700000000000001 0.2700000000000004 -7.666757326903688 3.88162777939382
2.700000000000001 0.2800000000000004 -9.984816267278127 5.100537164992991
2.700000000000001 0.2900000000000004 -13.001394726048996 6.702424236868655
2.700000000000001 0.30000000000000043 -16.926228582157183 8.807700169052866
2.700000000000001 0.31000000000000044 -22.03174591796525 11.574640106952481
2.700000000000001 0.32000000000000045 -28.671710623848877 15.211288745813585
2.700000000000001 0.33000000000000046 -37.30537579009886 19.991106775960024
2.700000000000001 0.34000000000000047 -48.528763287105335 26.273532129314358
2.700000000000001 0.3500000000000005 -63.115155921910784 34.530997572092
2.700000000000001 0.3600000000000005 -82.06749373984921 45.384428555201566
2.700000000000001 0.3700000000000005 -106.68614479325596 59.649878021858896
2.700000000000001 0.3800000000000005 -138.65652212478483 78.3997847645567
2.700000000000001 0.3900000000000005 -180.16230556365556 103.04342999916499
2.700000000000001 0.4000000000000005 -234.03167933372492 135.43259295640567
2.700000000000001 0.41000000000000053 -303.92611661771826 178.00027488141396
2.700000000000001 0.42000000000000054 -394.583960318941 233.9428082667752
2.700000000000001 0.43000000000000055 -512.134531012187 307.4588724925497
2.700000000000001 0.44000000000000056 -664.5029491071131 404.06313065786065
2.700000000000001 0.45000000000000057 -861.9315559517776 530.9976882407866
2.700000000000001 0.4600000000000006 -1117.6510970127242 697.7717471343041
2.700000000000001 0.4700000000000006 -1448.7441186354945 916.869202670706
2.700000000000001 0.4800000000000006 -1877.254870978527 1204.6761754123997
2.700000000000001 0.4900000000000006 -2431.6150887625167 1582.6964534163924
2.700000000000001 0.5000000000000006 -3148.4742023323597 2079.143674107741
2.800000000000001 -0.5 -116301.45683765024 124953.7365061457
2.800000000000001 -0.49 -89760.29533512065 97137.40817907151
2.800000000000001 -0.48 -69274.36024693745 75511.67562785768
2.800000000000001 -0.47 -53462.56630998758 58699.192307723046
2.800000000000001 -0.45999999999999996 -41258.74369492183 45628.968748790154
2.800000000000001 -0.44999999999999996 -31839.849614092967 35468.251399268345
2.800000000000001 -0.43999999999999995 -24570.54073133229 27569.54407801657
2.800000000000001 -0.42999999999999994 -18960.37861270158 21429.40708428207
2.800000000000001 -0.41999999999999993 -14630.789613005143 16656.41651214506
2.800000000000001 -0.4099999999999999 -11289.556362958832 12946.247823527428
2.800000000000001 -0.3999999999999999 -8711.124436985785 10062.300094007063
2.800000000000001 -0.3899999999999999 -6721.398850657142 7820.629232056548
2.800000000000001 -0.3799999999999999 -5186.007025919655 6078.232192810415
2.800000000000001 -0.3699999999999999 -4001.238057875144 4723.937119420016
2.800000000000001 -0.3599999999999999 -3087.048186657936 3671.3199526647036
2.800000000000001 -0.34999999999999987 -2381.661421845749 2853.1968591725467
2.800000000000001 -0.33999999999999986 -1837.4016298278445 2217.3420140467324
2.800000000000001 -0.32999999999999985 -1417.4752932482213 1723.1581936841499
2.800000000000001 -0.31999999999999984 -1093.4881592959307 1339.0882357941741
2.800000000000001 -0.30999999999999983 -843.5284141024605 1040.602554150307
2.800000000000001 -0.2999999999999998 -650.6871773546609 808.6345487863789
2.800000000000001 -0.2899999999999998 -501.9165709881633 628.3642565966121
2.800000000000001 -0.2799999999999998 -387.148360295406 488.2727537626441
2.800000000000001 -0.2699999999999998 -298.6137253370791 379.4070588384156
2.800000000000001 -0.2599999999999998 -230.31827684554807 294.80868938964704
2.800000000000001 -0.24999999999999978 -177.63689629570896 229.0694480245987
2.800000000000001 -0.23999999999999977 -137.00105900995763 177.98611828216988
2.800000000000001 -0.22999999999999976 -105.65753603060467 138.29205265374586
2.800000000000001 -0.21999999999999975 -81.48218503692779 107.44853491271897
2.800000000000001 -0.20999999999999974 -62.83625708180896 83.48260869059189
2.800000000000001 -0.19999999999999973 -48.45551473665337 64.86102633373218
2.800000000000001 -0.18999999999999972 -37.36467165752796 50.39227505166554
2.800000000000001 -0.17999999999999972 -28.811372848212027 39.15042784998169
2.800000000000001 -0.1699999999999997 -22.215254204776368 30.415958744570773
2.800000000000001 -0.1599999999999997 -17.12863822134503 23.629743937071265
2.800000000000001 -0.1499999999999997 -13.20620867806666 18.357311932283984
2.800000000000001 -0.13999999999999968 -10.181613722835422 14.261059600003012
2.800000000000001 -0.12999999999999967 -7.849414914044784 11.078659604444034
2.800000000000001 -0.11999999999999968 -6.05116109627949 8.606279849896737
2.800000000000001 -0.10999999999999968 -4.664644814260267 6.685542816440331
2.800000000000001 -0.09999999999999969 -3.595614151481732 5.193391473572929
2.800000000000001 -0.08999999999999969 -2.7713789339657966 4.034214091711782
2.800000000000001 -0.0799999999999997 -2.135878378187798 3.13372456196528
2.800000000000001 -0.0699999999999997 -1.6458761385725225 2.4342069880990542
2.800000000000001 -0.0599999999999997 -1.2680250025968498 1.8908204871226644
2.800000000000001 -0.0499999999999997 -0.9766023445464284 1.4687278893196924
2.800000000000001 -0.039999999999999696 -0.751762859833878 1.1408646893302126
2.800000000000001 -0.029999999999999694 -0.5781901295151235 0.8862055287115664
2.800000000000001 -0.01999999999999969 -0.4440555770518424 0.6884173004176026
2.800000000000001 -0.009999999999999691 -0.3402142027727446 0.5348126881273532
2.800000000000001 3.0878077872387166e-16 -0.2595825240011703 0.4155371672251992
2.800000000000001 0.010000000000000309 -0.196656495438481 0.3229374267795323
2.800000000000001 0.02000000000000031 -0.1471366702449304 0.251070777002304
2.800000000000001 0.03000000000000031 -0.1076351289912389 0.1953241258154507
2.800000000000001 0.04000000000000031 -0.0754442427776728 0.1521181175418943
2.800000000000001 0.050000000000000315 -0.0483515228886353 0.1186774741645076
2.800000000000001 0.06000000000000032 -0.0244879252721846 0.0928528129937933
2.800000000000001 0.07000000000000031 -0.0021992342299321 0.0729825041985702
2.800000000000001 0.08000000000000031 0.0200683020840397 0.0577856872715701
2.800000000000001 0.0900000000000003 0.0438759676542269 0.0462795497922287
2.800000000000001 0.1000000000000003 0.070901686820471 0.0377155106837267
2.800000000000001 0.11000000000000029 0.1030578389084786 0.0315301405626178
2.800000000000001 0.12000000000000029 0.1426260128147804 0.0273075679865973
2.800000000000001 0.13000000000000028 0.1924181464052372 0.0247508184530225
2.800000000000001 0.1400000000000003 0.2559753643649157 0.0236600540607989
2.800000000000001 0.1500000000000003 0.3378184852297506 0.0239160544604799
2.800000000000001 0.1600000000000003 0.4437677989807958 0.0254675215989055
2.800000000000001 0.17000000000000032 0.58135457315227 0.0283209087822723
2.800000000000001 0.18000000000000033 0.7603531646779335 0.0325314648496798
2.800000000000001 0.19000000000000034 0.993471040891814 0.0381940308041951
2.800000000000001 0.20000000000000034 1.29724502816472 0.04543179870467
2.800000000000001 0.21000000000000035 1.69320646986843 0.0543806924825277
2.800000000000001 0.22000000000000036 2.209396674845723 0.065166185579821
2.800000000000001 0.23000000000000037 2.882338357207016 0.077868127632888
2.800000000000001 0.24000000000000038 3.759600374388896 0.0924673666352632
2.800000000000001 0.2500000000000004 4.903134123982789 0.1087654222373326
2.800000000000001 0.2600000000000004 6.393613261653054 0.1262649114202932
2.800000000000001 0.2700000000000004 8.336077580654225 0.1439934670258642
2.800000000000001 0.2800000000000004 10.86727164578182 0.1602469986641123
2.800000000000001 0.2900000000000004 14.165185181202933 0.1722186093960676
2.800000000000001 0.30000000000000043 18.461453138400444 0.1754663266542536
2.800000000000001 0.31000000000000044 24.05746898950699 0.1631547089001153
2.800000000000001 0.32000000000000045 31.345318251270715 0.1249805556412972
2.800000000000001 0.33000000000000046 40.83496753474665 0.0456589468169164
2.800000000000001 0.34000000000000047 53.18956947705503 -0.0972006181194058
2.800000000000001 0.3500000000000005 69.2712940684441 -0.3360615573299458
2.800000000000001 0.3600000000000005 90.20080868821275 -0.7175908125539603
2.800000000000001 0.3700000000000005 117.43444974159452 -1.3083896521795395
2.800000000000001 0.3800000000000005 152.86431890694527 -2.2029204718607076
2.800000000000001 0.3900000000000005 198.94807494139735 -3.5344405198842948
2.800000000000001 0.4000000000000005 258.8771785628566 -5.490044314309494
2.800000000000001 0.41000000000000053 336.79491286973774 -8.331309115263638
2.800000000000001 0.42000000000000054 438.0788119749213 -12.422566978344587
2.800000000000001 0.43000000000000055 569.7064005752904 -18.269539107762117
2.800000000000001 0.44000000000000056 740.7286527395678 -26.572025386393577
2.800000000000001 0.45000000000000057 962.8826732794523 -38.29562653241735
2.800000000000001 0.4600000000000006 1251.384243981504 -54.76919792477358
2.800000000000001 0.4700000000000006 1625.952642386717 -77.8170382655387
2.800000000000001 0.4800000000000006 2112.1352795353678 -109.9378958216958
2.800000000000001 0.4900000000000006 2743.019171769855 -154.54698544171785
2.800000000000001 0.5000000000000006 3561.4412848520205 -216.30268856026385
2.9000000000000012 -0.5 26151.871689902004 -162552.66429305865
2.9000000000000012 -0.49 19805.746510197 -126018.30833210394
2.9000000000000012 -0.48 14991.516794390627 -97694.07189118036
2.9000000000000012 -0.47 11341.084321095299 -75735.20462971718
2.9000000000000012 -0.45999999999999996 8574.44695624266 -58711.39955239269
2.9000000000000012 -0.44999999999999996 6478.689449057965 -45513.69691374639
2.9000000000000012 -0.43999999999999995 4891.968719178193 -35282.29723897599
2.9000000000000012 -0.42999999999999994 3691.3096562867627 -27350.58801424682
2.9000000000000012 -0.41999999999999993 2783.3074088957605 -21201.742875746233
2.9000000000000012 -0.4099999999999999 2097.046050743364 -16435.069719457082
2.9000000000000012 -0.3999999999999999 1578.7069290241022 -12739.918190729984
2.9000000000000012 -0.3899999999999999 1187.4648127812213 -9875.44869720562
2.9000000000000012 -0.3799999999999999 892.3652703343126 -7654.946376497283
2.9000000000000012 -0.3699999999999999 669.9494698065299 -5933.659124663048
2.9000000000000012 -0.3599999999999999 502.4481371182092 -4599.368073166545
2.9000000000000012 -0.34999999999999987 376.4087888943782 -3565.076697161869
2.9000000000000012 -0.33999999999999986 281.652692683812 -2763.342606170148
2.9000000000000012 -0.32999999999999985 210.48266986655952 -2141.882974676753
2.9000000000000012 -0.31999999999999984 157.0816630927541 -1660.1674669882123
2.9000000000000012 -0.30999999999999983 117.05632701409466 -1286.7767893290913
2.9000000000000012 -0.2999999999999998 87.09082766484129 -997.3548435516287
2.9000000000000012 -0.2899999999999998 64.68436102645595 -773.0211031699627
2.9000000000000012 -0.2799999999999998 47.9522425513649 -599.1397979190442
2.9000000000000012 -0.2699999999999998 35.475248068346446 -464.365727320781
2.9000000000000012 -0.2599999999999998 26.185562199810278 -359.90453862999817
2.9000000000000012 -0.24999999999999978 19.280487571377503 -278.93927237455074
2.9000000000000012 -0.23999999999999977 14.157195967726269 -216.18580852716894
2.9000000000000012 -0.22999999999999976 10.363420759585129 -167.54824304687097
2.9000000000000012 -0.21999999999999975 7.560220043948194 -129.8517346713135
2.9000000000000012 -0.20999999999999974 5.493874710798382 -100.63540924049765
2.9000000000000012 -0.19999999999999973 3.974695709907429 -77.9918220979711
2.9000000000000012 -0.18999999999999972 2.8610539401649557 -60.44251305096534
2.9000000000000012 -0.17999999999999972 2.0473553858038263 -46.84154053693364
2.9000000000000012 -0.1699999999999997 1.4549945629095271 -36.30070522368691
2.9000000000000012 -0.1599999999999997 1.0255547438477182 -28.13158703342728
2.9000000000000012 -0.1499999999999997 0.7157018469749473 -21.800615612956395
2.9000000000000012 -0.13999999999999968 0.4933540406761791 -16.89424397181211
2.9000000000000012 -0.12999999999999967 0.3348114482098748 -13.091953732149108
2.9000000000000012 -0.11999999999999968 0.2226077813532176 -10.145331097258081
2.9000000000000012 -0.10999999999999968 0.1439042988413692 -7.861848524272937
2.9000000000000012 -0.09999999999999969 0.0892907521958547 -6.0922939781928305
2.9000000000000012 -0.08999999999999969 0.0518914169362653 -4.721027549667576
2.9000000000000012 -0.0799999999999997 0.0266995435380939 -3.6584296436959542
2.9000000000000012 -0.0699999999999997 0.0100825956319789 -2.835047912114464
2.9000000000000012 -0.0599999999999997 -0.0005850148352121 -2.1970609290762453
2.9000000000000012 -0.0499999999999997 -0.0071941891454386 -1.7027625210350383
2.9000000000000012 -0.039999999999999696 -0.0111027759558944 -1.3198372625685164
2.9000000000000012 -0.029999999999999694 -0.013284859695122 -1.0232492794483965
2.9000000000000012 -0.01999999999999969 -0.0144414191367505 -0.7936065276608059
2.9000000000000012 -0.009999999999999691 -0.0150826616738815 -0.6158937521367844
2.9000000000000012 3.0878077872387166e-16 -0.0155898029158082 -0.47849139607589
2.9000000000000012 0.010000000000000309 -0.0162621893248218 -0.3724164009251476
2.9000000000000012 0.02000000000000031 -0.0173542968174672 -0.290735326328026
2.9000000000000012 0.03000000000000031 -0.0191061647684389 -0.2281114741539422
2.9000000000000012 0.04000000000000031 -0.0217701586730412 -0.1804564556089566
2.9000000000000012 0.050000000000000315 -0.0256365368026276 -0.1446634669727358
2.9000000000000012 0.06000000000000032 -0.0310600875742912 -0.1184048835377421
2.9000000000000012 0.07000000000000031 -0.0384900828824087 -0.0999809920563599
2.9000000000000012 0.08000000000000031 -0.0485059509053637 -0.0882100348093637
2.9000000000000012 0.0900000000000003 -0.0618614163977172 -0.0823524528323276
2.9000000000000012 0.1000000000000003 -0.0795404077497568 -0.0820644699244064
2.9000000000000012 0.11000000000000029 -0.1028288239458585 -0.0873781010249192
2.9000000000000012 0.12000000000000029 -0.1334073443464452 -0.0987064264664849
2.9000000000000012 0.13000000000000028 -0.173471924450332 -0.116874663870984
2.9000000000000012 0.1400000000000003 -0.2258905521347578 -0.1431793043601528
2.9000000000000012 0.1500000000000003 -0.294407375042499 -0.1794794749564106
2.9000000000000012 0.1600000000000003 -0.3839086267261246 -0.2283268711593047
2.9000000000000012 0.17000000000000032 -0.5007691070981624 -0.293143218610119
2.9000000000000012 0.18000000000000033 -0.6533036119871216 -0.3784574453151355
2.9000000000000012 0.19000000000000034 -0.8523550481600767 -0.4902187912893912
2.9000000000000012 0.20000000000000034 -1.112060522499743 -0.6362072203972365
2.9000000000000012 0.21000000000000035 -1.4508491177937046 -0.8265690714115239
2.9000000000000012 0.22000000000000036 -1.8927412208073484 -1.07451432806565
2.9000000000000012 0.23000000000000037 -2.4690402647323575 -1.3972227600285023
2.9000000000000012 0.24000000000000038 -3.220535032983366 -1.817020206056054
2.9000000000000012 0.2500000000000004 -4.200366119419475 -2.3629043600254533
2.9000000000000012 0.2600000000000004 -5.477756182582917 -3.0725227676028473
2.9000000000000012 0.2700000000000004 -7.142863420208181 -3.9947358740135113
2.9000000000000012 0.2800000000000004 -9.313095309721342 -5.192936847968843
2.9000000000000012 0.2900000000000004 -12.141320402602817 -6.749350072644978
2.9000000000000012 0.30000000000000043 -15.826546679406468 -8.770594894566274
2.9000000000000012 0.31000000000000044 -20.627804541819557 -11.394884636967182
2.9000000000000012 0.32000000000000045 -26.882192424415067 -14.80133838913603
2.9000000000000012 0.33000000000000046 -35.028328112310454 -19.222021579132807
2.9000000000000012 0.34000000000000047 -45.636818373325056 -24.95750968489841
2.9000000000000012 0.3500000000000005 -59.44983830543793 -32.39699900851225
2.9000000000000012 0.3600000000000005 -77.43253198196594 -42.04428381383954
2.9000000000000012 0.3700000000000005 -100.83974904389079 -54.55129900500549
2.9000000000000012 0.3800000000000005 -131.3026714312361 -70.76141585790648
2.9000000000000012 0.3900000000000005 -170.94122964368648 -91.76530578893298
2.9000000000000012 0.4000000000000005 -222.50994804378993 -118.97299302663558
2.9000000000000012 0.41000000000000053 -289.58710890789155 -154.20675158598362
2.9000000000000012 0.42000000000000054 -376.8200336413545 -199.82082938140218
2.9000000000000012 0.43000000000000055 -490.2430381201545 -258.85568476767895
2.9000000000000012 0.44000000000000056 -637.6894739326648 -335.23660316526457
2.9000000000000012 0.45000000000000057 -829.3255356704042 -434.02935763682285
2.9000000000000012 0.4600000000000006 -1078.3416046905043 -561.7691582494731
2.9000000000000012 0.4700000000000006 -1401.8473371944694 -726.8837187773921
2.9000000000000012 0.4800000000000006 -1822.030164341309 -940.2371336874228
2.9000000000000012 0.4900000000000006 -2367.6542222516787 -1215.8287575356492
2.9000000000000012 0.5000000000000006 -3075.9990847534605 -1571.690863903955
3.0000000000000013 -0.5 66269.20634188667 144273.0879544906
3.0000000000000013 -0.49 51752.71176995763 111595.53820841077
3.0000000000000013 -0.48 40413.09065169135 86318.1706354028
3.0000000000000013 -0.47 31555.798917968317 66765.40575015282
3.0000000000000013 -0.45999999999999996 24637.97388966317 51640.994945020146
3.0000000000000013 -0.44999999999999996 19235.346682081625 39942.15816381954
3.0000000000000013 -0.43999999999999995 15016.363407553947 30893.153645686816
3.0000000000000013 -0.42999999999999994 11721.946672187922 23893.882621884917
3.0000000000000013 -0.41999999999999993 9149.669654811318 18480.126681150086
3.0000000000000013 -0.4099999999999999 7141.381917246863 14292.785308799617
3.0000000000000013 -0.3999999999999999 5573.535037420997 11054.076751185159
3.0000000000000013 -0.3899999999999999 4349.619730235995 8549.126249088005
3.0000000000000013 -0.3799999999999999 3394.254161310776 6611.7223024018185
3.0000000000000013 -0.3699999999999999 2648.563372497844 5113.297561462543
3.0000000000000013 -0.3599999999999999 2066.5681637175226 3954.4044400346293
3.0000000000000013 -0.34999999999999987 1612.3631432196955 3058.1207355482366
3.0000000000000013 -0.33999999999999986 1257.9116726955642 2364.948352955428
3.0000000000000013 -0.32999999999999985 981.3229962252238 1828.8671166708218
3.0000000000000013 -0.31999999999999984 765.5062248126421 1414.2821644692249
3.0000000000000013 -0.30999999999999983 597.118830083095 1093.662611517189
3.0000000000000013 -0.2999999999999998 465.74527417561285 845.7149699416087
3.0000000000000013 -0.2899999999999998 363.25545797614575 653.9702411024692
3.0000000000000013 -0.2799999999999998 283.30365975986325 505.69100972149585
3.0000000000000013 -0.2699999999999998 220.93722866283485 391.0260761734494
3.0000000000000013 -0.2599999999999998 172.2910146111009 302.35656985027856
3.0000000000000013 -0.24999999999999978 134.34876711627714 233.79017905491554
3.0000000000000013 -0.23999999999999977 104.75683947112017 180.76995202181342
3.0000000000000013 -0.22999999999999976 81.67874245229414 139.77171978229472
3.0000000000000013 -0.21999999999999975 63.68159829879937 108.07006790331027
3.0000000000000013 -0.20999999999999974 49.64750447121119 83.5573299396394
3.0000000000000013 -0.19999999999999973 38.704347150633446 64.60359195457133
3.0000000000000013 -0.18999999999999972 30.17180015155786 49.94841770469471
3.0000000000000013 -0.17999999999999972 23.5191790362392 38.61710833004529
3.0000000000000013 -0.1699999999999997 18.332549905685315 29.855938109969678
3.0000000000000013 -0.1599999999999997 14.289062296011213 23.0820669344676
3.0000000000000013 -0.1499999999999997 11.136920761066097 17.844804070825713
3.0000000000000013 -0.13999999999999968 8.679757374213466 13.795651148567066
3.0000000000000013 -0.12999999999999967 6.764438868610012 10.665134995517397
3.0000000000000013 -0.11999999999999968 5.271554127693439 8.244891676675081
3.0000000000000013 -0.10999999999999968 4.107993261760337 6.373811708720316
3.0000000000000013 -0.09999999999999969 3.201158739266162 4.927326070494631
3.0000000000000013 -0.08999999999999969 2.49444993317535 3.809121191369932
3.0000000000000013 -0.0799999999999997 1.943741203678678 2.944732412144337
3.0000000000000013 -0.0699999999999997 1.514635119875743 2.276590180422449
3.0000000000000013 -0.0599999999999997 1.1803204134128478 1.7601897438884455
3.0000000000000013 -0.0499999999999997 0.9199017156852136 1.3611297450414475
3.0000000000000013 -0.039999999999999696 0.7170973680885787 1.0528228540809677
3.0000000000000013 -0.029999999999999694 0.5592244167728194 0.8147262352137967
3.0000000000000013 -0.01999999999999969 0.4364077189822842 0.6309741906630636
3.0000000000000013 -0.009999999999999691 0.340963998381074 0.489322060152495
3.0000000000000013 3.0878077872387166e-16 0.2669225519217502 0.3803311470041398
3.0000000000000013 0.010000000000000309 0.2096528031290494 0.2967404696909698
3.0000000000000013 0.02000000000000031 0.1655755420092226 0.2329835645448652
3.0000000000000013 0.03000000000000031 0.1319399020225305 0.184818217114703
3.0000000000000013 0.04000000000000031 0.1066522229547948 0.1490445180176164
3.0000000000000013 0.050000000000000315 0.0881461897779774 0.1232925240672258
3.0000000000000013 0.06000000000000032 0.0752862235519171 0.1058654486881715
3.0000000000000013 0.07000000000000031 0.0672981926360826 0.0956280165217468
3.0000000000000013 0.08000000000000031 0.0637232422502122 0.0919326433674361
3.0000000000000013 0.0900000000000003 0.0643920170076089 0.0945786466438366
3.0000000000000013 0.1000000000000003 0.0694178685520419 0.1038019241632126
3.0000000000000013 0.11000000000000029 0.0792088837871401 0.1202946107048112
3.0000000000000013 0.12000000000000029 0.0944998196020983 0.1452562730121335
3.0000000000000013 0.13000000000000028 0.1164063702311706 0.1804803741163665
3.0000000000000013 0.1400000000000003 0.1465057132001508 0.2284821757711468
3.0000000000000013 0.1500000000000003 0.1869490819390792 0.2926771205986286
3.0000000000000013 0.1600000000000003 0.2406143201488917 0.3776222408629301
3.0000000000000013 0.17000000000000032 0.3113091355614666 0.4893375198690708
3.0000000000000013 0.18000000000000033 0.4040392777303646 0.6357296862139045
3.0000000000000013 0.19000000000000034 0.5253603558332854 0.8271480324968901
3.0000000000000013 0.20000000000000034 0.6838377952150977 1.0771110072076893
3.0000000000000013 0.21000000000000035 0.8906469004664371 1.4032541596366754
3.0000000000000013 0.22000000000000036 1.1603546575240606 1.8285653333575584
3.0000000000000013 0.23000000000000037 1.5119374254717 2.3829928516885706
3.0000000000000013 0.24000000000000038 1.9701048908856416 3.10553817384753
3.0000000000000013 0.2500000000000004 2.5670216835806405 4.04697787746574
3.0000000000000013 0.2600000000000004 3.344545304950163 5.273403112678538
3.0000000000000013 0.2700000000000004 4.357134338354559 6.870820815027177
3.0000000000000013 0.2800000000000004 5.675626673716314 8.951133764301124
3.0000000000000013 0.2900000000000004 7.3921467601069315 11.659910958991233
3.0000000000000013 0.30000000000000043 9.626477673564748 15.186482113178455
3.0000000000000013 0.31000000000000044 12.534333184581387 19.777048616615804
3.0000000000000013 0.32000000000000045 16.318093657555686 25.751708687897633
3.0000000000000013 0.33000000000000046 21.240736066617014 33.52656047357969
3.0000000000000013 0.34000000000000047 27.64390370521734 43.64239131010082
3.0000000000000013 0.3500000000000005 35.9713395346135 56.801907276169075
3.0000000000000013 0.3600000000000005 46.79926690871765 73.91803423402628
3.0000000000000013 0.3700000000000005 60.875766275290815 96.17656815061798
3.0000000000000013 0.3800000000000005 79.17179684183328 125.11741811819218
3.0000000000000013 0.3900000000000005 102.9472873172144 162.73993403986336
3.0000000000000013 0.4000000000000005 133.83672015103764 211.63942480456996
3.0000000000000013 0.41000000000000053 173.9599240841556 275.184058178732
3.0000000000000013 0.42000000000000054 226.0654537142187 357.7440275043239
3.0000000000000013 0.43000000000000055 293.71607935480137 464.98834901340797
3.0000000000000013 0.44000000000000056 381.5286733679018 604.2691443276033
3.0000000000000013 0.45000000000000057 495.4843370464054 785.1190579792878
3.0000000000000013 0.4600000000000006 643.3291916444967 1019.8949359526703
3.0000000000000013 0.4700000000000006 835.0921488620371 1324.6105324771697
3.0000000000000013 0.4800000000000006 1083.7535522973017 1720.0134412163407
3.0000000000000013 0.4900000000000006 1406.1083188883397 2232.9774638685753
3.0000000000000013 0.5000000000000006 1823.8797184013283 2898.3022622809945
3.1000000000000014 -0.5 -130492.24016636026 -80013.03822537558
3.1000000000000014 -0.49 -101332.84901052204 -61624.26080079087
3.1000000000000014 -0.48 -78687.97310061511 -47459.39581149375
3.1000000000000014 -0.47 -61102.50988912202 -36548.70055746059
3.1000000000000014 -0.45999999999999996 -47446.3025072526 -28144.961350830195
3.1000000000000014 -0.44999999999999996 -36841.59078853478 -21672.453170394234
3.1000000000000014 -0.43999999999999995 -28606.65623961731 -16687.600914473045
3.1000000000000014 -0.42999999999999994 -22212.047088947595 -12848.660685250274
3.1000000000000014 -0.41999999999999993 -17246.57582722149 -9892.353795513493
3.1000000000000014 -0.4099999999999999 -13390.90809326125 -7615.859797260057
3.1000000000000014 -0.3999999999999999 -10397.048459070953 -5862.939983330904
3.1000000000000014 -0.3899999999999999 -8072.406792388614 -4513.244335086094
3.1000000000000014 -0.3799999999999999 -6267.422639401144 -3474.0719271027374
3.1000000000000014 -0.3699999999999999 -4865.953290826523 -2674.0221183303597
3.1000000000000014 -0.3599999999999999 -3777.8084915000027 -2058.102843364265
3.1000000000000014 -0.34999999999999987 -2932.952487005878 -1583.9617465725055
3.1000000000000014 -0.33999999999999986 -2277.00109710845 -1218.982545188408
3.1000000000000014 -0.32999999999999985 -1767.7246225925549 -938.0480846329294
3.1000000000000014 -0.31999999999999984 -1372.3319577304771 -721.8170846572483
3.1000000000000014 -0.30999999999999983 -1065.3614345050132 -555.3966711612823
3.1000000000000014 -0.2999999999999998 -827.0428830219981 -427.31983788409235
3.1000000000000014 -0.2899999999999998 -642.025653802186 -328.75782879451526
3.1000000000000014 -0.2799999999999998 -498.3908529324431 -252.91349765061776
3.1000000000000014 -0.2699999999999998 -386.88429832236113 -194.55408183270654
3.1000000000000014 -0.2599999999999998 -300.320886034073 -149.65136804949768
3.1000000000000014 -0.24999999999999978 -233.12206983311594 -115.10457909958642
3.1000000000000014 -0.23999999999999977 -180.95671168038268 -88.52697552333967
3.1000000000000014 -0.22999999999999976 -140.4622049905142 -68.08153061547549
3.1000000000000014 -0.21999999999999975 -109.02793268251743 -52.354400092023695
3.1000000000000014 -0.20999999999999974 -84.62712968976591 -40.25749855438646
3.1000000000000014 -0.19999999999999973 -65.68633205382477 -30.95349089742801
3.1000000000000014 -0.18999999999999972 -50.984011912483936 -23.798044474422987
3.1000000000000014 -0.17999999999999972 -39.57187488579762 -18.29537235455217
3.1000000000000014 -0.1699999999999997 -30.713754172577502 -14.064010451612278
3.1000000000000014 -0.1599999999999997 -23.83816776773214 -10.810474129703952
3.1000000000000014 -0.1499999999999997 -18.501484355710538 -8.308981233473741
3.1000000000000014 -0.13999999999999968 -14.359326133844618 -6.385845431866681
3.1000000000000014 -0.12999999999999967 -11.144366958996923 -4.9074648776250545
3.1000000000000014 -0.11999999999999968 -8.649095876116446 -3.771078483486228
3.1000000000000014 -0.10999999999999968 -6.712435749016917 -2.8976525593033875
3.1000000000000014 -0.09999999999999969 -5.209354929843764 -2.2264072071041685
3.1000000000000014 -0.08999999999999969 -4.042802639383642 -1.7106047978046228
3.1000000000000014 -0.0799999999999997 -3.1374483840405776 -1.3143098068417824
3.1000000000000014 -0.0699999999999997 -2.434821935223715 -1.0098962381901269
3.1000000000000014 -0.0599999999999997 -1.8895406199733713 -0.7761304171388668
3.1000000000000014 -0.0499999999999997 -1.4663807241887785 -0.5966966250658684
3.1000000000000014 -0.039999999999999696 -1.1380042004828441 -0.4590636134801532
3.1000000000000014 -0.029999999999999694 -0.8831941027209844 -0.35361357229288
3.1000000000000014 -0.01999999999999969 -0.6854849573943136 -0.2729732583595076
3.1000000000000014 -0.009999999999999691 -0.532099739290447 -0.211500963075033
3.1000000000000014 3.0878077872387166e-16 -0.4131248847837795 -0.1648937745773822
3.1000000000000014 0.010000000000000309 -0.3208701234608974 -0.1298879135431057
3.1000000000000014 0.02000000000000031 -0.2493718262645652 -0.104031365470912
3.1000000000000014 0.03000000000000031 -0.1940078235747462 -0.0855130412595453
3.1000000000000014 0.04000000000000031 -0.1511988359044952 -0.0730366175193665
3.1000000000000014 0.050000000000000315 -0.1181772463569504 -0.0657303091539668
3.1000000000000014 0.06000000000000032 -0.0928082875938886 -0.0630863236857758
3.1000000000000014 0.07000000000000031 -0.073452096630419 -0.064925812367071
3.1000000000000014 0.08000000000000031 -0.0588577260245768 -0.0713869104129992
3.1000000000000014 0.0900000000000003 -0.0480822596085707 -0.0829350710058866
3.1000000000000014 0.1000000000000003 -0.040429797242871 -0.1003964570286351
3.1000000000000014 0.11000000000000029 -0.0354063498936775 -0.1250167691972346
3.1000000000000014 0.12000000000000029 -0.0326877052855306 -0.1585496716965879
3.1000000000000014 0.13000000000000028 -0.0320981502239894 -0.2033810505615224
3.1000000000000014 0.1400000000000003 -0.0335986203584619 -0.2626978500795234
3.1000000000000014 0.1500000000000003 -0.0372834340018892 -0.3407133527555886
3.1000000000000014 0.1600000000000003 -0.0433852889193236 -0.4429647153264625
3.1000000000000014 0.17000000000000032 -0.0522886899877559 -0.5767036203679058
3.1000000000000014 0.18000000000000033 -0.0645524581356635 -0.7514073993264816
3.1000000000000014 0.19000000000000034 -0.0809424716646914 -0.979446377005331
3.1000000000000014 0.20000000000000034 -0.1024763334288619 -1.276954058483826
3.1000000000000014 0.21000000000000035 -0.1304822643920748 -1.6649608755558705
3.1000000000000014 0.22000000000000036 -0.1666752186434241 -2.170870499850257
3.1000000000000014 0.23000000000000037 -0.2132540196883672 -2.8303814687436955
3.1000000000000014 0.24000000000000038 -0.2730242546217624 -3.6899876838724177
3.1000000000000014 0.2500000000000004 -0.3495527514250292 -4.810231337105919
3.1000000000000014 0.2600000000000004 -0.4473607203631939 -6.269933724464176
3.1000000000000014 0.2700000000000004 -0.5721640701130796 -8.171696759864933
3.1000000000000014 0.2800000000000004 -0.7311710050008293 -10.649055375986764
3.1000000000000014 0.2900000000000004 -0.9334487397703478 -13.875774326272387
3.1000000000000014 0.30000000000000043 -1.1903729630264188 -18.077929852140333
3.1000000000000014 0.31000000000000044 -1.5161754122603153 -23.549607179845207
3.1000000000000014 0.32000000000000045 -1.9286063771889888 -30.673291702980492
3.1000000000000014 0.33000000000000046 -2.4497297801442355 -39.94635159416749
3.1000000000000014 0.34000000000000047 -3.1068681600249763 -52.01542393735768
3.1000000000000014 0.3500000000000005 -3.9337126058468055 -67.72105301792561
3.1000000000000014 0.3600000000000005 -4.971607253683692 -88.15562398089375
3.1000000000000014 0.3700000000000005 -6.2710076310474525 -114.73853393652728
3.1000000000000014 0.3800000000000005 -7.893094379861703 -149.3137054799333
3.1000000000000014 0.3900000000000005 -9.911495094082378 -194.276051560483
3.1000000000000014 0.4000000000000005 -12.414022024791825 -252.7354450856962
3.1000000000000014 0.41000000000000053 -15.504264967274768 -328.7292597278601
3.1000000000000014 0.42000000000000054 -19.302776549052762 -427.4977952834255
3.1000000000000014 0.43000000000000055 -23.947437133723557 -555.8410943884529
3.1000000000000014 0.44000000000000056 -29.59236882999811 -722.5810714013642
3.1000000000000014 0.45000000000000057 -36.40445521360884 -939.1598614822517
3.1000000000000014 0.4600000000000006 -44.55607748215101 -1220.4143120339631
3.1000000000000014 0.4700000000000006 -54.212046836439335 -1585.5781631759949
3.1000000000000014 0.4800000000000006 -65.50782559755845 -2059.57844875423
3.1000000000000014 0.4900000000000006 -78.51488846072112 -2674.7119580358126
3.1000000000000014 0.5000000000000006 -93.18734751394037 -3472.812467971324
3.2000000000000015 -0.5 147436.8760010294 -5927.985870695782
3.2000000000000015 -0.49 114218.42088181434 -5012.880726714715
3.2000000000000015 -0.48 88483.21299075542 -4209.217750134604
3.2000000000000015 -0.47 68545.71648228746 -3513.230740542627
3.2000000000000015 -0.45999999999999996 53099.99267126619 -2917.1942219238786
3.2000000000000015 -0.44999999999999996 41134.223923728554 -2411.3985034036673
3.2000000000000015 -0.43999999999999995 31864.481889745533 -1985.4357991313282
3.2000000000000015 -0.42999999999999994 24683.407987445342 -1629.0075760786212
3.2000000000000015 -0.41999999999999993 19120.449099286536 -1332.4035709981829
3.2000000000000015 -0.4099999999999999 14811.047065165025 -1086.7594341590654
3.2000000000000015 -0.3999999999999999 11472.76612520891 -884.1684304927595
3.2000000000000015 -0.3899999999999999 8886.796243747873 -717.6998781482068
3.2000000000000015 -0.3799999999999999 6883.621891694261 -581.3606759481092
3.2000000000000015 -0.3699999999999999 5331.918361003553 -470.0246260417492
3.2000000000000015 -0.3599999999999999 4129.948844658911 -379.34601478233475
3.2000000000000015 -0.34999999999999987 3198.8991429623497 -305.668131720326
3.2000000000000015 -0.33999999999999986 2477.713649927068 -245.93339359140475
3.2000000000000015 -0.32999999999999985 1919.094522787491 -197.59899322954797
3.2000000000000015 -0.31999999999999984 1486.4020679906635 -158.56014568950562
3.2000000000000015 -0.30999999999999983 1151.2533673586736 -127.08178974653899
3.2000000000000015 -0.2999999999999998 891.6618767886066 -101.73883068976514
3.2000000000000015 -0.2899999999999998 690.5961467926445 -81.36454246102996
3.2000000000000015 -0.2799999999999998 534.8632563226727 -65.00648577548176
3.2000000000000015 -0.2699999999999998 414.243814085684 -51.889174612137374
3.2000000000000015 -0.2599999999999998 320.8218561963817 -41.38268785041678
3.2000000000000015 -0.24999999999999978 248.4657336064817 -32.976442222417504
3.2000000000000015 -0.23999999999999977 192.4259726654668 -26.257394173706118
3.2000000000000015 -0.22999999999999976 149.0237547083378 -20.892006261372405
3.2000000000000015 -0.21999999999999975 115.40959730529396 -16.61138827313826
3.2000000000000015 -0.20999999999999974 89.37641938018797 -13.199097933555542
3.2000000000000015 -0.19999999999999973 69.21473594698928 -10.481157032529726
3.2000000000000015 -0.18999999999999972 53.600489051657945 -8.317903949352838
3.2000000000000015 -0.17999999999999972 41.50816042746007 -6.597361877637381
3.2000000000000015 -0.1699999999999997 32.14346845034313 -5.22985334319788
3.2000000000000015 -0.1599999999999997 24.89123574819696 -4.143636061816287
3.2000000000000015 -0.1499999999999997 19.275008362020493 -3.2813732819350188
3.2000000000000015 -0.13999999999999968 14.925777828404897 -2.597284106190131
3.2000000000000015 -0.12999999999999967 11.55775442820155 -2.0548465419168624
3.2000000000000015 -0.11999999999999968 8.94960223298572 -1.6249488466088653
3.2000000000000015 -0.10999999999999968 6.929904777585609 -1.2844037267234094
3.2000000000000015 -0.09999999999999969 5.365907667235398 -1.014755681177044
3.2000000000000015 -0.08999999999999969 4.1547993774877305 -0.8013247583500624
3.2000000000000015 -0.0799999999999997 3.2169580129016886 -0.6324406593019897
3.2000000000000015 -0.0699999999999997 2.490720771514129 -0.498829852682016
3.2000000000000015 -0.0599999999999997 1.928332771904412 -0.3931254955720444
3.2000000000000015 -0.0499999999999997 1.4928092887287685 -0.3094757564636502
3.2000000000000015 -0.039999999999999696 1.1555053853441783 -0.2432308447858934
3.2000000000000015 -0.029999999999999694 0.8942333593091546 -0.1906928603463599
3.2000000000000015 -0.01999999999999969 0.691804372926867 -0.1489156469334414
3.2000000000000015 -0.009999999999999691 0.5348984847952528 -0.1155442998541069
3.2000000000000015 3.0878077872387166e-16 0.41318885585984 -0.0886859457427312
3.2000000000000015 0.010000000000000309 0.318662588732553 -0.0668049722860923
3.2000000000000015 0.02000000000000031 0.2450935665039622 -0.0486371056455271
3.2000000000000015 0.03000000000000031 0.187632633513088 -0.0331176692394116
3.2000000000000015 0.04000000000000031 0.1424881597856087 -0.0193200509206157
3.2000000000000015 0.050000000000000315 0.1066759578189312 -0.0064008864426304
3.2000000000000015 0.06000000000000032 0.0778220633647915 0.0064512453159928
3.2000000000000015 0.07000000000000031 0.0540053480772058 0.0200667166893819
3.2000000000000015 0.08000000000000031 0.0336295269880574 0.0353485190609354
3.2000000000000015 0.0900000000000003 0.0153160264759622 0.0533321690231106
3.2000000000000015 0.1000000000000003 -0.0021894885197625 0.0752558215479882
3.2000000000000015 0.11000000000000029 -0.0201032811031908 0.1026453246534987
3.2000000000000015 0.12000000000000029 -0.0396883406201047 0.137420033913498
3.2000000000000015 0.13000000000000028 -0.0623437454044553 0.1820266844099127
3.2000000000000015 0.1400000000000003 -0.089704934694538 0.2396105962933103
3.2000000000000015 0.1500000000000003 -0.1237620978426669 0.3142361057280792
3.2000000000000015 0.1600000000000003 -0.1670052718744052 0.4111715466026124
3.2000000000000015 0.17000000000000032 -0.2226067458975036 0.5372585964913031
3.2000000000000015 0.18000000000000033 -0.2946541533224658 0.7013916510569972
3.2000000000000015 0.19000000000000034 -0.3884513975103776 0.9151405048760346
3.2000000000000015 0.20000000000000034 -0.5109095825204936 1.1935595134054662
3.2000000000000015 0.21000000000000035 -0.6710567799913161 1.5562392646012708
3.2000000000000015 0.22000000000000036 -0.880704247865072 2.0286734730070695
3.2000000000000015 0.23000000000000037 -1.1553182750227498 2.6440354550752114
3.2000000000000015 0.24000000000000038 -1.5151620103220385 3.445486616062493
3.2000000000000015 0.2500000000000004 -1.9867915640508484 4.489175770036838
3.2000000000000015 0.2600000000000004 -2.6050168122231034 5.848135274548786
3.2000000000000015 0.2700000000000004 -3.4154716135856598 7.617341056166765
3.2000000000000015 0.2800000000000004 -4.477983087095105 9.920282722748224
3.2000000000000015 0.2900000000000004 -5.8709884970561825 12.91749238574287
3.2000000000000015 0.30000000000000043 -7.697325480276474 16.817613370705942
3.2000000000000015 0.31000000000000044 -10.091822489374234 21.89176147633431
3.2000000000000015 0.32000000000000045 -13.231248835367802 28.492153201579296
3.2000000000000015 0.33000000000000046 -17.34735729888567 37.07626202841305
3.2000000000000015 0.34000000000000047 -22.743979647691745 48.238134278184994
3.2000000000000015 0.3500000000000005 -29.81943317270251 62.7489745332208
3.2000000000000015 0.3600000000000005 -39.09588628222381 81.60972838808013
3.2000000000000015 0.3700000000000005 -51.2578417178366 106.11918757670094
3.2000000000000015 0.3800000000000005 -67.20256426703942 137.96217101765944
3.2000000000000015 0.3900000000000005 -88.10615456755926 179.32366147242746
3.2000000000000015 0.4000000000000005 -115.51011527041743 233.03648665770487
3.2000000000000015 0.41000000000000053 -151.43475347879996 302.772335322885
3.2000000000000015 0.42000000000000054 -198.52772245870173 393.28873350028425
3.2000000000000015 0.43000000000000055 -260.2585677405359 510.74825396053205
3.2000000000000015 0.44000000000000056 -341.1734927704305 663.1309235876778
3.2000000000000015 0.45000000000000057 -447.2289384734834 860.7668242796457
3.2000000000000015 0.4600000000000006 -586.2282941796531 1117.0236309112931
3.2000000000000015 0.4700000000000006 -768.3935347454006 1449.1937778392448
3.2000000000000015 0.4800000000000006 -1007.1133453646813 1879.6387102600565
3.2000000000000015 0.4900000000000006 -1319.9220486171641 2437.2640457915513
3.2000000000000015 0.5000000000000006 -1729.7802957004471 3159.420448937777
3.3000000000000016 -0.5 -114880.36831163 83843.41947332032
3.3000000000000016 -0.49 -88771.18454303803 65291.1051385309
3.3000000000000016 -0.48 -68594.57268025825 50841.977396095215
3.3000000000000016 -0.47 -53002.8215016891 39588.988795159166
3.3000000000000016 -0.45999999999999996 -40954.31501332006 30825.499962376518
3.3000000000000016 -0.44999999999999996 -31644.026207527044 24001.02411042534
3.3000000000000016 -0.43999999999999995 -24449.790572002115 18686.738866050106
3.3000000000000016 -0.42999999999999994 -18890.777667274022 14548.611005973478
3.3000000000000016 -0.41999999999999993 -14595.391895274737 11326.454603164178
3.3000000000000016 -0.4099999999999999 -11276.461969147691 8817.613378156824
3.3000000000000016 -0.3999999999999999 -8712.064400818417 6864.246753197582
3.3000000000000016 -0.3899999999999999 -6730.701892315152 5343.424185651917
3.3000000000000016 -0.3799999999999999 -5199.847859407495 4159.407823932594
3.3000000000000016 -0.3699999999999999 -4017.092767928694 3237.640312388326
3.3000000000000016 -0.3599999999999999 -3103.3014747006696 2520.0611940251383
3.3000000000000016 -0.34999999999999987 -2397.324894964541 1961.4584678413246
3.3000000000000016 -0.33999999999999986 -1851.913003230251 1526.6266336025133
3.3000000000000016 -0.32999999999999985 -1430.5563235009486 1188.15304222924
3.3000000000000016 -0.31999999999999984 -1105.0450193695021 924.6937154765742
3.3000000000000016 -0.30999999999999983 -853.5825839884271 719.6304608417829
3.3000000000000016 -0.2999999999999998 -659.3281467776317 560.025001834463
3.3000000000000016 -0.2899999999999998 -509.2700259493606 435.8044629397078
3.3000000000000016 -0.2799999999999998 -393.35527135341636 339.1270566521257
3.3000000000000016 -0.2699999999999998 -303.81703566306106 263.8881240962727
3.3000000000000016 -0.2599999999999998 -234.65482365248485 205.3354881255265
3.3000000000000016 -0.24999999999999978 -181.23288059246858 159.76993956021158
3.3000000000000016 -0.23999999999999977 -139.969872890824 124.3120229553545
3.3000000000000016 -0.22999999999999976 -108.09911364244486 96.72045274821355
3.3000000000000016 -0.21999999999999975 -83.48329979607988 75.25073472067159
3.3000000000000016 -0.20999999999999974 -64.47137083610653 58.545094722355365
3.3000000000000016 -0.19999999999999973 -49.78791442044912 45.54678495799243
3.3000000000000016 -0.18999999999999972 -38.44772029376921 35.43337128661656
3.3000000000000016 -0.17999999999999972 -29.689765300816084 27.56479909007999
3.3000000000000016 -0.1699999999999997 -22.92621175871097 21.442965278882465
3.3000000000000016 -0.1599999999999997 -17.70300560408661 16.680248296743503
3.3000000000000016 -0.1499999999999997 -13.669436693160229 12.975012042968222
3.3000000000000016 -0.13999999999999968 -10.554623246289584 10.092538885821064
3.3000000000000016 -0.12999999999999967 -8.149345761280857 7.850188991335984
3.3000000000000016 -0.11999999999999968 -6.292013739021385 6.105849539951365
3.3000000000000016 -0.10999999999999968 -4.857825201843493 4.748944794786709
3.3000000000000016 -0.09999999999999969 -3.750392734371344 3.6934394639583794
3.3000000000000016 -0.08999999999999969 -2.8952749303189815 2.8723935241534306
3.3000000000000016 -0.0799999999999997 -2.2349797316940396 2.2337245559244834
3.3000000000000016 -0.0699999999999997 -1.7251047337885959 1.7369098446291669
3.3000000000000016 -0.0599999999999997 -1.3313556951473307 1.3504198230669624
3.3000000000000016 -0.0499999999999997 -1.0272433324020023 1.049720609189278
3.3000000000000016 -0.039999999999999696 -0.7923039327354567 0.8157193341416122
3.3000000000000016 -0.029999999999999694 -0.6107244237726002 0.6335539274718256
3.3000000000000016 -0.01999999999999969 -0.4702796517361618 0.4916507908521586
3.3000000000000016 -0.009999999999999691 -0.3615105486704102 0.380990721448696
3.3000000000000016 3.0878077872387166e-16 -0.2770880196571746 0.2945366088178365
3.3000000000000016 0.010000000000000309 -0.2113198325630215 0.2267866552023605
3.3000000000000016 0.02000000000000031 -0.1597673796279422 0.1734248034227083
3.3000000000000016 0.03000000000000031 -0.1189465439379028 0.1310461997541226
3.3000000000000016 0.04000000000000031 -0.0860925373234 0.0969402587167999
3.3000000000000016 0.050000000000000315 -0.0589728562608246 0.0689175313910678
3.3000000000000016 0.06000000000000032 -0.0357357148104274 0.0451693376479458
3.3000000000000016 0.07000000000000031 -0.0147836725699202 0.0241511790312847
3.3000000000000016 0.08000000000000031 0.0053361624521198 0.0044824318460785
3.3000000000000016 0.0900000000000003 0.0260329019601745 -0.0151441782914795
3.3000000000000016 0.1000000000000003 0.0487706067606901 -0.0360492369226245
3.3000000000000016 0.11000000000000029 0.0751718969641839 -0.0596551551193749
3.3000000000000016 0.12000000000000029 0.1071337767906815 -0.0875824337671228
3.3000000000000016 0.13000000000000028 0.146963940971457 -0.12176013992427
3.3000000000000016 0.1400000000000003 0.1975473525880123 -0.1645580522836944
3.3000000000000016 0.1500000000000003 0.262555107352053 -0.2189494239181644
3.3000000000000016 0.1600000000000003 0.3467106897466994 -0.2887153979370799
3.3000000000000016 0.17000000000000032 0.4561329071932132 -0.3787049342562913
3.3000000000000016 0.18000000000000033 0.5987803629931777 -0.495167850008585
3.3000000000000016 0.19000000000000034 0.785029701102438 -0.6461834885253571
3.3000000000000016 0.20000000000000034 1.0284295591646038 -0.8422139339820574
3.3000000000000016 0.21000000000000035 1.3466849018495992 -1.0968189980620757
3.3000000000000016 0.22000000000000036 1.7629430938027972 -1.4275809605622336
3.3000000000000016 0.23000000000000037 2.3074749139627575 -1.857300942439462
3.3000000000000016 0.24000000000000038 3.019872284632349 -2.4155467206023484
3.3000000000000016 0.2500000000000004 3.951921846468335 -3.140654905498714
3.3000000000000016 0.2600000000000004 5.171362341549578 -4.082320165456604
3.3000000000000016 0.2700000000000004 6.766797579702271 -5.304942478585257
3.3000000000000016 0.2800000000000004 8.854120138975299 -6.89195263230519
3.3000000000000016 0.2900000000000004 11.584909867970454 -8.951399449799485
3.3000000000000016 0.30000000000000043 15.157413516508438 -11.623163430019304
3.3000000000000016 0.31000000000000044 19.830897598263196 -15.088265651360196
3.3000000000000016 0.32000000000000045 25.944409157080546 -19.580874286009337
3.3000000000000016 0.33000000000000046 33.941295773763336 -25.403782012549858
3.3000000000000016 0.34000000000000047 44.40124947247978 -32.9483462995052
3.3000000000000016 0.3500000000000005 58.082178567128445 -42.72016402631589
3.3000000000000016 0.3600000000000005 75.97491523496588 -55.372108754187614
3.3000000000000016 0.3700000000000005 99.37468461353069 -71.7468140737522
3.3000000000000016 0.3800000000000005 129.97445845704925 -92.93126623726968
3.3000000000000016 0.3900000000000005 169.98687743284248 -120.3269069851309
3.3000000000000016 0.4000000000000005 222.30346103747658 -155.73958490805288
3.3000000000000016 0.41000000000000053 290.70247602261554 -201.4948832952554
3.3000000000000016 0.42000000000000054 380.1202892915044 -260.58585984496165
3.3000000000000016 0.43000000000000055 497.00553142002207 -336.86214079599415
3.3000000000000016 0.44000000000000056 649.781256649768 -435.2717209785365
3.3000000000000016 0.45000000000000057 849.4479126887812 -562.1698585593815
3.3000000000000016 0.4600000000000006 1110.3698589601975 -725.7132754264118
3.3000000000000016 0.4700000000000006 1451.301082789435 -936.3626741153647
3.3000000000000016 0.4800000000000006 1896.7225513126757 -1207.5225966014202
3.3000000000000016 0.4900000000000006 2478.585458721944 -1556.3551681708384
3.3000000000000016 0.5000000000000006 3238.5829815677957 -2004.8136419989594
3.4000000000000017 -0.5 46998.95434673721 -128756.72693416201
3.4000000000000017 -0.49 36046.66969646895 -99897.40553250286
3.4000000000000017 -0.48 27643.403789453074 -77505.4286530101
3.4000000000000017 -0.47 21196.601554961475 -60131.729145397076
3.4000000000000017 -0.45999999999999996 16251.303320626466 -46651.85780425528
3.4000000000000017 -0.44999999999999996 12458.227400847969 -36193.27626824975
3.4000000000000017 -0.43999999999999995 9549.249186791283 -28078.931634008342
3.4000000000000017 -0.42999999999999994 7318.564263994809 -21783.46741892247
3.4000000000000017 -0.41999999999999993 5608.219217917778 -16899.241522554763
3.4000000000000017 -0.4099999999999999 4296.99836284021 -13109.955222212926
3.4000000000000017 -0.3999999999999999 3291.8887912133887 -10170.18886063156
3.4000000000000017 -0.3899999999999999 2521.5261542060607 -7889.521465160916
3.4000000000000017 -0.3799999999999999 1931.1619612465713 -6120.207704497978
3.4000000000000017 -0.3699999999999999 1478.7995491198415 -4747.615456494565
3.4000000000000017 -0.3599999999999999 1132.2276202572834 -3682.8056676511865
3.4000000000000017 -0.34999999999999987 866.7430763350925 -2856.774649811618
3.4000000000000017 -0.33999999999999986 663.4031534180502 -2215.986422793097
3.4000000000000017 -0.32999999999999985 507.68396369725514 -1718.9061131614917
3.4000000000000017 -0.31999999999999984 388.4510535477105 -1333.3101455351891
3.4000000000000017 -0.30999999999999983 297.1694872748618 -1034.199194736226
3.4000000000000017 -0.2999999999999998 227.29778961241072 -802.1788498562291
3.4000000000000017 -0.2899999999999998 173.82300319980132 -622.2031936250593
3.4000000000000017 -0.2799999999999998 132.90404337700758 -482.5999772012801
3.4000000000000017 -0.2699999999999998 101.5981560682805 -374.3142889046346
3.4000000000000017 -0.2599999999999998 77.65113894319403 -290.32175301363435
3.4000000000000017 -0.24999999999999978 59.336481533521855 -225.17326546614044
3.4000000000000017 -0.23999999999999977 45.33203165769015 -174.64178638870254
3.4000000000000017 -0.22999999999999976 34.62544547906488 -135.44831529276183
3.4000000000000017 -0.21999999999999975 26.441712809302963 -105.0493006977647
3.4000000000000017 -0.20999999999999974 20.187610756222654 -81.47171338770747
3.4000000000000017 -0.19999999999999973 15.409137273740956 -63.18509875178225
3.4000000000000017 -0.18999999999999972 11.758895905194182 -49.00231835264329
3.4000000000000017 -0.17999999999999972 8.97110877006741 -38.0025489378034
3.4000000000000017 -0.1699999999999997 6.842476351587799 -29.471548790333298
3.4000000000000017 -0.1599999999999997 5.217518079604407 -22.855319900236765
3.4000000000000017 -0.1499999999999997 3.9773463852771935 -17.724162323351425
3.4000000000000017 -0.13999999999999968 3.0310713378035308 -13.744790458460264
3.4000000000000017 -0.12999999999999967 2.3092204354400976 -10.65870340578051
3.4000000000000017 -0.11999999999999968 1.758701875081578 -8.26540689623944
3.4000000000000017 -0.10999999999999968 1.338949844432146 -6.40939874581017
3.4000000000000017 -0.09999999999999969 1.0189748793478282 -4.970073757617914
3.4000000000000017 -0.08999999999999969 0.7751070994698155 -3.8538932671865855
3.4000000000000017 -0.0799999999999997 0.5892697762925829 -2.9883113631793745
3.4000000000000017 -0.0699999999999997 0.4476587267687686 -2.3170637295412075
3.4000000000000017 -0.0599999999999997 0.3397321681916124 -1.7965134254206245
3.4000000000000017 -0.0499999999999997 0.2574379913022144 -1.392816472689185
3.4000000000000017 -0.039999999999999696 0.194622499178812 -1.0797232998032087
3.4000000000000017 -0.029999999999999694 0.146577738776124 -0.8368733417367762
3.4000000000000017 -0.01999999999999969 0.1096945540572462 -0.6484720925888953
3.4000000000000017 -0.009999999999999691 0.0811961295838087 -0.502264724452304
3.4000000000000017 3.0878077872387166e-16 0.0589326179678981 -0.388739632215187
3.4000000000000017 0.010000000000000309 0.0412218710605318 -0.3005101871002524
3.4000000000000017 0.02000000000000031 0.0267246406473672 -0.2318345497299758
3.4000000000000017 0.03000000000000031 0.0143451199965256 -0.1782423566605457
3.4000000000000017 0.04000000000000031 0.0031495429823675 -0.1362440341671337
3.4000000000000017 0.050000000000000315 -0.0077031244934715 -0.1031038599695492
3.4000000000000017 0.06000000000000032 -0.0190234804581446 -0.0766620360387425
3.4000000000000017 0.07000000000000031 -0.031651532740777 -0.0551942228172665
3.4000000000000017 0.08000000000000031 -0.046518471205349 -0.0372994245333833
3.4000000000000017 0.0900000000000003 -0.0647148741181828 -0.0218089659373504
3.4000000000000017 0.1000000000000003 -0.0875703144311008 -0.0077106840361811
3.4000000000000017 0.11000000000000029 -0.1167501491994152 0.005916534307763
3.4000000000000017 0.12000000000000029 -0.1543765108399566 0.0199620390168514
3.4000000000000017 0.13000000000000028 -0.2031822611309142 0.0353402584057048
3.4000000000000017 0.1400000000000003 -0.266709042806425 0.0530486137765886
3.4000000000000017 0.1500000000000003 -0.3495637396566164 0.0742300189847656
3.4000000000000017 0.1600000000000003 -0.4577518620224268 0.1002436686497388
3.4000000000000017 0.17000000000000032 -0.599111911983658 0.1327482087742557
3.4000000000000017 0.18000000000000033 -0.78388204805448 0.1738019811159214
3.4000000000000017 0.19000000000000034 -1.0254398828700593 0.2259858542346592
3.4000000000000017 0.20000000000000034 -1.3412686895280375 0.2925552224568101
3.4000000000000017 0.21000000000000035 -1.7542195518605321 0.3776290964769929
3.4000000000000017 0.22000000000000036 -2.2941602314015013 0.4864258557361181
3.4000000000000017 0.23000000000000037 -3.000129253196199 0.6255572115206813
3.4000000000000017 0.24000000000000038 -3.9231499083746897 0.8033942623302359
3.4000000000000017 0.2500000000000004 -5.129906107653006 1.0305222149113757
3.4000000000000017 0.2600000000000004 -6.707543651424431 1.3203033714300234
3.4000000000000017 0.2700000000000004 -8.769940879779986 1.689571271636942
3.4000000000000017 0.2800000000000004 -11.465897522992432 2.159482274613637
3.4000000000000017 0.2900000000000004 -14.989827303363729 2.756554089476938
3.4000000000000017 0.30000000000000043 -19.595718093850618 3.5139233512791743
3.4000000000000017 0.31000000000000044 -25.61535577722052 4.47285553924662
3.4000000000000017 0.32000000000000045 -33.48211071130895 5.684539187725114
3.4000000000000017 0.33000000000000046 -43.76198014149298 7.212190682751953
3.4000000000000017 0.34000000000000047 -57.19409363726264 9.133483338688592
3.4000000000000017 0.3500000000000005 -74.74355756889777 11.543291039197374
3.4000000000000017 0.3600000000000005 -97.67038542199163 14.55669687009769
3.4000000000000017 0.3700000000000005 -127.61939393515796 18.31215274084229
3.4000000000000017 0.3800000000000005 -166.73741924515693 22.974575350881132
3.4000000000000017 0.3900000000000005 -217.82612441246795 28.73801045960617
3.4000000000000017 0.4000000000000005 -284.54116211287715 35.82726786184124
3.4000000000000017 0.41000000000000053 -371.6516952919641 44.497590825168146
3.4000000000000017 0.42000000000000054 -485.3784861728388 55.03092987653102
3.4000000000000017 0.43000000000000055 -633.8342275445535 67.72667735489674
3.4000000000000017 0.44000000000000056 -827.5968815110408 82.88369655872478
3.4000000000000017 0.45000000000000057 -1080.4559905080791 100.7690235486516
3.4000000000000017 0.4600000000000006 -1410.3838544031541 121.56655928193544
3.4000000000000017 0.4700000000000006 -1840.798927636071 145.2961685320855
3.4000000000000017 0.4800000000000006 -2402.2088159329605 171.68953530179235
3.4000000000000017 0.4900000000000006 -3134.3461763367613 200.00344700792064
3.4000000000000017 0.5000000000000006 -4088.944364146185 228.74328263174635
3.5000000000000018 -0.5 31446.542440660716 128286.80514558361
3.5000000000000018 -0.49 24733.779325135958 99308.78421856803
3.5000000000000018 -0.48 19449.371359629524 76875.40216517077
3.5000000000000018 -0.47 15290.482532884766 59508.799227610936
3.5000000000000018 -0.45999999999999996 12018.222590411338 46064.78138575474
3.5000000000000018 -0.44999999999999996 9444.206936999151 35657.49848756393
3.5000000000000018 -0.43999999999999995 7419.926351405056 27601.122885120738
3.5000000000000018 -0.42999999999999994 5828.342718773583 21364.692087045078
3.5000000000000018 -0.41999999999999993 4577.247399439637 16537.144578644125
3.5000000000000018 -0.4099999999999999 3594.0146449988993 12800.248314952913
3.5000000000000018 -0.3999999999999999 2821.458625151444 9907.640508340755
3.5000000000000018 -0.3899999999999999 2214.563128395657 7668.599326419428
3.5000000000000018 -0.3799999999999999 1737.9010333627925 5935.479408525951
3.5000000000000018 -0.3699999999999999 1363.5987612006643 4593.984161752144
3.5000000000000018 -0.3599999999999999 1069.7311444090403 3555.6344566798452
3.5000000000000018 -0.34999999999999987 839.0561036093859 2751.9378806457976
3.5000000000000018 -0.33999999999999986 658.0175012536193 2129.874626125329
3.5000000000000018 -0.32999999999999985 515.9595673965556 1648.402753447396
3.5000000000000018 -0.31999999999999984 404.50818446388297 1275.7526699079121
3.5000000000000018 -0.30999999999999983 317.08372492851584 987.3326249703284
3.5000000000000018 -0.2999999999999998 248.51757393000284 764.1072514139535
3.5000000000000018 -0.2899999999999998 194.75034773029478 591.3423316093973
3.5000000000000018 -0.2799999999999998 152.59446350329006 457.63308599338643
3.5000000000000018 -0.2699999999999998 119.54738400481892 354.1519542627184
3.5000000000000018 -0.2599999999999998 93.64475641059539 274.06629765456256
3.5000000000000018 -0.24999999999999978 73.34494983260201 212.08764446584576
3.5000000000000018 -0.23999999999999977 57.438298822122405 164.12276748101667
3.5000000000000018 -0.22999999999999976 44.97578190724356 127.0035917248997
3.5000000000000018 -0.21999999999999975 35.21298507929002 98.2781256752241
3.5000000000000018 -0.20999999999999974 27.566083532891795 76.04863079098065
3.5000000000000018 -0.19999999999999973 21.57727098229599 58.846357763551666
3.5000000000000018 -0.18999999999999972 16.88761410666334 45.53458832625785
3.5000000000000018 -0.17999999999999972 13.215741378202043 35.233587521625815
3.5000000000000018 -0.1699999999999997 10.341115375386423 27.262515944090513
3.5000000000000018 -0.1599999999999997 8.090905152938184 21.094469814576474
3.5000000000000018 -0.1499999999999997 6.329685691522818 16.321682485236387
3.5000000000000018 -0.13999999999999968 4.951356997827273 12.62859116096059
3.5000000000000018 -0.12999999999999967 3.8728056198584246 9.770991424450031
3.5000000000000018 -0.11999999999999968 3.028933709308308 7.559903754543675
3.5000000000000018 -0.10999999999999968 2.368761232869026 5.849087104519685
3.5000000000000018 -0.09999999999999969 1.8523701780163189 4.525375250412407
3.5000000000000018 -0.08999999999999969 1.448509294083275 3.5011978943476705
3.5000000000000018 -0.0799999999999997 1.1327169517960174 2.7087926959515
3.5000000000000018 -0.0699999999999997 0.885850372816513 2.0957260141342586
3.5000000000000018 -0.0599999999999997 0.6929335685365512 1.6214265322895083
3.5000000000000018 -0.0499999999999997 0.5422552453475104 1.254502810208169
3.5000000000000018 -0.039999999999999696 0.4246627920132386 0.9706675667042564
3.5000000000000018 -0.029999999999999694 0.333010136909302 0.7511315627926141
3.5000000000000018 -0.01999999999999969 0.261726436113015 0.5813609697691277
3.5000000000000018 -0.009999999999999691 0.2064797687778052 0.450116116290426
3.5000000000000018 3.0878077872387166e-16 0.1639157004410222 0.34870809816195
3.5000000000000018 0.010000000000000309 0.1314550646988455 0.2704241311464028
3.5000000000000018 0.02000000000000031 0.1071388758347188 0.2100836812825686
3.5000000000000018 0.03000000000000031 0.089511131974297 0.1636960557326451
3.5000000000000018 0.04000000000000031 0.0775325708405884 0.1281968516264775
3.5000000000000018 0.050000000000000315 0.0705203372311228 0.1012458848885901
3.5000000000000018 0.06000000000000032 0.0681101286507356 0.0810733016963733
3.5000000000000018 0.07000000000000031 0.0702388025264621 0.0663637829662495
3.5000000000000018 0.08000000000000031 0.0771467443522515 0.0561713009006042
3.5000000000000018 0.0900000000000003 0.0894005956447975 0.0498589470965052
3.5000000000000018 0.1000000000000003 0.1079383093092479 0.0470600636041709
3.5000000000000018 0.11000000000000029 0.1341400300034392 0.0476583893720267
3.5000000000000018 0.12000000000000029 0.1699300931454526 0.0517862887962789
3.5000000000000018 0.13000000000000028 0.2179176229845541 0.0598414544083049
3.5000000000000018 0.1400000000000003 0.2815859407717988 0.072523870785899
3.5000000000000018 0.1500000000000003 0.3655444607626214 0.0908963986431338
3.5000000000000018 0.1600000000000003 0.4758611993430439 0.11647421053585
3.5000000000000018 0.17000000000000032 0.6204997654434496 0.1513506331177358
3.5000000000000018 0.18000000000000033 0.8098921447143784 0.1983699146125317
3.5000000000000018 0.19000000000000034 1.0576882618852206 0.2613612837094164
3.5000000000000018 0.20000000000000034 1.3817358883344928 0.3454537155440326
3.5000000000000018 0.21000000000000035 1.805360842644128 0.4574974908742602
3.5000000000000018 0.22000000000000036 2.3590387644418094 0.6066274809996338
3.5000000000000018 0.23000000000000037 3.0825775261011548 0.8050148507027524
3.5000000000000018 0.24000000000000038 4.0279655328874195 1.068869525753301
3.5000000000000018 0.2500000000000004 5.263088284705937 1.4197766276091868
3.5000000000000018 0.2600000000000004 6.876576925710532 1.8864778786509708
3.5000000000000018 0.2700000000000004 8.984132370896324 2.5072460507157626
3.5000000000000018 0.2800000000000004 11.736772528495193 3.3330499678627103
3.5000000000000018 0.2900000000000004 15.331585347035215 4.4317735164231955
3.5000000000000018 0.30000000000000043 20.025746265800123 5.893840077903613
3.5000000000000018 0.31000000000000044 26.15478727525431 7.839711141916342
3.5000000000000018 0.32000000000000045 34.15640193301439 10.429884392900815
3.5000000000000018 0.33000000000000046 44.60145671352035 13.878225388695194
3.5000000000000018 0.34000000000000047 58.23438038451076 18.469745522502325
3.5000000000000018 0.3500000000000005 76.02575384579247 24.58431056844575
3.5000000000000018 0.3600000000000005 99.24076718494514 32.72825980341637
3.5000000000000018 0.3700000000000005 129.5283056463902 43.57657686757604
3.5000000000000018 0.3800000000000005 169.03684542494327 58.02913534744004
3.5000000000000018 0.3900000000000005 220.5651786948025 77.28571807048816
3.5000000000000018 0.4000000000000005 287.7583675281219 102.9460772616445
3.5000000000000018 0.41000000000000053 375.36240603091903 137.14339354076148
3.5000000000000018 0.42000000000000054 489.55505196956415 182.72227904401183
3.5000000000000018 0.43000000000000055 638.3754340180421 243.4761851373123
3.5000000000000018 0.44000000000000056 832.2816830456416 324.46402625106293
3.5000000000000018 0.45000000000000057 1084.8744043768338 432.4324281036341
3.5000000000000018 0.4600000000000006 1413.8348515748946 576.3787960541571
3.5000000000000018 0.4700000000000006 1842.1408825958547 768.3021022110302
3.5000000000000018 0.4800000000000006 2399.6420714368305 1024.203871309173
3.5000000000000018 0.4900000000000006 3125.098853191477 1365.422584611243
3.5000000000000018 0.5000000000000006 4068.820747949738 1820.4123168345493
3.600000000000002 -0.5 -93988.96833492466 -85818.04999909808
3.600000000000002 -0.49 -73071.68039446554 -66223.29270205228
3.600000000000002 -0.48 -56808.13778574528 -51101.08167982487
3.600000000000002 -0.47 -44163.281896518245 -39430.882778238
3.600000000000002 -0.45999999999999996 -34332.19220369053 -30424.950493172964
3.600000000000002 -0.44999999999999996 -26688.933496626672 -23475.244267685026
3.600000000000002 -0.43999999999999995 -20746.76897252209 -18112.446009104813
3.600000000000002 -0.42999999999999994 -16127.214650299207 -13974.320987579591
3.600000000000002 -0.41999999999999993 -12535.971093552273 -10781.292600956527
3.600000000000002 -0.4099999999999999 -9744.204562264587 -8317.58670264621
3.600000000000002 -0.3999999999999999 -7573.989030523971 -6416.675876226878
3.600000000000002 -0.3899999999999999 -5886.984495767042 -4950.043372233114
3.600000000000002 -0.3799999999999999 -4575.63238076701 -3818.5098376786123
3.600000000000002 -0.3699999999999999 -3556.3086015926847 -2945.5384804583978
3.600000000000002 -0.3599999999999999 -2763.9991655699105 -2272.067513725079
3.600000000000002 -0.34999999999999987 -2148.159849465805 -1752.521573832401
3.600000000000002 -0.33999999999999986 -1669.496718327487 -1351.7332148230992
3.600000000000002 -0.32999999999999985 -1297.4627482440912 -1042.5668928835846
3.600000000000002 -0.31999999999999984 -1008.3113217892306 -804.0851895936642
3.600000000000002 -0.30999999999999983 -783.5827596226706 -620.1335677065903
3.600000000000002 -0.2999999999999998 -608.9275813970185 -478.24816665185045
3.600000000000002 -0.2899999999999998 -473.1916007804849 -368.8129257873517
3.600000000000002 -0.2799999999999998 -367.7046122611015 -284.40913783682885
3.600000000000002 -0.2699999999999998 -285.7273787158916 -219.31351501629314
3.600000000000002 -0.2599999999999998 -222.02170100661 -169.1108702028743
3.600000000000002 -0.24999999999999978 -172.51618389111687 -130.39525002371298
3.600000000000002 -0.23999999999999977 -134.04640397092138 -100.53932701954736
3.600000000000002 -0.22999999999999976 -104.15292233590812 -77.51646636787832
3.600000000000002 -0.21999999999999975 -80.92426809916483 -59.76343962556077
3.600000000000002 -0.20999999999999974 -62.87488332326603 -46.07450335447863
3.600000000000002 -0.19999999999999973 -48.85024706146947 -35.51967943758071
3.600000000000002 -0.18999999999999972 -37.95312803100721 -27.381709280626662
3.600000000000002 -0.17999999999999972 -29.486261969664813 -21.107416240956525
3.600000000000002 -0.1699999999999997 -22.907796681146277 -16.2701846863102
3.600000000000002 -0.1599999999999997 -17.79666177938273 -12.541015797564322
3.600000000000002 -0.1499999999999997 -13.825653013120508 -9.666200328886422
3.600000000000002 -0.13999999999999968 -10.740513083773006 -7.450096192550539
3.600000000000002 -0.12999999999999967 -8.343673394824721 -5.74184417280326
3.600000000000002 -0.11999999999999968 -6.481618554869317 -4.425121626221275
3.600000000000002 -0.10999999999999968 -5.0350666438430975 -3.4102397031780396
3.600000000000002 -0.09999999999999969 -3.9113379745150265 -2.6280483248582263
3.600000000000002 -0.08999999999999969 -3.038424792798361 -2.025235599594001
3.600000000000002 -0.0799999999999997 -2.360382966868548 -1.5607028392607964
3.600000000000002 -0.0699999999999997 -1.8337511408506748 -1.2027692300796262
3.600000000000002 -0.0599999999999997 -1.4247684576931434 -0.9270164526799982
3.600000000000002 -0.0499999999999997 -1.107212973847854 -0.7146269387743778
3.600000000000002 -0.039999999999999696 -0.8607225501080306 -0.5511029327105429
3.600000000000002 -0.029999999999999694 -0.6694908392591977 -0.4252793618575253
3.600000000000002 -0.01999999999999969 -0.5212549700494624 -0.3285634595613226
3.600000000000002 -0.009999999999999691 -0.4065101791999511 -0.2543494788097678
3.600000000000002 3.0878077872387166e-16 -0.3179011597595992 -0.1975687268130163
3.600000000000002 0.010000000000000309 -0.2497512023770914 -0.15434434652974
3.600000000000002 0.02000000000000031 -0.197699028655962 -0.1217273944363137
3.600000000000002 0.03000000000000031 -0.1584201168490828 -0.0974962980485595
3.600000000000002 0.04000000000000031 -0.1294147414102031 -0.08000609794479
3.600000000000002 0.050000000000000315 -0.1088492367810145 -0.0680772814901508
3.600000000000002 0.06000000000000032 -0.0954404276678269 -0.0609167314098414
3.600000000000002 0.07000000000000031 -0.0883759640062168 -0.0580655280413741
3.600000000000002 0.08000000000000031 -0.0872656397491013 -0.059370212476949
3.600000000000002 0.0900000000000003 -0.0921208130134252 -0.0649757691486763
3.600000000000002 0.1000000000000003 -0.1033609149164306 -0.0753401373845872
3.600000000000002 0.11000000000000029 -0.1218478597919075 -0.0912716234387498
3.600000000000002 0.12000000000000029 -0.1489510730107396 -0.1139922715847056
3.600000000000002 0.13000000000000028 -0.1866479635769149 -0.145232190315629
3.600000000000002 0.1400000000000003 -0.2376671315887914 -0.1873621632997159
3.600000000000002 0.1500000000000003 -0.3056845852128826 -0.2435747818703244
3.600000000000002 0.1600000000000003 -0.3955869543087903 -0.3181280390474702
3.600000000000002 0.17000000000000032 -0.5138203852189356 -0.4166701093171618
3.600000000000002 0.18000000000000033 -0.6688498085571102 -0.5466702730304894
3.600000000000002 0.19000000000000034 -0.8717610043012916 -0.717989111921486
3.600000000000002 0.20000000000000034 -1.137047879539892 -0.9436318363286832
3.600000000000002 0.21000000000000035 -1.4836403113801861 -1.2407427390230163
3.600000000000002 0.22000000000000036 -1.9362446785732244 -1.6319174044457752
3.600000000000002 0.23000000000000037 -2.5270909575705756 -2.1469338866802206
3.600000000000002 0.24000000000000038 -3.2982084748175238 -2.8250365210736716
3.600000000000002 0.2500000000000004 -4.30438900339141 -3.717948885388051
3.600000000000002 0.2600000000000004 -5.61704334397461 -4.893849023601503
3.600000000000002 0.2700000000000004 -7.329219033345136 -6.44261481360084
3.600000000000002 0.2800000000000004 -9.562126500774411 -8.48274614908314
3.600000000000002 0.2900000000000004 -12.473624158017653 -11.170501151775047
3.600000000000002 0.30000000000000043 -16.269246405473 -14.711956162864205
3.600000000000002 0.31000000000000044 -21.216531169250352 -19.37892731228157
3.600000000000002 0.32000000000000045 -27.663626664459848 -25.52999292651226
3.600000000000002 0.33000000000000046 -36.063445128103005 -33.63825457957216
3.600000000000002 0.34000000000000047 -47.00500289028947 -44.32800152645331
3.600000000000002 0.3500000000000005 -61.2540651710976 -58.42313999636372
3.600000000000002 0.3600000000000005 -79.80583083439716 -77.01117014339376
3.600000000000002 0.3700000000000005 -103.95318581359771 -101.52771181039573
3.600000000000002 0.3800000000000005 -135.3750734592873 -133.86819149261112
3.600000000000002 0.3900000000000005 -176.25083840958973 -176.53543374038222
3.600000000000002 0.4000000000000005 -229.4080772874651 -232.83471833919847
3.600000000000002 0.41000000000000053 -298.51367510669377 -307.1315916084292
3.600000000000002 0.42000000000000054 -388.32044738433433 -405.192649143338
3.600000000000002 0.43000000000000055 -504.98530368340386 -534.6360257325161
3.600000000000002 0.44000000000000056 -656.4792976540949 -705.5269481290484
3.600000000000002 0.45000000000000057 -853.1155795018236 -931.165104594925
3.600000000000002 0.4600000000000006 -1108.2284264378434 -1229.125655805445
3.600000000000002 0.4700000000000006 -1439.0455736829383 -1622.6356357882346
3.600000000000002 0.4800000000000006 -1867.807466387768 -2142.3938285190975
3.600000000000002 0.4900000000000006 -2423.2013639937545 -2828.9770140455266
3.600000000000002 0.5000000000000006 -3142.1961293908935 -3736.0214736136513
3.700000000000002 -0.5 121261.65538615934 18268.139084649658
3.700000000000002 -0.49 94009.2169088072 13805.096564114407
3.700000000000002 -0.48 72880.52141621435 10425.59988259071
3.700000000000002 -0.47 56499.76105393468 7867.996745477395
3.700000000000002 -0.45999999999999996 43800.17696709938 5933.523000366495
3.700000000000002 -0.44999999999999996 33954.64881725959 4471.2494278356235
3.700000000000002 -0.43999999999999995 26321.87086204413 3366.6186700897815
3.700000000000002 -0.42999999999999994 20404.615125431184 2532.7188310429246
3.700000000000002 -0.41999999999999993 15817.367749296525 1903.6425832013963
3.700000000000002 -0.4099999999999999 12261.233866582152 1429.43509138569
3.700000000000002 -0.3999999999999999 9504.47883811545 1072.251991108544
3.700000000000002 -0.3899999999999999 7367.440137021918 803.4386656399548
3.700000000000002 -0.3799999999999999 5710.828349300178 601.3107448865547
3.700000000000002 -0.3699999999999999 4426.656148109076 449.4681415090217
3.700000000000002 -0.3599999999999999 3431.2050114247018 335.5148973387074
3.700000000000002 -0.34999999999999987 2659.571993563297 250.08757914543907
3.700000000000002 -0.33999999999999986 2061.441643790802 186.118185536138
3.700000000000002 -0.32999999999999985 1597.8078700856988 138.27522325469232
3.700000000000002 -0.31999999999999984 1238.432353863406 102.54009252291128
3.700000000000002 -0.30999999999999983 959.8740500947671 75.88618820599976
3.700000000000002 -0.2999999999999998 743.9614728345249 56.0359403784021
3.700000000000002 -0.2899999999999998 576.6082853030217 41.27696717901322
3.700000000000002 -0.2799999999999998 446.89506042354583 30.323039301149933
3.700000000000002 -0.2699999999999998 346.35740546773343 22.208998160752422
3.700000000000002 -0.2599999999999998 268.4340802738497 16.211387251626352
3.700000000000002 -0.24999999999999978 208.0391563798579 11.78854550168813
3.700000000000002 -0.23999999999999977 161.23034213693336 8.535422738554843
3.700000000000002 -0.22999999999999976 124.9518620108894 6.149525058952053
3.700000000000002 -0.21999999999999975 96.83513440431932 4.40526908238059
3.700000000000002 -0.20999999999999974 75.04425747366622 3.134685078954545
3.700000000000002 -0.19999999999999973 58.15623163449144 2.212910269521099
3.700000000000002 -0.18999999999999972 45.06811077087083 1.5472936042087069
3.700000000000002 -0.17999999999999972 34.92502893262842 1.0692212397782728
3.700000000000002 -0.1699999999999997 27.064409770259356 0.7279899605372346
3.700000000000002 -0.1599999999999997 20.972720706171355 0.4862207972092917
3.700000000000002 -0.1499999999999997 16.25195156208753 0.3164299120481149
3.700000000000002 -0.13999999999999968 12.59363131238873 0.1984681715020935
3.700000000000002 -0.12999999999999967 9.758688105912338 0.1176121087519998
3.700000000000002 -0.11999999999999968 7.561838710044961 0.0631427937152503
3.700000000000002 -0.10999999999999968 5.859488904070805 0.0272897291527264
3.700000000000002 -0.09999999999999969 4.540355329376117 0.0044475010177317
3.700000000000002 -0.08999999999999969 3.5181968136820356 -0.0094040291467638
3.700000000000002 -0.0799999999999997 2.7261807935299096 -0.0171278430936239
3.700000000000002 -0.0699999999999997 2.112517132754635 -0.0207449918019304
3.700000000000002 -0.0599999999999997 1.6370743282880804 -0.0216659090943876
3.700000000000002 -0.0499999999999997 1.2687571992469449 -0.0208594201574122
3.700000000000002 -0.039999999999999696 0.9834748505740886 -0.0189755150824958
3.700000000000002 -0.029999999999999694 0.7625662289263564 -0.0164337990951486
3.700000000000002 -0.01999999999999969 0.5915804585552679 -0.0134864052126578
3.700000000000002 -0.009999999999999691 0.4593323067866596 -0.0102617996292854
3.700000000000002 3.0878077872387166e-16 0.3571710932447132 -0.0067941262725405
3.700000000000002 0.010000000000000309 0.2784152961875046 -0.0030413730493541
3.700000000000002 0.02000000000000031 0.2179159327745755 0.0011054183447169
3.700000000000002 0.03000000000000031 0.1717202041546751 0.0058205256215959
3.700000000000002 0.04000000000000031 0.1368134502188012 0.0113488377818351
3.700000000000002 0.050000000000000315 0.110922580702852 0.0180180317507978
3.700000000000002 0.06000000000000032 0.0923681736713194 0.0262582047608425
3.700000000000002 0.07000000000000031 0.0799556223580453 0.0366301631215668
3.700000000000002 0.08000000000000031 0.0728982756078038 0.0498642735705183
3.700000000000002 0.0900000000000003 0.0707676237347382 0.0669126210397555
3.700000000000002 0.1000000000000003 0.0734673686894559 0.0890182520416809
3.700000000000002 0.11000000000000029 0.0812298024390418 0.1178065961399169
3.700000000000002 0.12000000000000029 0.0946344047209947 0.1554058500360252
3.700000000000002 0.13000000000000028 0.1146500587870852 0.2046053090762731
3.700000000000002 0.1400000000000003 0.1427038693257712 0.269063507303744
3.700000000000002 0.1500000000000003 0.1807813545877527 0.3535817986877406
3.700000000000002 0.1600000000000003 0.231564891805154 0.4644639660829231
3.700000000000002 0.17000000000000032 0.2986198583746342 0.6099889581350847
3.700000000000002 0.18000000000000033 0.3866410966089608 0.8010324241216423
3.700000000000002 0.19000000000000034 0.5017763413707502 1.051883996061784
3.700000000000002 0.20000000000000034 0.652048342542068 1.3813221171076187
3.700000000000002 0.21000000000000035 0.8479039086322797 1.814027769381038
3.700000000000002 0.22000000000000036 1.1029263984299915 2.3824442078455808
3.700000000000002 0.23000000000000037 1.4347588056156788 3.129223729915839
3.700000000000002 0.24000000000000038 1.8662981622911663 4.110447201172766
3.700000000000002 0.2500000000000004 2.4272393457747903 5.399860941276425
3.700000000000002 0.2600000000000004 3.156068533513624 7.0944531683817456
3.700000000000002 0.2700000000000004 4.1026347992938685 9.321794463120746
3.700000000000002 0.2800000000000004 5.331464287308318 12.24970150343622
3.700000000000002 0.2900000000000004 6.926027039477429 16.09896100659796
3.700000000000002 0.30000000000000043 8.994224362460518 21.160085071998367
3.700000000000002 0.31000000000000044 11.675437652050435 27.815377993958485
3.700000000000002 0.32000000000000045 15.149571567266793 36.56800191933933
3.700000000000002 0.33000000000000046 19.648639872596238 48.08026588162264
3.700000000000002 0.34000000000000047 25.471586543101477 63.2240712161488
3.700000000000002 0.3500000000000005 33.003214230715734 83.14738087168465
3.700000000000002 0.3600000000000005 42.7383143212397 109.36181289862073
3.700000000000002 0.3700000000000005 55.31236595504786 143.85808472280885
3.700000000000002 0.3800000000000005 71.54050472792328 189.2581804891806
3.700000000000002 0.3900000000000005 92.46686489998734 249.01594477890694
3.700000000000002 0.4000000000000005 119.42688096825954 327.68154142852745
3.700000000000002 0.41000000000000053 154.12570273691 431.25014507771743
3.700000000000002 0.42000000000000054 198.73653577186005 567.6217368580412
3.700000000000002 0.43000000000000055 256.02346181381944 747.207457518646
3.700000000000002 0.44000000000000056 329.49410336572606 983.7292950625751
3.700000000000002 0.45000000000000057 423.5883331940063 1295.2748251317944
3.700000000000002 0.4600000000000006 543.9100177268689 1705.688435388107
3.700000000000002 0.4700000000000006 697.5093937098032 2246.4064719351463
3.700000000000002 0.4800000000000006 893.2238975470589 2958.8780522677034
3.700000000000002 0.4900000000000006 1142.0847596353603 3897.758538066209
3.700000000000002 0.5000000000000006 1457.7949200474086 5135.122332948525
3.800000000000002 -0.5 -106846.34884220977 50427.63388269108
3.800000000000002 -0.49 -82641.92447979738 39381.12465751577
3.800000000000002 -0.48 -63919.59861973329 30752.11689861285
3.800000000000002 -0.47 -49437.95666683243 24012.081948351835
3.800000000000002 -0.45999999999999996 -38236.648314165745 18747.91693998361
3.800000000000002 -0.44999999999999996 -29572.76454770234 14636.765749129763
3.800000000000002 -0.43999999999999995 -22871.6140025155 11426.325800327297
3.800000000000002 -0.42999999999999994 -17688.640357240845 8919.447068509833
3.800000000000002 -0.41999999999999993 -13679.959618119072 6962.088977717001
3.800000000000002 -0.4099999999999999 -10579.566561385069 5433.903991670899
3.800000000000002 -0.3999999999999999 -8181.700984693864 4240.875701339403
3.800000000000002 -0.3899999999999999 -6327.205948905809 3309.5636962395606
3.800000000000002 -0.3799999999999999 -4892.974455656578 2582.604945016046
3.800000000000002 -0.3699999999999999 -3783.7854811022394 2015.197672879485
3.800000000000002 -0.3599999999999999 -2925.9884966763925 1572.3534042010604
3.800000000000002 -0.34999999999999987 -2262.618019729644 1226.749538007714
3.800000000000002 -0.33999999999999986 -1749.61444902666 957.0513617426932
3.800000000000002 -0.32999999999999985 -1352.9007193657787 746.6009926510835
3.800000000000002 -0.31999999999999984 -1046.1210051759529 582.3930954679417
3.800000000000002 -0.30999999999999983 -808.8915672505748 454.2747134592888
3.800000000000002 -0.2999999999999998 -625.4477732258224 354.32022702771167
3.800000000000002 -0.2899999999999998 -483.5975775468665 276.3431495292035
3.800000000000002 -0.2799999999999998 -373.9120588288838 215.5148328884655
3.800000000000002 -0.2699999999999998 -289.0993266580203 168.06669408192624
3.800000000000002 -0.2599999999999998 -223.5202666551969 131.057685125333
3.800000000000002 -0.24999999999999978 -172.81399721108008 102.19272488316447
3.800000000000002 -0.23999999999999977 -133.6081866462415 79.68093413066977
3.800000000000002 -0.22999999999999976 -103.29500764082972 62.1249561745713
3.800000000000002 -0.21999999999999975 -79.85785950718953 48.434552842673924
3.800000000000002 -0.20999999999999974 -61.73735674603698 37.75915620531419
3.800000000000002 -0.19999999999999973 -47.7276875287367 29.435221033959905
3.800000000000002 -0.18999999999999972 -36.89646096200878 22.945132917696906
3.800000000000002 -0.17999999999999972 -28.522720802982207 17.885137802322873
3.800000000000002 -0.1699999999999997 -22.049009048100643 13.940313996106026
3.800000000000002 -0.1599999999999997 -17.044295467721838 10.865041411798725
3.800000000000002 -0.1499999999999997 -13.175310546929374 8.467761567661354
3.800000000000002 -0.13999999999999968 -10.184377267103063 6.59908642682167
3.800000000000002 -0.12999999999999967 -7.872268732748907 5.14252074924977
3.800000000000002 -0.11999999999999968 -6.084952444445492 4.007223950428374
3.800000000000002 -0.10999999999999968 -4.703340188119248 3.1223634175321284
3.800000000000002 -0.09999999999999969 -3.635362184488871 2.432709571832997
3.800000000000002 -0.08999999999999969 -2.809838571789508 1.8951997346135607
3.800000000000002 -0.0799999999999997 -2.17174072978282 1.4762577786535527
3.800000000000002 -0.0699999999999997 -1.6785273219869499 1.1497033190861687
3.800000000000002 -0.0599999999999997 -1.2973113684218167 0.8951206983710698
3.800000000000002 -0.0499999999999997 -1.0026699062440707 0.6965865008373361
3.800000000000002 -0.039999999999999696 -0.7749505191353242 0.5416765496172321
3.800000000000002 -0.029999999999999694 -0.5989620557455057 0.4206906639997834
3.800000000000002 -0.01999999999999969 -0.4629624075117977 0.3260469579325556
3.800000000000002 -0.009999999999999691 -0.3578759741038975 0.2518079744848094
3.800000000000002 3.0878077872387166e-16 -0.2766887233014497 0.1933091259235904
3.800000000000002 0.010000000000000309 -0.2139805664607075 0.1468662494528384
3.800000000000002 0.02000000000000031 -0.1655639059225751 0.1095439858444159
3.800000000000002 0.03000000000000031 -0.1282042737455769 0.0789704438384071
3.800000000000002 0.04000000000000031 -0.0994044412685004 0.0531864579293008
3.800000000000002 0.050000000000000315 -0.0772375988396339 0.0305198546102515
3.800000000000002 0.06000000000000032 -0.0602184646393 0.0094766394545205
3.800000000000002 0.07000000000000031 -0.0472036968769225 -0.0113580072109628
3.800000000000002 0.08000000000000031 -0.0373149210117949 -0.0334155304625324
3.800000000000002 0.0900000000000003 -0.0298791704460349 -0.0582431375027993
3.800000000000002 0.1000000000000003 -0.0243826722808132 -0.0876131988771564
3.800000000000002 0.11000000000000029 -0.0204347618503143 -0.1236507183491877
3.800000000000002 0.12000000000000029 -0.0177393337614605 -0.1689881139628777
3.800000000000002 0.13000000000000028 -0.0160716693824708 -0.226958667301265
3.800000000000002 0.1400000000000003 -0.0152587427301638 -0.301842952485809
3.800000000000002 0.1500000000000003 -0.0151612060792519 -0.3991865776613266
3.800000000000002 0.1600000000000003 -0.0156551864069474 -0.5262129663431883
3.800000000000002 0.17000000000000032 -0.0166117606696407 -0.6923620845176909
3.800000000000002 0.18000000000000033 -0.0178714787318633 -0.909995527361027
3.800000000000002 0.19000000000000034 -0.0192104990463424 -1.1953209393246262
3.800000000000002 0.20000000000000034 -0.0202936919480216 -1.5696053077345242
3.800000000000002 0.21000000000000035 -0.0206083014573036 -2.060768502815866
3.800000000000002 0.22000000000000036 -0.0193692297163404 -2.7054771977759775
3.800000000000002 0.23000000000000037 -0.015383424360602 -3.5518971820060354
3.800000000000002 0.24000000000000038 -0.0068557963294027 -4.6633119665743745
3.800000000000002 0.2500000000000004 0.0088880009648877 -6.122881281024859
3.800000000000002 0.2600000000000004 0.0357965410060154 -8.039899592868721
3.800000000000002 0.2700000000000004 0.0796538501321022 -10.558028762690546
3.800000000000002 0.2800000000000004 0.1488747998496382 -13.866129102752458
3.800000000000002 0.2900000000000004 0.2556296269185496 -18.21251093947681
3.800000000000002 0.30000000000000043 0.4174302215355024 -23.923689461967363
3.800000000000002 0.31000000000000044 0.6593632582412412 -31.429069180417248
3.800000000000002 0.32000000000000045 1.0172281547089939 -41.293437115589434
3.800000000000002 0.33000000000000046 1.5419391556932358 -54.25974071529025
3.800000000000002 0.34000000000000047 2.305691528350344 -71.30541338775888
3.800000000000002 0.3500000000000005 3.410587115498528 -93.71654807349664
3.800000000000002 0.3600000000000005 5.000685355525445 -123.18558743545813
3.800000000000002 0.3700000000000005 7.278821442128912 -161.94000358979318
3.800000000000002 0.3800000000000005 10.530053824042804 -212.91182012963895
3.800000000000002 0.3900000000000005 15.154324422259517 -279.96096836014243
3.800000000000002 0.4000000000000005 21.71191378843125 -368.16961080011083
3.800000000000002 0.41000000000000053 30.98665644441378 -484.2300283414573
3.800000000000002 0.42000000000000054 44.073796087900966 -636.9558756056557
3.800000000000002 0.43000000000000055 62.50200981188352 -837.9561197149235
3.800000000000002 0.44000000000000056 88.402796414397 -1102.5235268583538
3.800000000000002 0.45000000000000057 124.7454953258446 -1450.8061197248628
3.800000000000002 0.4600000000000006 175.6632174297192 -1909.3518781643452
3.800000000000002 0.4700000000000006 246.90467040933493 -2513.145785080467
3.800000000000002 0.4800000000000006 346.46027658081687 -3308.2963579083644
3.800000000000002 0.4900000000000006 485.4295303826742 -4355.578990915675
3.800000000000002 0.5000000000000006 679.2221881909504 -5735.109636972796
3.900000000000002 -0.5 58453.65369573097 -97669.74065791247
3.900000000000002 -0.49 45009.35471391401 -75846.34009808044
3.900000000000002 -0.48 34655.4138030981 -58898.08431889809
3.900000000000002 -0.47 26681.8707182796 -45736.15975862866
3.900000000000002 -0.45999999999999996 20541.778716414043 -35514.87165955796
3.900000000000002 -0.44999999999999996 15813.794658696695 -27577.371468237438
3.900000000000002 -0.43999999999999995 12173.349983148011 -21413.496843886125
3.900000000000002 -0.42999999999999994 9370.435268552887 -16627.021639349347
3.900000000000002 -0.41999999999999993 7212.481925101631 -12910.216094705067
3.900000000000002 -0.4099999999999999 5551.172101206028 -10024.085910879254
3.900000000000002 -0.3999999999999999 4272.275831285454 -7783.02282487497
3.900000000000002 -0.3899999999999999 3287.8209974185047 -6042.882084196958
3.900000000000002 -0.3799999999999999 2530.0608967266976 -4691.721917252576
3.900000000000002 -0.3699999999999999 1946.8269366259078 -3642.6107854596407
3.900000000000002 -0.3599999999999999 1497.9485800035682 -2828.040811880029
3.900000000000002 -0.34999999999999987 1152.4955766594449 -2195.588803589448
3.900000000000002 -0.33999999999999986 886.6537147739032 -1704.5463202493777
3.900000000000002 -0.32999999999999985 682.0886375739269 -1323.3024171953641
3.900000000000002 -0.31999999999999984 524.6856491381988 -1027.31099203725
3.900000000000002 -0.30999999999999983 403.5791561546628 -797.5121848920083
3.900000000000002 -0.2999999999999998 310.40521458659185 -619.106429082967
3.900000000000002 -0.2899999999999998 238.7259245512955 -480.6023900813392
3.900000000000002 -0.2799999999999998 183.58618615437246 -373.07761742286567
3.900000000000002 -0.2699999999999998 141.17239740819144 -289.60439519331555
3.900000000000002 -0.2599999999999998 108.54966226079326 -224.80388769326223
3.900000000000002 -0.24999999999999978 83.45945970118574 -174.4999187859472
3.900000000000002 -0.23999999999999977 64.16387191343486 -135.45012503624005
3.900000000000002 -0.22999999999999976 49.32566414858503 -105.13719487010917
3.900000000000002 -0.21999999999999975 37.91596994421812 -81.60676775557553
3.900000000000002 -0.20999999999999974 29.143230973704917 -63.34156672411727
3.900000000000002 -0.19999999999999973 22.398500939856735 -49.16366698680858
3.900000000000002 -0.18999999999999972 17.21334754450489 -38.15861252963703
3.900000000000002 -0.17999999999999972 13.22745272085226 -29.616497588749766
3.900000000000002 -0.1699999999999997 10.163678375892486 -22.98622105471304
3.900000000000002 -0.1599999999999997 7.808878594034702 -17.83996923623844
3.900000000000002 -0.1499999999999997 5.99913483677056 -13.845640472884627
3.900000000000002 -0.13999999999999968 4.608395281068632 -10.745436112351552
3.900000000000002 -0.12999999999999967 3.5397339815475957 -8.339239205508013
3.900000000000002 -0.11999999999999968 2.718626124880668 -6.471710430326215
3.900000000000002 -0.10999999999999968 2.0877746754930584 -5.022270046633429
3.900000000000002 -0.09999999999999969 1.6031307447646006 -3.8973204930269514
3.900000000000002 -0.08999999999999969 1.2308324107955597 -3.024208515209164
3.900000000000002 -0.0799999999999997 0.9448501398149608 -2.3465377408977566
3.900000000000002 -0.0699999999999997 0.7251757779585895 -1.8205295968729085
3.900000000000002 -0.0599999999999997 0.5564296540953719 -1.4121979946776149
3.900000000000002 -0.0499999999999997 0.4267892483045072 -1.09515563824793
3.900000000000002 -0.039999999999999696 0.3271651286605207 -0.848910503168185
3.900000000000002 -0.029999999999999694 0.2505669747551761 -0.657542622543333
3.900000000000002 -0.01999999999999969 0.191615670118025 -0.5086758216444661
3.900000000000002 -0.009999999999999691 0.1461675655143094 -0.3926780499943576
3.900000000000002 3.0878077872387166e-16 0.111024789358049 -0.3020386887823272
3.900000000000002 0.010000000000000309 0.0837114468266889 -0.230882611344046
3.900000000000002 0.02000000000000031 0.0623001175440585 -0.1745895782844073
3.900000000000002 0.03000000000000031 0.0452765482690635 -0.129494322627948
3.900000000000002 0.04000000000000031 0.0314330824449058 -0.0926478590109308
3.900000000000002 0.050000000000000315 0.0197833550103334 -0.0616244660290159
3.900000000000002 0.06000000000000032 0.0094922450505754 -0.0343616920145236
3.900000000000002 0.07000000000000031 -0.0001838792873669 -0.0090228051449974
3.900000000000002 0.08000000000000031 -0.0099508993154848 0.0161275223849354
3.900000000000002 0.0900000000000003 -0.0205285601994816 0.0428427573813506
3.900000000000002 0.1000000000000003 -0.0327037537490019 0.0730175679043166
3.900000000000002 0.11000000000000029 -0.0473894430851052 0.1088231074532703
3.900000000000002 0.12000000000000029 -0.0656936830771106 0.1528642552785232
3.900000000000002 0.13000000000000028 -0.0890040117666593 0.2083702850814786
3.900000000000002 0.1400000000000003 -0.1190937182287868 0.2794330165351341
3.900000000000002 0.1500000000000003 -0.158258231709832 0.3713101305553207
3.900000000000002 0.1600000000000003 -0.2094922662874356 0.4908162786306845
3.900000000000002 0.17000000000000032 -0.2767215878293597 0.6468312671831814
3.900000000000002 0.18000000000000033 -0.3651076070029528 0.850963457310195
3.900000000000002 0.19000000000000034 -0.4814487946356234 1.1184182638488362
3.900000000000002 0.20000000000000034 -0.6347106338689005 1.46913716101241
3.900000000000002 0.21000000000000035 -0.8367260952481357 1.9292930893117493
3.900000000000002 0.22000000000000036 -1.1031222843794157 2.533255174670708
3.900000000000002 0.23000000000000037 -1.4545470856721434 3.326171280872828
3.900000000000002 0.24000000000000038 -1.9182938028593384 4.367363846208126
3.900000000000002 0.2500000000000004 -2.530453970450926 5.734796300648543
3.900000000000002 0.2600000000000004 -3.3387713417806366 7.530948866348443
3.900000000000002 0.2700000000000004 -4.406427105580274 9.890549973818468
3.900000000000002 0.2800000000000004 -5.817062399294099 12.990751143496126
3.900000000000002 0.2900000000000004 -7.681445534985715 17.064519897361137
3.900000000000002 0.30000000000000043 -10.146326547989029 22.41827148130651
3.900000000000002 0.31000000000000044 -13.4062021250941 29.45508491599276
3.900000000000002 0.32000000000000045 -17.71895495551836 38.70527727235724
3.900000000000002 0.33000000000000046 -23.426653578130093 50.86667527122447
3.900000000000002 0.34000000000000047 -30.983229392021883 66.857669178051
3.900000000000002 0.3500000000000005 -40.9913236162654 87.88711844114219
3.900000000000002 0.3600000000000005 -54.25136830776802 115.54647818160244
3.900000000000002 0.3700000000000005 -71.82699889509946 151.93123171481008
3.900000000000002 0.3800000000000005 -95.13228100676612 199.80098060753363
3.900000000000002 0.3900000000000005 -126.04809282956852 262.7905373373252
3.900000000000002 0.4000000000000005 -167.0774991723766 345.6883204952475
3.900000000000002 0.41000000000000053 -221.55330521594485 454.80357827426445
3.900000000000002 0.42000000000000054 -293.9154841775537 598.4508723026576
3.900000000000002 0.43000000000000055 -390.08223593854655 787.5893826075137
3.900000000000002 0.44000000000000056 -517.9465969410364 1036.6666626299589
3.900000000000002 0.45000000000000057 -688.0415215195777 1364.7324295077065
3.900000000000002 0.4600000000000006 -914.4311885959993 1796.909074742631
3.900000000000002 0.4700000000000006 -1215.906307520348 2366.333485184024
3.900000000000002 0.4800000000000006 -1617.5882377566247 3116.7216723012816
3.900000000000002 0.4900000000000006 -2153.0832913053855 4105.756527722951
3.900000000000002 0.5000000000000006 -2867.378042065543 5409.563603303706
4.000000000000002 -0.5 5617.262261749081 109511.72904904453
4.000000000000002 -0.49 4669.251644547646 84836.8927736652
4.000000000000002 -0.48 3863.304300732807 65720.81789975271
4.000000000000002 -0.47 3183.5204310840545 50911.425028476144
4.000000000000002 -0.45999999999999996 2613.9556460151757 39438.613086976264
4.000000000000002 -0.44999999999999996 2139.447549381779 30550.765792845083
4.000000000000002 -0.43999999999999995 1746.0722834490232 23665.552754197328
4.000000000000002 -0.42999999999999994 1421.3557761533452 18331.807499696602
4.000000000000002 -0.41999999999999993 1154.327017171567 14199.988917166214
4.000000000000002 -0.4099999999999999 935.4737991261334 10999.293803367778
4.000000000000002 -0.3999999999999999 756.6421521311686 8519.92315591012
4.000000000000002 -0.3899999999999999 610.907077693158 6599.341887251943
4.000000000000002 -0.3799999999999999 492.4326100743457 5111.63283443983
4.000000000000002 -0.3699999999999999 396.3325690174868 3959.2483453609934
4.000000000000002 -0.3599999999999999 318.53879068741816 3066.6195719863863
4.000000000000002 -0.34999999999999987 255.6805317381074 2375.2051454407297
4.000000000000002 -0.33999999999999986 204.97669788476594 1839.655092520559
4.000000000000002 -0.32999999999999985 164.1412378076555 1424.8388360036452
4.000000000000002 -0.31999999999999984 131.30123919453249 1103.5426738716142
4.000000000000002 -0.30999999999999983 104.92680455957357 854.6859534884398
4.000000000000002 -0.2999999999999998 83.77155561023993 661.9391117535476
4.000000000000002 -0.2899999999999998 66.82253594172667 512.6530621461881
4.000000000000002 -0.2799999999999998 53.25829681987965 397.0297954405813
4.000000000000002 -0.2699999999999998 42.41402144587673 307.47985636281055
4.000000000000002 -0.2599999999999998 33.75264356075498 238.12459704354822
4.000000000000002 -0.24999999999999978 26.84102951823311 184.41059062965093
4.000000000000002 -0.23999999999999977 21.33040817162089 142.81093540959483
4.000000000000002 -0.22999999999999976 16.940343459818898 110.59387213351263
4.000000000000002 -0.21999999999999975 13.445646702307917 85.6435474693467
4.000000000000002 -0.20999999999999974 10.665717506170074 66.3211734385579
4.000000000000002 -0.19999999999999973 8.455883278078078 51.3574799271469
4.000000000000002 -0.18999999999999972 6.70037782558384 39.76940830199356
4.000000000000002 -0.17999999999999972 5.30666008521276 30.795583084314075
4.000000000000002 -0.1699999999999997 4.200825530973894 23.846329601671183
4.000000000000002 -0.1599999999999997 3.323906294483155 18.46495918335471
4.000000000000002 -0.1499999999999997 2.628892475058649 14.297782250561495
4.000000000000002 -0.13999999999999968 2.07833749593778 11.070881981675276
4.000000000000002 -0.12999999999999967 1.6424355566229392 8.572124602882443
4.000000000000002 -0.11999999999999968 1.2974800355833354 6.637225818062551
4.000000000000002 -0.10999999999999968 1.024628811690885 5.138958957162768
4.000000000000002 -0.09999999999999969 0.8089165043130216 3.97879652762132
4.000000000000002 -0.08999999999999969 0.6384651019505155 3.080436508150795
4.000000000000002 -0.0799999999999997 0.5038538007600483 2.384788394569029
4.000000000000002 -0.0699999999999997 0.3976164809433314 1.8460898012368847
4.000000000000002 -0.0599999999999997 0.3138414240945892 1.4288986200738318
4.000000000000002 -0.0499999999999997 0.2478528793905582 1.1057632075609307
4.000000000000002 -0.039999999999999696 0.1959581378878087 0.85541757744155
4.000000000000002 -0.029999999999999694 0.155247051646696 0.6613830420308016
4.000000000000002 -0.01999999999999969 0.1234335862172797 0.5108844287623143
4.000000000000002 -0.009999999999999691 0.098731143544339 0.3940096511089336
4.000000000000002 3.0878077872387166e-16 0.0797551387281446 0.303057388979718
4.000000000000002 0.010000000000000309 0.0654477422496601 0.2320299809607002
4.000000000000002 0.02000000000000031 0.0550208794822189 0.1762381589881142
4.000000000000002 0.03000000000000031 0.0479145712217707 0.1319915897537035
4.000000000000002 0.04000000000000031 0.0437685543822088 0.0963548066185581
4.000000000000002 0.050000000000000315 0.042405887450116 0.0669523885052309
4.000000000000002 0.06000000000000032 0.0438279644633424 0.0418104467340372
4.000000000000002 0.07000000000000031 0.0482210775014309 0.0192238249288859
4.000000000000002 0.08000000000000031 0.0559754265650726 -0.0023599485108669
4.000000000000002 0.0900000000000003 0.0677183281342228 -0.0244478884462572
4.000000000000002 0.1000000000000003 0.084364379239422 -0.0486074126064717
4.000000000000002 0.11000000000000029 0.1071865651824626 -0.0765783234957372
4.000000000000002 0.12000000000000029 0.137913847116282 -0.1103989777849408
4.000000000000002 0.13000000000000028 0.1788627468065692 -0.1525558693464254
4.000000000000002 0.1400000000000003 0.2331130104659695 -0.2061676944467812
4.000000000000002 0.1500000000000003 0.3047407777664004 -0.2752176371412858
4.000000000000002 0.1600000000000003 0.3991270632228096 -0.3648513179538318
4.000000000000002 0.17000000000000032 0.5233651134906734 -0.4817628767898435
4.000000000000002 0.18000000000000033 0.686797781859369 -0.6346984005399241
4.000000000000002 0.19000000000000034 0.9017260494091496 -0.8351148777502626
4.000000000000002 0.20000000000000034 1.1843429995123285 -1.0980447605117347
4.000000000000002 0.21000000000000035 1.5559649485235942 -1.443231957789464
4.000000000000002 0.22000000000000036 2.0446544139091976 -1.896625894366134
4.000000000000002 0.23000000000000037 2.687359967282982 -2.492347759924059
4.000000000000002 0.24000000000000038 3.5327381664841333 -3.2752793800375355
4.000000000000002 0.2500000000000004 4.6448758600811315 -4.3044730919217296
4.000000000000002 0.2600000000000004 6.108201417229933 -5.657644343425645
4.000000000000002 0.2700000000000004 8.033966439858045 -7.437092404829739
4.000000000000002 0.2800000000000004 10.568802677468238 -9.777505143485689
4.000000000000002 0.2900000000000004 13.906022038072251 -12.856249939873575
4.000000000000002 0.30000000000000043 18.300543865814745 -16.90694601592982
4.000000000000002 0.31000000000000044 24.08862045140485 -22.23736893454582
4.000000000000002 0.32000000000000045 31.713912230461023 -29.253076002572627
4.000000000000002 0.33000000000000046 41.761969166186795 -38.488588538761114
4.000000000000002 0.34000000000000047 55.005845522829055 -50.6485589610443
4.000000000000002 0.3500000000000005 72.46646643389323 -66.6621345205061
4.000000000000002 0.3600000000000005 95.49254949097732 -87.75476780353537
4.000000000000002 0.3700000000000005 125.86646066831048 -115.54309988703025
4.000000000000002 0.3800000000000005 165.94448171045855 -152.16036558536567
4.000000000000002 0.3900000000000005 218.8427600679988 -200.4221881788433
4.000000000000002 0.4000000000000005 288.6839359565731 -264.04583826456525
4.000000000000002 0.41000000000000053 380.92440667447323 -347.9402871341924
4.000000000000002 0.42000000000000054 502.7888148092149 -458.5900342298652
4.000000000000002 0.43000000000000055 663.8471962519133 -604.5631897830608
4.000000000000002 0.44000000000000056 876.7820503347252 -797.1842588938896
4.000000000000002 0.45000000000000057 1158.4084115334588 -1051.425316184984
4.000000000000002 0.4600000000000006 1531.0311733817173 -1387.0868656219552
4.000000000000002 0.4700000000000006 2024.252276027456 -1830.363094285688
4.000000000000002 0.4800000000000006 2677.3783928671896 -2415.917380309362
4.000000000000002 0.4900000000000006 3542.630775985186 -3189.635376495507
4.000000000000002 0.5000000000000006 4689.427451326352 -4212.27819542374
4.100000000000001 -0.5 -63239.27689089059 -84614.17586321807
4.100000000000001 -0.49 -49244.90210185085 -65378.76610438875
4.100000000000001 -0.48 -38345.89851963763 -50515.07531676746
4.100000000000001 -0.47 -29857.95006304647 -39029.764504889805
4.100000000000001 -0.45999999999999996 -23247.94947494787 -30155.14660827109
4.100000000000001 -0.44999999999999996 -18100.604590726754 -23297.93828611193
4.100000000000001 -0.43999999999999995 -14092.415338631821 -17999.64809079503
4.100000000000001 -0.42999999999999994 -10971.395534458414 -13905.959478582214
4.100000000000001 -0.41999999999999993 -8541.27198719878 -10743.066624880912
4.100000000000001 -0.4099999999999999 -6649.172911786439 -8299.384495138727
4.100000000000001 -0.3999999999999999 -5176.035537993928 -6411.412931825311
4.100000000000001 -0.3899999999999999 -4029.1326733184023 -4952.81151388903
4.100000000000001 -0.3799999999999999 -3136.250400226147 -3825.9560766979807
4.100000000000001 -0.3699999999999999 -2441.152313767446 -2955.4133115611626
4.100000000000001 -0.3599999999999999 -1900.046167778844 -2282.897822809372
4.100000000000001 -0.34999999999999987 -1478.831513328436 -1763.374933280069
4.100000000000001 -0.33999999999999986 -1150.9557935488117 -1362.048987737587
4.100000000000001 -0.32999999999999985 -895.7444547025958 -1052.0360044597448
4.100000000000001 -0.31999999999999984 -697.100322285552 -812.5652077053452
4.100000000000001 -0.30999999999999983 -542.490627287095 -627.5892838719926
4.100000000000001 -0.2999999999999998 -422.15809675564634 -484.71049636737996
4.100000000000001 -0.2899999999999998 -328.5065713459121 -374.3508888034715
4.100000000000001 -0.2799999999999998 -255.62255887844316 -289.11111011288085
4.100000000000001 -0.2699999999999998 -198.90266174837845 -223.27499629444898
4.100000000000001 -0.2599999999999998 -154.76346091186355 -172.4267824996984
4.100000000000001 -0.24999999999999978 -120.41561606012357 -133.15534599692714
4.100000000000001 -0.23999999999999977 -93.68797460469433 -102.82569756776621
4.100000000000001 -0.22999999999999976 -72.89062385198436 -79.40243441182048
4.100000000000001 -0.21999999999999975 -56.708268097352075 -61.31334180430035
4.100000000000001 -0.20999999999999974 -44.11721871779581 -47.34401555779481
4.100000000000001 -0.19999999999999973 -34.32077021692475 -36.55645209037125
4.100000000000001 -0.18999999999999972 -26.69889171380676 -28.22615618489419
4.100000000000001 -0.17999999999999972 -20.769064132897192 -21.793555449861138
4.100000000000001 -0.1699999999999997 -16.155794882395874 -16.826467842813997
4.100000000000001 -0.1599999999999997 -12.56688814954938 -12.991108372562646
4.100000000000001 -0.1499999999999997 -9.774974406486407 -10.02969270064554
4.100000000000001 -0.13999999999999968 -7.603134040411592 -7.7431370284685
4.100000000000001 -0.12999999999999967 -5.91370801924541 -5.977694914330204
4.100000000000001 -0.11999999999999968 -4.599589397767293 -4.614635335417805
4.100000000000001 -0.10999999999999968 -3.577445893389462 -3.5622700287598277
4.100000000000001 -0.09999999999999969 -2.782445554915653 -2.749795540156644
4.100000000000001 -0.08999999999999969 -2.1641523759521277 -2.122537011727229
4.100000000000001 -0.0799999999999997 -1.6833325360092892 -1.6382746843423084
4.100000000000001 -0.0699999999999997 -1.3094694354637175 -1.2644066684225619
4.100000000000001 -0.0599999999999997 -1.0188304460192534 -0.9757576037332394
4.100000000000001 -0.0499999999999997 -0.7929631457858998 -0.7528861396295248
4.100000000000001 -0.039999999999999696 -0.6175259439027532 -0.5807776218904785
4.100000000000001 -0.029999999999999694 -0.4813791345520341 -0.4478342113899768
4.100000000000001 -0.01999999999999969 -0.3758788872757383 -0.3450946141459396
4.100000000000001 -0.009999999999999691 -0.2943295187911864 -0.2656310085475102
4.100000000000001 3.0878077872387166e-16 -0.2315594116029346 -0.204082645976826
4.100000000000001 0.010000000000000309 -0.1835937797793053 -0.1562947722938182
4.100000000000001 0.02000000000000031 -0.1474036279644015 -0.1190385841996636
4.100000000000001 0.03000000000000031 -0.120715095502144 -0.0897933696852067
4.100000000000001 0.04000000000000031 -0.1018672313810748 -0.0665761494936123
4.100000000000001 0.050000000000000315 -0.0897093535119147 -0.04780731552895
4.100000000000001 0.06000000000000032 -0.0835317072783103 -0.0322031646309678
4.100000000000001 0.07000000000000031 -0.0830253195839851 -0.0186880119015578
4.100000000000001 0.08000000000000031 -0.0882688893859369 -0.006319854765669
4.100000000000001 0.0900000000000003 -0.0997423945130121 0.0057755689606268
4.100000000000001 0.1000000000000003 -0.1183689537653694 0.0184669733762474
4.100000000000001 0.11000000000000029 -0.1455884937928147 0.0326804290896684
4.100000000000001 0.12000000000000029 -0.1834690769080593 0.0494675832634238
4.100000000000001 0.13000000000000028 -0.2348645181762591 0.0700842808940349
4.100000000000001 0.1400000000000003 -0.303630364350174 0.0960855405228232
4.100000000000001 0.1500000000000003 -0.3949146827585268 0.1294441628197847
4.100000000000001 0.1600000000000003 -0.5155457469173772 0.1727021424948504
4.100000000000001 0.17000000000000032 -0.6745460373004909 0.229166666677353
4.100000000000001 0.18000000000000033 -0.8838115615584659 0.3031660279175782
4.100000000000001 0.19000000000000034 -1.1590080745917013 0.4003855441833586
4.100000000000001 0.20000000000000034 -1.520752313567818 0.5283099474653867
4.100000000000001 0.21000000000000035 -1.996168132495854 0.696807193525116
4.100000000000001 0.22000000000000036 -2.62093610958493 0.9188999482744926
4.100000000000001 0.23000000000000037 -3.4419930330441413 1.2117860427062581
4.100000000000001 0.24000000000000038 -4.521087587799516 1.5981891876072845
4.100000000000001 0.2500000000000004 -5.939464455839841 2.1081478417732633
4.100000000000001 0.2600000000000004 -7.804036052474655 2.7813855220745864
4.100000000000001 0.2700000000000004 -10.255516061987665 3.6704529528030183
4.100000000000001 0.2800000000000004 -13.479140831276583 4.844895178269534
4.100000000000001 0.2900000000000004 -17.718805484014283 6.396780322203984
4.100000000000001 0.30000000000000043 -23.29570717848781 8.448038043454108
4.100000000000001 0.31000000000000044 -30.63293926849778 11.160204238624283
4.100000000000001 0.32000000000000045 -40.28794512904019 14.747366666194305
4.100000000000001 0.33000000000000046 -52.995356105167836 19.49337063939759
4.100000000000001 0.34000000000000047 -69.72355361831445 25.774697174252
4.100000000000001 0.3500000000000005 -91.74937628899198 34.090898049819366
4.100000000000001 0.3600000000000005 -120.75682593754757 45.10510348893413
4.100000000000001 0.3700000000000005 -158.96752717344003 59.69796278621821
4.100000000000001 0.3800000000000005 -209.31321798358135 79.03950901805248
4.100000000000001 0.3900000000000005 -275.663898459823 104.68495390174154
4.100000000000001 0.4000000000000005 -363.1297151056039 138.70244973357705
4.100000000000001 0.41000000000000053 -478.460573970057 183.84357965042236
4.100000000000001 0.42000000000000054 -630.5753443946917 243.77099450190238
4.100000000000001 0.43000000000000055 -831.262987406278 323.3625271557291
4.100000000000001 0.44000000000000056 -1096.111889211238 429.117718813405
4.100000000000001 0.45000000000000057 -1445.7422657510199 569.7015755862245
4.100000000000001 0.4600000000000006 -1907.4412891472798 756.6723332046599
4.100000000000001 0.4700000000000006 -2517.333662833099 1005.4561205889812
4.100000000000001 0.4800000000000006 -3323.264546011775 1336.6531382455905
4.100000000000001 0.4900000000000006 -4388.630769767287 1777.789283150068
4.100000000000001 0.5000000000000006 -5797.475265408878 2365.6667418847533
4.200000000000001 -0.5 95988.598082356 33779.23704429947
4.200000000000001 -0.49 74473.18979908788 25895.180435317172
4.200000000000001 -0.48 57779.46791601142 19848.700351425618
4.200000000000001 -0.47 44827.076499654824 15212.059305113266
4.200000000000001 -0.45999999999999996 34777.680226922144 11656.964514036461
4.200000000000001 -0.44999999999999996 26980.757501501655 8931.47432336794
4.200000000000001 -0.43999999999999995 20931.53226759644 6842.261800278581
4.200000000000001 -0.42999999999999994 16238.326804293007 5240.994014879233
4.200000000000001 -0.41999999999999993 12597.226128341255 4013.8729532925345
4.200000000000001 -0.4099999999999999 9772.416830980834 3073.6049529936618
4.200000000000001 -0.3999999999999999 7580.929688759219 2353.235374595197
4.200000000000001 -0.3899999999999999 5880.79986745864 1801.4157452622785
4.200000000000001 -0.3799999999999999 4561.879340173185 1378.7709151064148
4.200000000000001 -0.3699999999999999 3538.7075156320357 1055.1108474415428
4.200000000000001 -0.3599999999999999 2744.979083170324 807.2908901317996
4.200000000000001 -0.34999999999999987 2129.2513130697466 617.5698797581002
4.200000000000001 -0.33999999999999986 1651.6131705848986 472.3503891291666
4.200000000000001 -0.32999999999999985 1281.1007825282968 361.21228341969146
4.200000000000001 -0.31999999999999984 993.6920526442926 276.1713777478045
4.200000000000001 -0.30999999999999983 770.7506731207743 211.1108319022653
4.200000000000001 -0.2999999999999998 597.818843863321 161.34508488103853
4.200000000000001 -0.2899999999999998 463.6805663586864 123.28547496105813
4.200000000000001 -0.2799999999999998 359.6348825373036 94.18386490663556
4.200000000000001 -0.2699999999999998 278.9320121866086 71.93609972974005
4.200000000000001 -0.2599999999999998 216.33588309315263 54.93135265629486
4.200000000000001 -0.24999999999999978 167.78472756769816 41.9366605694327
4.200000000000001 -0.23999999999999977 130.12776614481282 32.00844129801742
4.200000000000001 -0.22999999999999976 100.92092443788613 24.424696901910114
4.200000000000001 -0.21999999999999975 78.26835087309117 18.633074141446972
4.200000000000001 -0.20999999999999974 60.69946849057543 14.211078948872222
4.200000000000001 -0.19999999999999973 47.07359500505301 10.83560530021367
4.200000000000001 -0.18999999999999972 36.505950716160115 8.259601348431376
4.200000000000001 -0.17999999999999972 28.310259165652305 6.2942038026648435
4.200000000000001 -0.1699999999999997 21.954220294083793 4.795061235582978
4.200000000000001 -0.1599999999999997 17.024969814017712 3.6518658367484913
4.200000000000001 -0.1499999999999997 13.20228556754318 2.7803422619000404
4.200000000000001 -0.13999999999999968 10.237803657497928 2.1161178925814026
4.200000000000001 -0.12999999999999967 7.938896635691907 1.6100334770787885
4.200000000000001 -0.11999999999999968 6.156168215829216 1.2245563319193584
4.200000000000001 -0.10999999999999968 4.773753422619721 0.9310373772734948
4.200000000000001 -0.09999999999999969 3.7017949747792054 0.7076138854918556
4.200000000000001 -0.08999999999999969 2.870607809682706 0.5376062550045347
4.200000000000001 -0.0799999999999997 2.2261531322778314 0.4082926912572974
4.200000000000001 -0.0699999999999997 1.7265283032560994 0.3099729201743111
4.200000000000001 -0.0599999999999997 1.3392447747285983 0.2352529236108458
4.200000000000001 -0.0499999999999997 1.0391174059583628 0.1784986622256583
4.200000000000001 -0.039999999999999696 0.8066281606909003 0.1354189827056288
4.200000000000001 -0.029999999999999694 0.6266579728084853 0.1027472698586529
4.200000000000001 -0.01999999999999969 0.4875044644261677 0.0779985715060882
4.200000000000001 -0.009999999999999691 0.3801217599280312 0.0592844101661714
4.200000000000001 3.0878077872387166e-16 0.2975330647850406 0.0451716947154299
4.200000000000001 0.010000000000000309 0.2343779054934298 0.034575359836336
4.200000000000001 0.02000000000000031 0.1865646857664846 0.0266768227673427
4.200000000000001 0.03000000000000031 0.1510060735966804 0.0208622332204971
4.200000000000001 0.04000000000000031 0.1254201406366438 0.0166759394610295
4.200000000000001 0.050000000000000315 0.1081844825264561 0.0137857058933279
4.200000000000001 0.06000000000000032 0.0982340387184144 0.0119570752684978
4.200000000000001 0.07000000000000031 0.0949962333618612 0.0110349334891007
4.200000000000001 0.08000000000000031 0.0983595684394449 0.0109308544468613
4.200000000000001 0.0900000000000003 0.1086740862752357 0.0116152130760641
4.200000000000001 0.1000000000000003 0.1267843381533554 0.0131133852333469
4.200000000000001 0.11000000000000029 0.1540978051304463 0.0155056251198153
4.200000000000001 0.12000000000000029 0.1926942819747098 0.0189304417180019
4.200000000000001 0.13000000000000028 0.2454847430913896 0.023591498016872
4.200000000000001 0.1400000000000003 0.3164318835598686 0.0297682399862753
4.200000000000001 0.1500000000000003 0.4108491447465292 0.0378306322678535
4.200000000000001 0.1600000000000003 0.5358009415352533 0.04825853656532
4.200000000000001 0.17000000000000032 0.7006344563790607 0.0616664143317876
4.200000000000001 0.18000000000000033 0.91768333825356 0.0788341589557755
4.200000000000001 0.19000000000000034 1.2031967063089144 0.1007449468632245
4.200000000000001 0.20000000000000034 1.5785640119884852 0.1286310116852194
4.200000000000001 0.21000000000000035 2.07192888047364 0.1640281422127908
4.200000000000001 0.22000000000000036 2.7203147739202356 0.2088394073713152
4.200000000000001 0.23000000000000037 3.57242449334176 0.2654080042747476
4.200000000000001 0.24000000000000038 4.6923271985866055 0.3365980351247725
4.200000000000001 0.2500000000000004 6.164314788052037 0.4258801881383237
4.200000000000001 0.2600000000000004 8.099299445185165 0.537416348782888
4.200000000000001 0.2700000000000004 10.64324294272599 0.6761325486139758
4.200000000000001 0.2800000000000004 13.98826518087579 0.8477625691262225
4.200000000000001 0.2900000000000004 18.38728671058733 1.0588338006019966
4.200000000000001 0.30000000000000043 24.17333393132197 1.3165509470179666
4.200000000000001 0.31000000000000044 31.784997813019455 1.628509482333885
4.200000000000001 0.32000000000000045 41.80001594804563 2.002135991437446
4.200000000000001 0.33000000000000046 54.979581375852824 2.443701810143925
4.200000000000001 0.34000000000000047 72.32682019428918 2.9566827990258164
4.200000000000001 0.3500000000000005 95.16399016602857 3.539131830310492
4.200000000000001 0.3600000000000005 125.23442288526336 4.179577724896064
4.200000000000001 0.3700000000000005 164.83718019357718 4.850745262429561
4.200000000000001 0.3800000000000005 217.0049777111644 5.5000776794600705
4.200000000000001 0.3900000000000005 285.7393523768134 6.0355964917983425
4.200000000000001 0.4000000000000005 376.3215931930474 6.304998131314997
4.200000000000001 0.41000000000000053 495.72398287111935 6.064984708761966
4.200000000000001 0.42000000000000054 653.1539027302058 4.936547265842893
4.200000000000001 0.43000000000000055 860.7739869022433 2.3401094326867495
4.200000000000001 0.44000000000000056 1134.6556450905668 -2.598120211858293
4.200000000000001 0.45000000000000057 1496.0420671148747 -11.180853672548599
4.200000000000001 0.4600000000000006 1973.0218274933854 -25.332854071327915
4.200000000000001 0.4700000000000006 2602.7474952412163 -47.87704932408454
4.200000000000001 0.4800000000000006 3434.377991100421 -82.92831881302828
4.200000000000001 0.4900000000000006 4532.9825245510365 -136.45391013534828
4.200000000000001 0.5000000000000006 5984.722743235161 -217.06952506119242
4.300000000000001 -0.5 -94920.35318796991 24463.94177832054
4.300000000000001 -0.49 -73476.78778769642 19230.773201270782
4.300000000000001 -0.48 -56876.726538795505 15113.742207154837
4.300000000000001 -0.47 -44026.34455505426 11875.58194211335
4.300000000000001 -0.45999999999999996 -34078.796928303556 9329.276770296145
4.300000000000001 -0.44999999999999996 -26378.461411917895 7327.464003602686
4.300000000000001 -0.43999999999999995 -20417.766545904098 5754.06019987303
4.300000000000001 -0.42999999999999994 -15803.764939308516 4517.647660386195
4.300000000000001 -0.41999999999999993 -12232.252313696597 3546.2530723296895
4.300000000000001 -0.4099999999999999 -9467.729212372946 2783.22673093748
4.300000000000001 -0.3999999999999999 -7327.886607674314 2183.991483148601
4.300000000000001 -0.3899999999999999 -5671.594252021139 1713.4786883959362
4.300000000000001 -0.3799999999999999 -4389.601078980826 1344.1066673081777
4.300000000000001 -0.3699999999999999 -3397.3354181178725 1054.187357450651
4.300000000000001 -0.3599999999999999 -2629.3309743306777 826.6708507390177
4.300000000000001 -0.34999999999999987 -2034.911524572806 648.1564497566854
4.300000000000001 -0.33999999999999986 -1574.8501386406986 508.1138836189263
4.300000000000001 -0.32999999999999985 -1218.782885015053 398.2701896587969
4.300000000000001 -0.31999999999999984 -943.2066571916532 312.127147260733
4.300000000000001 -0.30999999999999983 -729.9292181205157 244.5815623084351
4.300000000000001 -0.2999999999999998 -564.8693406634742 191.62655549064496
4.300000000000001 -0.2899999999999998 -437.1279797519089 150.11663060489548
4.300000000000001 -0.2799999999999998 -338.26926445215787 117.58294786962729
4.300000000000001 -0.2699999999999998 -261.76392030503524 92.08810632372331
4.300000000000001 -0.2599999999999998 -202.55843382947901 72.11201028975796
4.300000000000001 -0.24999999999999978 -156.7415563977546 56.46218549252823
4.300000000000001 -0.23999999999999977 -121.28615924603085 44.20332188747155
4.300000000000001 -0.22999999999999976 -93.84941750708508 34.60193251093565
4.300000000000001 -0.21999999999999975 -72.61814585147141 27.082893883616464
4.300000000000001 -0.20999999999999974 -56.18908478795005 21.19532357464533
4.300000000000001 -0.19999999999999973 -43.476240942169284 16.585793861267998
4.300000000000001 -0.18999999999999972 -33.63916848446383 12.977308090603882
4.300000000000001 -0.17999999999999972 -26.027459829213164 10.152802897847332
4.300000000000001 -0.1699999999999997 -20.1377827625553 7.942204208920101
4.300000000000001 -0.1599999999999997 -15.580628713798928 6.212273211016549
4.300000000000001 -0.1499999999999997 -12.0545775043391 4.858642237691504
4.300000000000001 -0.13999999999999968 -9.326379807885228 3.7995692617528305
4.300000000000001 -0.12999999999999967 -7.21554242442996 2.9710408840165443
4.300000000000001 -0.11999999999999968 -5.582398613304893 2.3229332277910535
4.300000000000001 -0.10999999999999968 -4.3188757385294565 1.816002625967906
4.300000000000001 -0.09999999999999969 -3.34135051867118 1.4195270629761056
4.300000000000001 -0.08999999999999969 -2.585119984479476 1.1094578740801684
4.300000000000001 -0.0799999999999997 -2.000122919705192 0.8669714648093935
4.300000000000001 -0.0699999999999997 -1.5476291300396803 0.6773345672121961
4.300000000000001 -0.0599999999999997 -1.1976777989722345 0.5290151916724559
4.300000000000001 -0.0499999999999997 -0.9270956645363466 0.4129860592909139
4.300000000000001 -0.039999999999999696 -0.7179640520337233 0.3221787716122505
4.300000000000001 -0.029999999999999694 -0.5564334526348141 0.2510559682550786
4.300000000000001 -0.01999999999999969 -0.4318073036991184 0.1952757698447132
4.300000000000001 -0.009999999999999691 -0.3358344199610931 0.1514283201871802
4.300000000000001 3.0878077872387166e-16 -0.2621633204397924 0.1168285543381176
4.300000000000001 0.010000000000000309 -0.2059224054535702 0.089352683567233
4.300000000000001 0.02000000000000031 -0.1633982693544917 0.0673085035578848
4.300000000000001 0.03000000000000031 -0.1317909387257707 0.0493316534625706
4.300000000000001 0.04000000000000031 -0.1090299337053812 0.0343015002672975
4.300000000000001 0.050000000000000315 -0.0936391009670688 0.0212714865682382
4.300000000000001 0.06000000000000032 -0.0846414306486808 0.0094096285785848
4.300000000000001 0.07000000000000031 -0.0814977649008125 -0.0020545658614214
4.300000000000001 0.08000000000000031 -0.0840756149526226 -0.013880139379452
4.300000000000001 0.0900000000000003 -0.0926463847246841 -0.0268649316026954
4.300000000000001 0.1000000000000003 -0.1079112968653514 -0.0418993480085341
4.300000000000001 0.11000000000000029 -0.1310583733476757 -0.06002726020901
4.300000000000001 0.12000000000000029 -0.1638550861919524 -0.0825181781436896
4.300000000000001 0.13000000000000028 -0.2087839311662315 -0.1109556442963088
4.300000000000001 0.1400000000000003 -0.2692313855212491 -0.1473479444376591
4.300000000000001 0.1500000000000003 -0.3497447322684334 -0.1942687870779704
4.300000000000001 0.1600000000000003 -0.4563763743420424 -0.255037680571113
4.300000000000001 0.17000000000000032 -0.5971419157235467 -0.3339524725351294
4.300000000000001 0.18000000000000033 -0.782626964660052 -0.4365900938977478
4.300000000000001 0.19000000000000034 -1.0267889855641277 -0.5701962070775883
4.300000000000001 0.20000000000000034 -1.3480154700378095 -0.7441905017925967
4.300000000000001 0.21000000000000035 -1.770519371431687 -0.9708222085779624
4.300000000000001 0.22000000000000036 -2.3261786786950025 -1.2660205179137138
4.300000000000001 0.23000000000000037 -3.0569612109389577 -1.6504976539242522
4.300000000000001 0.24000000000000038 -4.01812085968494 -2.1511791898711285
4.300000000000001 0.2500000000000004 -5.282411115959292 -2.803057872380607
4.300000000000001 0.2600000000000004 -6.945640457094189 -3.6515950974375033
4.300000000000001 0.2700000000000004 -9.133998204248277 -4.755829974103806
4.300000000000001 0.2800000000000004 -12.013716965616474 -6.192401799905425
4.300000000000001 0.2900000000000004 -15.803819570845103 -8.060750503753082
4.300000000000001 0.30000000000000043 -20.792938810861983 -10.489834644032445
4.300000000000001 0.31000000000000044 -27.361516315477992 -13.64680220724578
4.300000000000001 0.32000000000000045 -36.011107702343985 -17.7481711246343
4.300000000000001 0.33000000000000046 -47.40307809406402 -23.07423078165317
4.300000000000001 0.34000000000000047 -62.40970949857376 -29.98757103970849
4.300000000000001 0.3500000000000005 -82.18171812169398 -38.95689141640722
4.300000000000001 0.3600000000000005 -108.23747339138939 -50.58755213410934
4.300000000000001 0.3700000000000005 -142.58092482399192 -65.66071508764665
4.300000000000001 0.3800000000000005 -187.85751531180912 -85.18340316918484
4.300000000000001 0.3900000000000005 -247.5603725694241 -110.45239997085626
4.300000000000001 0.4000000000000005 -326.3030670138172 -143.1356398205833
4.300000000000001 0.41000000000000053 -430.1805268609335 -185.3756226162544
4.300000000000001 0.42000000000000054 -567.2467386603064 -239.9204504429338
4.300000000000001 0.43000000000000055 -748.1472044482912 -310.2893408266091
4.300000000000001 0.44000000000000056 -986.9565343924493 -400.98093235773297
4.300000000000001 0.45000000000000057 -1302.2880367116534 -517.7343512607683
4.300000000000001 0.4600000000000006 -1718.764070136801 -667.8548082219642
4.300000000000001 0.4700000000000006 -2268.9650398763374 -860.6173441156639
4.300000000000001 0.4800000000000006 -2996.013632690903 -1107.7640527042506
4.300000000000001 0.4900000000000006 -3957.0023804961343 -1424.1113487896496
4.300000000000001 0.5000000000000006 -5227.54115351889 -1828.2840747412574
4.4 -0.5 62820.03267842284 -70490.71898681011
4.4 -0.49 48470.80798742648 -54801.09022407289
4.4 -0.48 37398.02278284285 -42602.553456622714
4.4 -0.47 28853.811356059945 -33118.54963930697
4.4 -0.45999999999999996 22260.954318930875 -25745.20238605467
4.4 -0.44999999999999996 17173.953843792915 -20012.93130903583
4.4 -0.43999999999999995 13248.984842922107 -15556.595679722264
4.4 -0.42999999999999994 10220.698762784026 -12092.27345247892
4.4 -0.41999999999999993 7884.317755602031 -9399.201495069081
4.4 -0.4099999999999999 6081.813034122849 -7305.730262568613
4.4 -0.3999999999999999 4691.236139120531 -5678.400860119772
4.4 -0.3899999999999999 3618.484129436802 -4413.450595473523
4.4 -0.3799999999999999 2790.9436109392004 -3430.2072766470305
4.4 -0.3699999999999999 2152.5850734446244 -2665.952429997891
4.4 -0.3599999999999999 1660.1767137928725 -2071.9268997467293
4.4 -0.34999999999999987 1280.3623607539055 -1610.2248546534468
4.4 -0.33999999999999986 987.4063583335909 -1251.3786722651341
4.4 -0.32999999999999985 761.4532272129062 -972.481075555886
4.4 -0.31999999999999984 587.1846355968022 -755.7250459958146
4.4 -0.30999999999999983 452.78300733752474 -587.2685978679483
4.4 -0.2999999999999998 349.1317810116838 -456.35215666821307
4.4 -0.2899999999999998 269.1983017633143 -354.61235102912076
4.4 -0.2799999999999998 207.5576537601332 -275.54852293984226
4.4 -0.2699999999999998 160.02525548597455 -214.10797863022043
4.4 -0.2599999999999998 123.3733839664405 -166.36355964703753
4.4 -0.24999999999999978 95.11246238539464 -129.26299051927137
4.4 -0.23999999999999977 73.3223205426824 -100.43402946910771
4.4 -0.22999999999999976 56.52201424249665 -78.03300236813698
4.4 -0.21999999999999975 43.5693957309665 -60.627063505746506
4.4 -0.20999999999999974 33.58363852823253 -47.102675455178606
4.4 -0.19999999999999973 25.885472136853114 -36.59447106392807
4.4 -0.18999999999999972 19.951079913252258 -28.429959650220134
4.4 -0.17999999999999972 15.37653772229703 -22.08654951739945
4.4 -0.1699999999999997 11.850384272916537 -17.158144188104703
4.4 -0.1599999999999997 9.132464428148152 -13.32918030113969
4.4 -0.1499999999999997 7.037611479036022 -10.354449779681898
4.4 -0.13999999999999968 5.423062065416677 -8.043417899939824
4.4 -0.12999999999999967 4.178750265826608 -6.248035769959318
4.4 -0.11999999999999968 3.219822456495753 -4.853268746673447
4.4 -0.10999999999999968 2.4808650468793987 -3.7697356870966225
4.4 -0.09999999999999969 1.9114533161988263 -2.9279886964754804
4.4 -0.08999999999999969 1.4727191578701233 -2.2740677936188747
4.4 -0.0799999999999997 1.134704648471539 -1.7660463409117904
4.4 -0.0699999999999997 0.8743216730430717 -1.3713463766349883
4.4 -0.0599999999999997 0.6737789686648338 -1.064652177096598
4.4 -0.0499999999999997 0.5193696789403869 -0.8262886039408335
4.4 -0.039999999999999696 0.4005369927091496 -0.6409604970615804
4.4 -0.029999999999999694 0.3091543298647348 -0.4967724515231897
4.4 -0.01999999999999969 0.2389711159666016 -0.3844662408000064
4.4 -0.009999999999999691 0.1851864439286683 -0.2968270626085905
4.4 3.0878077872387166e-16 0.1441216190385042 -0.2282205758548642
4.4 0.010000000000000309 0.1129693132416151 -0.1742310566429134
4.4 0.02000000000000031 0.0896022730801441 -0.1313774613862489
4.4 0.03000000000000031 0.0724285876982233 -0.0968891579057969
4.4 0.04000000000000031 0.0602837055091304 -0.0685268878967588
4.4 0.050000000000000315 0.0523519076698311 -0.0444373982041389
4.4 0.06000000000000032 0.0481119760596938 -0.0230323062243936
4.4 0.07000000000000031 0.047303472899696 -0.0028832806040907
4.4 0.08000000000000031 0.0499114952736306 0.0173733832691981
4.4 0.0900000000000003 0.0561690824797523 0.0391291719873264
4.4 0.1000000000000003 0.0665777314772121 0.0638990107811831
4.4 0.11000000000000029 0.0819478088901274 0.093426740612563
4.4 0.12000000000000029 0.1034621362225027 0.1298077474092388
4.4 0.13000000000000028 0.132767780639566 0.175637341928316
4.4 0.1400000000000003 0.1721032414125747 0.2341953550262365
4.4 0.1500000000000003 0.2244709488734585 0.309680012269129
4.4 0.1600000000000003 0.293868500979185 0.4075076678898489
4.4 0.17000000000000032 0.3855966271326682 0.5346996586217545
4.4 0.18000000000000033 0.506667848621048 0.7003837109873288
4.4 0.19000000000000034 0.6663476714401548 0.9164454322942202
4.4 0.20000000000000034 0.8768705221912572 1.1983759994216747
4.4 0.21000000000000035 1.1543863430354246 1.5663759646606223
4.4 0.22000000000000036 1.5202118852075968 2.0467930788032804
4.4 0.23000000000000037 2.0024847235271745 2.6739954270226476
4.4 0.24000000000000038 2.638349767287754 3.49281158836523
4.4 0.2500000000000004 3.4768500998862875 4.56170904366092
4.4 0.2600000000000004 4.582749702716217 5.956933358031571
4.4 0.2700000000000004 6.041589470463037 7.777897227016274
4.4 0.2800000000000004 7.966375828957488 10.154194783688189
4.4 0.2900000000000004 10.506431089554834 13.254728399195464
4.4 0.30000000000000043 13.859106863717674 17.299580015354692
4.4 0.31000000000000044 18.285290298245602 22.575446398790675
4.4 0.32000000000000045 24.12993601874429 29.455699895062175
4.4 0.33000000000000046 31.849258997887762 38.42644904879064
4.4 0.34000000000000047 42.04675767758327 50.12037701092874
4.4 0.3500000000000005 55.52094588726917 65.36065573571769
4.4 0.3600000000000005 73.32861401186724 85.21790339976114
4.4 0.3700000000000005 96.86869107006238 111.08401297161684
4.4 0.3800000000000005 127.99344174374767 144.76778428968248
4.4 0.3900000000000005 169.15594146803494 188.61870714631888
4.4 0.4000000000000005 223.60570872007995 245.68705275199994
4.4 0.41000000000000053 295.6482764649728 319.9307408240579
4.4 0.42000000000000054 390.9896733963264 416.48239059096596
4.4 0.43000000000000055 517.1936846454544 541.9936987114596
4.4 0.44000000000000056 684.2889357588778 705.0790152688234
4.4 0.45000000000000057 905.575044222727 916.8859540992188
4.4 0.4600000000000006 1198.6933089079125 1191.8283692162897
4.4 0.4700000000000006 1587.0489884910703 1548.5264038223131
4.4 0.4800000000000006 2101.7009221947073 2011.0099794530768
4.4 0.4900000000000006 2783.8724189839418 2610.256503790324
4.4 0.5000000000000006 3688.288105908208 3386.1512462703427
4.5 -0.5 -12445.904516429538 90094.54371076351
4.5 -0.49 -9382.074334556259 69844.83832900421
4.5 -0.48 -7066.881880743878 54145.703250194325
4.5 -0.47 -5318.551320462468 41974.69457491488
4.5 -0.45999999999999996 -3999.204628854286 32539.05692756206
4.5 -0.44999999999999996 -3004.3104274415878 25224.133539090457
4.5 -0.43999999999999995 -2254.6583928439477 19553.36185260848
4.5 -0.42999999999999994 -1690.2569161858823 15157.253347084272
4.5 -0.41999999999999993 -1265.6948706818157 11749.340245158819
4.5 -0.4099999999999999 -946.6175879165168 9107.524668461114
4.5 -0.3999999999999999 -707.0504728371898 7059.617042062686
4.5 -0.3899999999999999 -527.367233524704 5472.122943951438
4.5 -0.3799999999999999 -392.7481482843772 4241.5488407054545
4.5 -0.3699999999999999 -292.01071683485566 3287.6609717288557
4.5 -0.3599999999999999 -216.72317676809476 2548.258686278646
4.5 -0.34999999999999987 -160.5327969289204 1975.1220557891043
4.5 -0.33999999999999986 -118.65717828585933 1530.8699818095984
4.5 -0.32999999999999985 -87.4992154705288 1186.5242630383134
4.5 -0.31999999999999984 -64.35582557100467 919.6210247894542
4.5 -0.30999999999999983 -47.19774217932504 712.7465375448642
4.5 -0.2999999999999998 -34.50314141965864 552.4020743759165
4.5 -0.2899999999999998 -25.132023821249216 428.12387632019994
4.5 -0.2799999999999998 -18.231434812954763 331.80090332376363
4.5 -0.2699999999999998 -13.164006023190167 257.14592643304286
4.5 -0.2599999999999998 -9.454121330051176 199.28550229335207
4.5 -0.24999999999999978 -6.747394177408284 154.4421133358064
4.5 -0.23999999999999977 -4.780191463790913 119.68776009032563
4.5 -0.22999999999999976 -3.356734522884932 92.75294649834277
4.5 -0.21999999999999975 -2.3319103627567586 71.87860783724675
4.5 -0.20999999999999974 -1.598382808999474 55.70132880493157
4.5 -0.19999999999999973 -1.0769387706235214 43.16436858288041
4.5 -0.18999999999999972 -0.7092663149228812 33.448691531838016
4.5 -0.17999999999999972 -0.4525589496212702 25.91950608290042
4.5 -0.1699999999999997 -0.2754899215257682 20.084825277734822
4.5 -0.1599999999999997 -0.1552131755362071 15.563346122376634
4.5 -0.1499999999999997 -0.0751327723291088 12.059552494454284
4.5 -0.13999999999999968 -0.0232467804094335 9.344417363378334
4.5 -0.12999999999999967 0.0090799503601096 7.240445232375903
4.5 -0.11999999999999968 0.0280232907484554 5.610078782769662
4.5 -0.10999999999999968 0.037969355899823 4.34671313980425
4.5 -0.09999999999999969 0.04200719470545 3.3677312871000233
4.5 -0.08999999999999969 0.042290318362672 2.60910602033912
4.5 -0.0799999999999997 0.0403011368236478 2.021216045774926
4.5 -0.0699999999999997 0.037043675842027 1.5656030591517716
4.5 -0.0599999999999997 0.0331834383130969 1.212458051291498
4.5 -0.0499999999999997 0.0291484071369868 0.9386726823117107
4.5 -0.039999999999999696 0.0252015525856495 0.7263284509689717
4.5 -0.029999999999999694 0.0214924960453947 0.5615249644755445
4.5 -0.01999999999999969 0.0180939613586614 0.4334707512920657
4.5 -0.009999999999999691 0.0150271396714513 0.3337771987363876
4.5 3.0878077872387166e-16 0.0122789718637239 0.2559094566574108
4.5 0.010000000000000309 0.009813514946755 0.1947583926602793
4.5 0.02000000000000031 0.0075789301854232 0.1463055813948347
4.5 0.03000000000000031 0.0055111541164058 0.107359374903564
4.5 0.04000000000000031 0.0035349453268188 0.0753447278828052
4.5 0.050000000000000315 0.0015627056330696 0.0481329417601041
4.5 0.06000000000000032 -0.0005087733881204 0.0239000710181296
4.5 0.07000000000000031 -0.002803711983273 0.0010045705922846
4.5 0.08000000000000031 -0.00547518754259 -0.0221240283441683
4.5 0.0900000000000003 -0.0087159597511392 -0.0470929697976114
4.5 0.1000000000000003 -0.0127730924102823 -0.0756580629412031
4.5 0.11000000000000029 -0.0179675350532509 -0.1098471869489554
4.5 0.12000000000000029 -0.0247202700924795 -0.1521041921671586
4.5 0.13000000000000028 -0.033587209196305 -0.2054633932184776
4.5 0.1400000000000003 -0.045305786560397 -0.2737670837262718
4.5 0.1500000000000003 -0.0608572134547342 -0.3619416180569736
4.5 0.1600000000000003 -0.081549716545323 -0.4763518265068718
4.5 0.17000000000000032 -0.1091299003343179 -0.6252591583349154
4.5 0.18000000000000033 -0.1459318099686496 -0.819416382782239
4.5 0.19000000000000034 -0.1950765368270595 -1.0728414498939027
4.5 0.20000000000000034 -0.2607395903122569 -1.403825913050663
4.5 0.21000000000000035 -0.3485091370560678 -1.8362500487535465
4.5 0.22000000000000036 -0.4658660959040997 -2.4012986570701336
4.5 0.23000000000000037 -0.6228276617495987 -3.139700026349002
4.5 0.24000000000000038 -0.8328100374525041 -4.104647700032873
4.5 0.2500000000000004 -1.1137852211947474 -5.365613094654262
4.5 0.2600000000000004 -1.4898322922824618 -7.01332006895404
4.5 0.2700000000000004 -1.9932179978642957 -9.166234627385727
4.5 0.2800000000000004 -2.667187568875647 -11.979029758197344
4.5 0.2900000000000004 -3.5697086167766208 -15.653624351161008
4.5 0.30000000000000043 -4.778494095130039 -20.453575796499255
4.5 0.31000000000000044 -6.397741916319382 -26.722840646703997
4.5 0.32000000000000045 -8.56717864473507 -34.910222689305485
4.5 0.33000000000000046 -11.474195830216887 -45.601223699671664
4.5 0.34000000000000047 -15.37013756035927 -59.559525847219135
4.5 0.3500000000000005 -20.592160258511363 -77.78100083664522
4.5 0.3600000000000005 -27.59257224079773 -101.56400400542874
4.5 0.3700000000000005 -36.9782134559041 -132.6008292245162
4.5 0.3800000000000005 -49.56331199463812 -173.09664643240856
4.5 0.3900000000000005 -66.44042954430218 -225.92411280970842
4.5 0.4000000000000005 -89.07568504107682 -294.8242625276946
4.5 0.41000000000000053 -119.43656105081382 -384.66739419789326
4.5 0.42000000000000054 -160.16343392349685 -501.7916881826583
4.5 0.43000000000000055 -214.79977146665797 -654.4424507796202
4.5 0.44000000000000056 -288.10103840636833 -853.3415204490348
4.5 0.45000000000000057 -386.44917822131356 -1112.4248901098256
4.5 0.4600000000000006 -518.4086851428159 -1449.7975137084788
4.5 0.4700000000000006 -695.4725232758166 -1888.9682224873898
4.5 0.4800000000000006 -933.0625327493642 -2460.4454885381774
4.5 0.4900000000000006 -1251.8708739623605 -3203.79745313556
4.5 0.5000000000000006 -1679.6583487795372 -4170.3084415292
4.6 -0.5 -38372.408738753424 -78754.741035024
4.6 -0.49 -29961.117176590225 -60910.86109406843
4.6 -0.48 -23391.905274562894 -47109.150912999365
4.6 -0.47 -18261.746894369677 -36434.1207229159
4.6 -0.45999999999999996 -14255.702914049158 -28177.584477276872
4.6 -0.44999999999999996 -11127.689567737028 -21791.727071385445
4.6 -0.43999999999999995 -8685.440678363066 -16852.79492242773
4.6 -0.42999999999999994 -6778.750343618455 -13033.005741927162
4.6 -0.41999999999999993 -5290.2813214009075 -10078.81731604878
4.6 -0.4099999999999999 -4128.379891180051 -7794.116030401212
4.6 -0.3999999999999999 -3221.4597018067125 -6027.2115692357465
4.6 -0.3899999999999999 -2513.612386746727 -4660.77622441781
4.6 -0.3799999999999999 -1961.177279362947 -3604.0622358896094
4.6 -0.3699999999999999 -1530.060892741345 -2786.8814513649368
4.6 -0.3599999999999999 -1193.6424647780411 -2154.9483201658054
4.6 -0.34999999999999987 -931.1375689800194 -1666.2775480299397
4.6 -0.33999999999999986 -726.3197154064826 -1288.3976130872318
4.6 -0.32999999999999985 -566.5217056929499 -996.195402578689
4.6 -0.31999999999999984 -441.8555852556474 -770.2490536629191
4.6 -0.30999999999999983 -344.6033908510373 -595.5384386896969
4.6 -0.2999999999999998 -268.7413336855937 -460.4477679665502
4.6 -0.2899999999999998 -209.56822185615866 -355.99414895887577
4.6 -0.2799999999999998 -163.41530762051812 -275.2309225913626
4.6 -0.2699999999999998 -127.41973330605487 -212.7861871971886
4.6 -0.2599999999999998 -99.34764846539971 -164.50588644901745
4.6 -0.24999999999999978 -77.45611786613807 -127.17777332054982
4.6 -0.23999999999999977 -60.38532096176572 -98.3179273309474
4.6 -0.22999999999999976 -47.074404009812284 -76.00565257787767
4.6 -0.21999999999999975 -36.69579965703597 -58.75579443585792
4.6 -0.20999999999999974 -28.603964482733993 -45.41999609553811
4.6 -0.19999999999999973 -22.295372163667793 -35.11033697603356
4.6 -0.18999999999999972 -17.377292917924876 -27.140280821542017
4.6 -0.17999999999999972 -13.54343115814646 -20.979010519405495
4.6 -0.1699999999999997 -10.554916020669713 -16.216115570221543
4.6 -0.1599999999999997 -8.225469570881204 -12.534285662134483
4.6 -0.1499999999999997 -6.4098352818805155 -9.688195561053456
4.6 -0.13999999999999968 -4.994750678707719 -7.4881778077095555
4.6 -0.12999999999999967 -3.891905206008036 -5.787597802598789
4.6 -0.11999999999999968 -3.0324470790005793 -4.4730918714067185
4.6 -0.10999999999999968 -2.3626986664792824 -3.45701916557064
4.6 -0.09999999999999969 -1.84081472841046 -2.671625395420364
4.6 -0.08999999999999969 -1.4341761962627635 -2.06453018636088
4.6 -0.0799999999999997 -1.117357739274367 -1.5952378476265898
4.6 -0.0699999999999997 -0.8705429142812603 -1.2324393925306845
4.6 -0.0599999999999997 -0.6782884446202574 -0.9519262685481586
4.6 -0.0499999999999997 -0.5285608282989919 -0.7349769404726696
4.6 -0.039999999999999696 -0.4119853749363842 -0.5671089232246276
4.6 -0.029999999999999694 -0.3212609594673268 -0.4371131725136144
4.6 -0.01999999999999969 -0.2507040739627094 -0.336306527043212
4.6 -0.009999999999999691 -0.1958937940198272 -0.2579524036435768
4.6 3.0878077872387166e-16 -0.1533955505031465 -0.1968111407894703
4.6 0.010000000000000309 -0.1205464995731597 -0.1487900102864553
4.6 0.02000000000000031 -0.0952891177272138 -0.1106695445042824
4.6 0.03000000000000031 -0.076042651670861 -0.0798878975617652
4.6 0.04000000000000031 -0.061604411493897 -0.0543688098495323
4.6 0.050000000000000315 -0.0510747561616471 -0.0323816313831461
4.6 0.06000000000000032 -0.0438010981539926 -0.0124239714297957
4.6 0.07000000000000031 -0.039337440807563 0.006880981513136
4.6 0.08000000000000031 -0.0374169309853845 0.0268794879085491
4.6 0.0900000000000003 -0.0379357208899114 0.048981194344258
4.6 0.1000000000000003 -0.040947135878625 0.0747585356550654
4.6 0.11000000000000029 -0.0466657826862648 0.1060586105041901
4.6 0.12000000000000029 -0.0554818425660529 0.1451354850805081
4.6 0.13000000000000028 -0.0679864121378693 0.1948123903357233
4.6 0.1400000000000003 -0.0850094162191698 0.258685464478796
4.6 0.1500000000000003 -0.1076723578270854 0.3413837131692408
4.6 0.1600000000000003 -0.1374590298927304 0.4489039333498656
4.6 0.17000000000000032 -0.1763083343891149 0.5890447663555689
4.6 0.18000000000000033 -0.2267345867657725 0.7719712012613257
4.6 0.19000000000000034 -0.2919821832692672 1.0109502535618786
4.6 0.20000000000000034 -0.3762233408230893 1.3233108705155041
4.6 0.21000000000000035 -0.4848098578536806 1.731697243997804
4.6 0.22000000000000036 -0.6245925735507691 2.265705795731841
4.6 0.23000000000000037 -0.8043255149922255 2.964023640756495
4.6 0.24000000000000038 -1.0351757150800753 3.8772222923104014
4.6 0.2500000000000004 -1.33136445903544 5.071407298492163
4.6 0.2600000000000004 -1.7109713648392781 6.632985724536009
4.6 0.2700000000000004 -2.1969392913836514 8.674893245282025
4.6 0.2800000000000004 -2.8183256169394086 11.344726727160419
4.6 0.2900000000000004 -3.611853873587638 14.83536389019632
4.6 0.30000000000000043 -4.623828850801213 19.39882848237849
4.6 0.31000000000000044 -5.912487655383696 25.364389762145983
4.6 0.32000000000000045 -7.550868044177945 33.16218506468405
4.6 0.33000000000000046 -9.630282304569208 43.354044719277724
4.6 0.34000000000000047 -12.26448792550603 56.67370669853645
4.6 0.3500000000000005 -15.594641991683277 74.07926926782415
4.6 0.3600000000000005 -19.79510966533838 96.82158911225115
4.6 0.3700000000000005 -25.08016087857042 126.53344892416226
4.6 0.3800000000000005 -31.711522551758765 165.3457685337992
4.6 0.3900000000000005 -40.006640459717275 216.03901598782303
4.6 0.4000000000000005 -50.34732252143017 282.24041689808746
4.6 0.41000000000000053 -63.18815128706466 368.680726230816
4.6 0.42000000000000054 -79.06362165430004 481.52842827888423
4.6 0.43000000000000055 -98.59231541457702 628.8245405046641
4.6 0.44000000000000056 -122.47547607081275 821.0480657979341
4.6 0.45000000000000057 -151.4859685048743 1071.8510155493534
4.6 0.4600000000000006 -186.44162218798215 1399.0133898514725
4.6 0.4700000000000006 -228.15411996039356 1825.6832897709023
4.6 0.4800000000000006 -277.34057125049 2381.986393921206
4.6 0.4900000000000006 -334.47923841766004 3107.1135614876302
4.6 0.5000000000000006 -399.5829382380696 4052.0268589996845
4.699999999999999 -0.5 72945.15822022862 42420.65053691742
4.699999999999999 -0.49 56644.04726611861 32657.365877080236
4.699999999999999 -0.48 43984.93680183651 25139.7316967474
4.699999999999999 -0.47 34154.31621017291 19351.536930462855
4.699999999999999 -0.45999999999999996 26520.345690167553 14895.164309257112
4.699999999999999 -0.44999999999999996 20592.295688657905 11464.359835410725
4.699999999999999 -0.43999999999999995 15989.039861823403 8823.251374441666
4.699999999999999 -0.42999999999999994 12414.581224486288 6790.1829934720845
4.699999999999999 -0.41999999999999993 9639.041881717601 5225.260287429579
4.699999999999999 -0.4099999999999999 7483.89694074905 4020.7552455907976
4.699999999999999 -0.3999999999999999 5810.505288635966 3093.714468126067
4.699999999999999 -0.3899999999999999 4511.201312593778 2380.2650440905236
4.699999999999999 -0.3799999999999999 3502.375871601507 1831.2284025063077
4.699999999999999 -0.3699999999999999 2719.1024181411326 1408.7418522049127
4.699999999999999 -0.3599999999999999 2110.9632905874005 1083.6564289954945
4.699999999999999 -0.34999999999999987 1638.8082003812049 833.532769254712
4.699999999999999 -0.33999999999999986 1272.2367577788998 641.097649607824
4.699999999999999 -0.32999999999999985 987.6433495032438 493.05536536224673
4.699999999999999 -0.31999999999999984 766.6987796543234 379.1724183217944
4.699999999999999 -0.30999999999999983 595.171125998753 291.5727067056429
4.699999999999999 -0.2999999999999998 462.0100452430332 224.19483504224684
4.699999999999999 -0.2899999999999998 358.63567994304657 172.37427577572174
4.699999999999999 -0.2799999999999998 278.3864615444841 132.52167662315486
4.699999999999999 -0.2699999999999998 216.0903117326035 101.87520395051416
4.699999999999999 -0.2599999999999998 167.73167274977575 78.30989378732298
4.699999999999999 -0.24999999999999978 130.1929554004166 60.19089630368864
4.699999999999999 -0.23999999999999977 101.05377634055759 46.26051455931321
4.699999999999999 -0.22999999999999976 78.43507097073167 35.551260569637584
4.699999999999999 -0.21999999999999975 60.87805330945557 27.318940304235426
4.699999999999999 -0.20999999999999974 47.250234877847824 20.991156705316097
4.699999999999999 -0.19999999999999973 36.672454773915916 16.12768062669925
4.699999999999999 -0.18999999999999972 28.46222453189458 12.389956498260055
4.699999999999999 -0.17999999999999972 22.089740867071644 9.517638565778734
4.699999999999999 -0.1699999999999997 17.143734431524734 7.310537916588645
4.699999999999999 -0.1599999999999997 13.30495562722316 5.614733435872252
4.699999999999999 -0.1499999999999997 10.325590019089075 4.311886964443413
4.699999999999999 -0.13999999999999968 8.01327755555172 3.3110239777619523
4.699999999999999 -0.12999999999999967 6.218706176049058 2.5422112744384684
4.699999999999999 -0.11999999999999968 4.8259805206472475 1.9516941546551885
4.699999999999999 -0.10999999999999968 3.7451451566664615 1.4981563975541683
4.699999999999999 -0.09999999999999969 2.9063804948572156 1.1498439527234747
4.699999999999999 -0.08999999999999969 2.255497309625155 0.8823529886782131
4.699999999999999 -0.0799999999999997 1.7504394359470963 0.676928905873045
4.699999999999999 -0.0699999999999997 1.3585691733592489 0.519158291431335
4.699999999999999 -0.0599999999999997 1.054560365275809 0.397963006546377
4.699999999999999 -0.0499999999999997 0.8187632864644485 0.3048265327975087
4.699999999999999 -0.039999999999999696 0.635935884152339 0.2331988054720442
4.699999999999999 -0.029999999999999694 0.4942595371423209 0.1780381422054286
4.699999999999999 -0.01999999999999969 0.3845758435033334 0.1354583891431867
4.699999999999999 -0.009999999999999691 0.2997952025773364 0.1024567118980073
4.699999999999999 3.0878077872387166e-16 0.2344390395452458 0.0767030598933065
4.699999999999999 0.010000000000000309 0.1842861447892222 0.0563766176564039
4.699999999999999 0.02000000000000031 0.1461003216377634 0.0400378216626681
4.699999999999999 0.03000000000000031 0.1174217882117818 0.0265269923132024
4.699999999999999 0.04000000000000031 0.0964089008482938 0.0148824784346446
4.699999999999999 0.050000000000000315 0.0817200240949355 0.0042725639849631
4.699999999999999 0.06000000000000032 0.0724279761027999 -0.0060636633363106
4.699999999999999 0.07000000000000031 0.0679615969680718 -0.016870668948497
4.699999999999999 0.08000000000000031 0.0680707586615919 -0.0289299236540235
4.699999999999999 0.0900000000000003 0.0728126739078687 -0.0431162784555196
4.699999999999999 0.1000000000000003 0.0825587682562096 -0.0604613195561436
4.699999999999999 0.11000000000000029 0.0980227469333332 -0.082228282974964
4.699999999999999 0.12000000000000029 0.1203119059582177 -0.1100039602339653
4.699999999999999 0.13000000000000028 0.151005299147763 -0.1458142714564275
4.699999999999999 0.1400000000000003 0.1922641824688894 -0.1922719108997882
4.699999999999999 0.1500000000000003 0.246982334541496 -0.2527668082914098
4.699999999999999 0.1600000000000003 0.3189865409607366 -0.3317132672269494
4.699999999999999 0.17000000000000032 0.4133009078963414 -0.4348717655082112
4.699999999999999 0.18000000000000033 0.5364929593073837 -0.5697688304078585
4.699999999999999 0.19000000000000034 0.6971249531433611 -0.7462455273024039
4.699999999999999 0.20000000000000034 0.9063408828048773 -0.977174438060016
4.699999999999999 0.21000000000000035 1.1786286677590168 -1.279397230384807
4.699999999999999 0.22000000000000036 1.5328086660370777 -1.6749509128807736
4.699999999999999 0.23000000000000037 1.9933146097243268 -2.1926717853138644
4.699999999999999 0.24000000000000038 2.591852330705142 -2.870293434499268
4.699999999999999 0.2500000000000004 3.3695464344109065 -3.7571908583539977
4.699999999999999 0.2600000000000004 4.379716963281764 -4.9179694882168254
4.699999999999999 0.2700000000000004 5.691469074910811 -6.437158867889268
4.699999999999999 0.2800000000000004 7.394331404199165 -8.425350399932915
4.699999999999999 0.2900000000000004 9.604246352695267 -11.027222573521973
4.699999999999999 0.30000000000000043 12.471302217205222 -14.43203285667521
4.699999999999999 0.31000000000000044 16.189708136132197 -18.88733262653731
4.699999999999999 0.32000000000000045 21.010655037332658 -24.716892701672354
4.699999999999999 0.33000000000000046 27.258887674535906 -32.34412860215149
4.699999999999999 0.34000000000000047 35.35404529249257 -42.322707899996075
4.699999999999999 0.3500000000000005 45.83812520176196 -55.376534641201204
4.699999999999999 0.3600000000000005 59.410801935938224 -72.45197383832021
4.699999999999999 0.3700000000000005 76.97481661712783 -94.78604924662042
4.699999999999999 0.3800000000000005 99.69426426553218 -123.9954808138933
4.699999999999999 0.3900000000000005 129.06938574949658 -162.19290319846962
4.699999999999999 0.4000000000000005 167.03245941133724 -212.1385258662524
4.699999999999999 0.41000000000000053 216.07063961743285 -277.43799107842807
4.699999999999999 0.42000000000000054 279.38317364103307 -362.80043027848757
4.699999999999999 0.43000000000000055 361.0824292256177 -474.3749342193359
4.699999999999999 0.44000000000000056 466.4506883364565 -620.1891250487248
4.699999999999999 0.45000000000000057 602.2678387014196 -810.7206208766657
4.699999999999999 0.4600000000000006 777.2290853419867 -1059.6413945678496
4.699999999999999 0.4700000000000006 1002.4768085180679 -1384.7869671008966
4.699999999999999 0.4800000000000006 1292.276956942425 -1809.4178387949348
4.699999999999999 0.4900000000000006 1664.8781852139384 -2363.860575014917
4.699999999999999 0.5000000000000006 2143.6016874483566 -3087.641846008665
4.799999999999999 -0.5 -81112.15088087357 5193.876267918506
4.799999999999999 -0.49 -62833.9235182606 4260.063982526922
4.799999999999999 -0.48 -48673.922251789176 3483.4050621212605
4.799999999999999 -0.47 -37704.43271702491 2840.480403884162
4.799999999999999 -0.45999999999999996 -29206.692467267527 2310.4482486105007
4.799999999999999 -0.44999999999999996 -22623.83590595717 1875.0710825181736
4.799999999999999 -0.43999999999999995 -17524.43405785602 1518.5997252582301
4.799999999999999 -0.42999999999999994 -13574.244059448363 1227.5775555340654
4.799999999999999 -0.41999999999999993 -10514.320100039095 990.6067179598319
4.799999999999999 -0.4099999999999999 -8144.053579746111 798.1033605813034
4.799999999999999 -0.3999999999999999 -6308.032653867918 642.058698829042
4.799999999999999 -0.3899999999999999 -4885.861173801897 515.815694054909
4.799999999999999 -0.3799999999999999 -3784.270641641179 413.8664312652082
4.799999999999999 -0.3699999999999999 -2931.0088235512258 331.6721990360256
4.799999999999999 -0.3599999999999999 -2270.1049237327306 265.50632286894654
4.799999999999999 -0.34999999999999987 -1758.201306688353 212.31862893447163
4.799999999999999 -0.33999999999999986 -1361.7115611572717 169.6197670691012
4.799999999999999 -0.32999999999999985 -1054.6187891285076 135.3833226218974
4.799999999999999 -0.31999999999999984 -816.7699153477337 107.96357207490718
4.799999999999999 -0.30999999999999983 -632.5542880635642 86.02680130051186
4.799999999999999 -0.2999999999999998 -489.8800047304954 68.4942492458335
4.799999999999999 -0.2899999999999998 -379.3808932734359 54.494924478460895
4.799999999999999 -0.2799999999999998 -293.8021859329055 43.32674175588917
4.799999999999999 -0.2699999999999998 -227.52462719213503 34.424624436408536
4.799999999999999 -0.2599999999999998 -176.1958258129862 27.334406484137492
4.799999999999999 -0.24999999999999978 -136.44468711765316 21.691539795168413
4.799999999999999 -0.23999999999999977 -105.66020526698998 17.203766235465483
4.799999999999999 -0.22999999999999976 -81.82011277095854 13.637048666510863
4.799999999999999 -0.21999999999999975 -63.35815195157884 10.804172000809082
4.799999999999999 -0.20999999999999974 -49.06126451924281 8.555525298726959
4.799999999999999 -0.19999999999999973 -37.989956594861056 6.771660733704515
4.799999999999999 -0.18999999999999972 -29.416615859268813 5.357296668398415
4.799999999999999 -0.17999999999999972 -22.777734556880482 4.236491834473151
4.799999999999999 -0.1699999999999997 -17.636903930466488 3.3487673252337715
4.799999999999999 -0.1599999999999997 -13.65615205737063 2.645994281598987
4.799999999999999 -0.1499999999999997 -10.573744281286926 2.089899105362886
4.799999999999999 -0.13999999999999968 -8.186989346386335 1.6500659321342421
4.799999999999999 -0.12999999999999967 -6.338922725542936 1.3023389447996914
4.799999999999999 -0.11999999999999968 -4.90799301460181 1.027545766509472
4.799999999999999 -0.10999999999999968 -3.8000743160275032 0.8104783685890775
4.799999999999999 -0.09999999999999969 -2.942280176057577 0.6390802765211886
4.799999999999999 -0.08999999999999969 -2.278172877972917 0.5037988686951936
4.799999999999999 -0.0799999999999997 -1.7640534836409079 0.3970696643763268
4.799999999999999 -0.0699999999999997 -1.3660889626761326 0.3129060420839108
4.799999999999999 -0.0599999999999997 -1.0580877067657162 0.2465731083643828
4.799999999999999 -0.0499999999999997 -0.8197773009722382 0.1943286887987198
4.799999999999999 -0.039999999999999696 -0.6354714072681261 0.1532178339495646
4.799999999999999 -0.029999999999999694 -0.4930381722685229 0.1209099828693453
4.799999999999999 -0.01999999999999969 -0.3831023782231928 0.0955701363676438
4.799999999999999 -0.009999999999999691 -0.2984289137915884 0.0757571678773073
4.799999999999999 3.0878077872387166e-16 -0.233447057068472 0.0603438281186202
4.799999999999999 0.010000000000000309 -0.1838843201712793 0.0484541515254904
4.799999999999999 0.02000000000000031 -0.1464858104222888 0.0394149053649692
4.799999999999999 0.03000000000000031 -0.1188006912446593 0.0327184842308672
4.799999999999999 0.04000000000000031 -0.0990217463902799 0.0279952826886103
4.799999999999999 0.050000000000000315 -0.0858675549611368 0.0249941107861318
4.799999999999999 0.06000000000000032 -0.0784996028057338 0.0235696800094028
4.799999999999999 0.07000000000000031 -0.0764689744049782 0.0236766072834324
4.799999999999999 0.08000000000000031 -0.0796892419221837 0.0253697866216314
4.799999999999999 0.0900000000000003 -0.0884339259242083 0.0288113868859988
4.799999999999999 0.1000000000000003 -0.1033585629683165 0.0342851763139162
4.799999999999999 0.11000000000000029 -0.1255490905401096 0.0422193798006049
4.799999999999999 0.12000000000000029 -0.1566000631114905 0.0532198785619844
4.799999999999999 0.13000000000000028 -0.1987282670041048 0.0681163067223457
4.799999999999999 0.1400000000000003 -0.2549297464411643 0.0880245394487547
4.799999999999999 0.1500000000000003 -0.3291912557535822 0.1144302711542302
4.799999999999999 0.1600000000000003 -0.4267709185023761 0.1492999384841252
4.799999999999999 0.17000000000000032 -0.5545676606695265 0.195227266040181
4.799999999999999 0.18000000000000033 -0.7216051188092326 0.255626352559059
4.799999999999999 0.19000000000000034 -0.9396636231825932 0.334985666729954
4.799999999999999 0.20000000000000034 -1.2241040577586852 0.4392018402517606
4.799999999999999 0.21000000000000035 -1.5949405960554641 0.5760180651472117
4.799999999999999 0.22000000000000036 -2.078236397876544 0.7555996601712308
4.799999999999999 0.23000000000000037 -2.707918481446129 0.99128954015224
4.799999999999999 0.24000000000000038 -3.528136649585615 1.3005996524310635
4.799999999999999 0.2500000000000004 -4.596328474091829 1.7065119184593514
4.799999999999999 0.2600000000000004 -5.9872004179798655 2.2391851221513583
4.799999999999999 0.2700000000000004 -7.797897414383329 2.9381942032119746
4.799999999999999 0.2800000000000004 -10.154713771890941 3.855467746461705
4.799999999999999 0.2900000000000004 -13.221802491664173 5.05914098960268
4.799999999999999 0.30000000000000043 -17.21247486557503 6.638609171901983
4.799999999999999 0.31000000000000044 -22.40385647706307 8.711154444317058
4.799999999999999 0.32000000000000045 -29.155890915895526 11.430635300757992
4.799999999999999 0.33000000000000046 -37.93597341531408 14.998878988758976
4.799999999999999 0.34000000000000047 -49.35087223856612 19.6806156112068
4.799999999999999 0.3500000000000005 -64.18808044464255 25.82305199296971
4.799999999999999 0.3600000000000005 -83.46936610619544 33.881522589575134
4.799999999999999 0.3700000000000005 -108.52009556379176 44.45309819219717
4.799999999999999 0.3800000000000005 -141.058943805893 58.3206127873472
4.799999999999999 0.3900000000000005 -183.3139452231918 76.5103261667214
4.799999999999999 0.4000000000000005 -238.17256231901584 100.36742880673475
4.799999999999999 0.41000000000000053 -309.37566912076574 131.654886503095
4.799999999999999 0.42000000000000054 -401.7682005416459 172.68280677193545
4.799999999999999 0.43000000000000055 -521.6228887403787 226.47770608711144
4.799999999999999 0.44000000000000056 -677.0582229190543 297.0039211722177
4.799999999999999 0.45000000000000057 -878.577824572104 389.45313946449915
4.799999999999999 0.4600000000000006 -1139.7662024935307 510.62288382758203
4.799999999999999 0.4700000000000006 -1478.1858219128037 669.4111120810333
4.799999999999999 0.4800000000000006 -1916.5332040909248 877.4623200765266
4.799999999999999 0.4900000000000006 -2484.1281501775297 1150.0112336991692
4.799999999999999 0.5000000000000006 -3218.831155320664 1506.9840720939628
4.899999999999999 -0.5 62102.74048367386 -47666.72607894777
4.899999999999999 -0.49 47981.274598265336 -37114.59800832437
4.899999999999999 -0.48 37070.04193577836 -28897.341014854268
4.899999999999999 -0.47 28639.44514507029 -22498.566604622385
4.899999999999999 -0.45999999999999996 22125.662909957147 -17516.035568670664
4.899999999999999 -0.44999999999999996 17092.992233779576 -13636.438018213188
4.899999999999999 -0.43999999999999995 13204.743000126202 -10615.74247438772
4.899999999999999 -0.42999999999999994 10200.742999774311 -8263.884948209885
4.899999999999999 -0.41999999999999993 7879.952402854378 -6432.840036525899
4.899999999999999 -0.4099999999999999 6087.0274083249205 -5007.327392900052
4.899999999999999 -0.3999999999999999 4701.936218040045 -3897.5716728666603
4.899999999999999 -0.3899999999999999 3631.9341086183313 -3033.662466225362
4.899999999999999 -0.3799999999999999 2805.3617787375715 -2361.1608209366545
4.899999999999999 -0.3699999999999999 2166.852821921845 -1837.676976020451
4.899999999999999 -0.3599999999999999 1673.6302249081634 -1430.2047220304137
4.899999999999999 -0.34999999999999987 1292.6444887532368 -1113.0451923528974
4.899999999999999 -0.33999999999999986 998.3621607532718 -866.1898153949102
4.899999999999999 -0.32999999999999985 771.0569969818965 -674.0609335159577
4.899999999999999 -0.31999999999999984 595.4895442484137 -524.531017400816
4.899999999999999 -0.30999999999999983 459.8868757713592 -408.1588762923293
4.899999999999999 -0.2999999999999998 355.1542677029381 -317.5948777096641
4.899999999999999 -0.2899999999999998 274.26610182780104 -247.1177966164185
4.899999999999999 -0.2799999999999998 211.79525758054712 -192.27417727506986
4.899999999999999 -0.2699999999999998 163.54951340231065 -149.59752854949375
4.899999999999999 -0.2599999999999998 126.2906313663291 -116.38968837953136
4.899999999999999 -0.24999999999999978 97.51732756224207 -90.55059973371517
4.899999999999999 -0.23999999999999977 75.2976031352184 -70.44578339549247
4.899999999999999 -0.22999999999999976 58.13921246717048 -54.80316323052288
4.899999999999999 -0.21999999999999975 44.88959630722509 -42.63274577602507
4.899999999999999 -0.20999999999999974 34.65857916183629 -33.16409391336478
4.899999999999999 -0.19999999999999973 26.758653677640034 -25.797654272990123
4.899999999999999 -0.18999999999999972 20.6588519071344 -20.066870182703518
4.899999999999999 -0.17999999999999972 15.94911292234527 -15.608691177081047
4.899999999999999 -0.1699999999999997 12.312759044765317 -12.140619006600804
4.899999999999999 -0.1599999999999997 9.505235983901843 -9.442841956107468
4.899999999999999 -0.1499999999999997 7.337691737948769 -7.344329994853366
4.899999999999999 -0.13999999999999968 5.664293272097141 -5.712013000660282
4.899999999999999 -0.12999999999999967 4.372430439172442 -4.4423587360013705
4.899999999999999 -0.11999999999999968 3.3751501016493086 -3.4548186378519907
4.899999999999999 -0.10999999999999968 2.605312902979257 -2.6867273437791077
4.899999999999999 -0.09999999999999969 2.011080625382113 -2.0893336341084545
4.899999999999999 -0.08999999999999969 1.5524312925773334 -1.6247119026495436
4.899999999999999 -0.0799999999999997 1.1984681034825089 -1.2633588762863033
4.899999999999999 -0.0699999999999997 0.925341532708613 -0.9823235907022914
4.899999999999999 -0.0599999999999997 0.7146450726647159 -0.7637523241315015
4.899999999999999 -0.0499999999999997 0.5521768762823748 -0.5937564176438196
4.899999999999999 -0.039999999999999696 0.4269841186383702 -0.4615313232107527
4.899999999999999 -0.029999999999999694 0.3306258760453629 -0.3586711073277976
4.899999999999999 -0.01999999999999969 0.2566049948725918 -0.2786350007982727
4.899999999999999 -0.009999999999999691 0.1999307733316437 -0.2163322047454409
4.899999999999999 3.0878077872387166e-16 0.1567830690081252 -0.1677986463361152
4.899999999999999 0.010000000000000309 0.1242552627291911 -0.1299451976769291
4.899999999999999 0.02000000000000031 0.1001588130142614 -0.1003613955196355
4.899999999999999 0.03000000000000031 0.0828762810094568 -0.0771622136360214
4.899999999999999 0.04000000000000031 0.0712529720458861 -0.0588681660879698
4.899999999999999 0.050000000000000315 0.0645199465142595 -0.0443111304649546
4.899999999999999 0.06000000000000032 0.0622432752214747 -0.0325599089443564
4.899999999999999 0.07000000000000031 0.0642961960999326 -0.0228607947533924
4.899999999999999 0.08000000000000031 0.0708523907333076 -0.0145893613253153
4.899999999999999 0.0900000000000003 0.0824000467961654 -0.0072104012417541
4.899999999999999 0.1000000000000003 0.0997778050166995 -0.0002434568843366
4.899999999999999 0.11000000000000029 0.1242352048973149 0.0067682627728956
4.899999999999999 0.12000000000000029 0.1575219464941252 0.0142875721817093
4.899999999999999 0.13000000000000028 0.2020122936080237 0.0228135126171726
4.899999999999999 0.1400000000000003 0.26087339557915 0.0329140095828232
4.899999999999999 0.1500000000000003 0.3382893700532796 0.0452630810101911
4.899999999999999 0.1600000000000003 0.4397568795023132 0.0606849804196506
4.899999999999999 0.17000000000000032 0.5724729186452586 0.0802080948735254
4.899999999999999 0.18000000000000033 0.7458419520905072 0.1051320274176315
4.899999999999999 0.19000000000000034 0.9721378439151506 0.1371121139750844
4.899999999999999 0.20000000000000034 1.267366774535468 0.1782667038077354
4.899999999999999 0.21000000000000035 1.6523912834461387 0.2313139341104538
4.899999999999999 0.22000000000000036 2.154393664850643 0.299746534872867
4.899999999999999 0.23000000000000037 2.8087804142532677 0.3880555144737786
4.899999999999999 0.24000000000000038 3.661659880254702 0.5020165326390724
4.899999999999999 0.2500000000000004 4.7730647923235345 0.6490565339690714
4.899999999999999 0.2600000000000004 6.221142599280513 0.838723005084775
4.899999999999999 0.2700000000000004 8.10760304304977 1.0832842997989065
4.899999999999999 0.2800000000000004 10.564798609680098 1.398497186781198
4.899999999999999 0.2900000000000004 13.764925268842182 1.8045875362558677
4.899999999999999 0.30000000000000043 17.931975767094908 2.327502406535521
4.899999999999999 0.31000000000000044 23.357265418407003 3.000507380918141
4.899999999999999 0.32000000000000045 30.419593426057947 3.866222668662956
4.899999999999999 0.33000000000000046 39.61141753703391 4.979216252498623
4.899999999999999 0.34000000000000047 51.57282727860791 6.409303523685258
4.899999999999999 0.3500000000000005 67.13562827561402 8.24574198895394
4.899999999999999 0.3600000000000005 87.38053219362007 10.602558739559289
4.899999999999999 0.3700000000000005 113.71132884495432 13.62530988810275
4.899999999999999 0.3800000000000005 147.95105714820215 17.499648127586795
4.899999999999999 0.3900000000000005 192.46666498820346 22.46217067570044
4.899999999999999 0.4000000000000005 250.33055126327594 28.81413972395236
4.899999999999999 0.41000000000000053 325.5298410449491 36.93881674894146
4.899999999999999 0.42000000000000054 423.23741710003077 47.32333757131219
4.899999999999999 0.43000000000000055 550.1628242818883 60.58628531985276
4.899999999999999 0.44000000000000056 715.0064427596387 77.51240380433491
4.899999999999999 0.45000000000000057 929.0471327417647 99.09624681798441
4.899999999999999 0.4600000000000006 1206.9023254850172 126.59699492507231
4.899999999999999 0.4700000000000006 1567.5108358024495 161.60720900031086
4.899999999999999 0.4800000000000006 2035.4032225938731 206.1389518562081
4.899999999999999 0.4900000000000006 2642.3432533358327 262.731523236657
4.899999999999999 0.5000000000000006 3429.4481252820046 334.5860526947325
4.999999999999998 -0.5 -24110.839219942667 71446.92956319869
4.999999999999998 -0.49 -18474.45802914314 55430.12095643998
4.999999999999998 -0.48 -14153.700826552395 43003.253699576955
4.999999999999998 -0.47 -10841.911151342185 33361.84489027784
4.999999999999998 -0.45999999999999996 -8303.816747623214 25881.656728510017
4.999999999999998 -0.44999999999999996 -6358.932989760624 20078.320232118065
4.999999999999998 -0.43999999999999995 -4868.820507473568 15576.001783704316
4.999999999999998 -0.42999999999999994 -3727.302924576491 12083.087641307595
4.999999999999998 -0.41999999999999993 -2852.9578210489594 9373.314862004125
4.999999999999998 -0.4099999999999999 -2183.3532546849524 7271.128938875903
4.999999999999998 -0.3999999999999999 -1670.6245312259275 5640.321543632404
4.999999999999998 -0.3899999999999999 -1278.07992219961 4375.213725931016
4.999999999999998 -0.3799999999999999 -977.5962566863506 3393.814428101765
4.999999999999998 -0.3699999999999999 -747.6207996954945 2632.511851359209
4.999999999999998 -0.3599999999999999 -571.6384519035813 2041.9543005784708
4.999999999999998 -0.34999999999999987 -436.99604296419193 1583.8540384298308
4.999999999999998 -0.33999999999999986 -334.0006333683453 1228.5073629734522
4.999999999999998 -0.32999999999999985 -255.22804809460843 952.8704410212371
4.999999999999998 -0.31999999999999984 -194.9926915015802 739.0663749249718
4.999999999999998 -0.30999999999999983 -148.94107642110097 573.2268754946434
4.999999999999998 -0.2999999999999998 -113.7402397602806 444.5935610617449
4.999999999999998 -0.2899999999999998 -86.83892561828557 344.82070133253416
4.999999999999998 -0.2799999999999998 -66.28456628317407 267.43426043892424
4.999999999999998 -0.2699999999999998 -50.58304353036458 207.41220921050996
4.999999999999998 -0.2599999999999998 -38.591245460194976 160.85892616795144
4.999999999999998 -0.24999999999999978 -29.43476125703552 124.75259765111035
4.999999999999998 -0.23999999999999977 -22.444841716420576 96.7492537477511
4.999999999999998 -0.22999999999999976 -17.110123105906467 75.03074397137529
4.999999999999998 -0.21999999999999975 -13.039662581650868 58.18680218052668
4.999999999999998 -0.20999999999999974 -9.934639206533484 45.12355812720271
4.999999999999998 -0.19999999999999973 -7.566692584714467 34.99256613400077
4.999999999999998 -0.18999999999999972 -5.76134497714328 27.135750583522107
4.999999999999998 -0.17999999999999972 -4.385316058876516 21.04269918783624
4.999999999999998 -0.1699999999999997 -3.336817978783638 16.31753514267844
4.999999999999998 -0.1599999999999997 -2.5381318508536177 12.653220059221923
4.999999999999998 -0.1499999999999997 -1.9299304066246143 9.81162119876653
4.999999999999998 -0.13999999999999968 -1.4669369036323632 7.608050199558256
4.999999999999998 -0.12999999999999967 -1.114606437594913 5.899270379054813
4.999999999999998 -0.11999999999999968 -0.8465893901587429 4.574194595518868
4.999999999999998 -0.10999999999999968 -0.6427931074493299 3.5466701282285493
4.999999999999998 -0.09999999999999969 -0.4879010716319111 2.7498823892635693
4.999999999999998 -0.08999999999999969 -0.3702418835730103 2.1320142816892886
4.999999999999998 -0.0799999999999997 -0.2809256847954384 1.6528794732763226
4.999999999999998 -0.0699999999999997 -0.2131850243610898 1.2813110405623374
4.999999999999998 -0.0599999999999997 -0.1618720108229105 0.9931359505843466
4.999999999999998 -0.0499999999999997 -0.1230749461519807 0.7696038641424322
4.999999999999998 -0.039999999999999696 -0.0938263340111951 0.5961682296848719
4.999999999999998 -0.029999999999999694 -0.0718808148254433 0.4615405025723769
4.999999999999998 -0.01999999999999969 -0.0555466847673381 0.3569560533196781
4.999999999999998 -0.009999999999999691 -0.0435585734069264 0.2756040701338526
4.999999999999998 3.0878077872387166e-16 -0.0349818684049653 0.2121844068666898
4.999999999999998 0.010000000000000309 -0.0291418032580362 0.1625625678042012
4.999999999999998 0.02000000000000031 -0.0255719342872429 0.1235003899284598
4.999999999999998 0.03000000000000031 -0.0239781569897209 0.0924448943754004
4.999999999999998 0.04000000000000031 -0.0242155527883574 0.0673615501052382
4.999999999999998 0.050000000000000315 -0.0262762978209624 0.0466010685661727
4.999999999999998 0.06000000000000032 -0.0302876737926097 0.0287910144033319
4.999999999999998 0.07000000000000031 -0.0365199554248281 0.0127451138573209
4.999999999999998 0.08000000000000031 -0.0454046624529176 -0.002615727970071
4.999999999999998 0.0900000000000003 -0.0575644074102896 -0.0183359553212839
4.999999999999998 0.1000000000000003 -0.0738563963374672 -0.0354963043714199
4.999999999999998 0.11000000000000029 -0.0954326062921552 -0.0552879698900719
4.999999999999998 0.12000000000000029 -0.1238208388834847 -0.0790950715900073
4.999999999999998 0.13000000000000028 -0.161032315017899 -0.1085911076729658
4.999999999999998 0.1400000000000003 -0.2097033345262096 -0.1458560852404944
4.999999999999998 0.1500000000000003 -0.2732809041337958 -0.1935224805473126
4.999999999999998 0.1600000000000003 -0.3562653028294903 -0.2549602089736166
4.999999999999998 0.17000000000000032 -0.4645265164963349 -0.3345135161497458
4.999999999999998 0.18000000000000033 -0.6057166064097417 -0.4378063272858665
4.999999999999998 0.19000000000000034 -0.7898067314078487 -0.5721373621603298
4.999999999999998 0.20000000000000034 -1.0297861773965402 -0.7469925675829734
4.999999999999998 0.21000000000000035 -1.3425719510471918 -0.9747105675692522
4.999999999999998 0.22000000000000036 -1.7501920320218833 -1.27134744422905
4.999999999999998 0.23000000000000037 -2.281324240444688 -1.657800968045461
4.999999999999998 0.24000000000000038 -2.973297146336052 -2.1612723410675234
4.999999999999998 0.2500000000000004 -3.8746911858932007 -2.817166828549802
4.999999999999998 0.2600000000000004 -5.048719304973148 -3.671564926569296
4.999999999999998 0.2700000000000004 -6.577619803635104 -4.784435010114153
4.999999999999998 0.2800000000000004 -8.568363203755137 -6.23380940442654
4.999999999999998 0.2900000000000004 -11.160064555175186 -8.121211989488664
4.999999999999998 0.30000000000000043 -14.533608645752633 -10.57871127497214
4.999999999999998 0.31000000000000044 -18.92414585412387 -13.778084186737383
4.999999999999998 0.32000000000000045 -24.637310913489767 -17.942720115874636
4.999999999999998 0.33000000000000046 -32.07026859295473 -23.363081842445432
4.999999999999998 0.34000000000000047 -41.73901596845585 -30.41678236923612
4.999999999999998 0.3500000000000005 -54.31379211561184 -39.59465079851387
4.999999999999998 0.3600000000000005 -70.66499052706811 -51.534567255201
4.999999999999998 0.3700000000000005 -91.92267319142893 -67.06537378198239
4.999999999999998 0.3800000000000005 -119.55369426944674 -87.26385036817796
4.999999999999998 0.3900000000000005 -155.4616151688137 -113.52862839510685
4.999999999999998 0.4000000000000005 -202.11610815448464 -147.67605666145627
4.999999999999998 0.41000000000000053 -262.7205010107683 -192.06451384040884
4.999999999999998 0.42000000000000054 -341.42863747836697 -249.7555739147583
4.999999999999998 0.43000000000000055 -443.6254802177436 -324.7229046052482
4.999999999999998 0.44000000000000056 -576.2900743459248 -422.122976665397
4.999999999999998 0.45000000000000057 -748.4648891469627 -548.6457952570024
4.999999999999998 0.4600000000000006 -971.8625086911006 -712.969205742868
4.999999999999998 0.4700000000000006 -1261.6495918520939 -926.3472262714814
4.999999999999998 0.4800000000000006 -1637.4595367705363 -1203.3717711549627
4.999999999999998 0.4900000000000006 -2124.7000923782552 -1562.9586356721472
4.999999999999998 0.5000000000000006 -2756.241193080789 -2029.623466238829
5.099999999999998 -0.5 -19038.618416867637 -70090.01715041276
5.099999999999998 -0.49 -14955.616894824481 -54253.31582896783
5.099999999999998 -0.48 -11745.914283454647 -41994.251950590326
5.099999999999998 -0.47 -9223.276290230497 -32504.75114823665
5.099999999999998 -0.45999999999999996 -7241.052796994421 -25159.225265613844
5.099999999999998 -0.44999999999999996 -5683.79537549208 -19473.36898415004
5.099999999999998 -0.43999999999999995 -4460.64247595282 -15072.258094066
5.099999999999998 -0.42999999999999994 -3500.101306886964 -11665.64993261684
5.099999999999998 -0.41999999999999993 -2745.9328542875937 -9028.860303946149
5.099999999999998 -0.4099999999999999 -2153.9078608624463 -6987.95808376716
5.099999999999998 -0.3999999999999999 -1689.2502059072176 -5408.302814901996
5.099999999999998 -0.3899999999999999 -1324.6226245380471 -4185.670593248595
5.099999999999998 -0.3799999999999999 -1038.5401741531357 -3239.3838923778503
5.099999999999998 -0.3699999999999999 -814.1209596307414 -2506.9928795543456
5.099999999999998 -0.3599999999999999 -638.1026884946479 -1940.1579112346185
5.099999999999998 -0.34999999999999987 -500.0686922990086 -1501.4619794246091
5.099999999999998 -0.33999999999999986 -391.83895321299957 -1161.9431134917788
5.099999999999998 -0.32999999999999985 -306.9910754397247 -899.1841535404855
5.099999999999998 -0.31999999999999984 -240.48356285908906 -695.834020532727
5.099999999999998 -0.30999999999999983 -188.3596216124461 -538.4630304818239
5.099999999999998 -0.2999999999999998 -147.5143274373988 -416.67680567700626
5.099999999999998 -0.2899999999999998 -115.51164209914215 -322.43037334642395
5.099999999999998 -0.2799999999999998 -90.44063671029349 -249.49723288441461
5.099999999999998 -0.2699999999999998 -70.80254451971457 -193.05838513493282
5.099999999999998 -0.2599999999999998 -55.422050275928726 -149.3842235998687
5.099999999999998 -0.24999999999999978 -43.377628967198845 -115.5883084397215
5.099999999999998 -0.23999999999999977 -33.946853718225924 -89.43678285227504
5.099999999999998 -0.22999999999999976 -26.563464124229032 -69.20085994655189
5.099999999999998 -0.21999999999999975 -20.78367223916942 -53.54264822912844
5.099999999999998 -0.20999999999999974 -16.25972317812176 -41.426782371616824
5.099999999999998 -0.19999999999999973 -12.719151898694166 -32.052027888440406
5.099999999999998 -0.18999999999999972 -9.948511673165944 -24.798345868189163
5.099999999999998 -0.17999999999999972 -7.780612347777023 -19.18592379471789
5.099999999999998 -0.1699999999999997 -6.084512910974816 -14.843467985917389
5.099999999999998 -0.1599999999999997 -4.757675133524436 -11.483664308205244
5.099999999999998 -0.1499999999999997 -3.7198125305421166 -8.88418688158115
5.099999999999998 -0.13999999999999968 -2.908069052417465 -6.873000662930579
5.099999999999998 -0.12999999999999967 -2.2732405813039236 -5.3169872292438765
5.099999999999998 -0.11999999999999968 -1.77681408974599 -4.113142469325324
5.099999999999998 -0.10999999999999968 -1.3886478247844805 -3.1817647018054602
5.099999999999998 -0.09999999999999969 -1.0851539588360084 -2.4611831701910716
5.099999999999998 -0.08999999999999969 -0.8478750341276311 -1.9036785927442812
5.099999999999998 -0.0799999999999997 -0.6623689785101989 -1.472326178059774
5.099999999999998 -0.0699999999999997 -0.5173358686632182 -1.1385524515288972
5.099999999999998 -0.0599999999999997 -0.4039340474883612 -0.880244394721997
5.099999999999998 -0.0499999999999997 -0.3152445185823354 -0.6802858914770372
5.099999999999998 -0.039999999999999696 -0.2458514115444158 -0.5254247098893555
5.099999999999998 -0.029999999999999694 -0.1915132630924724 -0.4053950924248634
5.099999999999998 -0.01999999999999969 -0.1489053028449174 -0.3122379190896367
5.099999999999998 -0.009999999999999691 -0.1154171924640987 -0.2397734663533101
5.099999999999998 3.0878077872387166e-16 -0.0889939958779518 -0.1831918694822684
5.099999999999998 0.010000000000000309 -0.0680107545433972 -0.1387341739750784
5.099999999999998 0.02000000000000031 -0.0511730597334688 -0.1034428463834736
5.099999999999998 0.03000000000000031 -0.0374375737195206 -0.0749652009267258
5.099999999999998 0.04000000000000031 -0.0259476462637239 -0.0513966884719815
5.099999999999998 0.050000000000000315 -0.0159800729066755 -0.0311536186295748
5.099999999999998 0.06000000000000032 -0.0068997003019054 -0.0128668164870009
5.099999999999998 0.07000000000000031 0.0018809601502879 0.0047109205934226
5.099999999999998 0.08000000000000031 0.010939669723158 0.0227898148930026
5.099999999999998 0.0900000000000003 0.0208823921581091 0.0426263332839726
5.099999999999998 0.1000000000000003 0.0323836953292851 0.0656103579556055
5.099999999999998 0.11000000000000029 0.0462323034136932 0.0933623351986672
5.099999999999998 0.12000000000000029 0.063384853402954 0.1278471700149767
5.099999999999998 0.13000000000000028 0.0850314875736987 0.1715128391745084
5.099999999999998 0.1400000000000003 0.1126777336572498 0.2274634553385456
5.099999999999998 0.1500000000000003 0.1482482425761008 0.2996789541724291
5.099999999999998 0.1600000000000003 0.1942194449901371 0.3932968662123478
5.099999999999998 0.17000000000000032 0.2537901522814311 0.5149760058069026
5.099999999999998 0.18000000000000033 0.3311016957877314 0.6733676658008825
5.099999999999998 0.19000000000000034 0.4315225403619002 0.8797274498051644
5.099999999999998 0.20000000000000034 0.5620166454660759 1.1487107285653293
5.099999999999998 0.21000000000000035 0.7316204644752122 1.499407557469676
5.099999999999998 0.22000000000000036 0.9520607390412138 1.95668962973775
5.099999999999998 0.23000000000000037 1.2385546350399999 2.5529636232225608
5.099999999999998 0.24000000000000038 1.61084589098333 3.3304536341293014
5.099999999999998 0.2500000000000004 2.0945462950000064 4.344172234419165
5.099999999999998 0.2600000000000004 2.722871983000157 5.665787580825141
5.099999999999998 0.2700000000000004 3.5388900560908487 7.388656238156649
5.099999999999998 0.2800000000000004 4.598424515080927 9.634372234066026
5.099999999999998 0.2900000000000004 5.973813639790393 12.561287883099638
5.099999999999998 0.30000000000000043 7.758766437786563 16.37559829652325
5.099999999999998 0.31000000000000044 10.074637156031093 21.34575855432673
5.099999999999998 0.32000000000000045 13.078528574312665 27.82123233952258
5.099999999999998 0.33000000000000046 16.97375261525117 36.256869077181776
5.099999999999998 0.34000000000000047 22.02332803675622 47.24459355843804
5.099999999999998 0.3500000000000005 28.567388968855806 61.5545939195658
5.099999999999998 0.3600000000000005 37.045626740040404 80.18884467852378
5.099999999999998 0.3700000000000005 48.02620599934948 104.45064529264391
5.099999999999998 0.3800000000000005 62.24300391308502 136.03494830125913
5.099999999999998 0.3900000000000005 80.64354278311552 177.14566815750004
5.099999999999998 0.4000000000000005 104.45065302287827 230.64799749670547
5.099999999999998 0.41000000000000053 135.24175465304808 300.2661348327963
5.099999999999998 0.42000000000000054 175.05073154993516 390.83990544043337
5.099999999999998 0.43000000000000055 226.49875713812744 508.6577407367045
5.099999999999998 0.44000000000000056 292.9621934007065 661.8886358593662
5.099999999999998 0.45000000000000057 378.78792838754975 861.1423724295596
5.099999999999998 0.4600000000000006 489.569368680184 1120.195915061326
5.099999999999998 0.4700000000000006 632.4999234306115 1456.935035275321
5.099999999999998 0.4800000000000006 816.8254078668557 1894.5746190163027
5.099999999999998 0.4900000000000006 1054.4226102858886 2463.23971974603
5.099999999999998 0.5000000000000006 1360.538625335165 3202.013446517468
5.1999999999999975 -0.5 52828.816793673876 45857.65006849932
5.1999999999999975 -0.49 41067.21442791898 35378.79985252491
5.1999999999999975 -0.48 31923.394333717864 27293.54896757067
5.1999999999999975 -0.47 24814.892809637906 21055.34778042886
5.1999999999999975 -0.45999999999999996 19288.805638469374 16242.400001394826
5.1999999999999975 -0.44999999999999996 14992.978899015527 12529.196903442657
5.1999999999999975 -0.43999999999999995 11653.603766055372 9664.544550600493
5.1999999999999975 -0.42999999999999994 9057.7922369761 7454.603480801671
5.1999999999999975 -0.41999999999999993 7040.026839313976 5749.797779239596
5.1999999999999975 -0.4099999999999999 5471.623293021831 4434.7110626363665
5.1999999999999975 -0.3999999999999999 4252.536406727111 3420.2880929509447
5.1999999999999975 -0.3899999999999999 3304.9883026456678 2637.81608024966
5.1999999999999975 -0.3799999999999999 2568.513824270754 2034.2796673853738
5.1999999999999975 -0.3699999999999999 1996.1080242956355 1568.7761819907882
5.1999999999999975 -0.3599999999999999 1551.2306684207258 1209.7492246470883
5.1999999999999975 -0.34999999999999987 1205.4771666232325 932.8538469635969
5.1999999999999975 -0.33999999999999986 936.7677139687609 719.3091746026536
5.1999999999999975 -0.32999999999999985 727.9393770580155 554.6272164705432
5.1999999999999975 -0.31999999999999984 565.651491860367 427.6319871494684
5.1999999999999975 -0.30999999999999983 439.53467126521076 329.70266517288314
5.1999999999999975 -0.2999999999999998 341.5292221876988 254.18963528590598
5.1999999999999975 -0.2899999999999998 265.3708271588398 195.9639376526198
5.1999999999999975 -0.2799999999999998 206.19072003130879 151.06965809406773
5.1999999999999975 -0.2699999999999998 160.20487548484672 116.4557483706819
5.1999999999999975 -0.2599999999999998 124.47240085344015 89.76913330675609
5.1999999999999975 -0.24999999999999978 96.70772682664331 69.19510425735291
5.1999999999999975 -0.23999999999999977 75.13462113269907 53.33419553759347
5.1999999999999975 -0.22999999999999976 58.37271440614414 41.10720773400966
5.1999999999999975 -0.21999999999999975 45.34929963399983 31.681945831980027
5.1999999999999975 -0.20999999999999974 35.230777722990915 24.41670937866022
5.1999999999999975 -0.19999999999999973 27.369374382589825 18.81670567837755
5.1999999999999975 -0.18999999999999972 21.26172741850222 14.500431872916451
5.1999999999999975 -0.17999999999999972 16.5167006901011 11.173746800622459
5.1999999999999975 -0.1699999999999997 12.830369624585128 8.60987437643556
5.1999999999999975 -0.1599999999999997 9.96658079574518 6.633982097531391
5.1999999999999975 -0.1499999999999997 7.74184382189999 5.11128832746473
5.1999999999999975 -0.13999999999999968 6.013590385808312 3.9378912149180065
5.1999999999999975 -0.12999999999999967 4.671050155400762 3.0336966425807934
5.1999999999999975 -0.11999999999999968 3.628160492921801 2.336964964315756
5.1999999999999975 -0.10999999999999968 2.8180567365814584 1.8001061099164666
5.1999999999999975 -0.09999999999999969 2.1887908072838287 1.3864373514112924
5.1999999999999975 -0.08999999999999969 1.7000043738741688 1.0676833694491272
5.1999999999999975 -0.0799999999999997 1.3203438106252998 0.822048659054276
5.1999999999999975 -0.0699999999999997 1.0254515928830956 0.6327311855979102
5.1999999999999975 -0.0599999999999997 0.7964056269179113 0.4867761786264913
5.1999999999999975 -0.0499999999999997 0.6185066504197954 0.3741920651544016
5.1999999999999975 -0.039999999999999696 0.4803360993812661 0.2872683625035874
5.1999999999999975 -0.029999999999999694 0.3730241367753042 0.2200490821711862
5.1999999999999975 -0.01999999999999969 0.289680983469168 0.1679257720810392
5.1999999999999975 -0.009999999999999691 0.2249551411407656 0.1273224625146324
5.1999999999999975 3.0878077872387166e-16 0.1746902183102732 0.0954510333163965
5.1999999999999975 0.010000000000000309 0.135658383050622 0.0701203109998401
5.1999999999999975 0.02000000000000031 0.1053533730880915 0.0495858593437476
5.1999999999999975 0.03000000000000031 0.0818298097190027 0.0324301940158868
5.1999999999999975 0.04000000000000031 0.0635785304466283 0.0174652184047507
5.1999999999999975 0.050000000000000315 0.0494299666145607 0.0036501842447811
5.1999999999999975 0.06000000000000032 0.0384793948201882 -0.0099804713007375
5.1999999999999975 0.07000000000000031 0.0300293003816777 -0.024384400057266
5.1999999999999975 0.08000000000000031 0.0235451985082522 -0.0405783999313277
5.1999999999999975 0.0900000000000003 0.0186221359242716 -0.0597099321339752
5.1999999999999975 0.1000000000000003 0.0149597999583521 -0.0831381070512665
5.1999999999999975 0.11000000000000029 0.0123447403610382 -0.1125298272512949
5.1999999999999975 0.12000000000000029 0.0106387007216918 -0.1499778532895276
5.1999999999999975 0.13000000000000028 0.0097724959370785 -0.1981491081598934
5.1999999999999975 0.1400000000000003 0.0097452921028927 -0.260473668053105
5.1999999999999975 0.1500000000000003 0.010629577990019 -0.3413877494635148
5.1999999999999975 0.1600000000000003 0.0125825982074943 -0.446647795179302
5.1999999999999975 0.17000000000000032 0.0158655881651757 -0.5837377482041411
5.1999999999999975 0.18000000000000033 0.0208728600803675 -0.7623981296113483
5.1999999999999975 0.19000000000000034 0.0281737010566134 -0.9953140564256608
5.1999999999999975 0.20000000000000034 0.0385712413113123 -1.2990104388667874
5.1999999999999975 0.21000000000000035 0.0531840419741362 -1.6950170503123483
5.1999999999999975 0.22000000000000036 0.073558282661563 -2.211384965786689
5.1999999999999975 0.23000000000000037 0.1018212934318143 -2.884660311252163
5.1999999999999975 0.24000000000000038 0.1408910341702182 -3.76245303801086
5.1999999999999975 0.2500000000000004 0.1947613267629103 -4.906779715616127
5.1999999999999975 0.2600000000000004 0.2688896615646056 -6.398412951855114
5.1999999999999975 0.2700000000000004 0.3707238613181879 -8.342539666992634
5.1999999999999975 0.2800000000000004 0.5104166414158274 -10.876120824180699
5.1999999999999975 0.2900000000000004 0.701794294962606 -14.177462505744185
5.1999999999999975 0.30000000000000043 0.963668884617561 -18.478660399604188
5.1999999999999975 0.31000000000000044 1.3216144937484637 -24.0817771441125
5.1999999999999975 0.32000000000000045 1.8103700306286212 -31.379867932640536
5.1999999999999975 0.33000000000000046 2.477087482070517 -40.884301584573066
5.1999999999999975 0.34000000000000047 3.38572032174718 -53.260254298272855
5.1999999999999975 0.3500000000000005 4.62294861390913 -69.37281040913331
5.1999999999999975 0.3600000000000005 6.306174075084821 -90.34682602105643
5.1999999999999975 0.3700000000000005 8.594301813118753 -117.64464559550161
5.1999999999999975 0.3800000000000005 11.702271493018294 -153.16697074613174
5.1999999999999975 0.3900000000000005 15.920630439302922 -199.3837449784727
5.1999999999999975 0.4000000000000005 21.641882922145804 -259.5039416276783
5.1999999999999975 0.41000000000000053 29.395941279376895 -337.6957585002175
5.1999999999999975 0.42000000000000054 39.89779585649569 -439.3721040590423
5.1999999999999975 0.43000000000000055 54.111578980605124 -571.5606284344473
5.1999999999999975 0.44000000000000056 73.33661252890849 -743.3831939810441
5.1999999999999975 0.45000000000000057 99.3229178366116 -966.6769624551375
5.1999999999999975 0.4600000000000006 134.42618865561653 -1256.7986724145967
5.1999999999999975 0.4700000000000006 181.81559255941136 -1633.665799532745
5.1999999999999975 0.4800000000000006 245.75225249800147 -2123.1039158651415
5.1999999999999975 0.4900000000000006 331.9622383830643 -2758.58969546823
5.1999999999999975 0.5000000000000006 448.13585981571913 -3583.504941247982
5.299999999999997 -0.5 -66860.53461782774 -8347.29584364785
5.299999999999997 -0.49 -51830.40668243626 -6273.378836208558
5.299999999999997 -0.48 -40178.46010549262 -4710.123529526882
5.299999999999997 -0.47 -31145.540323952682 -3532.730630278091
5.299999999999997 -0.45999999999999996 -24143.063243774537 -2646.7063614267167
5.299999999999997 -0.44999999999999996 -18714.697205840443 -1980.5434794942046
5.299999999999997 -0.43999999999999995 -14506.651472225656 -1480.1614740560121
5.299999999999997 -0.42999999999999994 -11244.638480699661 -1104.6848781469994
5.299999999999997 -0.41999999999999993 -8716.011073514277 -823.2390323112397
5.299999999999997 -0.4099999999999999 -6755.912446346933 -612.5191918653677
5.299999999999997 -0.3999999999999999 -5236.537549616834 -454.94720270846705
5.299999999999997 -0.3899999999999999 -4058.807066211355 -337.274415183568
5.299999999999997 -0.3799999999999999 -3145.9120396689486 -249.5233555532245
5.299999999999997 -0.3699999999999999 -2438.308936111436 -184.18644785733463
5.299999999999997 -0.3599999999999999 -1889.8393029396516 -135.61969592036323
5.299999999999997 -0.34999999999999987 -1464.721373323302 -99.58416148283908
5.299999999999997 -0.33999999999999986 -1135.2177160909398 -72.89942748372478
5.299999999999997 -0.32999999999999985 -879.8270361168023 -53.18186761002849
5.299999999999997 -0.31999999999999984 -681.8823524323209 -38.64710399024169
5.299999999999997 -0.30999999999999983 -528.4642394651394 -27.961019387038064
5.299999999999997 -0.2999999999999998 -409.55833205045 -20.12747559495998
5.299999999999997 -0.2899999999999998 -317.4022018276469 -14.403763219642617
5.299999999999997 -0.2799999999999998 -245.97904629153894 -10.236988295528583
5.299999999999997 -0.2699999999999998 -190.62519466568733 -7.216254741963321
5.299999999999997 -0.2599999999999998 -147.7258492655979 -5.036755108955957
5.299999999999997 -0.24999999999999978 -114.4792296814542 -3.4728317461177856
5.299999999999997 -0.23999999999999977 -88.71374414935876 -2.3577896745407916
5.299999999999997 -0.22999999999999976 -68.74626804721414 -1.5687867133325144
5.299999999999997 -0.21999999999999975 -53.272288534292706 -1.015538091868485
5.299999999999997 -0.20999999999999974 -41.28075140284264 -0.6318839763944133
5.299999999999997 -0.19999999999999973 -31.988056490079796 -0.3695034308297718
5.299999999999997 -0.18999999999999972 -24.786896386653602 -0.1932358062907956
5.299999999999997 -0.17999999999999972 -19.206600991545056 -0.0776044393027172
5.299999999999997 -0.1699999999999997 -14.882400751263567 -0.0042384631920986
5.299999999999997 -0.1599999999999997 -11.531603066006491 0.0400354446567606
5.299999999999997 -0.1499999999999997 -8.93512724708006 0.0646023471917622
5.299999999999997 -0.13999999999999968 -6.923192952490272 0.0760973149758564
5.299999999999997 -0.12999999999999967 -5.364227991769532 0.079168314285304
5.299999999999997 -0.11999999999999968 -4.156271439167234 0.0770351054923173
5.299999999999997 -0.10999999999999968 -3.220310818821122 0.07189736477642
5.299999999999997 -0.09999999999999969 -2.495118341839869 0.0652316335670167
5.299999999999997 -0.08999999999999969 -1.933249013359104 0.0580065247722547
5.299999999999997 -0.0799999999999997 -1.4979392672691259 0.0508380177278396
5.299999999999997 -0.0699999999999997 -1.1607035739060392 0.0441010111633127
5.299999999999997 -0.0599999999999997 -0.8994720357046065 0.0380090910738207
5.299999999999997 -0.0499999999999997 -0.6971473104165761 0.0326713445194842
5.299999999999997 -0.039999999999999696 -0.540486585569159 0.0281327381940181
5.299999999999997 -0.029999999999999694 -0.4192355581343082 0.0244028779666656
5.299999999999997 -0.01999999999999969 -0.3254578354038794 0.0214767201234647
5.299999999999997 -0.009999999999999691 -0.2530159412464258 0.0193499035578331
5.299999999999997 3.0878077872387166e-16 -0.1971700198381757 0.0180307312003423
5.299999999999997 0.010000000000000309 -0.1542680235847067 0.0175503877270964
5.299999999999997 0.02000000000000031 -0.1215071559701952 0.0179726956532778
5.299999999999997 0.03000000000000031 -0.0967510046223174 0.0194045535757612
5.299999999999997 0.04000000000000031 -0.0783904501520422 0.0220081498188069
5.299999999999997 0.050000000000000315 -0.0652393114848429 0.0260160925057926
5.299999999999997 0.06000000000000032 -0.0564579772695465 0.0317507417349702
5.299999999999997 0.07000000000000031 -0.0515001264151851 0.0396492774557632
5.299999999999997 0.08000000000000031 -0.0500791817504064 0.0502964021756358
5.299999999999997 0.0900000000000003 -0.0521524722845838 0.0644670839093152
5.299999999999997 0.1000000000000003 -0.0579222917017318 0.0831824251671516
5.299999999999997 0.11000000000000029 -0.067854216868841 0.1077826440190823
5.299999999999997 0.12000000000000029 -0.0827142725676662 0.1400223345514642
5.299999999999997 0.13000000000000028 -0.1036278843769753 0.1821947170790147
5.299999999999997 0.1400000000000003 -0.1321651486101828 0.2372935989838502
5.299999999999997 0.1500000000000003 -0.1704588824815352 0.3092243828382761
5.299999999999997 0.1600000000000003 -0.2213643418314633 0.4030788587429404
5.299999999999997 0.17000000000000032 -0.2886725874849184 0.5254929352778713
5.299999999999997 0.18000000000000033 -0.3773934747833123 0.6851121999598925
5.299999999999997 0.19000000000000034 -0.4941294317070748 0.8931976468525803
5.299999999999997 0.20000000000000034 -0.6475679667441121 1.1644135727963487
5.299999999999997 0.21000000000000035 -0.8491297143554347 1.5178521808263816
5.299999999999997 0.22000000000000036 -1.113820446059956 1.97836568899492
5.299999999999997 0.23000000000000037 -1.461350717197816 2.578297823682815
5.299999999999997 0.24000000000000038 -1.9176068223535516 3.35973389920962
5.299999999999997 0.2500000000000004 -2.5165829908635096 4.377424086349768
5.299999999999997 0.2600000000000004 -3.3029192293974488 5.702580323429017
5.299999999999997 0.2700000000000004 -4.335234486061187 7.427806688243912
5.299999999999997 0.2800000000000004 -5.690504249303203 9.673499880716369
5.299999999999997 0.2900000000000004 -7.469809740836099 12.596155865064931
5.299999999999997 0.30000000000000043 -9.805888336194576 16.399147261970704
5.299999999999997 0.31000000000000044 -12.873049388925638 21.34670223908195
5.299999999999997 0.32000000000000045 -16.900196268629234 27.782030334202254
5.299999999999997 0.33000000000000046 -22.187927300163096 36.150817904602924
5.299999999999997 0.34000000000000047 -29.130992662469268 47.031673791997655
5.299999999999997 0.3500000000000005 -38.247783796327006 61.175567546588546
5.299999999999997 0.3600000000000005 -50.21905615089037 79.5568979896094
5.299999999999997 0.3700000000000005 -65.93877406844581 103.4395972956793
5.299999999999997 0.3800000000000005 -86.5808692560029 134.46266424324102
5.299999999999997 0.3900000000000005 -113.68688844429063 174.7507927378559
5.299999999999997 0.4000000000000005 -149.28105904554369 227.0573987323246
5.299999999999997 0.41000000000000053 -196.0213385772347 294.9494533290874
5.299999999999997 0.42000000000000054 -257.39768451067823 383.04623390924183
5.299999999999997 0.43000000000000055 -337.992282659536 497.3275768289138
5.299999999999997 0.44000000000000056 -443.8210615825945 645.531669167006
5.299999999999997 0.45000000000000057 -582.7818344529477 837.668126671561
5.299999999999997 0.4600000000000006 -765.2422888193279 1086.679418497071
5.299999999999997 0.4700000000000006 -1004.8113644759931 1409.2930590597132
5.299999999999997 0.4800000000000006 -1319.3510728172303 1827.1189551748205
5.299999999999997 0.4900000000000006 -1732.3035008118104 2368.0615849650935
5.299999999999997 0.5000000000000006 -2274.430893100519 3068.1361958245525
5.399999999999997 -0.5 57964.501621961346 -29184.51671683916
5.399999999999997 -0.49 44828.01808974473 -22781.889596755624
5.399999999999997 -0.48 34668.04308176511 -17782.702345230577
5.399999999999997 -0.47 26810.286680922403 -13879.600476205504
5.399999999999997 -0.45999999999999996 20733.179767152058 -10832.476632749202
5.399999999999997 -0.44999999999999996 16033.291066490712 -8453.77210561089
5.399999999999997 -0.43999999999999995 12398.573781891335 -6596.987644058367
5.399999999999997 -0.42999999999999994 9587.669543597474 -5147.703628713826
5.399999999999997 -0.41999999999999993 7413.898496475816 -4016.56214315009
5.399999999999997 -0.4099999999999999 5732.874671160426 -3133.7827789402313
5.399999999999997 -0.3999999999999999 4432.925894969911 -2444.877343305302
5.399999999999997 -0.3899999999999999 3427.683273136426 -1907.3016524817147
5.399999999999997 -0.3799999999999999 2650.3490040477195 -1487.8397056538834
5.399999999999997 -0.3699999999999999 2049.262496089777 -1160.5602027461716
5.399999999999997 -0.3599999999999999 1584.4707887612103 -905.2203021928941
5.399999999999997 -0.34999999999999987 1225.0758423435698 -706.0188312079986
5.399999999999997 -0.33999999999999986 947.182755366605 -550.6225197175681
5.399999999999997 -0.32999999999999985 732.3128071295264 -429.40552774875465
5.399999999999997 -0.31999999999999984 566.1760419301563 -334.85559028123845
5.399999999999997 -0.30999999999999983 437.7219536158191 -261.1103077711827
5.399999999999997 -0.2999999999999998 338.40527300076144 -203.59508629228733
5.399999999999997 -0.2899999999999998 261.6181284788557 -158.74046461338645
5.399999999999997 -0.2799999999999998 202.2508872079851 -123.76143677692544
5.399999999999997 -0.2699999999999998 156.35252195027465 -96.4851851763301
5.399999999999997 -0.2599999999999998 120.86795288652075 -75.21661327984422
5.399999999999997 -0.24999999999999978 93.43492225357754 -58.6333907957354
5.399999999999997 -0.23999999999999977 72.22691115556805 -45.704039354211105
5.399999999999997 -0.22999999999999976 55.83166437320985 -35.62400480334887
5.399999999999997 -0.21999999999999975 43.157253128445504 -27.76576983045657
5.399999999999997 -0.20999999999999974 33.359434347721326 -21.639925708683855
5.399999999999997 -0.19999999999999973 25.785479299144033 -16.864797586113536
5.399999999999997 -0.18999999999999972 19.930738385019417 -13.142745337987362
5.399999999999997 -0.17999999999999972 15.405054930791882 -10.241673991048149
5.399999999999997 -0.1699999999999997 11.906795168150234 -7.980609412184248
5.399999999999997 -0.1599999999999997 9.20276769158747 -6.218446110018419
5.399999999999997 -0.1499999999999997 7.112697066291483 -4.845170075336944
5.399999999999997 -0.13999999999999968 5.497218963799452 -3.7750126539931945
5.399999999999997 -0.12999999999999967 4.248598298240741 -2.9411109295239313
5.399999999999997 -0.11999999999999968 3.2835528748899825 -2.2913433554016867
5.399999999999997 -0.10999999999999968 2.5377050675660757 -1.7850821679400175
5.399999999999997 -0.09999999999999969 1.961292311534084 -1.390660920906886
5.399999999999997 -0.08999999999999969 1.5158509265219509 -1.0833998180092108
5.399999999999997 -0.0799999999999997 1.1716525332077512 -0.8440661174935381
5.399999999999997 -0.0699999999999997 0.9057223985455092 -0.6576738817528069
5.399999999999997 -0.0599999999999997 0.7003077684561283 -0.5125484130599636
5.399999999999997 -0.0499999999999997 0.5416941945384359 -0.3995971574524718
5.399999999999997 -0.039999999999999696 0.4192910255396886 -0.3117416897319184
5.399999999999997 -0.029999999999999694 0.3249251545813258 -0.243475408007429
5.399999999999997 -0.01999999999999969 0.2522959813211567 -0.1905193866286354
5.399999999999997 -0.009999999999999691 0.1965552868573073 -0.1495549464962927
5.399999999999997 3.0878077872387166e-16 0.1539840427734047 -0.118016280606604
5.399999999999997 0.010000000000000309 0.1217446383492256 -0.0939302169041071
5.399999999999997 0.02000000000000031 0.097692042038794 -0.0757931427297322
5.399999999999997 0.03000000000000031 0.0802313502851625 -0.0624774383546999
5.399999999999997 0.04000000000000031 0.068212281380282 -0.0531616160280484
5.399999999999997 0.050000000000000315 0.0608536520376959 -0.0472798510641151
5.399999999999997 0.06000000000000032 0.0576928960377724 -0.0444878160706869
5.399999999999997 0.07000000000000031 0.058557384050999 -0.0446427654698063
5.399999999999997 0.08000000000000031 0.0635557969768363 -0.0477967304958113
5.399999999999997 0.0900000000000003 0.0730891942399498 -0.0542025329921254
5.399999999999997 0.1000000000000003 0.0878827998266912 -0.064333163965229
5.399999999999997 0.11000000000000029 0.1090409994598361 -0.0789159541108268
5.399999999999997 0.12000000000000029 0.1381297067328513 -0.0989839456751879
5.399999999999997 0.13000000000000028 0.1772922337228948 -0.1259480221229207
5.399999999999997 0.1400000000000003 0.2294072355484852 -0.1616947390846263
5.399999999999997 0.1500000000000003 0.2983003653430154 -0.2087165174964082
5.399999999999997 0.1600000000000003 0.3890251996570872 -0.2702830195795914
5.399999999999997 0.17000000000000032 0.5082340607776228 -0.3506652705353276
5.399999999999997 0.18000000000000033 0.6646659420376851 -0.455427590791146
5.399999999999997 0.19000000000000034 0.8697873158275299 -0.5918068905960799
5.399999999999997 0.20000000000000034 1.1386327984493536 -0.7692046377849168
5.399999999999997 0.21000000000000035 1.4909072794141165 -0.9998242069529149
5.399999999999997 0.22000000000000036 1.9524302645434988 -1.299495821701984
5.399999999999997 0.23000000000000037 2.557028230499612 -1.6887435078116844
5.399999999999997 0.24000000000000038 3.3490135718541416 -2.1941641451712424
5.399999999999997 0.2500000000000004 4.386431632752338 -2.850208809711993
5.399999999999997 0.2600000000000004 5.74531348286733 -3.7014823672681705
5.399999999999997 0.2700000000000004 7.525245615063426 -4.80571028731197
5.399999999999997 0.2800000000000004 9.856663963766266 -6.237563875492284
5.399999999999997 0.2900000000000004 12.910405570136856 -8.093589100181676
5.399999999999997 0.30000000000000043 16.910216008140583 -10.498553096562059
5.399999999999997 0.31000000000000044 22.149126304021344 -13.613610293220033
5.399999999999997 0.32000000000000045 29.010895176563448 -17.646801983485542
5.399999999999997 0.33000000000000046 37.99808144469631 -22.866545415540827
5.399999999999997 0.34000000000000047 49.768794110067 -29.618949066356155
5.399999999999997 0.3500000000000005 65.1847988272602 -38.350019641478774
5.399999999999997 0.3600000000000005 85.37448480665631 -49.634115887567084
5.399999999999997 0.3700000000000005 111.81527517116298 -64.21036987062531
5.399999999999997 0.3800000000000005 146.4414740985828 -83.02925692256782
5.399999999999997 0.3900000000000005 191.78538710741222 -107.31207429726659
5.399999999999997 0.4000000000000005 251.16195884247992 -138.62681419236887
5.399999999999997 0.41000000000000053 328.9103181697427 -178.98482379090876
5.399999999999997 0.42000000000000054 430.7097281515698 -230.96377508196008
5.399999999999997 0.43000000000000055 563.9928015786334 -297.8638702973227
5.399999999999997 0.44000000000000056 738.4858429029813 -383.90594382498955
5.399999999999997 0.45000000000000057 966.9153117097333 -494.4822572406395
5.399999999999997 0.4600000000000006 1265.9313182177484 -636.4733996122981
5.399999999999997 0.4700000000000006 1657.3145993736366 -818.6478891523764
5.399999999999997 0.4800000000000006 2169.5536792655603 -1052.164921187339
5.399999999999997 0.4900000000000006 2839.9053121482266 -1351.2053219771417
5.399999999999997 0.5000000000000006 3717.085687734946 -1733.7612458682781
5.4999999999999964 -0.5 -30718.581800292108 54433.75531104585
5.4999999999999964 -0.49 -23643.02384319621 42266.44701011528
5.4999999999999964 -0.48 -18196.11955797076 32818.26879872649
5.4999999999999964 -0.47 -14003.227111069778 25481.68290342305
5.4999999999999964 -0.45999999999999996 -10775.830506929828 19784.86496461541
5.4999999999999964 -0.44999999999999996 -8291.752138624868 15361.394687749023
5.4999999999999964 -0.43999999999999995 -6379.908877274213 11926.714063655825
5.4999999999999964 -0.42999999999999994 -4908.569010498027 9259.842421440108
5.4999999999999964 -0.41999999999999993 -3776.3064956335847 7189.174742067008
5.4999999999999964 -0.4099999999999999 -2905.0333240683553 5581.451595753351
5.4999999999999964 -0.3999999999999999 -2234.6328606687894 4333.192552776333
5.4999999999999964 -0.3899999999999999 -1718.826511914565 3364.0429944775756
5.4999999999999964 -0.3799999999999999 -1321.9904547288427 2611.607049857553
5.4999999999999964 -0.3699999999999999 -1016.7041812326576 2027.4347746515402
5.4999999999999964 -0.3599999999999999 -781.8627203075064 1573.905789495436
5.4999999999999964 -0.34999999999999987 -601.2230053571149 1221.809153078455
5.4999999999999964 -0.33999999999999986 -462.2846058095935 948.4639562548308
5.4999999999999964 -0.32999999999999985 -355.4279599054254 736.2598516749304
5.4999999999999964 -0.31999999999999984 -273.25090463219584 571.5237084343071
5.4999999999999964 -0.30999999999999983 -210.05790251695916 443.63953322573064
5.4999999999999964 -0.2999999999999998 -161.4668447923392 344.36507302832365
5.4999999999999964 -0.2899999999999998 -124.10638321840379 267.30115388310855
5.4999999999999964 -0.2799999999999998 -95.38296112179937 207.47962712843167
5.4999999999999964 -0.2699999999999998 -73.30150376253124 161.0434188239707
5.4999999999999964 -0.2599999999999998 -56.32741704912662 124.99809953460976
5.4999999999999964 -0.24999999999999978 -43.280384662468684 97.01899043564026
5.4999999999999964 -0.23999999999999977 -33.25264158503162 75.30139321227081
5.4999999999999964 -0.22999999999999976 -25.54608690909095 58.44430488122103
5.4999999999999964 -0.21999999999999975 -19.62389621145178 45.36013265875354
5.4999999999999964 -0.20999999999999974 -15.07329278145881 35.204596745244494
5.4999999999999964 -0.19999999999999973 -11.576906168435668 27.322307889352306
5.4999999999999964 -0.18999999999999972 -8.890738711788938 21.204515328397317
5.4999999999999964 -0.17999999999999972 -6.827216627936165 16.456304018939665
5.4999999999999964 -0.1699999999999997 -5.242153197900675 12.771128336022567
5.4999999999999964 -0.1599999999999997 -4.024721767339916 9.911041741757932
5.4999999999999964 -0.1499999999999997 -3.089744227793903 7.691348680545307
5.4999999999999964 -0.13999999999999968 -2.3717607097868436 5.96868973797821
5.4999999999999964 -0.12999999999999967 -1.8204694090684597 4.631792223385201
5.4999999999999964 -0.11999999999999968 -1.3972202748099087 3.594290028009566
5.4999999999999964 -0.10999999999999968 -1.0723192486193027 2.78914992013434
5.4999999999999964 -0.09999999999999969 -0.8229558875193438 2.1643449437862787
5.4999999999999964 -0.08999999999999969 -0.6316104064911819 1.6794959512650718
5.4999999999999964 -0.0799999999999997 -0.4848294191688759 1.3032646946034696
5.4999999999999964 -0.0699999999999997 -0.3722852346641272 1.011330344382518
5.4999999999999964 -0.0599999999999997 -0.2860532518764334 0.7848189152340351
5.4999999999999964 -0.0499999999999997 -0.220057140754269 0.6090842779884406
5.4999999999999964 -0.039999999999999696 -0.1696431606320664 0.4727621094534196
5.4999999999999964 -0.029999999999999694 -0.1312539459722288 0.3670357325868762
5.4999999999999964 -0.01999999999999969 -0.1021790114483248 0.2850664662964163
5.4999999999999964 -0.009999999999999691 -0.0803645709169736 0.2215517157855994
5.4999999999999964 3.0878077872387166e-16 -0.0642693988961879 0.1723822750371998
5.4999999999999964 0.010000000000000309 -0.0527566755881736 0.1343767136914108
5.4999999999999964 0.02000000000000031 -0.0450142704239538 0.1050756936977897
5.4999999999999964 0.03000000000000031 -0.0404979094428704 0.0825829271183953
5.4999999999999964 0.04000000000000031 -0.0388932772659979 0.065442494351163
5.4999999999999964 0.050000000000000315 -0.0400944371569399 0.0525445854498749
5.4999999999999964 0.06000000000000032 -0.0441971061367095 0.0430535567986305
5.4999999999999964 0.07000000000000031 -0.0515063775855147 0.0363536285059501
5.4999999999999964 0.08000000000000031 -0.0625595159874857 0.0320086760574279
5.4999999999999964 0.0900000000000003 -0.0781655310055513 0.0297334645310258
5.4999999999999964 0.1000000000000003 -0.099464448478002 0.02937439103089
5.4999999999999964 0.11000000000000029 -0.1280106213281657 0.0308983848226415
5.4999999999999964 0.12000000000000029 -0.1658861667001022 0.0343890993216906
5.4999999999999964 0.13000000000000028 -0.2158528030230774 0.0400499423184018
5.4999999999999964 0.1400000000000003 -0.2815531506192175 0.0482138509567116
5.4999999999999964 0.1500000000000003 -0.3677761541072534 0.0593600406477054
5.4999999999999964 0.1600000000000003 -0.4808059447670571 0.0741382513064094
5.4999999999999964 0.17000000000000032 -0.6288795239064426 0.0934012828401122
5.4999999999999964 0.18000000000000033 -0.8227865533085507 0.1182468498421744
5.4999999999999964 0.19000000000000034 -1.0766548583815658 0.1500699779785223
5.4999999999999964 0.20000000000000034 -1.4089787304032282 0.1906272825514542
5.4999999999999964 0.21000000000000035 -1.8439647310394407 0.2421144641741606
5.4999999999999964 0.22000000000000036 -2.4132927280440035 0.3072581497676359
5.4999999999999964 0.23000000000000037 -3.158419988092716 0.3894226805229929
5.4999999999999964 0.24000000000000038 -4.133595492070457 0.4927314245793351
5.4999999999999964 0.2500000000000004 -5.409803054768442 0.6222004095467073
5.4999999999999964 0.2600000000000004 -7.079919026435323 0.7838791479361275
5.4999999999999964 0.2700000000000004 -9.265458160014179 0.9849889173146502
5.4999999999999964 0.2800000000000004 -12.125395952208677 1.2340416685116975
5.4999999999999964 0.2900000000000004 -15.867705638591731 1.5409120461886576
5.4999999999999964 0.30000000000000043 -20.76444377966309 1.9168191236724803
5.4999999999999964 0.31000000000000044 -27.171474019803192 2.374151129025114
5.4999999999999964 0.32000000000000045 -35.554252394141024 2.926032508549523
5.4999999999999964 0.33000000000000046 -46.521533301348946 3.5854837029478883
5.4999999999999964 0.34000000000000047 -60.869423970346716 4.363953803680834
5.4999999999999964 0.3500000000000005 -79.63895733084094 5.268906177171432
5.4999999999999964 0.3600000000000005 -104.19132126795621 6.299995189227311
5.4999999999999964 0.3700000000000005 -136.30614479097093 7.44317168442947
5.4999999999999964 0.3800000000000005 -178.30988779570995 8.661772840062934
5.4999999999999964 0.3900000000000005 -233.2435267599226 9.883256605843208
5.4999999999999964 0.4000000000000005 -305.08152456602335 10.979688304975245
5.4999999999999964 0.41000000000000053 -399.0177144918222 11.739316754572922
5.4999999999999964 0.42000000000000054 -521.8384705191498 11.82550655496547
5.4999999999999964 0.43000000000000055 -682.4097085183337 10.717808263272298
5.4999999999999964 0.44000000000000056 -892.3122936695817 7.627893232173011
5.4999999999999964 0.45000000000000057 -1166.6708736462551 1.380241900302119
5.4999999999999964 0.4600000000000006 -1525.2347334955944 -9.75643774491633
5.4999999999999964 0.4700000000000006 -1993.7869074254795 -28.306467916804195
5.4999999999999964 0.4800000000000006 -2605.9806884881104 -57.91993632307665
5.4999999999999964 0.4900000000000006 -3405.732405028321 -103.83785299612997
5.4999999999999964 0.5000000000000006 -4450.337891263418 -173.54056307683578
5.599999999999996 -0.5 -4613.163827951736 -60016.203497273935
5.599999999999996 -0.49 -3749.8012494405134 -46488.37042182168
5.599999999999996 -0.48 -3041.35953463914 -36009.283303533484
5.599999999999996 -0.47 -2461.8403124934703 -27891.957779400323
5.599999999999996 -0.45999999999999996 -1989.1004283031793 -21604.185708554076
5.599999999999996 -0.44999999999999996 -1604.4333837191186 -16733.66995180105
5.599999999999996 -0.43999999999999995 -1292.143962414731 -12961.011692587115
5.599999999999996 -0.42999999999999994 -1039.1402900846097 -10038.781997405677
5.599999999999996 -0.41999999999999993 -834.5570135098459 -7775.307447979784
5.599999999999996 -0.4099999999999999 -669.4162447708537 -6022.108187117767
5.599999999999996 -0.3999999999999999 -536.3283518697173 -4664.165776767238
5.599999999999996 -0.3899999999999999 -429.23182953133636 -3612.383503713314
5.599999999999996 -0.3799999999999999 -343.1698120532203 -2797.745299645566
5.599999999999996 -0.3699999999999999 -274.0999091305212 -2166.7906566595284
5.599999999999996 -0.3599999999999999 -218.73368430272188 -1678.1090915015814
5.599999999999996 -0.34999999999999987 -174.40206491948692 -1299.624479922166
5.599999999999996 -0.33999999999999986 -138.94314183112016 -1006.4913149958445
5.599999999999996 -0.32999999999999985 -110.60909798426685 -779.4650255078413
5.599999999999996 -0.31999999999999984 -87.98933890956799 -603.6395457241439
5.599999999999996 -0.30999999999999983 -69.94724675708387 -467.4693887130006
5.599999999999996 -0.2999999999999998 -55.56831947472952 -362.01211691062525
5.599999999999996 -0.2899999999999998 -44.11777423034255 -280.3415462298937
5.599999999999996 -0.2799999999999998 -35.00598212632478 -217.09320934823376
5.599999999999996 -0.2699999999999998 -27.760356882566047 -168.1122725580496
5.599999999999996 -0.2599999999999998 -22.002543434189064 -130.18081644853189
5.599999999999996 -0.24999999999999978 -17.42994492437108 -100.80659356511423
5.599999999999996 -0.23999999999999977 -13.800790898056052 -78.05940687527146
5.599999999999996 -0.22999999999999976 -10.922088564867853 -60.44437540559132
5.599999999999996 -0.21999999999999975 -8.63991584883967 -46.803772385528376
5.599999999999996 -0.20999999999999974 -6.831612532569192 -36.2409951401694
5.599999999999996 -0.19999999999999973 -5.399506885208939 -28.06167761700278
5.599999999999996 -0.18999999999999972 -4.265882224884208 -21.728080946962788
5.599999999999996 -0.17999999999999972 -3.3689431097407643 -16.823768535749178
5.599999999999996 -0.1699999999999997 -2.659586201137303 -13.026246958326098
5.599999999999996 -0.1599999999999997 -2.0988179517620056 -10.085776625153677
5.599999999999996 -0.1499999999999997 -1.655691552802186 -7.808961074374945
5.599999999999996 -0.13999999999999968 -1.3056602208171522 -6.046037368238583
5.599999999999996 -0.12999999999999967 -1.0292639187423034 -4.6810330021150115
5.599999999999996 -0.11999999999999968 -0.811082822885925 -3.6241429030320713
5.599999999999996 -0.10999999999999968 -0.6389039631799196 -2.8058258439958523
5.599999999999996 -0.09999999999999969 -0.503058051416922 -2.172232491567457
5.599999999999996 -0.08999999999999969 -0.3958920442467122 -1.6816647434227436
5.599999999999996 -0.0799999999999997 -0.3113498519373184 -1.301833736949416
5.599999999999996 -0.0699999999999997 -0.2446391172620094 -1.007736363298177
5.599999999999996 -0.0599999999999997 -0.1919664096044121 -0.7800107459202333
5.599999999999996 -0.0499999999999997 -0.150326717292653 -0.6036626046796337
5.599999999999996 -0.039999999999999696 -0.1173359461950675 -0.4670787911847211
5.599999999999996 -0.029999999999999694 -0.0910973818002684 -0.3612631473245675
5.599999999999996 -0.01999999999999969 -0.0700948554387979 -0.2792444456232718
5.599999999999996 -0.009999999999999691 -0.0531067608405494 -0.2156174757699031
5.599999999999996 3.0878077872387166e-16 -0.0391361643543023 -0.1661870887273142
5.599999999999996 0.010000000000000309 -0.0273530950836673 -0.1276917722708329
5.599999999999996 0.02000000000000031 -0.0170457312193232 -0.0975885533923501
5.599999999999996 0.03000000000000031 -0.0075776461676299 -0.0738850461532684
5.599999999999996 0.04000000000000031 0.0016514369794328 -0.0550075518269076
5.599999999999996 0.050000000000000315 0.0112438002973516 -0.0396964734486172
5.599999999999996 0.06000000000000032 0.02184322789968 -0.0269220826247568
5.599999999999996 0.07000000000000031 0.0341784481820904 -0.0158149875725392
5.599999999999996 0.08000000000000031 0.0491134678946509 -0.0056065816803071
5.599999999999996 0.0900000000000003 0.0677082883020129 0.0044246406028471
5.599999999999996 0.1000000000000003 0.0912942801846812 0.0150046932976157
5.599999999999996 0.11000000000000029 0.1215695824879081 0.026917377795725
5.599999999999996 0.12000000000000029 0.1607213591555595 0.0410632022620358
5.599999999999996 0.13000000000000028 0.2115837072961969 0.0585284408597708
5.599999999999996 0.1400000000000003 0.2778425993700352 0.0806697095826761
5.599999999999996 0.1500000000000003 0.3643026496700814 0.1092207380254311
5.599999999999996 0.1600000000000003 0.4772349666035479 0.1464298539845305
5.599999999999996 0.17000000000000032 0.6248312088011355 0.1952392237192334
5.599999999999996 0.18000000000000033 0.8177966255429513 0.2595203147090122
5.599999999999996 0.19000000000000034 1.070124879954626 0.344384653392978
5.599999999999996 0.20000000000000034 1.4001105445003275 0.4565951188197594
5.599999999999996 0.21000000000000035 1.8316722589107144 0.6051112549240916
5.599999999999996 0.22000000000000036 2.3960818724933812 0.8018130818547358
5.599999999999996 0.23000000000000037 3.1342240488266553 1.0624625520595394
5.599999999999996 0.24000000000000038 4.0995488679486725 1.4079813465720667
5.599999999999996 0.2500000000000004 5.361929625812158 1.8661497651580867
5.599999999999996 0.2600000000000004 7.012702829024714 2.4738661976455942
5.599999999999996 0.2700000000000004 9.171251906868136 3.2801529645930323
5.599999999999996 0.2800000000000004 11.993606390798101 4.35015604209864
5.599999999999996 0.2900000000000004 15.683672024486695 5.770468487686298
5.599999999999996 0.30000000000000043 20.507894586485076 7.656217134568647
5.599999999999996 0.31000000000000044 26.8144042937404 10.160498493488255
5.599999999999996 0.32000000000000045 35.05800561381563 13.486945039674065
5.599999999999996 0.33000000000000046 45.83279136828201 17.90646351263286
5.599999999999996 0.34000000000000047 59.91469901329666 23.77953434003455
5.599999999999996 0.3500000000000005 78.31702837686639 31.58592494508921
5.599999999999996 0.3600000000000005 102.36285247367395 41.9642884035651
5.599999999999996 0.3700000000000005 133.77943923780822 55.76494460640261
5.599999999999996 0.3800000000000005 174.82134361386738 74.12024308321467
5.599999999999996 0.3900000000000005 228.43083189990324 98.5383775028362
5.599999999999996 0.4000000000000005 298.446899923051 131.02848515116986
5.599999999999996 0.41000000000000053 389.87751974000207 174.26748533796024
5.599999999999996 0.42000000000000054 509.25412349102436 231.82260888294687
5.599999999999996 0.43000000000000055 665.0930009865393 308.448240455622
5.599999999999996 0.44000000000000056 868.4956271549021 410.4819287944011
5.599999999999996 0.45000000000000057 1133.9294323032937 546.3727400707237
5.599999999999996 0.4600000000000006 1480.2428061196592 727.3862351463923
5.599999999999996 0.4700000000000006 1931.9839857120846 968.5451736430621
5.599999999999996 0.4800000000000006 2521.1139435571945 1289.8848288395257
5.599999999999996 0.4900000000000006 3289.2297731629774 1718.1281937808687
5.599999999999996 0.5000000000000006 4290.44904025691 2288.9215785588544
5.699999999999996 -0.5 35859.26282519185 45535.96873996813
5.699999999999996 -0.49 27917.820310660045 35176.343677425626
5.699999999999996 -0.48 21734.398007827513 27172.96361526344
5.699999999999996 -0.47 16919.977351269517 20990.051939710185
5.699999999999996 -0.45999999999999996 13171.586382134199 16213.628249509045
5.699999999999996 -0.44999999999999996 10253.275460061306 12523.828089559478
5.699999999999996 -0.43999999999999995 7981.297218843132 9673.51184759302
5.699999999999996 -0.42999999999999994 6212.562088327582 7471.7342451115965
5.699999999999996 -0.41999999999999993 4835.645741661808 5770.970264214603
5.699999999999996 -0.4099999999999999 3763.784617799222 4457.244112175699
5.699999999999996 -0.3999999999999999 2929.4201933690465 3442.501652087709
5.699999999999996 -0.3899999999999999 2279.949715102526 2658.7165434346916
5.699999999999996 -0.3799999999999999 1774.4167181708176 2053.336131823568
5.699999999999996 -0.3699999999999999 1380.9335743128715 1585.7626255354176
5.699999999999996 -0.3599999999999999 1074.6742209590245 1224.6342684456326
5.699999999999996 -0.34999999999999987 836.3109906519793 945.7246794882298
5.699999999999996 -0.33999999999999986 650.7973271807084 730.3198458054812
5.699999999999996 -0.32999999999999985 506.4198854293046 563.9641877582446
5.699999999999996 -0.31999999999999984 394.06042547238815 435.4917906988759
5.699999999999996 -0.30999999999999983 306.6210873708241 336.27796847868126
5.699999999999996 -0.2999999999999998 238.57689698141957 259.661060597729
5.699999999999996 -0.2899999999999998 185.62734821067147 200.49575302212233
5.699999999999996 -0.2799999999999998 144.42513477893598 154.80801278751258
5.699999999999996 -0.2699999999999998 112.36495526651282 119.52852656154207
5.699999999999996 -0.2599999999999998 87.41909330168545 92.28678779193065
5.699999999999996 -0.24999999999999978 68.00941729618953 71.25203713720258
5.699999999999996 -0.23999999999999977 52.907735839269996 55.01039797968222
5.699999999999996 -0.22999999999999976 41.15822962242911 42.46997272141054
5.699999999999996 -0.21999999999999975 32.01707067330766 32.787538361860136
5.699999999999996 -0.20999999999999974 24.905422048558385 25.311926817225437
5.699999999999996 -0.19999999999999973 19.372853989993366 19.54029336887585
5.699999999999996 -0.18999999999999972 15.068868865494116 15.084340322307206
5.699999999999996 -0.17999999999999972 11.720738263375962 11.644230220744722
5.699999999999996 -0.1699999999999997 9.116253525929586 8.988438451466564
5.699999999999996 -0.1599999999999997 7.090300829484074 6.938193319065041
5.699999999999996 -0.1499999999999997 5.514413138674473 5.3554593033449365
5.699999999999996 -0.13999999999999968 4.288639166155437 4.13365687317631
5.699999999999996 -0.12999999999999967 3.3352156792048935 3.190495810182181
5.699999999999996 -0.11999999999999968 2.5936433195150066 2.462440806170707
5.699999999999996 -0.10999999999999968 2.016854711939664 1.9004376380220955
5.699999999999996 -0.09999999999999969 1.5682326153574824 1.4666128341363391
5.699999999999996 -0.08999999999999969 1.2192895612625558 1.131725099024936
5.699999999999996 -0.0799999999999997 0.9478622180586485 0.8731972382958422
5.699999999999996 -0.0699999999999997 0.736706246516832 0.6735963096971844
5.699999999999996 -0.0599999999999997 0.5724027260314685 0.5194598313378477
5.699999999999996 -0.0499999999999997 0.4445069290467466 0.4003891249787504
5.699999999999996 -0.039999999999999696 0.3448855453024346 0.3083488198605314
5.699999999999996 -0.029999999999999694 0.2672003753960478 0.237125395023056
5.699999999999996 -0.01999999999999969 0.2065057768754901 0.1819083249680935
5.699999999999996 -0.009999999999999691 0.1589343403821951 0.1389656319068815
5.699999999999996 3.0878077872387166e-16 0.1214508523770006 0.1053919904797388
5.699999999999996 0.010000000000000309 0.0916589167599622 0.0789124032027982
5.699999999999996 0.02000000000000031 0.0676479324179429 0.0577281936360731
5.699999999999996 0.03000000000000031 0.0478706668482014 0.0403948990931828
5.699999999999996 0.04000000000000031 0.0310435873615835 0.0257237750744228
5.699999999999996 0.050000000000000315 0.0160635312691702 0.0127001913290581
5.699999999999996 0.06000000000000032 0.0019353031434767 0.0004133081360722
5.699999999999996 0.07000000000000031 -0.0122945576113202 -0.0120078567777979
5.699999999999996 0.08000000000000031 -0.0276022532159054 -0.0254564798726927
5.699999999999996 0.0900000000000003 -0.0450538143346829 -0.0409125507790052
5.699999999999996 0.1000000000000003 -0.0658794113673689 -0.0595147684720103
5.699999999999996 0.11000000000000029 -0.0915600692190912 -0.082645031851898
5.699999999999996 0.12000000000000029 -0.1239328896431588 -0.1120318462530097
5.699999999999996 0.13000000000000028 -0.1653222385284871 -0.1498804492140254
5.699999999999996 0.1400000000000003 -0.2187062348001837 -0.199039535159941
5.699999999999996 0.1500000000000003 -0.2879304175425774 -0.2632172922647248
5.699999999999996 0.1600000000000003 -0.3779838494556856 -0.3472632771250753
5.699999999999996 0.17000000000000032 -0.4953573777208269 -0.4575377415632384
5.699999999999996 0.18000000000000033 -0.6485096334117361 -0.6023967880726071
5.699999999999996 0.19000000000000034 -0.8484740210654568 -0.7928306942339814
5.699999999999996 0.20000000000000034 -1.1096499705613039 -1.04330461256874
5.699999999999996 0.21000000000000035 -1.450834797242429 -1.3728665494084222
5.699999999999996 0.22000000000000036 -1.896569558376744 -1.8066082845007665
5.699999999999996 0.23000000000000037 -2.4788944942532383 -2.3775923410520075
5.699999999999996 0.24000000000000038 -3.239638545791068 -3.129394410505594
5.699999999999996 0.2500000000000004 -4.233405053343233 -4.11945863349912
5.699999999999996 0.2600000000000004 -5.531464665113039 -5.423526620264077
5.699999999999996 0.2700000000000004 -7.226830090554347 -7.141485069701757
5.699999999999996 0.2800000000000004 -9.440869992118529 -9.405087952525669
5.699999999999996 0.2900000000000004 -12.331926670547835 -12.388156252469349
5.699999999999996 0.30000000000000043 -16.106541574713113 -16.32005286180493
5.699999999999996 0.31000000000000044 -21.034073501141577 -21.503487845319803
5.699999999999996 0.32000000000000045 -27.465728831271452 -28.33805039052374
5.699999999999996 0.33000000000000046 -35.85932700471887 -37.35131549035868
5.699999999999996 0.34000000000000047 -46.811517887713876 -49.23997174483595
5.699999999999996 0.3500000000000005 -61.0996768083559 -64.92420934581219
5.699999999999996 0.3600000000000005 -79.73636124247186 -85.61965762670364
5.699999999999996 0.3700000000000005 -104.04006334973347 -112.9325534906395
5.699999999999996 0.3800000000000005 -135.72708971354544 -148.98566698469895
5.699999999999996 0.3900000000000005 -177.03081394493324 -196.5849560845912
5.699999999999996 0.4000000000000005 -230.85636882865413 -259.4401655461786
5.699999999999996 0.41000000000000053 -300.98118639271445 -342.4568847699549
5.699999999999996 0.42000000000000054 -392.3148013433564 -452.12328247202527
5.699999999999996 0.43000000000000055 -511.23518884650946 -597.0223000450756
5.699999999999996 0.44000000000000056 -666.0238426857919 -788.5101193422186
5.699999999999996 0.45000000000000057 -867.428104788264 -1041.6150318486948
5.699999999999996 0.4600000000000006 -1129.3872955014479 -1376.2284967173603
5.699999999999996 0.4700000000000006 -1469.9694185999626 -1818.6836074458695
5.699999999999996 0.4800000000000006 -1912.5781866391621 -2403.847278856829
5.699999999999996 0.4900000000000006 -2487.5065209122554 -3177.893722381738
5.699999999999996 0.5000000000000006 -3233.9333680371483 -4201.981521817459
5.799999999999995 -0.5 -53076.21289233441 -17211.77726749517
5.799999999999995 -0.49 -41173.85427026776 -13178.357920890987
5.799999999999995 -0.48 -31940.242924257396 -10088.493357895304
5.799999999999995 -0.47 -24777.074576618816 -7721.812197979606
5.799999999999995 -0.45999999999999996 -19220.15940731768 -5909.3333263930435
5.799999999999995 -0.44999999999999996 -14909.363632106055 -4521.4989530461135
5.799999999999995 -0.43999999999999995 -11565.28692082007 -3458.990570270167
5.799999999999995 -0.42999999999999994 -8971.166444633447 -2645.6814771183513
5.799999999999995 -0.41999999999999993 -6958.836435771362 -2023.2294676981735
5.799999999999995 -0.4099999999999999 -5397.834510188084 -1546.9284715297892
5.799999999999995 -0.3999999999999999 -4186.949602048966 -1182.5264256029814
5.799999999999995 -0.3899999999999999 -3247.6643500758605 -903.784632064681
5.799999999999995 -0.3799999999999999 -2519.0673742964345 -690.6060639999449
5.799999999999995 -0.3699999999999999 -1953.9060148413591 -527.6001770943311
5.799999999999995 -0.3599999999999999 -1515.5239240269254 -402.9825742920116
5.799999999999995 -0.34999999999999987 -1175.4851833815967 -307.7315112016765
5.799999999999995 -0.33999999999999986 -911.7310634447315 -234.94137977144126
5.799999999999995 -0.32999999999999985 -707.1500313045804 -179.32724045285252
5.799999999999995 -0.31999999999999984 -548.468370088578 -136.84516728728067
5.799999999999995 -0.30999999999999983 -425.3895373859215 -104.40137791272902
5.799999999999995 -0.2999999999999998 -329.9264994001906 -79.6294188426316
5.799999999999995 -0.2899999999999998 -255.88377707898178 -60.719509066422646
5.799999999999995 -0.2799999999999998 -198.4556385403527 -46.28785267207732
5.799999999999995 -0.2699999999999998 -153.91439656032412 -35.27657535133573
5.799999999999995 -0.2599999999999998 -119.36860781285291 -26.87712115280404
5.799999999999995 -0.24999999999999978 -92.57549991334676 -20.47161886732869
5.799999999999995 -0.23999999999999977 -71.79546638651397 -15.588010323332007
5.799999999999995 -0.22999999999999976 -55.67919600930399 -11.865716477203803
5.799999999999995 -0.21999999999999975 -43.18011813110129 -9.029371224289898
5.799999999999995 -0.20999999999999974 -33.48648653803278 -6.8687308288706435
5.799999999999995 -0.19999999999999973 -25.968697498099427 -5.223309826297316
5.799999999999995 -0.18999999999999972 -20.138425266856867 -3.970633679617833
5.799999999999995 -0.17999999999999972 -15.616924534566007 -3.017258533794956
5.799999999999995 -0.1699999999999997 -12.11044369852583 -2.2919076323466427
5.799999999999995 -0.1599999999999997 -9.391153964152995 -1.740226552956169
5.799999999999995 -0.1499999999999997 -7.282356997013154 -1.3207762764194804
5.799999999999995 -0.13999999999999968 -5.647011349454514 -1.001972581066685
5.799999999999995 -0.12999999999999967 -4.378833154983248 -0.7597487561242038
5.799999999999995 -0.11999999999999968 -3.3953935756265587 -0.575771060978529
5.799999999999995 -0.10999999999999968 -2.632765027254553 -0.4360764844681936
5.799999999999995 -0.09999999999999969 -2.041368693487483 -0.3300330615142637
5.799999999999995 -0.08999999999999969 -1.5827537857639846 -0.2495464916916874
5.799999999999995 -0.0799999999999997 -1.2270994694316883 -0.1884547671490317
5.799999999999995 -0.0699999999999997 -0.951277274394161 -0.1420662507956188
5.799999999999995 -0.0599999999999997 -0.7373481853187732 -0.106807141463342
5.799999999999995 -0.0499999999999997 -0.571396820064647 -0.0799522796849464
5.799999999999995 -0.039999999999999696 -0.4426269858243798 -0.059419366187427
5.799999999999995 -0.029999999999999694 -0.3426598698724983 -0.0436113287960363
5.799999999999995 -0.01999999999999969 -0.2649892764651573 -0.0312951207281899
5.799999999999995 -0.009999999999999691 -0.2045585167528251 -0.0215079221191338
5.799999999999995 3.0878077872387166e-16 -0.157431455969686 -0.0134837427870614
5.799999999999995 0.010000000000000309 -0.1205363339900529 -0.0065949353709683
5.799999999999995 0.02000000000000031 -0.0914656980508114 -0.0003042342827272
5.799999999999995 0.03000000000000031 -0.0683194263163157 0.0058762818786081
5.799999999999995 0.04000000000000031 -0.0495806139703116 0.0124223916707737
5.799999999999995 0.050000000000000315 -0.0340162205939577 0.0198338976585412
5.799999999999995 0.06000000000000032 -0.0205959763455692 0.0286724842326104
5.799999999999995 0.07000000000000031 -0.0084242181091017 0.0396041198191396
5.799999999999995 0.08000000000000031 0.0033198492073084 0.0534491994281054
5.799999999999995 0.0900000000000003 0.0154374440723419 0.0712442070359916
5.799999999999995 0.1000000000000003 0.0287647672672574 0.0943195465501482
5.799999999999995 0.11000000000000029 0.0442305284419032 0.1243994114354368
5.799999999999995 0.12000000000000029 0.0629203746293132 0.1637312297107204
5.799999999999995 0.13000000000000028 0.0861526555735296 0.2152544601759758
5.799999999999995 0.1400000000000003 0.115570762457715 0.2828214984838376
5.799999999999995 0.1500000000000003 0.1532584345145959 0.371487406135018
5.799999999999995 0.1600000000000003 0.2018860205714365 0.4878904044351082
5.799999999999995 0.17000000000000032 0.2648978169771325 0.6407519797479718
5.799999999999995 0.18000000000000033 0.3467534221902088 0.8415345560001741
5.799999999999995 0.19000000000000034 0.4532397386855692 1.1053067054988244
5.799999999999995 0.20000000000000034 0.5918750580447948 1.4518817144971343
5.799999999999995 0.21000000000000035 0.7724328996373918 1.9073162168252804
5.799999999999995 0.22000000000000036 1.0076213420532156 2.5058831701587456
5.799999999999995 0.23000000000000037 1.313964008964617 3.2926698053842154
5.799999999999995 0.24000000000000038 1.712942312248261 4.326999144124705
5.799999999999995 0.2500000000000004 2.232475863645237 5.686936970792391
5.799999999999995 0.2600000000000004 2.9088402224054533 7.475229676910159
5.799999999999995 0.2700000000000004 3.7891497220552086 9.82712866092876
5.799999999999995 0.2800000000000004 4.934569751196297 12.920702551739462
5.799999999999995 0.2900000000000004 6.4244697422185215 16.990430780716345
5.799999999999995 0.30000000000000043 8.361788002256642 22.34512596933131
5.799999999999995 0.31000000000000044 10.87995585044552 29.391568088100353
5.799999999999995 0.32000000000000045 14.151825598505381 38.665676655453495
5.799999999999995 0.33000000000000046 18.40117004612818 50.87363315730679
5.799999999999995 0.34000000000000047 23.91747689890553 66.94614040837648
5.799999999999995 0.3500000000000005 31.074957833438656 88.11002968134366
5.799999999999995 0.3600000000000005 40.356938466898754 115.98278078757868
5.799999999999995 0.3700000000000005 52.387103727096886 152.69731176301406
5.799999999999995 0.3800000000000005 67.96945654762831 201.06676494044976
5.799999999999995 0.3900000000000005 88.13932192043796 264.8021524979958
5.799999999999995 0.4000000000000005 114.22831039991073 348.79987553017327
5.799999999999995 0.41000000000000053 147.94686361822994 459.52162557082914
5.799999999999995 0.42000000000000054 191.48885760454922 605.4964527192474
5.799999999999995 0.43000000000000055 247.66375371359405 797.9844185745704
5.799999999999995 0.44000000000000056 320.0629715579061 1051.8540119549004
5.799999999999995 0.45000000000000057 413.2685108421526 1386.742407616079
5.799999999999995 0.4600000000000006 533.1133443980035 1828.5900409547658
5.799999999999995 0.4700000000000006 687.0046803702165 2411.670642472482
5.799999999999995 0.4800000000000006 884.3227238669982 3181.277194724854
5.799999999999995 0.4900000000000006 1136.9088380208518 4197.276384304582
5.799999999999995 0.5000000000000006 1459.657643925189 5538.813189156471
5.899999999999995 -0.5 51658.43762377626 -14644.934362306207
5.899999999999995 -0.49 39979.034455711495 -11501.19679790932
5.899999999999995 -0.48 30939.861321391552 -9030.72402474093
5.899999999999995 -0.47 23944.155048654167 -7089.697474765253
5.899999999999995 -0.45999999999999996 18530.017256218016 -5564.9341960966485
5.899999999999995 -0.44999999999999996 14339.940421946503 -4367.381138248552
5.899999999999995 -0.43999999999999995 11097.21870777863 -3426.986236850852
5.899999999999995 -0.42999999999999994 8587.688379371086 -2688.6560463291744
5.899999999999995 -0.41999999999999993 6645.593884107991 -2109.070593097785
5.899999999999995 -0.4099999999999999 5142.647568795386 -1654.1743213748102
5.899999999999995 -0.3999999999999999 3979.5615326299653 -1297.2001208056
5.899999999999995 -0.3899999999999999 3079.4930851282375 -1017.113557531332
5.899999999999995 -0.3799999999999999 2382.9714465811053 -797.3882418339397
5.899999999999995 -0.3699999999999999 1843.9710010842864 -625.0420753588426
5.899999999999995 -0.3599999999999999 1426.8720238128126 -489.87897465417194
5.899999999999995 -0.34999999999999987 1104.1083369395 -383.8923935816469
5.899999999999995 -0.33999999999999986 854.3466594153915 -300.79622075319645
5.899999999999995 -0.32999999999999985 661.0774909190573 -235.65592851194697
5.899999999999995 -0.31999999999999984 511.52452150269244 -184.59860769178545
5.899999999999995 -0.30999999999999983 395.8005755870243 -144.58506209402725
5.899999999999995 -0.2999999999999998 306.2543676005611 -113.23071499877904
5.899999999999995 -0.2899999999999998 236.96493937713342 -88.66489987515654
5.899999999999995 -0.2799999999999998 183.35039682453933 -69.42032897791523
5.899999999999995 -0.2699999999999998 141.86510818939615 -54.34628322609963
5.899999999999995 -0.2599999999999998 109.76536609601142 -42.54044451534774
5.899999999999995 -0.24999999999999978 84.92803566248679 -33.29537622958561
5.899999999999995 -0.23999999999999977 65.71020957871644 -26.0565113572195
5.899999999999995 -0.22999999999999976 50.840598909072405 -20.38917932168721
5.899999999999995 -0.21999999999999975 39.33548423069473 -15.952731059123948
5.899999999999995 -0.20999999999999974 30.433673847043092 -12.480237494855052
5.899999999999995 -0.19999999999999973 23.54617128375362 -9.7625633949145
5.899999999999995 -0.18999999999999972 18.217225946789814 -7.635875518235943
5.899999999999995 -0.17999999999999972 14.094192843014765 -5.971845967316405
5.899999999999995 -0.1699999999999997 10.904209277858037 -4.66997036300979
5.899999999999995 -0.1599999999999997 8.436146880369684 -3.651545187893447
5.899999999999995 -0.1499999999999997 6.52664590567803 -2.854946621000595
5.899999999999995 -0.13999999999999968 5.049308548707801 -2.2319301444231123
5.899999999999995 -0.12999999999999967 3.906336788414965 -1.744730638663916
5.899999999999995 -0.11999999999999968 3.022061858816278 -1.3637901378089672
5.899999999999995 -0.10999999999999968 2.337937484583391 -1.0659776703638961
5.899999999999995 -0.09999999999999969 1.808665785291752 -0.8331948552023782
5.899999999999995 -0.08999999999999969 1.3991996365275714 -0.6512838743232913
5.899999999999995 -0.0799999999999997 1.0824232257579913 -0.5091724570717538
5.899999999999995 -0.0699999999999997 0.8373573852682076 -0.3982046464864376
5.899999999999995 -0.0599999999999997 0.6477709870880407 -0.3116172125719238
5.899999999999995 -0.0499999999999997 0.5011065391135529 -0.2441302857621723
5.899999999999995 -0.039999999999999696 0.3876489024671868 -0.1916276225348658
5.899999999999995 -0.029999999999999694 0.2998821312077428 -0.1509072898969072
5.899999999999995 -0.01999999999999969 0.2319918798205686 -0.1194877857562919
5.899999999999995 -0.009999999999999691 0.1794804542487538 -0.0954579501043045
5.899999999999995 3.0878077872387166e-16 0.1388690353485234 -0.0773616668805247
5.899999999999995 0.010000000000000309 0.1074673724414276 -0.0641104670505843
5.899999999999995 0.02000000000000031 0.0831957107053872 -0.0549188471239365
5.899999999999995 0.03000000000000031 0.0644471749988645 -0.049258517701518
5.899999999999995 0.04000000000000031 0.0499815133563692 -0.0468289798900429
5.899999999999995 0.050000000000000315 0.0388431834559617 -0.0475428676599715
5.899999999999995 0.06000000000000032 0.0302983828940427 -0.0515254581202581
5.899999999999995 0.07000000000000031 0.0237868867395763 -0.0591287027669177
5.899999999999995 0.08000000000000031 0.018885547980784 -0.0709611356678402
5.899999999999995 0.0900000000000003 0.0152811049520542 -0.0879361394757322
5.899999999999995 0.1000000000000003 0.0127505784431806 -0.1113423778719564
5.899999999999995 0.11000000000000029 0.0111480744435611 -0.1429418307351045
5.899999999999995 0.12000000000000029 0.0103972747245488 -0.1851029168527332
5.899999999999995 0.13000000000000028 0.010489331786549 -0.2409788119447252
5.899999999999995 0.1400000000000003 0.0114863216277493 -0.3147444651254763
5.899999999999995 0.1500000000000003 0.0135308841926287 -0.4119102421811606
5.899999999999995 0.1600000000000003 0.0168632396759623 -0.5397359159020477
5.899999999999995 0.17000000000000032 0.0218474610297883 -0.7077763240473249
5.899999999999995 0.18000000000000033 0.0290097754627066 -0.9286000054073495
5.899999999999995 0.19000000000000034 0.0390928478053302 -1.2187352690662772
5.899999999999995 0.20000000000000034 0.053131583382792 -1.5999154599482295
5.899999999999995 0.21000000000000035 0.0725581359243612 -2.100717985304762
5.899999999999995 0.22000000000000036 0.0993467328984701 -2.758721717287063
5.899999999999995 0.23000000000000037 0.1362129316514859 -3.623347003227941
5.899999999999995 0.24000000000000038 0.1868873993420214 -4.7595947574334065
5.899999999999995 0.2500000000000004 0.2564918230420424 -6.252970017483909
5.899999999999995 0.2600000000000004 0.3520548660018022 -8.215966263927287
5.899999999999995 0.2700000000000004 0.4832202400102181 -10.796606781440522
5.899999999999995 0.2800000000000004 0.6632184032029741 -14.189697710539543
5.899999999999995 0.2900000000000004 0.910200100156022 -18.651656536456628
5.899999999999995 0.30000000000000043 1.2490666650826403 -24.520055900162227
5.899999999999995 0.31000000000000044 1.713982465616196 -32.23938737882393
5.899999999999995 0.32000000000000045 2.3518242465294463 -42.39503183087154
5.899999999999995 0.33000000000000046 3.2269175658451803 -55.7580598398842
5.899999999999995 0.34000000000000047 4.427541819930752 -73.34432777773786
5.899999999999995 0.3500000000000005 6.074866066867855 -96.49244833238036
5.899999999999995 0.3600000000000005 8.335226647013583 -126.96668682801692
5.899999999999995 0.3700000000000005 11.437000220360193 -167.09278266956267
5.899999999999995 0.3800000000000005 15.693797834118937 -219.93727300026717
5.899999999999995 0.3900000000000005 21.536356068371248 -289.54430764359597
5.899999999999995 0.4000000000000005 29.556397949743218 -381.248461752698
5.899999999999995 0.41000000000000053 40.56697280069117 -502.0880349701933
5.899999999999995 0.42000000000000054 55.685489914184686 -661.3512504667326
5.899999999999995 0.43000000000000055 76.44801484169128 -871.2982672002744
5.899999999999995 0.44000000000000056 104.96664666594647 -1148.1158346130194
5.899999999999995 0.45000000000000057 144.14628239840548 -1513.1798666224865
5.899999999999995 0.4600000000000006 197.98327473804594 -1994.7256729035387
5.899999999999995 0.4700000000000006 271.97705849073776 -2630.0580280590466
5.899999999999995 0.4800000000000006 373.6976687427945 -3468.476297465788
5.899999999999995 0.4900000000000006 513.5684613257171 -4575.146945414501
5.899999999999995 0.5000000000000006 705.9460216159719 -6036.2315412875105
5.999999999999995 -0.5 -33471.42094491921 39323.57523896815
5.999999999999995 -0.49 -25810.824200431678 30566.957897665052
5.999999999999995 -0.48 -19902.791576294054 23759.980499226192
5.999999999999995 -0.47 -15346.543313929267 18468.62563562643
5.999999999999995 -0.45999999999999996 -11832.912436838302 14355.47965009078
5.999999999999995 -0.44999999999999996 -9123.412165077376 11158.233861311637
5.999999999999995 -0.43999999999999995 -7034.084172549607 8672.969494135266
5.999999999999995 -0.42999999999999994 -5423.036248478023 6741.162066158783
5.999999999999995 -0.41999999999999993 -4180.826985668189 5239.577707195744
5.999999999999995 -0.4099999999999999 -3223.047369510542 4072.4179688425643
5.999999999999995 -0.3999999999999999 -2484.5975355898404 3165.2128207459086
5.999999999999995 -0.3899999999999999 -1915.2715009109693 2460.0728325514697
5.999999999999995 -0.3799999999999999 -1476.3510752938557 1911.9980857533162
5.999999999999995 -0.3699999999999999 -1137.97838655864 1486.008653487577
5.999999999999995 -0.3599999999999999 -877.1291078443525 1154.9138103564408
5.999999999999995 -0.34999999999999987 -676.0491104862855 897.5778181120919
5.999999999999995 -0.33999999999999986 -521.0486238921367 697.5717656005617
5.999999999999995 -0.32999999999999985 -401.57218185382226 542.125536084253
5.999999999999995 -0.31999999999999984 -309.4813068647634 421.31309752210086
5.999999999999995 -0.30999999999999983 -238.50129162064158 327.4191789204972
5.999999999999995 -0.2999999999999998 -183.7945535191794 254.44695511113522
5.999999999999995 -0.2899999999999998 -141.63161503775294 197.73534927961668
5.999999999999995 -0.2799999999999998 -109.13738026966047 153.66154958957137
5.999999999999995 -0.2699999999999998 -84.09548318282548 119.40976831123609
5.999999999999995 -0.2599999999999998 -64.79742171279551 92.7914949721789
5.999999999999995 -0.24999999999999978 -49.926230138901225 72.10577822752681
5.999999999999995 -0.23999999999999977 -38.466785987422995 56.030623559063045
5.999999999999995 -0.22999999999999976 -29.636655658433607 43.53857819065767
5.999999999999995 -0.21999999999999975 -22.832777536249367 33.83111718880447
5.999999999999995 -0.20999999999999974 -17.590357000173626 26.28764391009776
5.999999999999995 -0.19999999999999973 -13.551177397276017 20.42585019031303
5.999999999999995 -0.18999999999999972 -10.439170914844107 15.870906363725977
5.999999999999995 -0.17999999999999972 -8.041586785061938 12.331514553713392
5.999999999999995 -0.1699999999999997 -6.194474841277625 9.581296600769393
5.999999999999995 -0.1599999999999997 -4.771495946087116 7.444328414266409
5.999999999999995 -0.1499999999999997 -3.6752971448410534 5.783897156051519
5.999999999999995 -0.13999999999999968 -2.8308639294760876 4.493763362516112
5.999999999999995 -0.12999999999999967 -2.1803965779059005 3.491370005957284
5.999999999999995 -0.11999999999999968 -1.679361305210453 2.7125647844662466
5.999999999999995 -0.10999999999999968 -1.2934469749485258 2.1074985402846456
5.999999999999995 -0.09999999999999969 -0.996219810002886 1.6374378031361672
5.999999999999995 -0.08999999999999969 -0.7673161062707445 1.2722878284680945
5.999999999999995 -0.0799999999999997 -0.5910496236730077 0.988667875705713
5.999999999999995 -0.0699999999999997 -0.4553386017201321 0.7684157440398283
5.999999999999995 -0.0599999999999997 -0.3508791449031426 0.5974260040984487
5.999999999999995 -0.0499999999999997 -0.2705085300363084 0.4647476833798901
5.999999999999995 -0.039999999999999696 -0.2087149475493284 0.3618837425854704
5.999999999999995 -0.029999999999999694 -0.1612601841794507 0.282247577560362
5.999999999999995 -0.01999999999999969 -0.1248894664673345 0.2207418212262634
5.999999999999995 -0.009999999999999691 -0.0971086384729061 0.173432543079262
5.999999999999995 3.0878077872387166e-16 -0.0760134491402679 0.1372980506671311
5.999999999999995 0.010000000000000309 -0.0601592887001233 0.1100362786797832
5.999999999999995 0.02000000000000031 -0.0484624827350504 0.0899185132359587
5.999999999999995 0.03000000000000031 -0.0401264163432091 0.0756801832153063
5.999999999999995 0.04000000000000031 -0.0345874674040858 0.0664418494268065
5.999999999999995 0.050000000000000315 -0.0314770944839742 0.0616554915511514
5.999999999999995 0.06000000000000032 -0.0305975457027078 0.0610728609782767
5.999999999999995 0.07000000000000031 -0.0319096077805823 0.0647341454621102
5.999999999999995 0.08000000000000031 -0.0355316663660464 0.0729765786610509
5.999999999999995 0.0900000000000003 -0.0417501602036756 0.0864640197844747
5.999999999999995 0.1000000000000003 -0.0510423413928682 0.1062400239987554
5.999999999999995 0.11000000000000029 -0.0641131629171554 0.1338086308791448
5.999999999999995 0.12000000000000029 -0.0819491706871345 0.1712491414892534
5.999999999999995 0.13000000000000028 -0.105893560476633 0.2213736869829458
5.999999999999995 0.1400000000000003 -0.137748168467543 0.2879396037164879
5.999999999999995 0.1500000000000003 -0.1799102216063822 0.3759327654585838
5.999999999999995 0.1600000000000003 -0.2355543401174404 0.4919433978153115
5.999999999999995 0.17000000000000032 -0.308873766961763 0.644662924929906
5.999999999999995 0.18000000000000033 -0.4053993700699221 0.8455396133322192
5.999999999999995 0.19000000000000034 -0.532420981458766 1.1096428919021761
5.999999999999995 0.20000000000000034 -0.699543576612402 1.4568021749551927
5.999999999999995 0.21000000000000035 -0.91942128471826 1.9131070305380635
5.999999999999995 0.22000000000000036 -1.2087260862710194 2.5128832462661936
5.999999999999995 0.23000000000000037 -1.5894264011623098 3.301295901565065
5.999999999999995 0.24000000000000038 -2.090475060498675 4.337778801581886
5.999999999999995 0.2500000000000004 -2.750038332353957 5.700553324774289
5.999999999999995 0.2600000000000004 -3.6184403186941063 7.492583858342421
5.999999999999995 0.2700000000000004 -4.762053594023988 9.849428127436937
5.999999999999995 0.2800000000000004 -6.2684419895427315 12.949587582555957
5.999999999999995 0.2900000000000004 -8.253161031391647 17.028157139521532
5.999999999999995 0.30000000000000043 -10.86875383678545 22.39483026333264
5.999999999999995 0.31000000000000044 -14.316656085620387 29.457654922571386
5.999999999999995 0.32000000000000045 -18.862957469120747 38.75438519164913
5.999999999999995 0.33000000000000046 -24.859278073326966 50.9938678906706
5.999999999999995 0.34000000000000047 -32.77043228319344 67.11069092443167
5.999999999999995 0.3500000000000005 -43.21110450392366 88.33736269078271
5.999999999999995 0.3600000000000005 -56.99449649196842 116.29967343398339
5.999999999999995 0.3700000000000005 -75.19688727210675 153.14272045203862
5.999999999999995 0.3800000000000005 -99.243356503304 201.69750677839693
5.999999999999995 0.3900000000000005 -131.0216721635526 265.70124297259053
5.999999999999995 0.4000000000000005 -173.0336832361584 350.0887541483408
5.999999999999995 0.41000000000000053 -228.59668897066084 461.378065509482
5.999999999999995 0.42000000000000054 -302.11144916918084 608.1807702286135
5.999999999999995 0.43000000000000055 -399.41911981040124 801.8777870725181
5.999999999999995 0.44000000000000056 -528.2769374242025 1057.514409145579
5.999999999999995 0.45000000000000057 -698.9925985643681 1394.9862188696502
5.999999999999995 0.4600000000000006 -925.2708856937081 1840.610950295547
5.999999999999995 0.4700000000000006 -1225.3443930702065 2429.2126553934154
5.999999999999995 0.4800000000000006 -1623.484851910194 3206.886161248914
5.999999999999995 0.4900000000000006 -2152.0247754053576 4234.665241105901
5.999999999999995 0.5000000000000006 -2854.063971629473 5593.391772520493
6.099999999999994 -0.5 5766.838266732897 -49284.16534871542
6.099999999999994 -0.49 4312.694072328234 -38196.43312221461
6.099999999999994 -0.48 3220.7861535520506 -29603.091379249578
6.099999999999994 -0.47 2401.7745487926027 -22943.00291556951
6.099999999999994 -0.45999999999999996 1788.1707659969532 -17781.25765722002
6.099999999999994 -0.44999999999999996 1329.0308722284217 -13780.77967235723
6.099999999999994 -0.43999999999999995 985.9296040529897 -10680.320340242148
6.099999999999994 -0.42999999999999994 729.9079138494455 -8277.401416992743
6.099999999999994 -0.41999999999999993 539.1598769056549 -6415.094725533916
6.099999999999994 -0.4099999999999999 397.2808985478471 -4971.775559383446
6.099999999999994 -0.3999999999999999 291.9418279655334 -3853.180953823012
6.099999999999994 -0.3899999999999999 213.88607408202486 -2986.25440253286
6.099999999999994 -0.3799999999999999 156.17154731502646 -2314.375194604593
6.099999999999994 -0.3699999999999999 113.59806550350844 -1793.6609226335092
6.099999999999994 -0.3599999999999999 82.27517099656471 -1390.1017634225789
6.099999999999994 -0.34999999999999987 59.29618331494802 -1077.339429183774
6.099999999999994 -0.33999999999999986 42.49257696777987 -834.9457718904575
6.099999999999994 -0.32999999999999985 30.24905137139933 -647.0886428139136
6.099999999999994 -0.31999999999999984 21.36442511589781 -501.4978919623497
6.099999999999994 -0.30999999999999983 14.947102440141808 -388.66398815707834
6.099999999999994 -0.2999999999999998 10.336601636881191 -301.21692878425216
6.099999999999994 -0.2899999999999998 7.044713208875508 -233.44488020635418
6.099999999999994 -0.2799999999999998 4.711429723679441 -180.9211137922791
6.099999999999994 -0.2699999999999998 3.071980957998899 -140.21487412910076
6.099999999999994 -0.2599999999999998 1.9322094532931833 -108.66729684105744
6.099999999999994 -0.24999999999999978 1.150203199216671 -84.21774137571494
6.099999999999994 -0.23999999999999977 0.6226171125834791 -65.26919645612887
6.099999999999994 -0.22999999999999976 0.2745037482388008 -50.58396759450655
6.099999999999994 -0.21999999999999975 0.0517669546992079 -39.20283372393673
6.099999999999994 -0.20999999999999974 -0.0844267523346475 -30.382392759038225
6.099999999999994 -0.19999999999999973 -0.1617778421518797 -23.54650382909443
6.099999999999994 -0.18999999999999972 -0.1998979242759503 -18.24865460848108
6.099999999999994 -0.17999999999999972 -0.2125477215343453 -14.142795720747563
6.099999999999994 -0.1699999999999997 -0.2092774661343214 -10.960737211866629
6.099999999999994 -0.1599999999999997 -0.1966252839434452 -8.494630689576292
6.099999999999994 -0.1499999999999997 -0.1789893921739913 -6.583392900158482
6.099999999999994 -0.13999999999999968 -0.159260197804827 -5.1021839549546675
6.099999999999994 -0.12999999999999967 -0.1392761600511725 -3.954252940204954
6.099999999999994 -0.11999999999999968 -0.1201506949389508 -3.0646182758928484
6.099999999999994 -0.10999999999999968 -0.1025050415541544 -2.375170032085503
6.099999999999994 -0.09999999999999969 -0.0866328151742592 -1.8408742917831216
6.099999999999994 -0.08999999999999969 -0.0726151437204514 -1.4268316342585794
6.099999999999994 -0.0799999999999997 -0.0604002209065028 -1.105997603915369
6.099999999999994 -0.0699999999999997 -0.0498573620947587 -0.8574162710278467
6.099999999999994 -0.0599999999999997 -0.0408128797762367 -0.6648515067509869
6.099999999999994 -0.0499999999999997 -0.0330730520135129 -0.515726574842252
6.099999999999994 -0.039999999999999696 -0.0264379497892336 -0.4003027836853167
6.099999999999994 -0.029999999999999694 -0.0207087761647672 -0.3110435602114412
6.099999999999994 -0.01999999999999969 -0.0156905450361868 -0.2421224225632188
6.099999999999994 -0.009999999999999691 -0.011191309893157 -0.18904273246833
6.099999999999994 3.0878077872387166e-16 -0.007018682483229 -0.148344415957205
6.099999999999994 0.010000000000000309 -0.0029740107811643 -0.117378530107155
6.099999999999994 0.02000000000000031 0.0011557218284402 -0.0941349962029362
6.099999999999994 0.03000000000000031 0.0056084891056037 -0.0771123071708121
6.099999999999994 0.04000000000000031 0.0106607878422133 -0.065220778352384
6.099999999999994 0.050000000000000315 0.0166449458795931 -0.0577131275861182
6.099999999999994 0.06000000000000032 0.0239712720318432 -0.0541379900679782
6.099999999999994 0.07000000000000031 0.0331565502242975 -0.0543135172243961
6.099999999999994 0.08000000000000031 0.0448608868386295 -0.0583195814229141
6.099999999999994 0.0900000000000003 0.0599355710911898 -0.0665084044045257
6.099999999999994 0.1000000000000003 0.0794854538165197 -0.0795347381448492
6.099999999999994 0.11000000000000029 0.1049504553236621 -0.0984081469159478
6.099999999999994 0.12000000000000029 0.138212262589427 -0.1245715732066641
6.099999999999994 0.13000000000000028 0.1817341805293161 -0.1600123403749748
6.099999999999994 0.1400000000000003 0.2387446065633612 -0.207414201230559
6.099999999999994 0.1500000000000003 0.313477893009244 -0.2703621728117756
6.099999999999994 0.1600000000000003 0.411490699251629 -0.3536159456374316
6.099999999999994 0.17000000000000032 0.5400776462389482 -0.463472935524713
6.099999999999994 0.18000000000000033 0.7088176061498135 -0.6082489700528665
6.099999999999994 0.19000000000000034 0.9302918657877336 -0.7989137126064063
6.099999999999994 0.20000000000000034 1.2210284530858801 -1.0499299409353149
6.099999999999994 0.21000000000000035 1.60274411475981 -1.3803616615381686
6.099999999999994 0.22000000000000036 2.1039781036678953 -1.8153370101134925
6.099999999999994 0.23000000000000037 2.762241825682433 -2.38797962408582
6.099999999999994 0.24000000000000038 3.6268478187179025 -3.14195888042647
6.099999999999994 0.2500000000000004 4.762633545648585 -4.13485799642109
6.099999999999994 0.2600000000000004 6.2548641175184265 -5.442623377578945
6.099999999999994 0.2700000000000004 8.215688667401647 -7.1654439266151115
6.099999999999994 0.2800000000000004 10.792644740756282 -9.435522160268793
6.099999999999994 0.2900000000000004 14.179863119144095 -12.42734903916875
6.099999999999994 0.30000000000000043 18.632834355109217 -16.371293537238202
6.099999999999994 0.31000000000000044 24.487874406448558 -21.57158231812548
6.099999999999994 0.32000000000000045 32.18779191675517 -28.430095965091073
6.099999999999994 0.33000000000000046 42.315742816248374 -37.47787470236623
6.099999999999994 0.34000000000000047 55.639897401752854 -49.41684668093277
6.099999999999994 0.3500000000000005 73.17239188555489 -65.17511668148445
6.099999999999994 0.3600000000000005 96.24715834342774 -85.9802505862329
6.099999999999994 0.3700000000000005 126.62271415569523 -113.45645210783937
6.099999999999994 0.3800000000000005 166.61796433891328 -149.7534745342213
6.099999999999994 0.3900000000000005 219.29168729327532 -197.71770411633065
6.099999999999994 0.4000000000000005 288.6798492383046 -261.11931056365586
6.099999999999994 0.41000000000000053 380.10950876120614 -344.9539749483509
6.099999999999994 0.42000000000000054 500.61420921794684 -455.84386605209653
6.099999999999994 0.43000000000000055 659.4839191317506 -602.5707655101319
6.099999999999994 0.44000000000000056 868.9934456222105 -796.7852412213794
6.099999999999994 0.45000000000000057 1145.3677183534007 -1053.950478708555
6.099999999999994 0.4600000000000006 1510.061633788084 -1394.5990659693653
6.099999999999994 0.4700000000000006 1991.4578869720708 -1846.0073887956016
6.099999999999994 0.4800000000000006 2627.120581942145 -2444.4276175055516
6.099999999999994 0.4900000000000006 3466.7883328091257 -3238.064631413883
6.099999999999994 0.5000000000000006 4576.3519873841515 -4291.048782255646
6.199999999999994 -0.5 21618.45497124323 42429.29379614539
6.199999999999994 -0.49 16883.074091618393 32793.994258623585
6.199999999999994 -0.48 13184.416202587581 25346.49816027748
6.199999999999994 -0.47 10295.625955551544 19590.114097080146
6.199999999999994 -0.45999999999999996 8039.463092472668 15140.894306505392
6.199999999999994 -0.44999999999999996 6277.456785254318 11702.04783284565
6.199999999999994 -0.43999999999999995 4901.429567148068 9044.159363146826
6.199999999999994 -0.42999999999999994 3826.8734124258167 6989.8967148927195
6.199999999999994 -0.41999999999999993 2987.773453259194 5402.188651675005
6.199999999999994 -0.4099999999999999 2332.563121510769 4175.085672381838
6.199999999999994 -0.3999999999999999 1820.9635379440858 3226.695015023877
6.199999999999994 -0.3899999999999999 1421.5139428211987 2493.7192109973207
6.199999999999994 -0.3799999999999999 1109.6421549036218 1927.2343015406527
6.199999999999994 -0.3699999999999999 866.1570295479687 1489.4263864085515
6.199999999999994 -0.3599999999999999 676.0706698890989 1151.0690066823488
6.199999999999994 -0.34999999999999987 527.6782990579793 889.5732158096885
6.199999999999994 -0.33999999999999986 411.83945437895767 687.4803491774863
6.199999999999994 -0.32999999999999985 321.4164770584197 531.2970020708566
6.199999999999994 -0.31999999999999984 250.8358939844249 410.5945322904579
6.199999999999994 -0.30999999999999983 195.74580908605904 317.3130352222179
6.199999999999994 -0.2999999999999998 152.748299251272 245.22336973564867
6.199999999999994 -0.2899999999999998 119.1904029607846 189.5113506264564
6.199999999999994 -0.2799999999999998 93.00087907390069 146.45636921645908
6.199999999999994 -0.2699999999999998 72.56271790679519 113.18300081440732
6.199999999999994 -0.2599999999999998 56.61357827640645 87.46902553932637
6.199999999999994 -0.24999999999999978 44.16803653517971 67.59705186784672
6.199999999999994 -0.23999999999999977 34.456871509866104 52.23984095126018
6.199999999999994 -0.22999999999999976 26.879654530012807 40.37167811563453
6.199999999999994 -0.21999999999999975 20.967730356618613 31.199875887424724
6.199999999999994 -0.20999999999999974 16.355312787069312 24.11183623785141
6.199999999999994 -0.19999999999999973 12.756917087360382 18.634138082377373
6.199999999999994 -0.18999999999999972 9.94974071348372 14.400918646756068
6.199999999999994 -0.17999999999999972 7.759907887030241 11.129437643758438
6.199999999999994 -0.1699999999999997 6.051731124446152 8.60119267077944
6.199999999999994 -0.1599999999999997 4.71932835026929 6.647324821195566
6.199999999999994 -0.1499999999999997 3.6800791308616447 5.137339925114962
6.199999999999994 -0.13999999999999968 2.869516737471911 3.9703922080557894
6.199999999999994 -0.12999999999999967 2.2373411316377347 3.0685482508527824
6.199999999999994 -0.11999999999999968 1.7443069881288054 2.3715813685523814
6.199999999999994 -0.10999999999999968 1.3597947697878607 1.832948725543906
6.199999999999994 -0.09999999999999969 1.0599149557205407 1.4166824900734685
6.199999999999994 -0.08999999999999969 0.8260283857949875 1.0949873760210145
6.199999999999994 -0.0799999999999997 0.6435913402422101 0.8463840986433602
6.199999999999994 -0.0699999999999997 0.5012540008855072 0.6542747335700339
6.199999999999994 -0.0599999999999997 0.3901565719888634 0.5058341493032092
6.199999999999994 -0.0499999999999997 0.3033795355803794 0.3911534644877004
6.199999999999994 -0.039999999999999696 0.2355140289019916 0.3025783168169665
6.199999999999994 -0.029999999999999694 0.1823257457983134 0.2341977449766996
6.199999999999994 -0.01999999999999969 0.1404915356688127 0.181449547776132
6.199999999999994 -0.009999999999999691 0.1073923581786929 0.1408157677782881
6.199999999999994 3.0878077872387166e-16 0.080949725003303 0.1095879703686889
6.199999999999994 0.010000000000000309 0.0594954347183603 0.0856866558965393
6.199999999999994 0.02000000000000031 0.0416664473723719 0.0675227643661038
6.199999999999994 0.03000000000000031 0.0263182756636245 0.0538920515700781
6.199999999999994 0.04000000000000031 0.0124513824483851 0.0438953215348518
6.199999999999994 0.050000000000000315 -0.0008541643850319 0.0368792409386562
6.199999999999994 0.06000000000000032 -0.0145000752698575 0.0323938542453525
6.199999999999994 0.07000000000000031 -0.0294313872413221 0.0301640583363186
6.199999999999994 0.08000000000000031 -0.046702414991966 0.0300732607356615
6.199999999999994 0.0900000000000003 -0.0675517485290705 0.0321583035055445
6.199999999999994 0.1000000000000003 -0.0934916776224005 0.0366155467746024
6.199999999999994 0.11000000000000029 -0.1264185493098124 0.0438188311777796
6.199999999999994 0.12000000000000029 -0.1687521684099459 0.0543509395009675
6.199999999999994 0.13000000000000028 -0.2236145555807434 0.0690512243654772
6.199999999999994 0.1400000000000003 -0.295061351227211 0.0890833437867395
6.199999999999994 0.1500000000000003 -0.3883831226690373 0.1160286526733748
6.199999999999994 0.1600000000000003 -0.5104990978463926 0.1520128668997424
6.199999999999994 0.17000000000000032 -0.6704728112404222 0.1998763178868988
6.199999999999994 0.18000000000000033 -0.8801883353888437 0.2634016737301857
6.199999999999994 0.19000000000000034 -1.1552378827393177 0.3476177145911858
6.199999999999994 0.20000000000000034 -1.5160875191876968 0.4592040101665883
6.199999999999994 0.21000000000000035 -1.9896087482324076 0.6070296823509844
6.199999999999994 0.22000000000000036 -2.611091406821102 0.8028705509350647
6.199999999999994 0.23000000000000037 -3.426889775945663 1.0623637969131847
6.199999999999994 0.24000000000000038 -4.497901841452395 1.4062790997050014
6.199999999999994 0.2500000000000004 -5.904144925664275 1.8622117049958156
6.199999999999994 0.2600000000000004 -7.750774308319035 2.4668383319171885
6.199999999999994 0.2700000000000004 -10.176001382239296 3.2689242842555837
6.199999999999994 0.2800000000000004 -13.361512818290874 4.333333692122759
6.199999999999994 0.2900000000000004 -17.546183338493066 5.7463799935965305
6.199999999999994 0.30000000000000043 -23.044126806411796 7.622967991787703
6.199999999999994 0.31000000000000044 -30.268462991337255 10.116132084169864
6.199999999999994 0.32000000000000045 -39.76261640093792 13.429781021113552
6.199999999999994 0.33000000000000046 -52.241543205570835 17.83573596090493
6.199999999999994 0.34000000000000047 -68.64604775426125 23.69652013875756
6.199999999999994 0.3500000000000005 -90.21436142310236 31.495858220467284
6.199999999999994 0.3600000000000005 -118.5764928952861 41.87951603810092
6.199999999999994 0.3700000000000005 -155.87862559287439 55.710017302179814
6.199999999999994 0.3800000000000005 -204.94717424500004 74.13999477148111
6.199999999999994 0.3900000000000005 -269.5052033389145 98.71057989240123
6.199999999999994 0.4000000000000005 -354.45800074301076 131.4834570425516
6.199999999999994 0.41000000000000053 -466.2700157537326 175.21820958606764
6.199999999999994 0.42000000000000054 -613.4625447534653 233.61064098012514
6.199999999999994 0.43000000000000055 -807.2710544746415 311.6132400899868
6.199999999999994 0.44000000000000056 -1062.5136370853222 415.8663853868303
6.199999999999994 0.45000000000000057 -1398.7388103361536 555.2789413748676
6.199999999999994 0.4600000000000006 -1841.7430645646866 741.8105369347923
6.199999999999994 0.4700000000000006 -2425.578021630935 991.5263167067806
6.199999999999994 0.4800000000000006 -3195.206216023192 1326.020079598793
6.199999999999994 0.4900000000000006 -4210.016547741434 1774.3358614429703
6.199999999999994 0.5000000000000006 -5548.479680384445 2375.564460075733
6.299999999999994 -0.5 -39739.84079999202 -22399.608019922114
6.299999999999994 -0.49 -30852.611639980747 -17211.322513276722
6.299999999999994 -0.48 -23953.116577264293 -13223.54440554087
6.299999999999994 -0.47 -18596.724040011166 -10158.77071388259
6.299999999999994 -0.45999999999999996 -14438.272001976275 -7803.580632425208
6.299999999999994 -0.44999999999999996 -11209.813124642378 -5993.851971811029
6.299999999999994 -0.43999999999999995 -8703.339571131437 -4603.384807227373
6.299999999999994 -0.42999999999999994 -6757.373162707013 -3535.1478182916776
6.299999999999994 -0.41999999999999993 -5246.555926765908 -2714.543270215934
6.299999999999994 -0.4099999999999999 -4073.5696510091393 -2084.225576734681
6.299999999999994 -0.3999999999999999 -3162.863303767397 -1600.1154247603483
6.299999999999994 -0.3899999999999999 -2455.7838009203883 -1228.3338667383987
6.299999999999994 -0.3799999999999999 -1906.7961211908075 -942.8442539267353
6.299999999999994 -0.3699999999999999 -1480.549034916306 -723.638748864183
6.299999999999994 -0.3599999999999999 -1149.5972507204917 -555.3437746388298
6.299999999999994 -0.34999999999999987 -892.6331187654496 -426.1477178286414
6.299999999999994 -0.33999999999999986 -693.1138900522875 -326.97649284419555
6.299999999999994 -0.32999999999999985 -538.1960386147415 -250.8597319573426
6.299999999999994 -0.31999999999999984 -417.9079530795711 -192.44356899396644
6.299999999999994 -0.30999999999999983 -324.5076732590238 -147.6161453763939
6.299999999999994 -0.2999999999999998 -251.98427765563156 -113.21978555623039
6.299999999999994 -0.2899999999999998 -195.67078856106343 -86.82980432844836
6.299999999999994 -0.2799999999999998 -151.9436501656086 -66.58453642239625
6.299999999999994 -0.2699999999999998 -117.98941542189696 -51.05473885684331
6.299999999999994 -0.2599999999999998 -91.62360922615481 -39.14325497102269
6.299999999999994 -0.24999999999999978 -71.15009815649456 -30.007935252016562
6.299999999999994 -0.23999999999999977 -55.25190738403392 -23.002429885468306
6.299999999999994 -0.22999999999999976 -42.906451773540546 -17.630713579043256
6.299999999999994 -0.21999999999999975 -33.319721272472016 -13.512160997946205
6.299999999999994 -0.20999999999999974 -25.87518187212126 -10.354727553372928
6.299999999999994 -0.19999999999999973 -20.09410144110849 -7.9343564198095855
6.299999999999994 -0.18999999999999972 -15.604745690944512 -6.079167853072102
6.299999999999994 -0.17999999999999972 -12.118460876096318 -4.657321391933898
6.299999999999994 -0.1699999999999997 -9.411103382025196 -3.567698622299909
6.299999999999994 -0.1599999999999997 -7.3086207000684 -2.7327517613637395
6.299999999999994 -0.1499999999999997 -5.675855619285206 -2.0930151444958263
6.299999999999994 -0.13999999999999968 -4.4078530087305685 -1.6028933534611596
6.299999999999994 -0.12999999999999967 -3.423109691773366 -1.227429349485016
6.299999999999994 -0.11999999999999968 -2.658333008395169 -0.9398248253985724
6.299999999999994 -0.10999999999999968 -2.0643707806249996 -0.7195378778424184
6.299999999999994 -0.09999999999999969 -1.6030507967061993 -0.5508237206796877
6.299999999999994 -0.08999999999999969 -1.2447264677704788 -0.4216153564091788
6.299999999999994 -0.0799999999999997 -0.9663707569662834 -0.3226650775429793
6.299999999999994 -0.0699999999999997 -0.7500957618722824 -0.2468860632024948
6.299999999999994 -0.0599999999999997 -0.5820027183879326 -0.1888474571898027
6.299999999999994 -0.0499999999999997 -0.451288451542431 -0.1443871534763973
6.299999999999994 -0.039999999999999696 -0.3495507942030252 -0.1103148345649532
6.299999999999994 -0.029999999999999694 -0.2702482902546058 -0.0841841922310083
6.299999999999994 -0.01999999999999969 -0.2082794178387533 -0.0641181577365416
6.299999999999994 -0.009999999999999691 -0.159654248748531 -0.0486747244753108
6.299999999999994 3.0878077872387166e-16 -0.1212373958657853 -0.0367438247757409
6.299999999999994 0.010000000000000309 -0.0905456729136419 -0.0274679272762294
6.299999999999994 0.02000000000000031 -0.0655873930791237 -0.020180707566128
6.299999999999994 0.03000000000000031 -0.0447328893736362 -0.0143594319093862
6.299999999999994 0.04000000000000031 -0.0266078192266487 -0.0095876730608824
6.299999999999994 0.050000000000000315 -0.0100022439700594 -0.0055257180842801
6.299999999999994 0.06000000000000032 0.0062105603913492 -0.0018865836685527
6.299999999999994 0.07000000000000031 0.0231510430331657 0.0015840351678588
6.299999999999994 0.08000000000000031 0.0420113618680692 0.0051252617538247
6.299999999999994 0.0900000000000003 0.0641398823186999 0.0089771558874228
6.299999999999994 0.1000000000000003 0.0911382286499343 0.0133965029972976
6.299999999999994 0.11000000000000029 0.1249779262761612 0.0186732619453513
6.299999999999994 0.12000000000000029 0.1681451893111156 0.0251486533373617
6.299999999999994 0.13000000000000028 0.2238245558074732 0.0332359150802299
6.299999999999994 0.1400000000000003 0.2961350183501445 0.043444843393731
6.299999999999994 0.1500000000000003 0.3904362645012656 0.056411372170462
6.299999999999994 0.1600000000000003 0.5137279317405896 0.072933617480786
6.299999999999994 0.17000000000000032 0.6751717969438182 0.0940160208685272
6.299999999999994 0.18000000000000033 0.8867760940634185 0.1209234539717864
6.299999999999994 0.19000000000000034 1.1642933903732169 0.155247379028608
6.299999999999994 0.20000000000000034 1.5283995821842804 0.198986363118535
6.299999999999994 0.21000000000000035 2.0062428234828644 0.2546433665180501
6.299999999999994 0.22000000000000036 2.633479195394926 0.325342184575376
6.299999999999994 0.23000000000000037 3.456948797074726 0.414965089326066
6.299999999999994 0.24000000000000038 4.538194506929157 0.5283128948710583
6.299999999999994 0.2500000000000004 5.9580896428898225 0.6712870625201752
6.299999999999994 0.2600000000000004 7.822925043261934 0.8510906253666273
6.299999999999994 0.2700000000000004 10.272417162162277 1.076439993455085
6.299999999999994 0.2800000000000004 13.490245158797006 1.3577721414624986
6.299999999999994 0.2900000000000004 17.717917919992228 1.7074198842085047
6.299999999999994 0.30000000000000043 23.273026357817447 2.1397098876591114
6.299999999999994 0.31000000000000044 30.573271799250687 2.670910825228436
6.299999999999994 0.32000000000000045 40.1681037588064 3.318918477137286
6.299999999999994 0.33000000000000046 52.78038410545345 4.102504578625231
6.299999999999994 0.34000000000000047 69.36126485364298 5.03986827699136
6.299999999999994 0.3500000000000005 91.16248332974166 6.146100946836425
6.299999999999994 0.3600000000000005 119.8316203463634 7.428989488161066
6.299999999999994 0.3700000000000005 157.53763879093052 8.882315487564187
6.299999999999994 0.3800000000000005 207.13635995111082 10.475422924370955
6.299999999999994 0.3900000000000005 272.3886258482401 12.137276206364023
6.299999999999994 0.4000000000000005 358.2479798288459 13.732443698722278
6.299999999999994 0.41000000000000053 471.2400949718181 15.02532151512392
6.299999999999994 0.42000000000000054 619.9633145244339 15.627320029287809
6.299999999999994 0.43000000000000055 815.7491020802133 14.919476870953169
6.299999999999994 0.44000000000000056 1073.5336752438593 11.939761518315297
6.299999999999994 0.45000000000000057 1413.0086003736417 5.219813370134316
6.299999999999994 0.4600000000000006 1860.1399632965094 -7.4505331316847485
6.299999999999994 0.4700000000000006 2449.174632240004 -29.36159541274045
6.299999999999994 0.4800000000000006 3225.290389028475 -65.36842405690723
6.299999999999994 0.4900000000000006 4248.097365421987 -122.5828718114576
6.299999999999994 0.5000000000000006 5596.265319010833 -211.3595841314984
6.399999999999993 -0.5 43485.741025391864 -3092.485238438374
6.399999999999993 -0.49 33657.746893631906 -2552.400803421209
6.399999999999993 -0.48 26051.143628352413 -2099.315751686985
6.399999999999993 -0.47 20163.801586108002 -1721.2944908883137
6.399999999999993 -0.45999999999999996 15607.099070813778 -1407.3991149604371
6.399999999999993 -0.44999999999999996 12080.263021607974 -1147.8372285704977
6.399999999999993 -0.43999999999999995 9350.510140800798 -933.994519839315
6.399999999999993 -0.42999999999999994 7237.677279840728 -758.3960404212411
6.399999999999993 -0.41999999999999993 5602.326275224001 -614.6263040564849
6.399999999999993 -0.4099999999999999 4336.53781478613 -497.2284496122198
6.399999999999993 -0.3999999999999999 3356.786455915783 -401.5957467623248
6.399999999999993 -0.3899999999999999 2598.42632851629 -323.8638515487005
6.399999999999993 -0.3799999999999999 2011.4234068942435 -260.80885742730806
6.399999999999993 -0.3699999999999999 1557.052546054308 -209.75390489965648
6.399999999999993 -0.3599999999999999 1205.3411829781987 -168.48559588611752
6.399999999999993 -0.34999999999999987 933.0909078154311 -135.18048010595047
6.399999999999993 -0.33999999999999986 722.3462687028424 -108.34127568792391
6.399999999999993 -0.32999999999999985 559.2097065278733 -86.7421371546765
6.399999999999993 -0.31999999999999984 432.9243722955044 -69.38210696101586
6.399999999999993 -0.30999999999999983 335.1642690559981 -55.4458225899835
6.399999999999993 -0.2999999999999998 259.48485065082906 -44.27055842716657
6.399999999999993 -0.2899999999999998 200.89780486088665 -35.318731644046174
6.399999999999993 -0.2799999999999998 155.54194856758724 -28.15507473368595
6.399999999999993 -0.2699999999999998 120.4285087578519 -22.42776125454311
6.399999999999993 -0.2599999999999998 93.24397472180043 -17.85285744320112
6.399999999999993 -0.24999999999999978 72.19750794619631 -14.201555519249297
6.399999999999993 -0.23999999999999977 55.90283802803703 -11.289721762264515
6.399999999999993 -0.22999999999999976 43.28684969416965 -8.969362299874296
6.399999999999993 -0.21999999999999975 33.518828068003316 -7.121671467687759
6.399999999999993 -0.20999999999999974 25.955693037604536 -5.651381655024757
6.399999999999993 -0.19999999999999973 20.099609005702018 -4.482180166559366
6.399999999999993 -0.18999999999999972 15.565173136949465 -3.5529984386562483
6.399999999999993 -0.17999999999999972 12.054017401272038 -2.8150126686863874
6.399999999999993 -0.1699999999999997 9.335148987869792 -2.2292232816178763
6.399999999999993 -0.1599999999999997 7.229732339958451 -1.7645043816130643
6.399999999999993 -0.1499999999999997 5.599309138149975 -1.3960340766582604
6.399999999999993 -0.13999999999999968 4.336679391113055 -1.1040329178403043
6.399999999999993 -0.12999999999999967 3.358842351230583 -0.8727511903651903
6.399999999999993 -0.11999999999999968 2.601531850395171 -0.6896568919263172
6.399999999999993 -0.10999999999999968 2.014985816705444 -0.5447853335229284
6.399999999999993 -0.09999999999999969 1.5606711283272714 -0.4302187378593247
6.399999999999993 -0.08999999999999969 1.2087479588307846 -0.3396702789373518
6.399999999999993 -0.0799999999999997 0.9361065265518372 -0.2681519454173718
6.399999999999993 -0.0699999999999997 0.7248468967652875 -0.2117096224603294
6.399999999999993 -0.0599999999999997 0.5611016897485431 -0.1672120407155365
6.399999999999993 -0.0499999999999997 0.4341241470583032 -0.1321828768758831
6.399999999999993 -0.039999999999999696 0.3355814934218348 -0.1046674234513156
6.399999999999993 -0.029999999999999694 0.259007055876459 -0.0831269715957514
6.399999999999993 -0.01999999999999969 0.1993750570561331 -0.0663554485965791
6.399999999999993 -0.009999999999999691 0.152770075093377 -0.0534139858402979
6.399999999999993 3.0878077872387166e-16 0.1161293906686293 -0.0435800172408281
6.399999999999993 0.010000000000000309 0.0870412324419788 -0.0363082667203242
6.399999999999993 0.02000000000000031 0.0635856006230652 -0.0312016136194057
6.399999999999993 0.03000000000000031 0.0442071356965489 -0.027990358582996
6.399999999999993 0.04000000000000031 0.0276115878405803 -0.0265188771240334
6.399999999999993 0.050000000000000315 0.012678968391764 -0.0267390685467397
6.399999999999993 0.06000000000000032 -0.0016124737489446 -0.0287104075528437
6.399999999999993 0.07000000000000031 -0.0162566434837982 -0.0326068077341161
6.399999999999993 0.08000000000000031 -0.0322892440921008 -0.0387309343867716
6.399999999999993 0.0900000000000003 -0.05086159497705 -0.047537085227233
6.399999999999993 0.1000000000000003 -0.0733239277363808 -0.0596643222524024
6.399999999999993 0.11000000000000029 -0.1013242356091524 -0.0759822227219043
6.399999999999993 0.12000000000000029 -0.1369299682086182 -0.0976524668221311
6.399999999999993 0.13000000000000028 -0.1827816226979346 -0.1262105498295879
6.399999999999993 0.1400000000000003 -0.2422897203434437 -0.1636732679106161
6.399999999999993 0.1500000000000003 -0.3198899611342984 -0.2126793684370197
6.399999999999993 0.1600000000000003 -0.4213757721532378 -0.2766729917632456
6.399999999999993 0.17000000000000032 -0.554333346261032 -0.3601424072615758
6.399999999999993 0.18000000000000033 -0.7287120565581358 -0.4689302479465692
6.399999999999993 0.19000000000000034 -0.9575734253883336 -0.610636212765101
6.399999999999993 0.20000000000000034 -1.2580754129746252 -0.7951393368192272
6.399999999999993 0.21000000000000035 -1.6527667119198532 -1.0352748140618016
6.399999999999993 0.22000000000000036 -2.1712893652460696 -1.3477104864812128
6.399999999999993 0.23000000000000037 -2.8526191829683243 -1.7540811136458092
6.399999999999993 0.24000000000000038 -3.748014511698931 -2.282455198963053
6.399999999999993 0.2500000000000004 -4.924898076238973 -2.9692304754912606
6.399999999999993 0.2600000000000004 -6.471968036175604 -3.861581406241736
6.399999999999993 0.2700000000000004 -8.505928594969848 -5.020616815595673
6.399999999999993 0.2800000000000004 -11.180354739221288 -6.525450020072465
6.399999999999993 0.2900000000000004 -14.697369577631068 -8.478440032378316
6.399999999999993 0.30000000000000043 -19.32302897733008 -11.011933621349725
6.399999999999993 0.31000000000000044 -25.407593511284347 -14.296927969276044
6.399999999999993 0.32000000000000045 -33.41224425991827 -18.55418694592378
6.399999999999993 0.33000000000000046 -43.94429597786106 -24.06848613102101
6.399999999999993 0.34000000000000047 -57.80361714992711 -31.206839242077432
6.399999999999993 0.3500000000000005 -76.04383252239394 -40.44177928460292
6.399999999999993 0.3600000000000005 -100.05302719127984 -52.38104041734546
6.399999999999993 0.3700000000000005 -131.66018129037525 -67.80532114009911
6.399999999999993 0.3800000000000005 -173.27555838008985 -87.7162165989715
6.399999999999993 0.3900000000000005 -228.0759042210594 -113.39689822047914
6.399999999999993 0.4000000000000005 -300.2487910724545 -146.48870194737498
6.399999999999993 0.41000000000000053 -395.3150372917346 -189.08746810368925
6.399999999999993 0.42000000000000054 -520.5542012342692 -243.8642555458979
6.399999999999993 0.43000000000000055 -685.5661656810963 -314.21591707254703
6.399999999999993 0.44000000000000056 -903.0124195093751 -404.4519379326024
6.399999999999993 0.45000000000000057 -1189.5946326517535 -520.0248365600332
6.399999999999993 0.4600000000000006 -1567.3465984461561 -667.812184512641
6.399999999999993 0.4700000000000006 -2065.340022534505 -856.458715984446
6.399999999999993 0.4800000000000006 -2721.9368669325168 -1096.7867343737478
6.399999999999993 0.4900000000000006 -3587.763513660564 -1402.2815613097894
6.399999999999993 0.5000000000000006 -4729.638191692883 -1789.6553041688405
6.499999999999993 -0.5 -33002.43817346063 25211.790727616415
6.499999999999993 -0.49 -25444.80664014947 19642.9345455519
6.499999999999993 -0.48 -19617.307198762464 15304.516046128985
6.499999999999993 -0.47 -15124.016058356132 11924.580590970916
6.499999999999993 -0.45999999999999996 -11659.576259866028 9291.303064468171
6.499999999999993 -0.44999999999999996 -8988.489598932345 7239.688109374143
6.499999999999993 -0.43999999999999995 -6929.141285375152 5641.213256989207
6.499999999999993 -0.42999999999999994 -5341.476212082493 4395.7634903097
6.499999999999993 -0.41999999999999993 -4117.4925508471415 3425.350054572809
6.499999999999993 -0.4099999999999999 -3173.908906792958 2669.2186389414237
6.499999999999993 -0.3999999999999999 -2446.508294301094 2080.0394818410105
6.499999999999993 -0.3899999999999999 -1885.7756650007286 1620.9400150291208
6.499999999999993 -0.3799999999999999 -1453.5332801451727 1263.1936497883426
6.499999999999993 -0.3699999999999999 -1120.3457870553218 984.4195626642614
6.499999999999993 -0.3599999999999999 -863.5189955364325 767.1804577555076
6.499999999999993 -0.34999999999999987 -665.5565776725505 597.8902911195111
6.499999999999993 -0.33999999999999986 -512.9699519241785 465.9634154428713
6.499999999999993 -0.32999999999999985 -395.3605583807793 363.15176570681604
6.499999999999993 -0.31999999999999984 -304.71220589450377 283.02851358174
6.499999999999993 -0.30999999999999983 -234.84542347368813 220.58581260412828
6.499999999999993 -0.2999999999999998 -180.9967422643237 171.92141623860076
6.499999999999993 -0.2899999999999998 -139.49431501650167 133.9945269747826
6.499999999999993 -0.2799999999999998 -107.50782142960131 104.43557723157332
6.499999999999993 -0.2699999999999998 -82.855653360743 81.39802497713568
6.499999999999993 -0.2599999999999998 -63.85626549411098 63.44288115942629
6.499999999999993 -0.24999999999999978 -49.213578505278036 49.44873773812049
6.499999999999993 -0.23999999999999977 -37.92863655116164 38.54166318024774
6.499999999999993 -0.22999999999999976 -29.231506080648447 30.040577057191697
6.499999999999993 -0.21999999999999975 -22.52877962786261 23.414684997400844
6.499999999999993 -0.20999999999999974 -17.36310985145227 18.250310554153568
6.499999999999993 -0.19999999999999973 -13.38201769828787 14.225048926484694
6.499999999999993 -0.18999999999999972 -10.313849790709426 11.087625829540436
6.499999999999993 -0.17999999999999972 -7.949246843722416 8.642201890218084
6.499999999999993 -0.1699999999999997 -6.126860184741016 6.7361411315636825
6.499999999999993 -0.1599999999999997 -4.722342780059872 5.250478840885318
6.499999999999993 -0.1499999999999997 -3.6398642406820527 4.0924929736400495
6.499999999999993 -0.13999999999999968 -2.8055712553581658 3.1899148062694818
6.499999999999993 -0.12999999999999967 -2.1625474790470287 2.48641705709963
6.499999999999993 -0.11999999999999968 -1.6669291116755012 1.9380975642101883
6.499999999999993 -0.10999999999999968 -1.28491119061822 1.5107388435430693
6.499999999999993 -0.09999999999999969 -0.9904403545771578 1.1776723451313011
6.499999999999993 -0.08999999999999969 -0.7634366516312517 0.9181140152029558
6.499999999999993 -0.0799999999999997 -0.588423048638013 0.7158672217497191
6.499999999999993 -0.0699999999999997 -0.4534691108910587 0.5583120533248034
6.499999999999993 -0.0599999999999997 -0.3493767549140782 0.4356178911239066
6.499999999999993 -0.0499999999999997 -0.2690524941265014 0.3401301016728624
6.499999999999993 -0.039999999999999696 -0.2070233226240824 0.2658925739353575
6.499999999999993 -0.029999999999999694 -0.1590631839304858 0.2082763104604051
6.499999999999993 -0.01999999999999969 -0.1219045175255956 0.1636909079554338
6.499999999999993 -0.009999999999999691 -0.093015180698812 0.1293609427462429
6.499999999999993 3.0878077872387166e-16 -0.0704255025322932 0.1031533350092099
6.499999999999993 0.010000000000000309 -0.0525936445071186 0.0834449564493416
6.499999999999993 0.02000000000000031 -0.038300051148531 0.0690222691611434
6.499999999999993 0.03000000000000031 -0.0265637517868776 0.0590067970933001
6.499999999999993 0.04000000000000031 -0.0165747551946163 0.0528018625801344
6.499999999999993 0.050000000000000315 -0.0076378627014041 0.0500573719074309
6.499999999999993 0.06000000000000032 0.0008760148501617 0.050650591852383
6.499999999999993 0.07000000000000031 0.0095744650391578 0.0546818979536388
6.499999999999993 0.08000000000000031 0.0190872923747976 0.0624854624527081
6.499999999999993 0.0900000000000003 0.0301125191858441 0.0746558504608572
6.499999999999993 0.1000000000000003 0.0434680589177098 0.0920925738049035
6.499999999999993 0.11000000000000029 0.0601529222424567 0.1160658862938
6.499999999999993 0.12000000000000029 0.0814225779238871 0.1483085760611788
6.499999999999993 0.13000000000000028 0.1088842042512826 0.1911403212265922
6.499999999999993 0.1400000000000003 0.144619121351464 0.2476334490636414
6.499999999999993 0.1500000000000003 0.1913418122671914 0.3218318329191594
6.499999999999993 0.1600000000000003 0.2526077876885595 0.4190383746888314
6.499999999999993 0.17000000000000032 0.3330863490390566 0.5461913091911524
6.499999999999993 0.18000000000000033 0.4389193553556967 0.7123557589638515
6.499999999999993 0.19000000000000034 0.5781937974683996 0.9293649876643068
6.499999999999993 0.20000000000000034 0.761564854397553 1.21265619451724
6.499999999999993 0.21000000000000035 1.00307784893886 1.582359167720622
6.499999999999993 0.22000000000000036 1.3212530557980644 2.0647135838122948
6.499999999999993 0.23000000000000037 1.7405178696859231 2.6939133804682016
6.499999999999993 0.24000000000000038 2.293098032334566 3.514505961348396
6.499999999999993 0.2500000000000004 3.021515591245513 4.584511971718976
6.499999999999993 0.2600000000000004 3.981888858976875 5.979480534538923
6.499999999999993 0.2700000000000004 5.248292620213285 7.797758402758815
6.499999999999993 0.2800000000000004 6.918520173693731 10.167333633218172
6.499999999999993 0.2900000000000004 9.121699090363963 13.254720470227639
6.499999999999993 0.30000000000000043 12.028358547903325 17.276488997411963
6.499999999999993 0.31000000000000044 15.863739325071123 22.514219544550453
6.499999999999993 0.32000000000000045 20.925393313764683 29.333889022666348
6.499999999999993 0.33000000000000046 27.606457998937 38.210988582033664
6.499999999999993 0.34000000000000047 36.42643959840998 49.76304740264091
6.499999999999993 0.3500000000000005 48.07193196677745 64.79171907450784
6.499999999999993 0.3600000000000005 63.45048396452253 84.3372040574944
6.499999999999993 0.3700000000000005 83.76186799687942 109.74857090142258
6.499999999999993 0.3800000000000005 110.59237915924412 142.77454647854708
6.499999999999993 0.3900000000000005 146.0396167870772 185.6806293011182
6.499999999999993 0.4000000000000005 192.8776121979604 241.40001217360756
6.499999999999993 0.41000000000000053 254.77535839416157 313.727870331105
6.499999999999993 0.42000000000000054 336.5860209899195 407.57118889145164
6.499999999999993 0.43000000000000055 444.72969683870286 529.2696033886443
6.499999999999993 0.44000000000000056 587.6999762377782 687.0068721924183
6.499999999999993 0.45000000000000057 776.7343345847893 891.3377846790557
6.499999999999993 0.4600000000000006 1026.7012923369136 1155.861764066601
6.499999999999993 0.4700000000000006 1357.2743421228167 1498.0824151390304
6.499999999999993 0.4800000000000006 1794.4851698686055 1940.502095219672
6.499999999999993 0.4900000000000006 2372.778428830012 2512.0125788714595
6.499999999999993 0.5000000000000006 3137.729539939538 3249.6573796671764
6.5999999999999925 -0.5 13183.634360516278 -37131.489724618215
6.5999999999999925 -0.49 10040.355768765963 -28781.909902311312
6.5999999999999925 -0.48 7643.505324947051 -22310.702314441027
6.5999999999999925 -0.47 5816.476315076537 -17295.11874301342
6.5999999999999925 -0.45999999999999996 4424.308104247238 -13407.592550460866
6.5999999999999925 -0.44999999999999996 3363.8956671401425 -10394.30076105398
6.5999999999999925 -0.43999999999999995 2556.4941812941447 -8058.55626526596
6.5999999999999925 -0.42999999999999994 1941.9821045525578 -6247.941551350269
6.5999999999999925 -0.41999999999999993 1474.4712976838905 -4844.340779741081
6.5999999999999925 -0.4099999999999999 1118.9487760136933 -3756.2170886486047
6.5999999999999925 -0.3999999999999999 848.7083396389183 -2912.6292343560667
6.5999999999999925 -0.3899999999999999 643.3868343779499 -2258.595693029997
6.5999999999999925 -0.3799999999999999 487.4631247125142 -1751.502667606594
6.5999999999999925 -0.3699999999999999 369.11107987380745 -1358.3208504506078
6.5999999999999925 -0.3599999999999999 279.3233379632045 -1053.4487794868687
6.5999999999999925 -0.34999999999999987 211.24212718863168 -817.0416691415244
6.5999999999999925 -0.33999999999999986 159.64837459474728 -633.7163905815864
6.5999999999999925 -0.32999999999999985 120.57178536872031 -491.5479038041443
6.5999999999999925 -0.31999999999999984 90.99334649408449 -381.29152235853076
6.5999999999999925 -0.30999999999999983 68.61842366272211 -295.78017088186914
6.5999999999999925 -0.2999999999999998 51.703760411868785 -229.4572451245453
6.5999999999999925 -0.2899999999999998 38.92562189313286 -178.01455422380653
6.5999999999999925 -0.2799999999999998 29.279334965391026 -138.11169694362266
6.5999999999999925 -0.2699999999999998 22.002777956974768 -107.15854769315838
6.5999999999999925 -0.2599999999999998 16.51813338385156 -83.14665313135272
6.5999999999999925 -0.24999999999999978 12.387562263449054 -64.51853621541625
6.5999999999999925 -0.23999999999999977 9.279486796867245 -50.06638093071069
6.5999999999999925 -0.22999999999999976 6.942953675347503 -38.85348975769864
6.5999999999999925 -0.21999999999999975 5.1881501846150995 -30.153392772846846
6.5999999999999925 -0.20999999999999974 3.8716033334540985 -23.402639429535704
6.5999999999999925 -0.19999999999999973 2.8849418542319234 -18.164196893604043
6.5999999999999925 -0.18999999999999972 2.146367696400923 -14.099070704276647
6.5999999999999925 -0.17999999999999972 1.594187121698616 -10.944299735175038
6.5999999999999925 -0.1699999999999997 1.1819066718360502 -8.495892989410496
6.5999999999999925 -0.1599999999999997 0.8745175503033934 -6.595597834897068
6.5999999999999925 -0.1499999999999997 0.6456820777944391 -5.12063891092749
6.5999999999999925 -0.13999999999999968 0.4756045209631436 -3.9757604190874303
6.5999999999999925 -0.12999999999999967 0.3494208552816762 -3.087054483274411
6.5999999999999925 -0.11999999999999968 0.255981796836019 -2.3971745148057124
6.5999999999999925 -0.10999999999999968 0.1869336960259648 -1.861622634943276
6.5999999999999925 -0.09999999999999969 0.1360248949301208 -1.445870067785922
6.5999999999999925 -0.08999999999999969 0.098582638500075 -1.123123577317496
6.5999999999999925 -0.0799999999999997 0.0711189159713227 -0.8725930145093247
6.5999999999999925 -0.0699999999999997 0.0510336976148185 -0.6781476007669229
6.5999999999999925 -0.0599999999999997 0.0363916886810862 -0.527273824081846
6.5999999999999925 -0.0499999999999997 0.0257545300603442 -0.4102674087915638
6.5999999999999925 -0.039999999999999696 0.0180547775443212 -0.3196070140907135
6.5999999999999925 -0.029999999999999694 0.0125013262477282 -0.2494691095515858
6.5999999999999925 -0.01999999999999969 0.0085084704379622 -0.1953526354024787
6.5999999999999925 -0.009999999999999691 0.0056426967547178 -0.153789177218418
6.5999999999999925 3.0878077872387166e-16 0.0035827486005134 -0.1221199323783809
6.5999999999999925 0.010000000000000309 0.002089583488843 -0.0983250801408403
6.5999999999999925 0.02000000000000031 0.0009836581233162 -0.0808945706341841
6.5999999999999925 0.03000000000000031 0.0001275817357456 -0.0687320421887546
6.5999999999999925 0.04000000000000031 -0.0005873755850971 -0.0610857370432579
6.5999999999999925 0.050000000000000315 -0.0012521110245132 -0.0575020539045049
6.5999999999999925 0.06000000000000032 -0.0019488223124517 -0.057798868319218
6.5999999999999925 0.07000000000000031 -0.0027592736818606 -0.0620570670191125
6.5999999999999925 0.08000000000000031 -0.0037729517900234 -0.0706299680377797
6.5999999999999925 0.0900000000000003 -0.0050958645521948 -0.0841715170630557
6.5999999999999925 0.1000000000000003 -0.0068607981181051 -0.1036854452182853
6.5999999999999925 0.11000000000000029 -0.0092399825197446 -0.1305990333795174
6.5999999999999925 0.12000000000000029 -0.0124613376459844 -0.1668668545419883
6.5999999999999925 0.13000000000000028 -0.0168297985931318 -0.2151119791224368
6.5999999999999925 0.1400000000000003 -0.0227556830371457 -0.278814776393848
6.5999999999999925 0.1500000000000003 -0.0307927052417956 -0.3625628142058583
6.5999999999999925 0.1600000000000003 -0.0416891198538877 -0.4723796850522507
6.5999999999999925 0.17000000000000032 -0.0564566732157726 -0.6161561726561827
6.5999999999999925 0.18000000000000033 -0.076463658403922 -0.8042144106710194
6.5999999999999925 0.19000000000000034 -0.1035605584866987 -1.0500450797715282
6.5999999999999925 0.20000000000000034 -0.1402497175428516 -1.371269896807292
6.5999999999999925 0.21000000000000035 -0.189914466355354 -1.7908975197040493
6.5999999999999925 0.22000000000000036 -0.2571285071596107 -2.3389616267064435
6.5999999999999925 0.23000000000000037 -0.3480736110570195 -3.0546567579088646
6.5999999999999925 0.24000000000000038 -0.4711034509384961 -3.98912238442652
6.5999999999999925 0.2500000000000004 -0.6375045540111974 -5.209070998485188
6.5999999999999925 0.2600000000000004 -0.8625230837965386 -6.801514908663202
6.5999999999999925 0.2700000000000004 -1.1667500279161223 -8.879922908575692
6.5999999999999925 0.2800000000000004 -1.5779894926772449 -11.59223727952313
6.5999999999999925 0.2900000000000004 -2.1337780326936464 -15.13131043199054
6.5999999999999925 0.30000000000000043 -2.8847810916306926 -19.748487601847295
6.5999999999999925 0.31000000000000044 -3.899370822449624 -25.771278647207605
6.5999999999999925 0.32000000000000045 -5.269794664005401 -33.62634265740766
6.5999999999999925 0.33000000000000046 -7.120485287728201 -43.86937249713346
6.5999999999999925 0.34000000000000047 -9.619252235608016 -57.22393665817728
6.5999999999999925 0.3500000000000005 -12.992350274912486 -74.63194386668742
6.5999999999999925 0.3600000000000005 -17.544761311111923 -97.31918160528748
6.5999999999999925 0.3700000000000005 -23.68748520067713 -126.88039414019532
6.5999999999999925 0.3800000000000005 -31.974249506962337 -165.38967424345833
6.5999999999999925 0.3900000000000005 -43.15087190861458 -215.54362931198204
6.5999999999999925 0.4000000000000005 -58.22161199096945 -280.84695397288976
6.5999999999999925 0.41000000000000053 -78.53832534428952 -365.8528339084243
6.5999999999999925 0.42000000000000054 -105.92020717858848 -476.4741930950386
6.5999999999999925 0.43000000000000055 -142.8145511898433 -620.3863993069208
6.5999999999999925 0.44000000000000056 -192.51247290170065 -807.5479397769694
6.5999999999999925 0.45000000000000057 -259.4382479983037 -1050.8731230910744
6.5999999999999925 0.4600000000000006 -349.5371832412269 -1367.1004991369841
6.5999999999999925 0.4700000000000006 -470.795283624707 -1777.912974353601
6.5999999999999925 0.4800000000000006 -633.9350821830157 -2311.381232998269
6.5999999999999925 0.4900000000000006 -853.3467515204934 -3003.8219270132995
6.5999999999999925 0.5000000000000006 -1148.3331934747096 -3902.1872471040165
6.699999999999992 -0.5 8490.9343277055 36211.58363825663
6.699999999999992 -0.49 6734.98262832672 27954.835336711127
6.699999999999992 -0.48 5340.6001755797315 21580.850335987125
6.699999999999992 -0.47 4233.689475246807 16660.3051490067
6.699999999999992 -0.45999999999999996 3355.2582075622945 12861.769941035907
6.699999999999992 -0.44999999999999996 2658.3580230364337 9929.388972241617
6.699999999999992 -0.43999999999999995 2105.639624660485 7665.649183710726
6.699999999999992 -0.42999999999999994 1667.400994902958 5918.077192331458
6.699999999999992 -0.41999999999999993 1320.0300192649993 4568.969241688378
6.699999999999992 -0.4099999999999999 1044.7623678996545 3527.462727787179
6.699999999999992 -0.3999999999999999 826.6912496666217 2723.415493435729
6.699999999999992 -0.3899999999999999 653.9782991247893 2102.6807547313265
6.699999999999992 -0.3799999999999999 517.2250024556746 1623.459466681811
6.699999999999992 -0.3699999999999999 408.9722024352696 1253.4844691849892
6.699999999999992 -0.3599999999999999 323.30174023611346 967.8467572946486
6.699999999999992 -0.34999999999999987 255.51951114110622 747.3174578746
6.699999999999992 -0.33999999999999986 201.90338851485248 577.052477066633
6.699999999999992 -0.32999999999999985 159.50281180148522 445.59255560113115
6.699999999999992 -0.31999999999999984 125.97950573036721 344.09136620406366
6.699999999999992 -0.30999999999999983 99.48093258371038 265.7196483496405
6.699999999999992 -0.2999999999999998 78.53978428786532 205.2052343784851
6.699999999999992 -0.2899999999999998 61.99418212024263 158.47797589942513
6.699999999999992 -0.2799999999999998 48.9243378145451 122.39564682414789
6.699999999999992 -0.2699999999999998 38.6022959977973 94.53235525162346
6.699999999999992 -0.2599999999999998 30.452068395830757 73.01520816085711
6.699999999999992 -0.24999999999999978 24.018020488154832 56.39822414646796
6.699999999999992 -0.23999999999999977 18.939809585910968 43.56499925526311
6.699999999999992 -0.22999999999999976 14.932522283375942 33.65356841767031
6.699999999999992 -0.21999999999999975 11.770936989392471 25.99840054877448
6.699999999999992 -0.20999999999999974 9.277058226400579 20.085619876807698
6.699999999999992 -0.19999999999999973 7.310245136074038 15.51843723708817
6.699999999999992 -0.18999999999999972 5.759396354398293 11.99046299144098
6.699999999999992 -0.17999999999999972 4.536764464808177 9.265104256337484
6.699999999999992 -0.1699999999999997 3.5730614595632972 7.15965903080737
6.699999999999992 -0.1599999999999997 2.8135867053752306 5.533036231649684
6.699999999999992 -0.1499999999999997 2.215164537342204 4.276274892261385
6.699999999999992 -0.13999999999999968 1.743722756432665 3.3052243230975833
6.699999999999992 -0.12999999999999967 1.3723783367927422 2.5548925723569513
6.699999999999992 -0.11999999999999968 1.079924435454609 1.975082873347982
6.699999999999992 -0.10999999999999968 0.8496348300845179 1.5270244910966664
6.699999999999992 -0.09999999999999969 0.6683193761539488 1.1807713295501143
6.699999999999992 -0.08999999999999969 0.5255779158608249 0.9131933434706988
6.699999999999992 -0.0799999999999997 0.413211036166455 0.7064256984346021
6.699999999999992 -0.0699999999999997 0.3247547570849414 0.546671426472894
6.699999999999992 -0.0599999999999997 0.2551131060455795 0.4232771093223594
6.699999999999992 -0.0499999999999997 0.2002679743337292 0.3280194882762038
6.699999999999992 -0.039999999999999696 0.157049954473061 0.2545550865344054
6.699999999999992 -0.029999999999999694 0.1229572584204897 0.1979958923907946
6.699999999999992 -0.01999999999999969 0.0960125021628085 0.1545826279257317
6.699999999999992 -0.009999999999999691 0.0746492602829551 0.1214336890287485
6.699999999999992 3.0878077872387166e-16 0.0576219608767144 0.0963529304841384
6.699999999999992 0.010000000000000309 0.0439339986857433 0.0776834272706839
6.699999999999992 0.02000000000000031 0.0327799645695803 0.0641974368281626
6.699999999999992 0.03000000000000031 0.023498678715121 0.0550152254348987
6.699999999999992 0.04000000000000031 0.0155343167246948 0.0495473696184421
6.699999999999992 0.050000000000000315 0.0084033649324607 0.0474567324199392
6.699999999999992 0.06000000000000032 0.0016654583013744 0.0486376521222518
6.699999999999992 0.07000000000000031 -0.0051036419850866 0.0532110588739638
6.699999999999992 0.08000000000000031 -0.0123385731025156 0.06153533320682
6.699999999999992 0.0900000000000003 -0.0205120363512943 0.0742338155714653
6.699999999999992 0.1000000000000003 -0.0301653395821554 0.0922410438546121
6.699999999999992 0.11000000000000029 -0.0419437544884657 0.1168711181482982
6.699999999999992 0.12000000000000029 -0.056638949194446 0.149913161890187
6.699999999999992 0.13000000000000028 -0.0752412185212435 0.1937607767739972
6.699999999999992 0.1400000000000003 -0.0990048644106038 0.2515848120333712
6.699999999999992 0.1500000000000003 -0.1295309154100755 0.3275618585010339
6.699999999999992 0.1600000000000003 -0.1688724669077774 0.427174853132255
6.699999999999992 0.17000000000000032 -0.2196693375358128 0.5576073219252029
6.699999999999992 0.18000000000000033 -0.2853205543808304 0.7282594621139055
6.699999999999992 0.19000000000000034 -0.3702055051201749 0.9514229395920906
6.699999999999992 0.20000000000000034 -0.4799675612161152 1.2431625667623927
6.699999999999992 0.21000000000000035 -0.6218777491393382 1.6244677245780088
6.699999999999992 0.22000000000000036 -0.80530083449014 2.1227555339810844
6.699999999999992 0.23000000000000037 -1.042292246584413 2.7738327096912845
6.699999999999992 0.24000000000000038 -1.3483619314108257 3.6244554894669823
6.699999999999992 0.2500000000000004 -1.7434508783517513 4.735669293462136
6.699999999999992 0.2600000000000004 -2.2531782130199685 6.187164778614273
6.699999999999992 0.2700000000000004 -2.9104319886482433 8.082958539541567
6.699999999999992 0.2800000000000004 -3.757395877803248 10.558799838568657
6.699999999999992 0.2900000000000004 -4.848127756676719 13.791825869477572
6.699999999999992 0.30000000000000043 -6.251835758802323 18.013145532444106
6.699999999999992 0.31000000000000044 -8.057034033202385 23.524236357910613
6.699999999999992 0.32000000000000045 -10.37680568373549 30.718305103506296
6.699999999999992 0.33000000000000046 -13.355455952366544 40.10810783804346
6.699999999999992 0.34000000000000047 -17.176906658456126 52.36217354094109
6.699999999999992 0.3500000000000005 -22.075265490898044 68.35195680088691
6.699999999999992 0.3600000000000005 -28.348103455424823 89.21319940078122
6.699999999999992 0.3700000000000005 -36.37309322477236 116.42575818503992
6.699999999999992 0.3800000000000005 -46.62880292601063 151.9174231165142
6.699999999999992 0.3900000000000005 -59.72060636117737 198.19888928826032
6.699999999999992 0.4000000000000005 -76.41286346456924 258.53916864262567
6.699999999999992 0.41000000000000053 -97.66874435442179 337.1934712748049
6.699999999999992 0.42000000000000054 -124.69931488192225 439.6991324855695
6.699999999999992 0.43000000000000055 -159.02376589432663 573.259741441942
6.699999999999992 0.44000000000000056 -202.5429419858169 747.2435371429408
6.699999999999992 0.45000000000000057 -257.62858985942574 973.8297576930089
6.699999999999992 0.4600000000000006 -327.23097158895035 1268.84644658862
6.699999999999992 0.4700000000000006 -415.00762759147955 1652.8558574606375
6.699999999999992 0.4800000000000006 -525.4760583111705 2152.559851628141
6.699999999999992 0.4900000000000006 -664.1928205648305 2802.6185650718107
6.699999999999992 0.5000000000000006 -837.9608580871967 3648.0024247336924
6.799999999999992 -0.5 -24878.02989588587 -24468.776492097586
6.799999999999992 -0.49 -19342.63444911308 -18768.325382932177
6.799999999999992 -0.48 -15040.261924682865 -14393.920086861277
6.799999999999992 -0.47 -11695.941924838757 -11037.542004624713
6.799999999999992 -0.45999999999999996 -9096.093488922148 -8462.61901756485
6.799999999999992 -0.44999999999999996 -7074.803863663438 -6487.475945340879
6.799999999999992 -0.43999999999999995 -5503.177574613056 -4972.613316040318
6.799999999999992 -0.42999999999999994 -4281.068014016125 -3810.9300275527
6.799999999999992 -0.41999999999999993 -3330.6580018538475 -2920.2095374786095
6.799999999999992 -0.4099999999999999 -2591.475390902904 -2237.3462547005615
6.799999999999992 -0.3999999999999999 -2016.522555493552 -1713.9096414930073
6.799999999999992 -0.3899999999999999 -1569.2705588751369 -1312.7365054361474
6.799999999999992 -0.3799999999999999 -1221.324610079817 -1005.3134832053573
6.799999999999992 -0.3699999999999999 -950.610722001255 -769.7667351717306
6.799999999999992 -0.3599999999999999 -739.9670772003738 -589.3181851377916
6.799999999999992 -0.34999999999999987 -576.0496747373808 -451.10018200806644
6.799999999999992 -0.33999999999999986 -448.48205885220415 -345.2454840075207
6.799999999999992 -0.32999999999999985 -349.19462808281315 -264.1887060766406
6.799999999999992 -0.31999999999999984 -271.9112069321973 -202.1301624062161
6.799999999999992 -0.30999999999999983 -211.75001907695776 -154.62440598685959
6.799999999999992 -0.2999999999999998 -164.9135422557319 -118.26450593886464
6.799999999999992 -0.2899999999999998 -128.44742424363181 -90.43981925972213
6.799999999999992 -0.2799999999999998 -100.05306434879793 -69.150174187032
6.799999999999992 -0.2699999999999998 -77.94190086380233 -52.8633473238069
6.799999999999992 -0.2599999999999998 -60.72211317865741 -40.40576264165626
6.799999999999992 -0.24999999999999978 -47.31051954555436 -30.878680170549153
6.799999999999992 -0.23999999999999977 -36.86406104892479 -23.593939143532005
6.799999999999992 -0.22999999999999976 -28.72651261722276 -18.024700311040228
6.799999999999992 -0.21999999999999975 -22.38703320315384 -13.767691713393349
6.799999999999992 -0.20999999999999974 -17.447921883995782 -10.514275674276513
6.799999999999992 -0.19999999999999973 -13.59953297872063 -8.028279231305335
6.799999999999992 -0.18999999999999972 -10.600758913784611 -6.1290095105544475
6.799999999999992 -0.17999999999999972 -8.263843665493528 -4.678243376297067
6.799999999999992 -0.1699999999999997 -6.44256481814921 -3.5702629304548164
6.799999999999992 -0.1599999999999997 -5.023036197126939 -2.7242249814448813
6.799999999999992 -0.1499999999999997 -3.9165493304941976 -2.0783187188007224
6.799999999999992 -0.13999999999999968 -3.0540012761809137 -1.5852932447056367
6.799999999999992 -0.12999999999999967 -2.3815568708401007 -1.2090343294638555
6.799999999999992 -0.11999999999999968 -1.8572716180450457 -0.9219446872160078
6.799999999999992 -0.10999999999999968 -1.4484622153895002 -0.7029395166386916
6.799999999999992 -0.09999999999999969 -1.1296589907957117 -0.5359130912883632
6.799999999999992 -0.08999999999999969 -0.8810112839768979 -0.4085659408816215
6.799999999999992 -0.0799999999999997 -0.6870454059694316 -0.3115080362273462
6.799999999999992 -0.0699999999999997 -0.5356970538017858 -0.2375732166893043
6.799999999999992 -0.0599999999999997 -0.4175573601840894 -0.1812952915352194
6.799999999999992 -0.0499999999999997 -0.325285216650361 -0.1385078882117306
6.799999999999992 -0.039999999999999696 -0.2531489755381156 -0.1060390422121954
6.799999999999992 -0.029999999999999694 -0.1966687741857958 -0.0814783621521283
6.799999999999992 -0.01999999999999969 -0.1523370485224715 -0.0629998490803748
6.799999999999992 -0.009999999999999691 -0.1173997124696236 -0.0492274765578493
6.799999999999992 3.0878077872387166e-16 -0.0896842842371906 -0.0391337363789365
6.799999999999992 0.010000000000000309 -0.0674641805934406 -0.0319637463939632
6.799999999999992 0.02000000000000031 -0.0493506606750267 -0.0271793736022237
6.799999999999992 0.03000000000000031 -0.0342056239382323 -0.0244192811194667
6.799999999999992 0.04000000000000031 -0.0210697604251727 -0.0234719666416557
6.799999999999992 0.050000000000000315 -0.0091014963376895 -0.0242598062129185
6.799999999999992 0.06000000000000032 0.002477167515293 -0.0268329187679042
6.799999999999992 0.07000000000000031 0.014431422547512 -0.0313723819596574
6.799999999999992 0.08000000000000031 0.0275643447891711 -0.0382030098588315
6.799999999999992 0.0900000000000003 0.0427708724777687 -0.0478165973213106
6.799999999999992 0.1000000000000003 0.061098689998392 -0.0609072942390088
6.799999999999992 0.11000000000000029 0.0838201425970312 -0.0784216501335893
6.799999999999992 0.12000000000000029 0.1125200868935953 -0.1016269286990356
6.799999999999992 0.13000000000000028 0.1492056941749822 -0.1322026089746566
6.799999999999992 0.1400000000000003 0.1964457428509733 -0.1723616592316404
6.799999999999992 0.1500000000000003 0.2575489665692575 -0.2250103108569001
6.799999999999992 0.1600000000000003 0.336793702596292 -0.2939578255458704
6.799999999999992 0.17000000000000032 0.4397245915611996 -0.3841913373855815
6.799999999999992 0.18000000000000033 0.5735366498850368 -0.502235517682583
6.799999999999992 0.19000000000000034 0.7475729759261561 -0.6566228868097954
6.799999999999992 0.20000000000000034 0.9739700561866304 -0.8585085158270458
6.799999999999992 0.21000000000000035 1.2684946210875927 -1.1224731832085624
6.799999999999992 0.22000000000000036 1.6516289224086702 -1.4675725102424682
6.799999999999992 0.23000000000000037 2.1499780200884926 -1.9187071448280877
6.799999999999992 0.24000000000000038 2.7980942751504756 -2.508411936905262
6.799999999999992 0.2500000000000004 3.6408421658526056 -3.2791918625468
6.799999999999992 0.2600000000000004 4.736462601141895 -4.286571306183582
6.799999999999992 0.2700000000000004 6.160542448064339 -5.603073930719784
6.799999999999992 0.2800000000000004 8.011155038606704 -7.323416301964864
6.799999999999992 0.2900000000000004 10.415514858954214 -9.571284298857671
6.799999999999992 0.30000000000000043 13.538589437381685 -12.508173126814444
6.799999999999992 0.31000000000000044 17.594240038092618 -16.34491724031859
6.799999999999992 0.32000000000000045 22.859628351499744 -21.356725775800772
6.799999999999992 0.33000000000000046 29.693839478667726 -27.90278530623969
6.799999999999992 0.34000000000000047 38.56194563634298 -36.45181185863103
6.799999999999992 0.3500000000000005 50.0660874433005 -47.6153502267066
6.799999999999992 0.3600000000000005 64.98560251313192 -62.19115922655568
6.799999999999992 0.3700000000000005 84.32881266909735 -81.21972366865144
6.799999999999992 0.3800000000000005 109.39982758993773 -106.05784533259323
6.799999999999992 0.3900000000000005 141.88468030364297 -138.4744480577793
6.799999999999992 0.4000000000000005 183.96233767908285 -180.77526626744626
6.799999999999992 0.41000000000000053 238.44770221724298 -235.96507526428348
6.799999999999992 0.42000000000000054 308.97573604671044 -307.958699030981
6.799999999999992 0.43000000000000055 400.2384164846381 -401.8553693704369
6.799999999999992 0.44000000000000056 518.2895307823825 -524.2953312381691
6.799999999999992 0.45000000000000057 670.9365343182989 -683.9231793747227
6.799999999999992 0.4600000000000006 868.2440842998401 -891.9896395206036
6.799999999999992 0.4700000000000006 1123.180741621599 -1163.1328479385172
6.799999999999992 0.4800000000000006 1452.4491160078476 -1516.392245612206
6.799999999999992 0.4900000000000006 1877.5509341955744 -1976.5237719008912
6.799999999999992 0.5000000000000006 2426.1527991770777 -2575.705122658842
6.8999999999999915 -0.5 31688.941072591017 7257.198562786865
6.8999999999999915 -0.49 24484.214095052186 5413.5444502942255
6.8999999999999915 -0.48 18918.561776531536 4030.676197934904
6.8999999999999915 -0.47 14618.889578490196 2994.9157110766505
6.8999999999999915 -0.45999999999999996 11297.06933191974 2220.3336375384724
6.8999999999999915 -0.44999999999999996 8730.581533623303 1642.0357340842381
6.8999999999999915 -0.43999999999999995 6747.569396781293 1211.061339662546
6.8999999999999915 -0.42999999999999994 5215.2988988565885 890.5093674883732
6.8999999999999915 -0.41999999999999993 4031.248406743315 652.5984527179328
6.8999999999999915 -0.4099999999999999 3116.2284926221396 476.43758828159275
6.8999999999999915 -0.3999999999999999 2409.069213951928 346.3368058616769
6.8999999999999915 -0.3899999999999999 1862.5176261812826 250.52808664319878
6.8999999999999915 -0.3799999999999999 1440.0697352520867 180.1976841935025
6.8999999999999915 -0.3699999999999999 1113.5239653603887 128.75468079525632
6.8999999999999915 -0.3599999999999999 861.0917511184724 91.27861677932471
6.8999999999999915 -0.34999999999999987 665.9383312160483 64.10275918043844
6.8999999999999915 -0.33999999999999986 515.0557465388436 44.50002786883325
6.8999999999999915 -0.32999999999999985 398.3923773099925 30.446551066329313
6.8999999999999915 -0.31999999999999984 308.18059487873956 20.443871360497333
6.8999999999999915 -0.30999999999999983 238.4174149688224 13.385421241262677
6.8999999999999915 -0.2999999999999998 184.46331654890253 8.456379754572362
6.8999999999999915 -0.2899999999999998 142.73232564978602 5.058673065486349
6.8999999999999915 -0.2799999999999998 110.45259037844687 2.7548928289064087
6.8999999999999915 -0.2699999999999998 85.48140425884401 1.2264307109978219
6.8999999999999915 -0.2599999999999998 66.16228806546235 0.2422820618868478
6.8999999999999915 -0.24999999999999978 51.21456116623776 -0.3641543925960963
6.8999999999999915 -0.23999999999999977 39.648011705579485 -0.7122931777860751
6.8999999999999915 -0.22999999999999976 30.69695715233086 -0.8871081268984093
6.8999999999999915 -0.21999999999999975 23.76928585179131 -0.9485441745548854
6.8999999999999915 -0.20999999999999974 18.407073531588473 -0.9384470782699607
6.8999999999999915 -0.19999999999999973 14.256143602444498 -0.8856492599744209
6.8999999999999915 -0.18999999999999972 11.0425385936906 -0.8096889576672157
6.8999999999999915 -0.17999999999999972 8.55433234420438 -0.7235188940309147
6.8999999999999915 -0.1699999999999997 6.627569650353819 -0.6354698754964414
6.8999999999999915 -0.1599999999999997 5.135395906456514 -0.5506666933390921
6.8999999999999915 -0.1499999999999997 3.979652356941944 -0.4720427826077301
6.8999999999999915 -0.13999999999999968 3.084377195723231 -0.4010620562528776
6.8999999999999915 -0.12999999999999967 2.3907799279803426 -0.3382279632091769
6.8999999999999915 -0.11999999999999968 1.853354671316538 -0.283438702285915
6.8999999999999915 -0.10999999999999968 1.4368739960558106 -0.2362318371990843
6.8999999999999915 -0.09999999999999969 1.1140635697075574 -0.1959499316559125
6.8999999999999915 -0.08999999999999969 0.8638032028344426 -0.1618502274034347
6.8999999999999915 -0.0799999999999997 0.6697349241320483 -0.1331750499019028
6.8999999999999915 -0.0699999999999997 0.5191857827322103 -0.1091949666310852
6.8999999999999915 -0.0599999999999997 0.4023339941042299 -0.0892333086307784
6.8999999999999915 -0.0499999999999997 0.3115632091552934 -0.0726781728510577
6.8999999999999915 -0.039999999999999696 0.2409621729649856 -0.0589862096565776
6.8999999999999915 -0.029999999999999694 0.1859366828691427 -0.0476811863842348
6.8999999999999915 -0.01999999999999969 0.142908198202629 -0.0383493703600326
6.8999999999999915 -0.009999999999999691 0.1090791916965936 -0.0306330937478263
6.8999999999999915 3.0878077872387166e-16 0.0822497472862102 -0.0242233742093386
6.8999999999999915 0.010000000000000309 0.0606732945350932 -0.0188521147202405
6.8999999999999915 0.02000000000000031 0.0429419509695311 -0.0142841521416624
6.8999999999999915 0.03000000000000031 0.0278938915840806 -0.0103092366077478
6.8999999999999915 0.04000000000000031 0.0145366086166241 -0.0067338791171905
6.8999999999999915 0.050000000000000315 0.0019809597020575 -0.0033728846815427
6.8999999999999915 0.06000000000000032 -0.0106184033390991 -4.02781410427e-5
6.8999999999999915 0.07000000000000031 -0.0241202344264626 0.0034607835562388
6.8999999999999915 0.08000000000000031 -0.0394554033443017 0.0073496472916972
6.8999999999999915 0.0900000000000003 -0.0576911332508932 0.0118820386336383
6.8999999999999915 0.1000000000000003 -0.080105192935456 0.0173670636475474
6.8999999999999915 0.11000000000000029 -0.1082751854243931 0.0241884805730144
6.8999999999999915 0.12000000000000029 -0.1441891431858704 0.0328317167355449
6.8999999999999915 0.13000000000000028 -0.1903851378202055 0.0439185414053923
6.8999999999999915 0.1400000000000003 -0.2501296426964206 0.0582518760561059
6.8999999999999915 0.1500000000000003 -0.3276470909070844 0.0768739716927025
6.8999999999999915 0.1600000000000003 -0.4284166346045281 0.1011421633360718
6.8999999999999915 0.17000000000000032 -0.5595567803875526 0.1328276956751163
6.8999999999999915 0.18000000000000033 -0.7303246693899584 0.1742447943640211
6.8999999999999915 0.19000000000000034 -0.9527647075192194 0.2284193558485432
6.8999999999999915 0.20000000000000034 -1.2425515735168917 0.2993095034040424
6.8999999999999915 0.21000000000000035 -1.6200860444174423 0.3920940149968042
6.8999999999999915 0.22000000000000036 -2.111919492832744 0.513549539385406
6.8999999999999915 0.23000000000000037 -2.752605511635297 0.6725439323098611
6.8999999999999915 0.24000000000000038 -3.587106441700868 0.8806814233568471
6.8999999999999915 0.2500000000000004 -4.673920601293854 1.1531462638515044
6.8999999999999915 0.2600000000000004 -6.089145308776741 1.509805785762369
6.8999999999999915 0.2700000000000004 -7.931754674234197 1.9766524353379011
6.8999999999999915 0.2800000000000004 -10.330453904249504 2.5876886534137755
6.8999999999999915 0.2900000000000004 -13.45257906757347 3.387390175218148
6.8999999999999915 0.30000000000000043 -17.515650079266276 4.433924650799328
6.8999999999999915 0.31000000000000044 -22.80236434024168 5.803356348265096
6.8999999999999915 0.32000000000000045 -29.680050978599624 7.595137871210771
6.8999999999999915 0.33000000000000046 -38.62590641680757 9.939281202114694
6.8999999999999915 0.34000000000000047 -50.25972095374651 13.00571933998695
6.8999999999999915 0.3500000000000005 -65.38630889464663 17.016524590125954
6.8999999999999915 0.3600000000000005 -85.05050460952883 22.261850892763945
6.8999999999999915 0.3700000000000005 -110.6084264434148 29.12072931828339
6.8999999999999915 0.3800000000000005 -143.8197946420956 38.08818597479663
6.8999999999999915 0.3900000000000005 -186.96748922857216 49.8105933176693
6.8999999999999915 0.4000000000000005 -243.01234025883494 65.13173928688775
6.8999999999999915 0.41000000000000053 -315.79347344972024 85.15284268205323
6.8999999999999915 0.42000000000000054 -410.28753976495653 111.31070789515412
6.8999999999999915 0.43000000000000055 -532.9440322823913 145.47946230815265
6.8999999999999915 0.44000000000000056 -692.1188870647611 190.10293882071466
6.8999999999999915 0.45000000000000057 -898.6349974319321 248.36686167403678
6.8999999999999915 0.4600000000000006 -1166.506554793438 324.4227044747931
6.8999999999999915 0.4700000000000006 -1513.8747928045939 423.67859324315657
6.8999999999999915 0.4800000000000006 -1964.2164337172776 553.1771533763422
6.8999999999999915 0.4900000000000006 -2547.9037871591554 722.0860416906921
6.8999999999999915 0.5000000000000006 -3304.2181490054363 942.3344404584516
6.999999999999991 -0.5 -28624.705547069818 9196.366791087938
6.999999999999991 -0.49 -21978.268058751208 7262.216858664668
6.999999999999991 -0.48 -16873.74768755291 5735.042578521608
6.999999999999991 -0.47 -12953.74707931378 4529.13552685395
6.999999999999991 -0.45999999999999996 -9943.63564120628 3576.861501627114
6.999999999999991 -0.44999999999999996 -7632.399368149533 2824.841828046822
6.999999999999991 -0.43999999999999995 -5857.917579056831 2230.943503496704
6.999999999999991 -0.42999999999999994 -4495.644118075823 1761.9063087663355
6.999999999999991 -0.41999999999999993 -3449.9065102991426 1391.4716804499308
6.999999999999991 -0.4099999999999999 -2647.21810109537 1098.9069467371678
6.999999999999991 -0.3999999999999999 -2031.1378830096216 867.8411703051728
6.999999999999991 -0.3899999999999999 -1558.320169724659 685.3466443896732
6.999999999999991 -0.3799999999999999 -1195.4789386018858 541.2140910763557
6.999999999999991 -0.3699999999999999 -917.0552472809837 427.38062925630095
6.999999999999991 -0.3599999999999999 -703.425034959774 337.4782526691136
6.999999999999991 -0.34999999999999987 -539.5222309760336 266.4773874703377
6.999999999999991 -0.33999999999999986 -413.781017669694 210.40547752361567
6.999999999999991 -0.32999999999999985 -317.32333604236965 166.1247833388009
6.999999999999991 -0.31999999999999984 -243.33482414465783 131.1569202193587
6.999999999999991 -0.30999999999999983 -186.58552622331186 103.5442937443245
6.999999999999991 -0.2999999999999998 -143.0618185109852 81.7406663834971
6.999999999999991 -0.2899999999999998 -109.68376752058813 64.52472600610179
6.999999999999991 -0.2799999999999998 -84.08810904228706 50.93181827286592
6.999999999999991 -0.2699999999999998 -64.46162627099952 40.20002361989127
6.999999999999991 -0.2599999999999998 -49.413233161409046 31.727563400767707
6.999999999999991 -0.24999999999999978 -37.875779962719946 25.03915417146546
6.999999999999991 -0.23999999999999977 -29.03068088326298 19.7594298678868
6.999999999999991 -0.22999999999999976 -22.25006426116761 15.59194695032993
6.999999999999991 -0.21999999999999975 -17.05237516881319 12.302599710717544
6.999999999999991 -0.20999999999999974 -13.068304921625524 9.706519395884742
6.999999999999991 -0.19999999999999973 -10.014647501917343 7.657725427546991
6.999999999999991 -0.18999999999999972 -7.674240176635446 6.040950709494378
6.999999999999991 -0.17999999999999972 -5.8805735768105185 4.7651844168171
6.999999999999991 -0.1699999999999997 -4.505985179002655 3.758571556748232
6.999999999999991 -0.1599999999999997 -3.4526025115671994 2.9643843402352377
6.999999999999991 -0.1499999999999997 -2.6453961927874783 2.3378402427045315
6.999999999999991 -0.13999999999999968 -2.0268516868635102 1.8435889051106416
6.999999999999991 -0.12999999999999967 -1.5528828798745697 1.4537273727137827
6.999999999999991 -0.11999999999999968 -1.1896982529051396 1.1462326740862534
6.999999999999991 -0.10999999999999968 -0.9113977250471674 0.9037240534887953
6.999999999999991 -0.09999999999999969 -0.6981298871694649 0.7124855867530743
6.999999999999991 -0.08999999999999969 -0.5346789824526237 0.5616944617326962
6.999999999999991 -0.0799999999999997 -0.4093814022993978 0.4428117009696338
6.999999999999991 -0.0699999999999997 -0.3132947990161868 0.3491011878650102
6.999999999999991 -0.0599999999999997 -0.2395608144525726 0.2752500350784168
6.999999999999991 -0.0499999999999997 -0.1829161490889422 0.2170690055822767
6.999999999999991 -0.039999999999999696 -0.1393172176208383 0.1712561792732388
6.999999999999991 -0.029999999999999694 -0.1056516979999086 0.1352106014909068
6.999999999999991 -0.01999999999999969 -0.0795164508003425 0.1068854520948595
6.999999999999991 -0.009999999999999691 -0.0590460009647456 0.0846724914644554
6.999999999999991 3.0878077872387166e-16 -0.0427793680716025 0.0673112969136058
6.999999999999991 0.010000000000000309 -0.029555758717605 0.0538181979159446
6.999999999999991 0.02000000000000031 -0.0184316886577002 0.043430929420506
6.999999999999991 0.03000000000000031 -0.0086136286369528 0.0355659118471226
6.999999999999991 0.04000000000000031 0.0005986252907659 0.029785784261438
6.999999999999991 0.050000000000000315 0.0098618900577942 0.0257754044775327
6.999999999999991 0.06000000000000032 0.0198363956532224 0.0233250200388717
6.999999999999991 0.07000000000000031 0.0312327719737648 0.022319735597715
6.999999999999991 0.08000000000000031 0.0448625544453415 0.0227347800184378
6.999999999999991 0.0900000000000003 0.0616957824249883 0.0246364333670582
6.999999999999991 0.1000000000000003 0.0829297578012599 0.0281888319252787
6.999999999999991 0.11000000000000029 0.1100738099122991 0.0336672512846188
6.999999999999991 0.12000000000000029 0.1450560306359081 0.0414788983907273
6.999999999999991 0.13000000000000028 0.1903594775171253 0.0521927518708252
6.999999999999991 0.1400000000000003 0.2491973990929583 0.0665806105581796
6.999999999999991 0.1500000000000003 0.3257397571621315 0.0856722853514018
6.999999999999991 0.1600000000000003 0.4254068933169187 0.1108288529049173
6.999999999999991 0.17000000000000032 0.5552508577592832 0.143839149280506
6.999999999999991 0.18000000000000033 0.7244510086115735 0.1870463050907693
6.999999999999991 0.19000000000000034 0.9449584179670124 0.2435132237366572
6.999999999999991 0.20000000000000034 1.2323339304978325 0.3172386272123722
6.999999999999991 0.21000000000000035 1.6068381173764148 0.413438829113147
6.999999999999991 0.22000000000000036 2.094848768080758 0.5389149879054954
6.999999999999991 0.23000000000000037 2.7307041522141517 0.7025315647312046
6.999999999999991 0.24000000000000038 3.5590996007356246 0.9158394742037665
6.999999999999991 0.2500000000000004 4.6382029929340876 1.193887513459817
6.999999999999991 0.2600000000000004 6.043704071488244 1.5562787856293971
6.999999999999991 0.2700000000000004 7.874076481439831 2.028545910715558
6.999999999999991 0.2800000000000004 10.257414359886067 2.643941025079944
6.999999999999991 0.2900000000000004 13.360312779276908 3.445765451220024
6.999999999999991 0.30000000000000043 17.399400593881875 4.490401475612928
6.999999999999991 0.31000000000000044 22.656314596008336 5.851257508090064
6.999999999999991 0.32000000000000045 29.497137424866004 7.623901396618836
6.999999999999991 0.33000000000000046 38.397623976525466 9.932739237040993
6.999999999999991 0.34000000000000047 49.975932269516626 12.93970436799711
6.999999999999991 0.3500000000000005 65.03508081289834 16.855560812646996
6.999999999999991 0.3600000000000005 84.61800903371982 21.954606886015373
6.999999999999991 0.3700000000000005 110.07896349844503 28.593800593225108
6.999999999999991 0.3800000000000005 143.17602627553836 37.237635130414475
6.999999999999991 0.3900000000000005 186.1910147101185 48.490491495307126
6.999999999999991 0.4000000000000005 242.08480672030757 63.138713510713266
6.999999999999991 0.41000000000000053 314.6985017383625 82.20532433066349
6.999999999999991 0.42000000000000054 409.01386814002956 107.02117935638506
6.999999999999991 0.43000000000000055 531.4904509889303 139.3174890418517
6.999999999999991 0.44000000000000056 690.5017732912083 181.34612508527997
6.999999999999991 0.45000000000000057 896.8995864309112 236.0360473745394
6.999999999999991 0.4600000000000006 1164.7435309290768 307.19668985852644
6.999999999999991 0.4700000000000006 1512.2443965474974 399.78239422324185
6.999999999999991 0.4800000000000006 1962.9831136278458 520.23620566276
6.999999999999991 0.4900000000000006 2547.485554381405 676.9368373082815
6.999999999999991 0.5000000000000006 3305.256313972875 880.7797486729745
7.099999999999991 -0.5 18758.446175210414 -20288.61792369984
7.099999999999991 -0.49 14266.091306824816 -15705.15089319433
7.099999999999991 -0.48 10844.354208714936 -12159.217825095766
7.099999999999991 -0.47 8239.188308688495 -9415.513411436488
7.099999999999991 -0.45999999999999996 6256.595911373161 -7292.193074209452
7.099999999999991 -0.44999999999999996 4748.484242309433 -5648.706541347152
7.099999999999991 -0.43999999999999995 3601.8423271763427 -4376.404527279969
7.099999999999991 -0.42999999999999994 2730.4612978432756 -3391.285531016884
7.099999999999991 -0.41999999999999993 2068.6022159323647 -2628.3944414236958
7.099999999999991 -0.4099999999999999 1566.154736207838 -2037.4962086057578
7.099999999999991 -0.3999999999999999 1184.9367163103116 -1579.7338863038808
7.099999999999991 -0.3899999999999999 895.8667597967207 -1225.0467186032295
7.099999999999991 -0.3799999999999999 676.8044499448059 -950.1751402378045
7.099999999999991 -0.3699999999999999 510.9011412256223 -737.1190561118253
7.099999999999991 -0.3599999999999999 385.34103940702965 -571.9462392623062
7.099999999999991 -0.34999999999999987 290.3805416165777 -443.87120117911786
7.099999999999991 -0.33999999999999986 218.61543642950383 -344.5430353960232
7.099999999999991 -0.32999999999999985 164.42212483033316 -267.4947414159957
7.099999999999991 -0.31999999999999984 123.53169997103852 -207.71734755457823
7.099999999999991 -0.30999999999999983 92.70542518313616 -161.33049781331414
7.099999999999991 -0.2999999999999998 69.48757210094858 -125.32761225602465
7.099999999999991 -0.2899999999999998 52.01725783975995 -97.37870668439862
7.099999999999991 -0.2799999999999998 38.88526109812709 -75.67780062286106
7.099999999999991 -0.2699999999999998 29.025115308636014 -58.82481112437261
7.099999999999991 -0.2599999999999998 21.63031270779382 -45.734123093454585
7.099999999999991 -0.24999999999999978 16.091390351503527 -35.56379856820467
7.099999999999991 -0.23999999999999977 11.94814849744877 -27.66075646886667
7.099999999999991 -0.22999999999999976 8.853381201893471 -21.51831237782643
7.099999999999991 -0.21999999999999975 6.545360932118765 -16.743285738870323
7.099999999999991 -0.20999999999999974 4.8269765840866405 -13.030514087954645
7.099999999999991 -0.19999999999999973 3.5499257904637034 -10.143102751741601
7.099999999999991 -0.18999999999999972 2.6027447128239953 -7.897116454672014
7.099999999999991 -0.17999999999999972 1.9017498463113136 -6.149711632069042
7.099999999999991 -0.1699999999999997 1.3841882831347747 -4.78993439632028
7.099999999999991 -0.1599999999999997 1.0030618518153254 -3.731584067678896
7.099999999999991 -0.1499999999999997 0.7232191486761398 -2.907677568035313
7.099999999999991 -0.13999999999999968 0.5184073076650266 -2.2661547548981007
7.099999999999991 -0.12999999999999967 0.3690497414302726 -1.7665458778665795
7.099999999999991 -0.11999999999999968 0.2605726201349066 -1.3773851306652867
7.099999999999991 -0.10999999999999968 0.1821457974514213 -1.0742028928073735
7.099999999999991 -0.09999999999999969 0.1257364948947275 -0.8379669107435597
7.099999999999991 -0.08999999999999969 0.0853987920063274 -0.6538718376484705
7.099999999999991 -0.0799999999999997 0.0567407268174588 -0.5103991511971169
7.099999999999991 -0.0699999999999997 0.0365250240969738 -0.3985869832999104
7.099999999999991 -0.0599999999999997 0.0223702306128062 -0.3114629729568832
7.099999999999991 -0.0499999999999997 0.0125271777558618 -0.2436037818904512
7.099999999999991 -0.039999999999999696 0.0057118437414143 -0.1907930806568037
7.099999999999991 -0.029999999999999694 0.0009803296175889 -0.1497561537159341
7.099999999999991 -0.01999999999999969 -0.0023648409412699 -0.1179541987916514
7.099999999999991 -0.009999999999999691 -0.0048452632619547 -0.0934252295364407
7.099999999999991 3.0878077872387166e-16 -0.0068602380443274 -0.0746614803171546
7.099999999999991 0.010000000000000309 -0.0087281503285972 -0.0605155520748004
7.099999999999991 0.02000000000000031 -0.0107193227562928 -0.0501293805980944
7.099999999999991 0.03000000000000031 -0.0130832613371105 -0.0428815727788699
7.099999999999991 0.04000000000000031 -0.0160726881384707 -0.0383498375972527
7.099999999999991 0.050000000000000315 -0.019966426993319 -0.0362862136140345
7.099999999999991 0.06000000000000032 -0.0250930464764464 -0.0366036273544678
7.099999999999991 0.07000000000000031 -0.0318571528914322 -0.0393730619369353
7.099999999999991 0.08000000000000031 -0.0407703601365652 -0.0448313221004392
7.099999999999991 0.0900000000000003 -0.0524892492521453 -0.0534000978905487
7.099999999999991 0.1000000000000003 -0.0678630854661644 -0.065717803357289
7.099999999999991 0.11000000000000029 -0.0879947140441342 -0.0826865519153378
7.099999999999991 0.12000000000000029 -0.114318951599315 -0.1055376879289554
7.099999999999991 0.13000000000000028 -0.1487039869541473 -0.1359205984727864
7.099999999999991 0.1400000000000003 -0.1935828862144162 -0.1760211715437579
7.099999999999991 0.1500000000000003 -0.2521243677095992 -0.2287183626955353
7.099999999999991 0.1600000000000003 -0.3284547145535374 -0.2977900286303618
7.099999999999991 0.17000000000000032 -0.4279462092806739 -0.3881826735791844
7.099999999999991 0.18000000000000033 -0.5575920448664904 -0.5063642778615819
7.099999999999991 0.19000000000000034 -0.7264935989447 -0.6607852562051856
7.099999999999991 0.20000000000000034 -0.9464936542466182 -0.8624802396731771
7.099999999999991 0.21000000000000035 -1.2329991273977197 -1.125853326801879
7.099999999999991 0.22000000000000036 -1.6060498019306644 -1.4697024056654229
7.099999999999991 0.23000000000000037 -2.0917063182353686 -1.9185550180643536
7.099999999999991 0.24000000000000038 -2.72385237568081 -2.5044102023576795
7.099999999999991 0.2500000000000004 -3.5465342003487343 -3.269009350717901
7.099999999999991 0.2600000000000004 -4.616996698179273 -4.266796350411561
7.099999999999991 0.2700000000000004 -6.0096227645687215 -5.56877574886386
7.099999999999991 0.2800000000000004 -7.82104307555511 -7.26754077212604
7.099999999999991 0.2900000000000004 -10.176762363586995 -9.483825134672784
7.099999999999991 0.30000000000000043 -13.239749865350394 -12.375039423452554
7.099999999999991 0.31000000000000044 -17.22157299787241 -16.14639185293235
7.099999999999991 0.32000000000000045 -22.39682297158343 -21.065374028401166
7.099999999999991 0.33000000000000046 -29.121800053746586 -27.480627570172658
7.099999999999991 0.34000000000000047 -37.858708792892216 -35.84651334164887
7.099999999999991 0.3500000000000005 -49.20697801469525 -46.7551027590961
7.099999999999991 0.3600000000000005 -63.943790333966845 -60.97782772901467
7.099999999999991 0.3700000000000005 -83.07651152114903 -79.51969784655408
7.099999999999991 0.3800000000000005 -107.91049011482976 -103.68986691325752
7.099999999999991 0.3900000000000005 -140.13670196574944 -135.19346570102505
7.099999999999991 0.4000000000000005 -181.94500675896919 -176.2510921779068
7.099999999999991 0.41000000000000053 -236.1704457804498 -229.7542652638046
7.099999999999991 0.42000000000000054 -306.4821470104179 -299.4676347530888
7.099999999999991 0.43000000000000055 -397.62714908359453 -390.2919683612178
7.099999999999991 0.44000000000000056 -515.7449811708321 -508.60612729567833
7.099999999999991 0.45000000000000057 -668.7733605018382 -662.7116798754105
7.099999999999991 0.4600000000000006 -866.9711728292715 -863.4108584226777
7.099999999999991 0.4700000000000006 -1123.5923406926036 -1124.757716968383
7.099999999999991 0.4800000000000006 -1455.7537151430035 -1465.0342164245253
7.099999999999991 0.4900000000000006 -1885.552328768525 -1908.0183524742872
7.099999999999991 0.5000000000000006 -2441.5029599562977 -2484.6313880813573
7.19999999999999 -0.5 -6585.479942770884 24468.361143984184
7.19999999999999 -0.49 -4875.731793093609 18765.190598666897
7.19999999999999 -0.48 -3599.473936119399 14390.766978597609
7.19999999999999 -0.47 -2648.7564624506294 11035.665274832809
7.19999999999999 -0.45999999999999996 -1942.1341025671857 8462.477257159886
7.19999999999999 -0.44999999999999996 -1418.23286244864 6489.059755874109
7.19999999999999 -0.43999999999999995 -1030.863375525549 4975.677144032428
7.19999999999999 -0.42999999999999994 -745.3121083686116 3815.133330867363
7.19999999999999 -0.41999999999999993 -535.5289101016098 2925.198613292082
7.19999999999999 -0.4099999999999999 -381.99618860373977 2242.798038738911
7.19999999999999 -0.3999999999999999 -270.1160426327255 1719.551806792341
7.19999999999999 -0.3899999999999999 -188.9906694212433 1318.3533597699095
7.19999999999999 -0.3799999999999999 -130.50113285918437 1010.7438521621111
7.19999999999999 -0.3699999999999999 -88.61228728854012 774.8977689181364
7.19999999999999 -0.3599999999999999 -58.84896837517498 594.0775182513844
7.19999999999999 -0.34999999999999987 -37.901758048600456 455.4478787677549
7.19999999999999 -0.33999999999999986 -23.33067926968384 349.1665550673265
7.19999999999999 -0.32999999999999985 -13.342823572649461 267.68657362689123
7.19999999999999 -0.31999999999999984 -6.625729734267664 205.2212011945146
7.19999999999999 -0.30999999999999983 -2.2227510335003875 157.33354266537538
7.19999999999999 -0.2999999999999998 0.559996011565571 120.62178198994896
7.19999999999999 -0.2899999999999998 2.222962868874655 92.47778808834195
7.19999999999999 -0.2799999999999998 3.1247119625288464 70.90199405510167
7.19999999999999 -0.2699999999999998 3.520141800120896 54.36143759410197
7.19999999999999 -0.2599999999999998 3.588759017332179 41.6809041996438
7.19999999999999 -0.24999999999999978 3.4555264334930254 31.959457455618693
7.19999999999999 -0.23999999999999977 3.2061852942343 24.506438287117263
7.19999999999999 -0.22999999999999976 2.898474092935334 18.79239394758361
7.19999999999999 -0.21999999999999975 2.570308010244438 14.411455350239994
7.19999999999999 -0.20999999999999974 2.2457134620629446 11.052492791146266
7.19999999999999 -0.19999999999999973 1.939109783036015 8.477002518732068
7.19999999999999 -0.18999999999999972 1.6583782281639952 6.50215399214668
7.19999999999999 -0.17999999999999972 1.4070447831599262 4.987793809281945
7.19999999999999 -0.1699999999999997 1.1858182984744179 3.826483086152895
7.19999999999999 -0.1599999999999997 0.9936620727753268 2.935860411749514
7.19999999999999 -0.1499999999999997 0.8285298247978861 2.252787638684189
7.19999999999999 -0.13999999999999968 0.6878619478517962 1.7288623991598455
7.19999999999999 -0.12999999999999967 0.5689119805320564 1.3269783334341436
7.19999999999999 -0.11999999999999968 0.4689540498684283 1.0186884681976645
7.19999999999999 -0.10999999999999968 0.3854079213033238 0.7821842657287466
7.19999999999999 -0.09999999999999969 0.3159079273597979 0.6007466311778633
7.19999999999999 -0.08999999999999969 0.2583344732781954 0.4615587212801971
7.19999999999999 -0.0799999999999997 0.210821307881085 0.354796125302982
7.19999999999999 -0.0699999999999997 0.1717477604220414 0.272929715271227
7.19999999999999 -0.0599999999999997 0.1397222764539866 0.2101915886573791
7.19999999999999 -0.0499999999999997 0.1135615387845458 0.1621661275756322
7.19999999999999 -0.039999999999999696 0.0922680119989873 0.1254770985799352
7.19999999999999 -0.029999999999999694 0.075007737418745 0.0975485491113694
7.19999999999999 -0.01999999999999969 0.0610895096577287 0.0764225062595116
7.19999999999999 -0.009999999999999691 0.0499460983221135 0.0606205241420637
7.19999999999999 3.0878077872387166e-16 0.0411178750875013 0.0490392452722534
7.19999999999999 0.010000000000000309 0.0342390215190374 0.0408725606910622
7.19999999999999 0.02000000000000031 0.029026394063465 0.0355548455226707
7.19999999999999 0.03000000000000031 0.0252710871721684 0.0327212456069324
7.19999999999999 0.04000000000000031 0.0228327486543303 0.0321822036406902
7.19999999999999 0.050000000000000315 0.0216367541477509 0.033910426130069
7.19999999999999 0.06000000000000032 0.0216744357941584 0.0380393774857736
7.19999999999999 0.07000000000000031 0.0230066835509287 0.0448732077387964
7.19999999999999 0.08000000000000031 0.0257713993919974 0.0549088339188839
7.19999999999999 0.0900000000000003 0.0301954917829562 0.0688717599183743
7.19999999999999 0.1000000000000003 0.0366123608075028 0.0877681970304072
7.19999999999999 0.11000000000000029 0.0454861579145814 0.1129572065918428
7.19999999999999 0.12000000000000029 0.0574445281549227 0.1462480093676253
7.19999999999999 0.13000000000000028 0.0733220827656906 0.1900293941547049
7.19999999999999 0.1400000000000003 0.0942175393955821 0.2474404368899294
7.19999999999999 0.1500000000000003 0.1215683490248445 0.322594672163309
7.19999999999999 0.1600000000000003 0.1572477576804399 0.4208736481031069
7.19999999999999 0.17000000000000032 0.2036906976435734 0.5493107099983254
7.19999999999999 0.18000000000000033 0.2640567567131882 0.7170922435279483
7.19999999999999 0.19000000000000034 0.342440849635348 0.9362119138745147
7.19999999999999 0.20000000000000034 0.4441452587525582 1.222324245375102
7.19999999999999 0.21000000000000035 0.5760306066677335 1.5958579556392218
7.19999999999999 0.22000000000000036 0.7469683078142648 2.0834677736482523
7.19999999999999 0.23000000000000037 0.9684234171984502 2.7199273145169274
7.19999999999999 0.24000000000000038 1.255204931997484 3.5505966201926236
7.19999999999999 0.2500000000000004 1.6264309843539557 4.634638370998399
7.19999999999999 0.2600000000000004 2.106769596818957 6.049209342469729
7.19999999999999 0.2700000000000004 2.728032518524673 7.894922083480845
7.19999999999999 0.2800000000000004 3.5312210803228594 10.302960778178887
7.19999999999999 0.2900000000000004 4.5691502062150615 13.444350999905245
7.19999999999999 0.30000000000000043 5.909811206229912 17.54203358871444
7.19999999999999 0.31000000000000044 7.640677638807498 22.886588596566842
7.19999999999999 0.32000000000000045 9.874213718727423 29.856709660799737
7.19999999999999 0.33000000000000046 12.754914378366072 38.945859826093454
7.19999999999999 0.34000000000000047 16.468293778013624 50.79696949320366
7.19999999999999 0.3500000000000005 21.25234925829919 66.24759534404409
7.19999999999999 0.3600000000000005 27.41216590196386 86.38868404899839
7.19999999999999 0.3700000000000005 35.338499700002046 112.64102591462736
7.19999999999999 0.3800000000000005 45.5313929091949 146.8547056696254
7.19999999999999 0.3900000000000005 58.63014332992488 191.43844360430552
7.19999999999999 0.4000000000000005 75.45128164176276 249.52777813878657
7.19999999999999 0.41000000000000053 97.03662150944051 325.2037102457151
7.19999999999999 0.42000000000000054 124.7139522253373 423.77689172364165
7.19999999999999 0.43000000000000055 160.17356205582374 552.1569269220562
7.19999999999999 0.44000000000000056 205.5645336702439 719.3321735313851
7.19999999999999 0.45000000000000057 263.61566488449375 936.9929633658454
7.19999999999999 0.4600000000000006 337.7869640943262 1220.340923804576
7.19999999999999 0.4700000000000006 432.45897648462795 1589.1397171690546
7.19999999999999 0.4800000000000006 553.1687393095782 2069.0788712184844
7.19999999999999 0.4900000000000006 706.902962481758 2693.543536324683
7.19999999999999 0.5000000000000006 902.4610947359726 3505.910376171221
7.29999999999999 -0.5 -4223.8073561233205 -23031.951812692034
7.29999999999999 -0.49 -3344.049114333596 -17522.835325195352
7.29999999999999 -0.48 -2649.2078849362656 -13326.144999532917
7.29999999999999 -0.47 -2099.977313205171 -10130.355991169956
7.29999999999999 -0.45999999999999996 -1665.517305660997 -7697.647141359914
7.29999999999999 -0.44999999999999996 -1321.6030888863604 -5846.515174723043
7.29999999999999 -0.43999999999999995 -1049.1854737099604 -4438.478870411453
7.29999999999999 -0.42999999999999994 -833.2694547560814 -3367.913448204113
7.29999999999999 -0.41999999999999993 -662.0395906179849 -2554.280110253171
7.29999999999999 -0.4099999999999999 -526.17695888908 -1936.1878843416835
7.29999999999999 -0.3999999999999999 -418.325035477388 -1466.8568646514345
7.29999999999999 -0.3899999999999999 -332.67150201734677 -1110.6530320745685
7.29999999999999 -0.3799999999999999 -264.620418540518 -840.4422624076847
7.29999999999999 -0.3699999999999999 -210.53492969725966 -635.5704232768179
7.29999999999999 -0.3599999999999999 -167.53509752416508 -480.32185724349165
7.29999999999999 -0.34999999999999987 -133.33887457992668 -362.743298695751
7.29999999999999 -0.33999999999999986 -106.1368797349817 -273.74686701651456
7.29999999999999 -0.32999999999999985 -84.49369222191896 -206.42612762187403
7.29999999999999 -0.31999999999999984 -67.26997377156084 -155.53477912549323
7.29999999999999 -0.30999999999999983 -53.56096812663397 -117.08943036869007
7.29999999999999 -0.2999999999999998 -42.64789226367017 -88.06703430481069
7.29999999999999 -0.2899999999999998 -33.959486037769196 -66.17450465316979
7.29999999999999 -0.2799999999999998 -27.04157437449577 -49.67335962666942
7.29999999999999 -0.2699999999999998 -21.53295534374676 -37.246300618172235
7.29999999999999 -0.2599999999999998 -17.14628691417263 -27.895737746411374
7.29999999999999 -0.24999999999999978 -13.65292692826654 -20.866644570165306
7.29999999999999 -0.23999999999999977 -10.870901933153512 -15.587933963064557
7.29999999999999 -0.22999999999999976 -8.65535421265677 -11.627928348770812
7.29999999999999 -0.21999999999999975 -6.890953003325926 -8.660551369690037
7.29999999999999 -0.20999999999999974 -5.485863471051739 -6.439671935397793
7.29999999999999 -0.19999999999999973 -4.366951838162204 -4.7796445840487625
7.29999999999999 -0.18999999999999972 -3.47597197219373 -3.5405573690637855
7.29999999999999 -0.17999999999999972 -2.766531602445194 -2.617054571920583
7.29999999999999 -0.1699999999999997 -2.201678111615791 -1.929872804963286
7.29999999999999 -0.1599999999999997 -1.7519769054831877 -1.41943563989766
7.29999999999999 -0.1499999999999997 -1.3939815363377355 -1.0410091481661974
7.29999999999999 -0.13999999999999968 -1.1090154938589194 -0.7610403998000135
7.29999999999999 -0.12999999999999967 -0.8822020200145598 -0.5543919877602596
7.29999999999999 -0.11999999999999968 -0.7016913501454032 -0.4022548523793518
7.29999999999999 -0.10999999999999968 -0.5580451383752845 -0.2905742809398964
7.29999999999999 -0.09999999999999969 -0.4437460507565562 -0.2088639189039595
7.29999999999999 -0.08999999999999969 -0.3528070455092264 -0.1493129758303902
7.29999999999999 -0.0799999999999997 -0.2804600554617111 -0.106114844242032
7.29999999999999 -0.0699999999999997 -0.2229079196032156 -0.0749628280361523
7.29999999999999 -0.0599999999999997 -0.1771266973068442 -0.0526719341806468
7.29999999999999 -0.0499999999999997 -0.1407081136796004 -0.0368957341434672
7.29999999999999 -0.039999999999999696 -0.1117339650662011 -0.0259149234951375
7.29999999999999 -0.029999999999999694 -0.0886759690305568 -0.0184799883449784
7.29999999999999 -0.01999999999999969 -0.0703158595905484 -0.0136947739936913
7.29999999999999 -0.009999999999999691 -0.0556815746402014 -0.010931085998155
7.29999999999999 3.0878077872387166e-16 -0.0439962126319744 -0.0097669973936244
7.29999999999999 0.010000000000000309 -0.0346370925879512 -0.0099434876370678
7.29999999999999 0.02000000000000031 -0.0271027691119436 -0.011335552507427
7.29999999999999 0.03000000000000031 -0.0209862586345313 -0.0139351190729615
7.29999999999999 0.04000000000000031 -0.0159530449566075 -0.0178440701385042
7.29999999999999 0.050000000000000315 -0.0117226665467748 -0.0232765046240462
7.29999999999999 0.06000000000000032 -0.0080528559790834 -0.0305700982961478
7.29999999999999 0.07000000000000031 -0.0047253105316617 -0.0402071401397458
7.29999999999999 0.08000000000000031 -0.0015322258889766 -0.0528465574292058
7.29999999999999 0.0900000000000003 0.0017372778727662 -0.0693690623084269
7.29999999999999 0.1000000000000003 0.005311771046846 -0.0909385145932814
7.29999999999999 0.11000000000000029 0.009454232530599 -0.119083769189695
7.29999999999999 0.12000000000000029 0.0144821445928987 -0.1558067460278851
7.29999999999999 0.13000000000000028 0.0207925476741964 -0.2037243301715194
7.29999999999999 0.1400000000000003 0.0288940767914942 -0.2662541119092016
7.29999999999999 0.1500000000000003 0.0394486047891527 -0.3478570802652215
7.29999999999999 0.1600000000000003 0.0533259385839069 -0.4543544062905784
7.29999999999999 0.17000000000000032 0.0716761224042573 -0.593340676375206
7.29999999999999 0.18000000000000033 0.0960253904629298 -0.7747227256521885
7.29999999999999 0.19000000000000034 0.1284038059779491 -1.011422050889139
7.29999999999999 0.20000000000000034 0.1715152917598731 -1.3202902657861062
7.29999999999999 0.21000000000000035 0.2289643238726468 -1.7233019974685915
7.29999999999999 0.22000000000000036 0.3055583234306816 -2.2491090474875532
7.29999999999999 0.23000000000000037 0.4077111418060154 -2.935064899250644
7.29999999999999 0.24000000000000038 0.5439815241636055 -3.8298614929182153
7.29999999999999 0.2500000000000004 0.7257917658747477 -4.996962874764345
7.29999999999999 0.2600000000000004 0.9683868934079064 -6.519075801289641
7.29999999999999 0.2700000000000004 1.2921148687101496 -8.503969452562663
7.29999999999999 0.2800000000000004 1.7241352171391664 -11.092050029503019
7.29999999999999 0.2900000000000004 2.300699356657109 -14.466217585529037
7.29999999999999 0.30000000000000043 3.070193748349569 -18.8646902796386
7.29999999999999 0.31000000000000044 4.097200775418233 -24.597686093266848
7.29999999999999 0.32000000000000045 5.4679172893014085 -32.069117856679334
7.29999999999999 0.33000000000000046 7.297384093479658 -41.80480221101047
7.29999999999999 0.34000000000000047 9.739130658225248 -54.48913021560603
7.29999999999999 0.3500000000000005 12.998040569542672 -71.01272686267917
7.29999999999999 0.3600000000000005 17.34751123435322 -92.53437777907806
7.29999999999999 0.3700000000000005 23.152338298665462 -120.56147426330806
7.29999999999999 0.3800000000000005 30.899230474110002 -157.05448760061475
7.29999999999999 0.3900000000000005 41.237493071170526 -204.5626143180882
7.29999999999999 0.4000000000000005 55.033260402039545 -266.3998440673657
7.29999999999999 0.41000000000000053 73.4417772663761 -346.87343090362134
7.29999999999999 0.42000000000000054 98.00371948827078 -451.5802769813423
7.29999999999999 0.43000000000000055 130.77352438808688 -587.791297104137
7.29999999999999 0.44000000000000056 174.49033529383308 -764.9497217680574
7.29999999999999 0.45000000000000057 232.8056634244776 -995.3168995124382
7.29999999999999 0.4600000000000006 310.58651900197367 -1294.8089704016822
7.29999999999999 0.4700000000000006 414.3189366517885 -1684.0804358086825
7.29999999999999 0.4800000000000006 552.6450152079548 -2189.926959876176
7.29999999999999 0.4900000000000006 737.0774671437506 -2847.1007499610237
7.29999999999999 0.5000000000000006 982.9500989384564 -3700.658916325413
7.39999999999999 -0.5 12213.423120058285 18548.15814328035
7.39999999999999 -0.49 9312.046513557912 14038.330820753186
7.39999999999999 -0.48 7100.024635496442 10616.555692869184
7.39999999999999 -0.47 5413.586263978565 8022.054968926196
7.39999999999999 -0.45999999999999996 4127.855311196691 6056.196944332321
7.39999999999999 -0.44999999999999996 3147.6178501401523 4567.759632941247
7.39999999999999 -0.43999999999999995 2400.279515597435 3441.6733769893217
7.39999999999999 -0.42999999999999994 1830.4940243677079 2590.424342403096
7.39999999999999 -0.41999999999999993 1396.0665568094948 1947.4925024724118
7.39999999999999 -0.4099999999999999 1064.8296293304918 1462.3446348217994
7.39999999999999 -0.3999999999999999 812.2607485038814 1096.6154318363533
7.39999999999999 -0.3899999999999999 619.6658291860463 821.1960583652094
7.39999999999999 -0.3799999999999999 472.7940961696499 614.0155272010209
7.39999999999999 -0.3699999999999999 360.7820373117373 458.3508178781978
7.39999999999999 -0.3599999999999999 275.34827664696303 341.5403553958486
7.39999999999999 -0.34999999999999987 210.1797760039904 254.00506742554577
7.39999999999999 -0.33999999999999986 160.46391751704027 188.5038791977974
7.39999999999999 -0.32999999999999985 122.53180870006618 139.56781585283485
7.39999999999999 -0.31999999999999984 93.58638142331392 103.07011278960246
7.39999999999999 -0.30999999999999983 71.49513296660956 75.8998434236927
7.39999999999999 -0.2999999999999998 54.63214433811718 55.71429452108677
7.39999999999999 -0.2899999999999998 41.757661620552675 40.75121384599706
7.39999999999999 -0.2799999999999998 31.926309808920813 29.686553404495033
7.39999999999999 -0.2699999999999998 24.417131163825502 21.526763304315512
7.39999999999999 -0.2599999999999998 18.68025842810284 15.52730805859201
7.39999999999999 -0.24999999999999978 14.296267062223771 11.131071676081085
7.39999999999999 -0.23999999999999977 10.945191246042008 7.9218373927695165
7.39999999999999 -0.22999999999999976 8.382905419440387 5.589184979160222
7.39999999999999 -0.21999999999999975 6.423119700649342 3.9020292141693513
7.39999999999999 -0.20999999999999974 4.923654134112091 2.6886930397357194
7.39999999999999 -0.19999999999999973 3.775974263142927 1.821918250729316
7.39999999999999 -0.18999999999999972 2.897212546198111 1.2076036063199371
7.39999999999999 -0.17999999999999972 2.224084593638558 0.7763541675997103
7.39999999999999 -0.1699999999999997 1.708249782510885 0.4771487356359534
7.39999999999999 -0.1599999999999997 1.3127729449556325 0.2726014521869316
7.39999999999999 -0.1499999999999997 1.0094254756375953 0.1354218597763959
7.39999999999999 -0.13999999999999968 0.7766264279894262 0.0457748421026946
7.39999999999999 -0.12999999999999967 0.5978715894851274 -0.0106846278725439
7.39999999999999 -0.11999999999999968 0.4605346645199558 -0.0442714172363267
7.39999999999999 -0.10999999999999968 0.3549522340369724 -0.0623523229607467
7.39999999999999 -0.09999999999999969 0.2737251494509822 -0.0701460964433217
7.39999999999999 -0.08999999999999969 0.2111850134087988 -0.071313260438286
7.39999999999999 -0.0799999999999997 0.162986589338072 -0.0683895541139151
7.39999999999999 -0.0699999999999997 0.1257962705470404 -0.0631032749565238
7.39999999999999 -0.0599999999999997 0.0970538173298876 -0.0566065827799151
7.39999999999999 -0.0499999999999997 0.0747899622731561 -0.0496431643325683
7.39999999999999 -0.039999999999999696 0.0574865896327235 -0.0426689007361996
7.39999999999999 -0.029999999999999694 0.043969318633763 -0.0359378602252812
7.39999999999999 -0.01999999999999969 0.0333246942651155 -0.0295626965623243
7.39999999999999 -0.009999999999999691 0.0248359883375711 -0.0235560973592435
7.39999999999999 3.0878077872387166e-16 0.0179329713328259 -0.0178580902867576
7.39999999999999 0.010000000000000309 0.0121520322108057 -0.0123526221016962
7.39999999999999 0.02000000000000031 0.007103773896447 -0.0068757557334104
7.39999999999999 0.03000000000000031 0.00244575191323 -0.0012169917797401
7.39999999999999 0.04000000000000031 -0.0021416077650666 0.004885460051242
7.39999999999999 0.050000000000000315 -0.0069776511537887 0.0117552154916556
7.39999999999999 0.06000000000000032 -0.0124043419975673 0.0197943437798666
7.39999999999999 0.07000000000000031 -0.0188109784900206 0.0295069025654182
7.39999999999999 0.08000000000000031 -0.0266625967599005 0.0415307551926056
7.39999999999999 0.0900000000000003 -0.0365341599489652 0.056679688069117
7.39999999999999 0.1000000000000003 -0.0491530712678886 0.0759986160597342
7.39999999999999 0.11000000000000029 -0.0654531788392489 0.100835618345708
7.39999999999999 0.12000000000000029 -0.0866443070374746 0.1329357542548806
7.39999999999999 0.13000000000000028 -0.1143025189121428 0.1745631533718595
7.39999999999999 0.1400000000000003 -0.1504878754711945 0.2286598647426317
7.39999999999999 0.1500000000000003 -0.197898527961896 0.2990525243430542
7.39999999999999 0.1600000000000003 -0.2600727151145048 0.3907212359423842
7.39999999999999 0.17000000000000032 -0.3416538451537415 0.5101493874650608
7.39999999999999 0.18000000000000033 -0.4487385946596212 0.6657787394716901
7.39999999999999 0.19000000000000034 -0.589334211965088 0.8686014080066687
7.39999999999999 0.20000000000000034 -0.7739594442298994 1.1329298170785376
7.39999999999999 0.21000000000000035 -1.0164343364674857 1.477397958474978
7.39999999999999 0.22000000000000036 -1.3349183958377808 1.9262631989050505
7.39999999999999 0.23000000000000037 -1.7532753518548019 2.5110984902851636
7.39999999999999 0.24000000000000038 -2.3028673887631617 3.272991556007554
7.39999999999999 0.2500000000000004 -3.0249141427096142 4.265402236757222
7.39999999999999 0.2600000000000004 -3.9735943932350417 5.5578739982599465
7.39999999999999 0.2700000000000004 -5.220124457942658 7.240853616651507
7.39999999999999 0.2800000000000004 -6.858121058308483 9.431948116356546
7.39999999999999 0.2900000000000004 -9.010653435759282 12.284045104184019
7.39999999999999 0.30000000000000043 -11.839517087850876 15.995848114995997
7.39999999999999 0.31000000000000044 -15.557429299129668 20.825540687321972
7.39999999999999 0.32000000000000045 -20.44406732725638 27.108502204571906
7.39999999999999 0.33000000000000046 -26.867160324527262 35.28026866971881
7.39999999999999 0.34000000000000047 -35.31022771737154 45.90627999265844
7.39999999999999 0.3500000000000005 -46.409058601006244 59.72040446554816
7.39999999999999 0.3600000000000005 -60.99968654040088 77.67480960222225
7.39999999999999 0.3700000000000005 -80.18148167821884 101.00449319918208
7.39999999999999 0.3800000000000005 -105.4001224977089 131.31074638177287
7.39999999999999 0.3900000000000005 -138.55670869437836 170.66905164272785
7.39999999999999 0.4000000000000005 -182.15124695033026 221.76850018192047
7.39999999999999 0.41000000000000053 -239.47133078748914 288.0918420109379
7.39999999999999 0.42000000000000054 -314.8402381265685 374.14788378197045
7.39999999999999 0.43000000000000055 -413.9431403386931 485.7712813874064
7.39999999999999 0.44000000000000056 -544.2559885351831 630.5090378840672
7.39999999999999 0.45000000000000057 -715.6093548293579 818.1184667173258
7.39999999999999 0.4600000000000006 -940.9296329569903 1061.2083374055526
7.39999999999999 0.4700000000000006 -1237.2132972462757 1376.0637921053835
7.39999999999999 0.4800000000000006 -1626.807368612557 1783.7069186363854
7.39999999999999 0.4900000000000006 -2139.0921341196927 2311.2592318298343
7.39999999999999 0.5000000000000006 -2812.6922059728727 2993.690556938489
7.499999999999989 -0.5 -17993.82542850838 -12894.641781006827
7.499999999999989 -0.49 -13588.989415998096 -9795.79723232046
7.499999999999989 -0.48 -10255.67423788002 -7435.380572679614
7.499999999999989 -0.47 -7734.637087942337 -5638.704660309627
7.499999999999989 -0.45999999999999996 -5829.058423015177 -4272.146544670961
7.499999999999989 -0.44999999999999996 -4389.573963248995 -3233.548360335396
7.499999999999989 -0.43999999999999995 -3302.88238741716 -2444.850826561065
7.499999999999989 -0.42999999999999994 -2483.0773784060875 -1846.4424559748588
7.499999999999989 -0.41999999999999993 -1865.0547625356592 -1392.8267442255374
7.499999999999989 -0.4099999999999999 -1399.4997350263009 -1049.3014152195767
7.499999999999989 -0.3999999999999999 -1049.0768693304803 -789.4144943984783
7.499999999999989 -0.3899999999999999 -785.5354058139159 -593.0164090870026
7.499999999999989 -0.3799999999999999 -587.5108046581607 -444.7692007606005
7.499999999999989 -0.3699999999999999 -438.8557716771913 -333.0061575311306
7.499999999999989 -0.3599999999999999 -327.3737761230933 -248.85995633455968
7.499999999999989 -0.34999999999999987 -243.8584187387393 -185.59645514993065
7.499999999999989 -0.33999999999999986 -181.36512297003225 -138.10591571801478
7.499999999999989 -0.32999999999999985 -134.65922748694246 -102.51468355329402
7.499999999999989 -0.31999999999999984 -99.79796309751109 -75.88898791835939
7.499999999999989 -0.30999999999999983 -73.81400066246371 -56.009153131869816
7.499999999999989 -0.2999999999999998 -54.476020772124734 -41.197598536136624
7.499999999999989 -0.2899999999999998 -40.10766192686968 -30.187905048366478
7.499999999999989 -0.2799999999999998 -29.450694909040653 -22.025216440447252
7.499999999999989 -0.2699999999999998 -21.561684744669517 -15.990534773231955
7.499999999999989 -0.2599999999999998 -15.733995553368064 -11.543224315216182
7.499999999999989 -0.24999999999999978 -11.438963783453374 -8.27738172371499
7.499999999999989 -0.23999999999999977 -8.281561192912262 -5.888758218729586
7.499999999999989 -0.22999999999999976 -5.967004186410623 -4.1497056256285125
7.499999999999989 -0.21999999999999975 -4.275627313540041 -2.8902190627649573
7.499999999999989 -0.20999999999999974 -3.0439917340451763 -1.983608102608828
7.499999999999989 -0.19999999999999973 -2.1506943597653105 -1.3356787229154414
7.499999999999989 -0.18999999999999972 -1.505718280903343 -0.8765758036144526
7.499999999999989 -0.17999999999999972 -1.0424489295618296 -0.554639867223482
7.499999999999989 -0.1699999999999997 -0.711695224542418 -0.3317871803987438
7.499999999999989 -0.1599999999999997 -0.4772173861679548 -0.1800406963269374
7.499999999999989 -0.1499999999999997 -0.3123858929465418 -0.0789293935725064
7.499999999999989 -0.13999999999999968 -0.1976887993643379 -0.0135420658363304
7.499999999999989 -0.12999999999999967 -0.1188746475337627 0.0269263331644011
7.499999999999989 -0.11999999999999968 -0.0655710209310789 0.0502581672560974
7.499999999999989 -0.10999999999999968 -0.0302586014621392 0.0620188171972331
7.499999999999989 -0.09999999999999969 -0.0075105792190798 0.0661542807717285
7.499999999999989 -0.08999999999999969 0.0065701668165213 0.0654331486127899
7.499999999999989 -0.0799999999999997 0.0147667290860522 0.0617724170394758
7.499999999999989 -0.0699999999999997 0.0190545379653773 0.0564767648544062
7.499999999999989 -0.0599999999999997 0.0208267359766772 0.0504134970215009
7.499999999999989 -0.0499999999999997 0.0210596956176902 0.044139759171784
7.499999999999989 -0.039999999999999696 0.0204344570874132 0.0379944081463907
7.499999999999989 -0.029999999999999694 0.0194258624689608 0.0321637471299946
7.499999999999989 -0.01999999999999969 0.0183681876786714 0.02672794252119
7.499999999999989 -0.009999999999999691 0.0175038710800727 0.0216931383096825
7.499999999999989 3.0878077872387166e-16 0.0170203200329294 0.0170129239438976
7.499999999999989 0.010000000000000309 0.0170786041445791 0.0126017803344034
7.499999999999989 0.02000000000000031 0.0178370139632265 0.0083423391723051
7.499999999999989 0.03000000000000031 0.0194719022618563 0.0040876763807976
7.499999999999989 0.04000000000000031 0.0221978803167992 -0.0003406308918599
7.499999999999989 0.050000000000000315 0.0262892802138562 -0.0051583644341362
7.499999999999989 0.06000000000000032 0.0321047979537916 -0.0106284861554257
7.499999999999989 0.07000000000000031 0.0401173962377361 -0.0170753101775123
7.499999999999989 0.08000000000000031 0.0509518784551853 -0.0249037720290801
7.499999999999989 0.0900000000000003 0.0654330680291611 -0.0346249349148747
7.499999999999989 0.1000000000000003 0.0846482760637621 -0.0468893331248488
7.499999999999989 0.11000000000000029 0.1100287686089877 -0.0625303116179155
7.499999999999989 0.12000000000000029 0.1434563273284335 -0.0826202171242284
7.499999999999989 0.13000000000000028 0.1874028349766863 -0.1085431766699455
7.499999999999989 0.1400000000000003 0.2451132448576288 -0.1420893226158714
7.499999999999989 0.1500000000000003 0.3208454902109436 -0.1855767626534206
7.499999999999989 0.1600000000000003 0.4201850912022908 -0.2420094419934346
7.499999999999989 0.17000000000000032 0.5504577343056704 -0.3152814219529252
7.499999999999989 0.18000000000000033 0.7212703392295744 -0.4104411556886098
7.499999999999989 0.19000000000000034 0.945220627585566 -0.5340332710464816
7.499999999999989 0.20000000000000034 1.2388276678166343 -0.6945404186021858
7.499999999999989 0.21000000000000035 1.6237522141228753 -0.902954223597
7.499999999999989 0.22000000000000036 2.128397092046514 -1.1735126926556614
7.499999999999989 0.23000000000000037 2.790005995187067 -1.52465207687365
7.499999999999989 0.24000000000000038 3.6574159248219633 -1.9802348249702288
7.499999999999989 0.2500000000000004 4.794666852404464 -2.5711326875900147
7.499999999999989 0.2600000000000004 6.285735587040125 -3.3372662843850818
7.499999999999989 0.2700000000000004 8.240743970215487 -4.330230814595041
7.499999999999989 0.2800000000000004 10.804100538068708 -5.616673707420057
7.499999999999989 0.2900000000000004 14.165177734889783 -7.282635910597765
7.499999999999989 0.30000000000000043 18.572314176477125 -9.439126752420655
7.499999999999989 0.31000000000000044 24.351177168350006 -12.229276054850448
7.499999999999989 0.32000000000000045 31.928842787918796 -15.83750035295888
7.499999999999989 0.33000000000000046 41.8653730614851 -20.501237535231738
7.499999999999989 0.34000000000000047 54.895223174376795 -26.525951904508837
7.499999999999989 0.3500000000000005 71.98153693230113 -34.304296815449675
7.499999999999989 0.3600000000000005 94.38733911586269 -44.34055343344303
7.499999999999989 0.3700000000000005 123.76887867597955 -57.28175228472861
7.499999999999989 0.3800000000000005 162.298008176232 -73.95724157701356
7.499999999999989 0.3900000000000005 212.82262192654917 -95.42890732027551
7.499999999999989 0.4000000000000005 279.0769740983083 -123.05479178451684
7.499999999999989 0.41000000000000053 365.95736307772046 -158.56951755202218
7.499999999999989 0.42000000000000054 479.88346652326726 -204.18572471394444
7.499999999999989 0.43000000000000055 629.2718921669397 -262.72168966259443
7.499999999999989 0.44000000000000056 825.1567284869348 -337.76143548020576
7.499999999999989 0.45000000000000057 1082.0026327431253 -433.85498230090997
7.499999999999989 0.4600000000000006 1418.7700593072166 -556.7679289995784
7.499999999999989 0.4700000000000006 1860.3106237832078 -713.7912973971759
7.499999999999989 0.4800000000000006 2439.1946421518433 -914.1244728086915
7.499999999999989 0.4900000000000006 3198.104305403462 -1169.3460637542003
7.499999999999989 0.5000000000000006 4192.966998438359 -1493.9894364206134
7.599999999999989 -0.5 22741.095742803267 6106.046634037996
7.599999999999989 -0.49 17181.41640837461 4788.726876047479
7.599999999999989 -0.48 12970.599891172329 3752.186426921292
7.599999999999989 -0.47 9783.505428211065 2937.405687916032
7.599999999999989 -0.45999999999999996 7372.931639333427 2297.5669431567258
7.599999999999989 -0.44999999999999996 5551.0239156495345 1795.5830701148486
7.599999999999989 -0.43999999999999995 4175.098300426714 1402.1135490416152
7.599999999999989 -0.42999999999999994 3136.836713962444 1093.9751719274127
7.599999999999989 -0.41999999999999993 2354.054873383382 852.87149932758
7.599999999999989 -0.4099999999999999 1764.4327965238979 664.3790365654386
7.599999999999989 -0.3999999999999999 1320.7419475636498 517.1396647820166
7.599999999999989 -0.3899999999999999 987.213293263392 402.21841018973873
7.599999999999989 -0.3799999999999999 736.7747674349539 312.59347779341954
7.599999999999989 -0.3699999999999999 548.9509948451347 242.75188948514955
7.599999999999989 -0.3599999999999999 408.26727953907726 188.36929043074358
7.599999999999989 -0.34999999999999987 303.0373952783772 146.05672778250815
7.599999999999989 -0.33999999999999986 224.4433659462173 113.16063638697426
7.599999999999989 -0.32999999999999985 165.8372864502442 87.6050339268484
7.599999999999989 -0.31999999999999984 122.21191229705131 67.76715514566659
7.599999999999989 -0.30999999999999983 89.7994638986023 52.37954277817616
7.599999999999989 -0.2999999999999998 65.76778648534084 40.45304506115825
7.599999999999989 -0.2899999999999998 47.990394081660945 31.2163146924772
7.599999999999989 -0.2799999999999998 34.87255325595585 24.06831776851509
7.599999999999989 -0.2699999999999998 25.219847022838167 18.54108903132196
7.599999999999989 -0.2599999999999998 18.13892031443091 14.27054857689943
7.599999999999989 -0.24999999999999978 12.962589315955352 10.973654815813477
7.599999999999989 -0.23999999999999977 9.193383472249282 8.430532957861343
7.599999999999989 -0.22999999999999976 6.461022834598823 6.470506928415098
7.599999999999989 -0.21999999999999975 4.490422703705915 4.961190908774112
7.599999999999989 -0.20999999999999974 3.077644616131293 3.799977026880794
7.599999999999989 -0.19999999999999973 2.0718403900016136 2.907398019107177
7.599999999999989 -0.18999999999999972 1.3617120081060228 2.2219558379712914
7.599999999999989 -0.17999999999999972 0.8653709769504219 1.6960954879521533
7.599999999999989 -0.1699999999999997 0.5227541678509225 1.2930728317767675
7.599999999999989 -0.1599999999999997 0.2899600984371416 0.9845196927475124
7.599999999999989 -0.1499999999999997 0.1350261786798486 0.7485524313156022
7.599999999999989 -0.13999999999999968 0.0347858062697664 0.5683037867773149
7.599999999999989 -0.12999999999999967 -0.0274663935755586 0.4307841171076976
7.599999999999989 -0.11999999999999968 -0.0637054028434039 0.3259987966060845
7.599999999999989 -0.10999999999999968 -0.0824560451443115 0.2462646690785555
7.599999999999989 -0.09999999999999969 -0.0897375993817102 0.1856810702254513
7.599999999999989 -0.08999999999999969 -0.0897589098162239 0.1397207877648214
7.599999999999989 -0.0799999999999997 -0.0854284086764855 0.1049140199537911
7.599999999999989 -0.0699999999999997 -0.0787271705541574 0.0786043927027937
7.599999999999989 -0.0599999999999997 -0.0709808958601114 0.0587607714638749
7.599999999999989 -0.0499999999999997 -0.0630575692038839 0.0438322459147909
7.599999999999989 -0.039999999999999696 -0.0555106995522816 0.0326364999696529
7.599999999999989 -0.029999999999999694 -0.0486829508453549 0.0242739843885829
7.599999999999989 -0.01999999999999969 -0.0427811842944571 0.0180620231724004
7.599999999999989 -0.009999999999999691 -0.0379311339503555 0.0134843166219006
7.599999999999989 3.0878077872387166e-16 -0.0342178838194263 0.0101523382680318
7.599999999999989 0.010000000000000309 -0.0317168282638318 0.0077759260703328
7.599999999999989 0.02000000000000031 -0.0305187454449275 0.006140991992219
7.599999999999989 0.03000000000000031 -0.0307519004803832 0.0050927585339995
7.599999999999989 0.04000000000000031 -0.0326036536895102 0.0045233073352622
7.599999999999989 0.050000000000000315 -0.0363438356277014 0.0043625178115517
7.599999999999989 0.06000000000000032 -0.042352139476854 0.0045717016804653
7.599999999999989 0.07000000000000031 -0.0511519644547926 0.0051394164336771
7.599999999999989 0.08000000000000031 -0.0634535287005818 0.0060790779815185
7.599999999999989 0.0900000000000003 -0.080209680072616 0.0074280974352627
7.599999999999989 0.1000000000000003 -0.1026887094470341 0.0092483441673121
7.599999999999989 0.11000000000000029 -0.1325696747157198 0.0116277891331596
7.599999999999989 0.12000000000000029 -0.1720673606886611 0.0146832083879582
7.599999999999989 0.13000000000000028 -0.2240961472535925 0.0185638229886968
7.599999999999989 0.1400000000000003 -0.2924848914594884 0.0234557102010112
7.599999999999989 0.1500000000000003 -0.3822586553154918 0.0295867289883892
7.599999999999989 0.1600000000000003 -0.5000080023731982 0.037231539816988
7.599999999999989 0.17000000000000032 -0.6543730005147476 0.0467160346126925
7.599999999999989 0.18000000000000033 -0.8566774754577376 0.0584200832101111
7.599999999999989 0.19000000000000034 -1.1217600750208263 0.0727768845217241
7.599999999999989 0.20000000000000034 -1.4690631349160588 0.0902662936864446
7.599999999999989 0.21000000000000035 -1.924059239430555 0.1113981527805814
7.599999999999989 0.22000000000000036 -2.520120128585572 0.1366797019584297
7.599999999999989 0.23000000000000037 -3.300965028944951 0.1665583367308959
7.599999999999989 0.24000000000000038 -4.323867949944416 0.2013269504052928
7.599999999999989 0.2500000000000004 -5.663859095836503 0.240973362320791
7.599999999999989 0.2600000000000004 -7.419228358050061 0.284947190602162
7.599999999999989 0.2700000000000004 -9.718734190443802 0.331806020052233
7.599999999999989 0.2800000000000004 -12.73104598673547 0.3786865047004364
7.599999999999989 0.2900000000000004 -16.677111474749378 0.4205232767716339
7.599999999999989 0.30000000000000043 -21.84635451768615 0.4489066436799448
7.599999999999989 0.31000000000000044 -28.61788863183369 0.4504254955304249
7.599999999999989 0.32000000000000045 -37.48829784090416 0.4042797217888909
7.599999999999989 0.33000000000000046 -49.10801578652038 0.2788599981184342
7.599999999999989 0.34000000000000047 -64.32896106004813 0.0268727594584354
7.599999999999989 0.3500000000000005 -84.26690692240601 -0.4215782595372204
7.599999999999989 0.3600000000000005 -110.38313624531405 -1.1687729229967345
7.599999999999989 0.3700000000000005 -144.59133508109304 -2.3631554836978412
7.599999999999989 0.3800000000000005 -189.39751183085934 -4.218692276908293
7.599999999999989 0.3900000000000005 -248.08312542655335 -7.0419892909079325
7.599999999999989 0.4000000000000005 -324.94473730348665 -11.270186932061472
7.599999999999989 0.41000000000000053 -425.6075925095042 -17.523796805385324
7.599999999999989 0.42000000000000054 -557.4358773722145 -26.680221831975626
7.599999999999989 0.43000000000000055 -730.0693754738289 -39.97586468955065
7.599999999999989 0.44000000000000056 -956.1253459504144 -59.14769618263891
7.599999999999989 0.45000000000000057 -1252.1163233351504 -86.62921891479438
7.599999999999989 0.4600000000000006 -1639.6500250344432 -125.8213233098927
7.599999999999989 0.4700000000000006 -2146.997741079473 -181.46613817389203
7.599999999999989 0.4800000000000006 -2811.14388654687 -260.16236872005277
7.599999999999989 0.4900000000000006 -3680.4636569232102 -371.07480008552534
7.599999999999989 0.5000000000000006 -4818.220322470447 -526.9099941396536
7.699999999999989 -0.5 -26338.679842245063 3213.179109097654
7.699999999999989 -0.49 -20058.60401694274 2156.0279844980896
7.699999999999989 -0.48 -15268.035902620228 1413.2935386247684
7.699999999999989 -0.47 -11615.32362012621 896.7036129614454
7.699999999999989 -0.45999999999999996 -8831.496482540353 541.8584668624314
7.699999999999989 -0.44999999999999996 -6710.895705067855 301.94199689808613
7.699999999999989 -0.43999999999999995 -5096.327741465768 143.05770193336386
7.699999999999989 -0.42999999999999994 -3867.687391933323 40.77588362162723
7.699999999999989 -0.41999999999999993 -2933.24225885482 -22.417434855207663
7.699999999999989 -0.4099999999999999 -2222.9579539504302 -59.00129589149352
7.699999999999989 -0.3999999999999999 -1683.3877608669281 -77.80313297641696
7.699999999999989 -0.3899999999999999 -1273.7612936195226 -85.01354831662248
7.699999999999989 -0.3799999999999999 -962.9918051580801 -84.92856868768538
7.699999999999989 -0.3699999999999999 -727.3871464055973 -80.49080469710908
7.699999999999989 -0.3599999999999999 -548.8995337608795 -73.68255726187132
7.699999999999989 -0.34999999999999987 -413.7877733582977 -65.81019761365697
7.699999999999989 -0.33999999999999986 -311.59512006038494 -57.70892347207081
7.699999999999989 -0.32999999999999985 -234.36859857823723 -49.88938503887348
7.699999999999989 -0.31999999999999984 -176.06298186567895 -42.6420199931804
7.699999999999989 -0.30999999999999983 -132.08593610821362 -36.11074156397594
7.699999999999989 -0.2999999999999998 -98.95104555328055 -30.344516882562534
7.699999999999989 -0.2899999999999998 -74.013248468986 -25.333076344299396
7.699999999999989 -0.2799999999999998 -55.26720381480733 -21.031300837633978
7.699999999999989 -0.2699999999999998 -41.19369363404225 -17.37558721456188
7.699999999999989 -0.2599999999999998 -30.642676301574664 -14.294577459109973
7.699999999999989 -0.24999999999999978 -22.744291898833875 -11.715967379660903
7.699999999999989 -0.23999999999999977 -16.8411758922636 -9.570622093719559
7.699999999999989 -0.22999999999999976 -12.437008772775497 -7.794870398976737
7.699999999999989 -0.21999999999999975 -9.157430676781168 -6.3315929527938115
7.699999999999989 -0.20999999999999974 -6.720368094350677 -5.1305338266343306
7.699999999999989 -0.19999999999999973 -4.913521110802036 -4.148132110802761
7.699999999999989 -0.18999999999999972 -3.5772951856578596 -3.347075551666267
7.699999999999989 -0.17999999999999972 -2.591870271087481 -2.6957112152120826
7.699999999999989 -0.1699999999999997 -1.8674119822330193 -2.1674011885947673
7.699999999999989 -0.1599999999999997 -1.3366674137836416 -1.7398787249099645
7.699999999999989 -0.1499999999999997 -0.9493695383753442 -1.3946378995882853
7.699999999999989 -0.13999999999999968 -0.6680122963966514 -1.11637479746625
7.699999999999989 -0.12999999999999967 -0.4646637171557133 -0.8924883298458917
7.699999999999989 -0.11999999999999968 -0.3185645112101316 -0.7126424369702035
7.699999999999989 -0.10999999999999968 -0.2143205111996696 -0.5683875507849665
7.699999999999989 -0.09999999999999969 -0.1405436713327999 -0.4528369835830173
7.699999999999989 -0.08999999999999969 -0.088831542333481 -0.3603928109419622
7.699999999999989 -0.0799999999999997 -0.0530018732597609 -0.2865154405022319
7.699999999999989 -0.0699999999999997 -0.0285192780331916 -0.2275311304068898
7.699999999999989 -0.0599999999999997 -0.0120662853861651 -0.1804720571649542
7.699999999999989 -0.0499999999999997 -0.001222741239374 -0.142944007688306
7.699999999999989 -0.039999999999999696 0.0057736533430707 -0.1130173023028964
7.699999999999989 -0.029999999999999694 0.0102062273560295 -0.0891370922699237
7.699999999999989 -0.01999999999999969 0.01301318825269 -0.0700496846065385
7.699999999999989 -0.009999999999999691 0.014888202610567 -0.0547420101721315
7.699999999999989 3.0878077872387166e-16 0.0163566587080383 -0.0423917582405823
7.699999999999989 0.010000000000000309 0.0178344697490971 -0.0323260476919069
7.699999999999989 0.02000000000000031 0.0196747473430693 -0.0239867900713247
7.699999999999989 0.03000000000000031 0.0222065843173885 -0.0169011228678928
7.699999999999989 0.04000000000000031 0.0257694449867022 -0.0106554521584768
7.699999999999989 0.050000000000000315 0.0307462078614479 -0.0048717408162885
7.699999999999989 0.06000000000000032 0.0375977011430507 0.0008152916966305
7.699999999999989 0.07000000000000031 0.0469015952303229 0.0067814358290695
7.699999999999989 0.08000000000000031 0.0593987665061508 0.0134382307288739
7.699999999999989 0.0900000000000003 0.0760507378296314 0.0212619094533732
7.699999999999989 0.1000000000000003 0.0981125666055794 0.0308281355701771
7.699999999999989 0.11000000000000029 0.1272266447456113 0.0428551213176255
7.699999999999989 0.12000000000000029 0.1655443743174518 0.0582584205038092
7.699999999999989 0.13000000000000028 0.2158846961796087 0.078221649068154
7.699999999999989 0.1400000000000003 0.2819411221203743 0.1042886820700485
7.699999999999989 0.1500000000000003 0.3685524479236938 0.1384846142146688
7.699999999999989 0.1600000000000003 0.4820569616337594 0.1834750941558564
7.699999999999989 0.17000000000000032 0.6307560452205182 0.2427767406695642
7.699999999999989 0.18000000000000033 0.8255210412759443 0.3210354746787503
7.699999999999989 0.19000000000000034 1.080587699036983 0.4243950927146537
7.699999999999989 0.20000000000000034 1.4145961849330495 0.5609857147530842
7.699999999999989 0.21000000000000035 1.8519525351026696 0.7415714622512983
7.699999999999989 0.22000000000000036 2.424610839848389 0.9804096600230437
7.699999999999989 0.23000000000000037 3.1744060812047894 1.2963910739518243
7.699999999999989 0.24000000000000038 4.156107614851123 1.714553616210815
7.699999999999989 0.2500000000000004 5.441415698043446 2.268092465329296
7.699999999999989 0.2600000000000004 7.1241920072770935 3.0010301873292713
7.699999999999989 0.2700000000000004 9.327304715366626 3.9717645780849473
7.699999999999989 0.2800000000000004 12.211585875234848 5.25778407551432
7.699999999999989 0.2900000000000004 15.987552031285649 6.961936719270163
7.699999999999989 0.30000000000000043 20.93073917066085 9.220766783711971
7.699999999999989 0.31000000000000044 27.401764717999967 12.215604085008408
7.699999999999989 0.32000000000000045 35.87257102821594 16.187318867449726
7.699999999999989 0.33000000000000046 46.96075120422705 21.45595921463197
7.699999999999989 0.34000000000000047 61.47444094409549 28.446893639517917
7.699999999999989 0.3500000000000005 80.47102104527056 37.7256230055301
7.699999999999989 0.3600000000000005 105.3338682593085 50.04414883139037
7.699999999999989 0.3700000000000005 137.87268781093712 66.40275031565608
7.699999999999989 0.3800000000000005 180.45465067084933 88.13231162612801
7.699999999999989 0.3900000000000005 236.17576169458513 117.00406318624722
7.699999999999989 0.4000000000000005 309.08475574524164 155.37590171895835
7.699999999999989 0.41000000000000053 404.47555881312286 206.38752880368875
7.699999999999989 0.42000000000000054 529.269220589326 274.22075771558116
7.699999999999989 0.43000000000000055 692.5125618346381 364.44683263341943
7.699999999999989 0.44000000000000056 906.0290218447911 484.48995030873056
7.699999999999989 0.45000000000000057 1185.2679045845448 644.2459974214993
7.699999999999989 0.4600000000000006 1550.4121384984935 856.9086541129325
7.699999999999989 0.4700000000000006 2027.8227294225237 1140.0725857104846
7.699999999999989 0.4800000000000006 2651.9215165320284 1517.2069495274764
7.699999999999989 0.4900000000000006 3467.6442062111723 2019.6238879592481
7.699999999999989 0.5000000000000006 4533.634974086752 2689.108747583747
7.799999999999988 -0.5 26452.436772420177 -16080.347163217095
7.799999999999988 -0.49 20402.327653642416 -11944.242795773056
7.799999999999988 -0.48 15732.28170504076 -8854.609794673983
7.799999999999988 -0.47 12128.300143727802 -6550.081190357166
7.799999999999988 -0.45999999999999996 9347.6519619457 -4833.893576599972
7.799999999999988 -0.44999999999999996 7202.736772953522 -3558.0546772526664
7.799999999999988 -0.43999999999999995 5548.593111429218 -2611.3633059019962
7.799999999999988 -0.42999999999999994 4273.230549906833 -1910.350022766588
7.799999999999988 -0.41999999999999993 3290.148757462031 -1392.4309479821197
7.799999999999988 -0.4099999999999999 2532.5499378147856 -1010.7376607337463
7.799999999999988 -0.3999999999999999 1948.8622204422968 -730.2157055341527
7.799999999999988 -0.3899999999999999 1499.2777469263617 -524.6827025219129
7.799999999999988 -0.3799999999999999 1153.0759919441157 -374.61185726689575
7.799999999999988 -0.3699999999999999 886.5546289993754 -265.4634546379877
7.799999999999988 -0.3599999999999999 681.4303677564997 -186.43001697537366
7.799999999999988 -0.34999999999999987 523.6032701322065 -129.49349506191487
7.799999999999988 -0.33999999999999986 402.2021269609759 -88.71764194712084
7.799999999999988 -0.32999999999999985 308.8471216384507 -59.71749703040734
7.799999999999988 -0.31999999999999984 237.0804436168723 -39.262127751050784
7.799999999999988 -0.30999999999999983 181.92669062313135 -24.97753857774364
7.799999999999988 -0.2999999999999998 139.55354868680215 -15.124797456214102
7.799999999999988 -0.2899999999999998 107.009933037903 -8.434583208301916
7.799999999999988 -0.2799999999999998 82.02395205358587 -3.9840054810615855
7.799999999999988 -0.2699999999999998 62.84706272951857 -1.1050574146328056
7.799999999999988 -0.2599999999999998 48.13388460230031 0.6832924107875563
7.799999999999988 -0.24999999999999978 36.849534901394975 1.7253677043523012
7.799999999999988 -0.23999999999999977 28.198199913046462 2.2659089389290092
7.799999999999988 -0.22999999999999976 21.568089165834895 2.4774217044094806
7.799999999999988 -0.21999999999999975 16.489025373435094 2.480266792621484
7.799999999999988 -0.20999999999999974 12.599777835879316 2.3573721785364077
7.799999999999988 -0.19999999999999973 9.622907269995906 2.164968774426838
7.799999999999988 -0.18999999999999972 7.3453999620660415 1.9403935175245413
7.799999999999988 -0.17999999999999972 5.603762862848899 1.7077352505191186
7.799999999999988 -0.1699999999999997 4.272555188545148 1.4818985229488115
7.799999999999988 -0.1599999999999997 3.2555666739579503 1.2715109662897732
7.799999999999988 -0.1499999999999997 2.4790336343741384 1.0809885402936665
7.799999999999988 -0.13999999999999968 1.8864236333989324 0.9119901318879058
7.799999999999988 -0.12999999999999967 1.4344272556488735 0.7644315099812244
7.799999999999988 -0.11999999999999968 1.0898785313007893 0.637183093431117
7.799999999999988 -0.10999999999999968 0.8273895820687813 0.5285423207015016
7.799999999999988 -0.09999999999999969 0.6275344013798417 0.4365465809463512
7.799999999999988 -0.08999999999999969 0.4754547011650895 0.359174404950777
7.799999999999988 -0.0799999999999997 0.359790044143169 0.2944692225254584
7.799999999999988 -0.0699999999999997 0.2718570328323751 0.240610203591107
7.799999999999988 -0.0599999999999997 0.2050196871394758 0.1959475693504202
7.799999999999988 -0.0499999999999997 0.1542065007570679 0.1590145853206255
7.799999999999988 -0.039999999999999696 0.115539939884192 0.1285247079451474
7.799999999999988 -0.029999999999999694 0.0860520426442131 0.1033596640325498
7.799999999999988 -0.01999999999999969 0.0634658381842934 0.0825523106517216
7.799999999999988 -0.009999999999999691 0.0460269493716268 0.0652667399545247
7.799999999999988 3.0878077872387166e-16 0.0323732936932801 0.0507771012449901
7.799999999999988 0.010000000000000309 0.0214334996112368 0.0384458943234714
7.799999999999988 0.02000000000000031 0.0123466979589294 0.0277019558450509
7.799999999999988 0.03000000000000031 0.0043978720860758 0.018017947181823
7.799999999999988 0.04000000000000031 -0.0030359374579961 0.0088868055409182
7.799999999999988 0.050000000000000315 -0.0105325003603609 -0.0002037033250033
7.799999999999988 0.06000000000000032 -0.018667765599193 -0.0097995305958941
7.799999999999988 0.07000000000000031 -0.0280589104019185 -0.0205135771227254
7.799999999999988 0.08000000000000031 -0.0394102250351455 -0.0330656812419223
7.799999999999988 0.0900000000000003 -0.0535651950254073 -0.0483320411674875
7.799999999999988 0.1000000000000003 -0.0715685915568999 -0.0674075485139103
7.799999999999988 0.11000000000000029 -0.0947431063289094 -0.0916855576351997
7.799999999999988 0.12000000000000029 -0.1247861218727183 -0.122960999036998
7.799999999999988 0.13000000000000028 -0.1638936687345911 -0.16356457389999
7.799999999999988 0.1400000000000003 -0.2149205927791379 -0.2165381846707166
7.799999999999988 0.1500000000000003 -0.2815885817700188 -0.2858649532177483
7.799999999999988 0.1600000000000003 -0.3687571700629736 -0.376771403261321
7.799999999999988 0.17000000000000032 -0.482777404137426 -0.4961249680298266
7.799999999999988 0.18000000000000033 -0.6319538388707763 -0.652957364209114
7.799999999999988 0.19000000000000034 -0.8271483761537104 -0.8591541271145136
7.799999999999988 0.20000000000000034 -1.0825697177805058 -1.1303634944011764
7.799999999999988 0.21000000000000035 -1.416805620687262 -1.4871948689453145
7.799999999999988 0.22000000000000036 -1.8541726770838851 -1.9567996263734295
7.799999999999988 0.23000000000000037 -2.4264812508768068 -2.5749568347812066
7.799999999999988 0.24000000000000038 -3.175343123279406 -3.38882587603804
7.799999999999988 0.2500000000000004 -4.155188470491287 -4.460580117548965
7.799999999999988 0.2600000000000004 -5.437209798051173 -5.872204813417054
7.799999999999988 0.2700000000000004 -7.114517015334184 -7.731833794980938
7.799999999999988 0.2800000000000004 -9.308874669630601 -10.182120511602372
7.799999999999988 0.2900000000000004 -12.17950561433618 -13.411299247186944
7.799999999999988 0.30000000000000043 -15.934593048155104 -17.66780466472252
7.799999999999988 0.31000000000000044 -20.846305314768166 -23.279599209645642
7.799999999999988 0.32000000000000045 -27.27041858237251 -30.679730892944235
7.799999999999988 0.33000000000000046 -35.67193903666748 -40.440138540441986
7.799999999999988 0.34000000000000047 -46.65855122683725 -53.31637754597044
7.799999999999988 0.3500000000000005 -61.02427213010747 -70.30680940904813
7.799999999999988 0.3600000000000005 -79.80640944849523 -92.73095319941493
7.799999999999988 0.3700000000000005 -104.35985690629307 -122.33323008657057
7.799999999999988 0.3800000000000005 -136.4539725523011 -161.4203675742774
7.799999999999988 0.3900000000000005 -178.3988604558691 -213.04343355276927
7.799999999999988 0.4000000000000005 -233.20991760408452 -281.239061903474
7.799999999999988 0.41000000000000053 -304.8221525056492 -371.349204227333
7.799999999999988 0.42000000000000054 -398.3692049937808 -490.4450864788314
7.799999999999988 0.43000000000000055 -520.5464223918273 -647.8894844290178
7.799999999999988 0.44000000000000056 -680.0830626615106 -856.0826499479356
7.799999999999988 0.45000000000000057 -888.3560668636295 -1131.4521429528138
7.799999999999988 0.4600000000000006 -1160.187337785807 -1495.7666798473933
7.799999999999988 0.4700000000000006 -1514.8786710828779 -1977.8805353102603
7.799999999999988 0.4800000000000006 -1977.5541587986547 -2616.050212229471
7.799999999999988 0.4900000000000006 -2580.8999664151083 -3461.0119329512854
7.799999999999988 0.5000000000000006 -3367.4170573286283 -4580.0708815300795
7.899999999999988 -0.5 -19385.482616621757 31018.434980888564
7.899999999999988 -0.49 -15263.221180922315 23524.828772107106
7.899999999999988 -0.48 -12012.330005969749 17830.575153117807
7.899999999999988 -0.47 -9449.890530945679 13505.873199575859
7.899999999999988 -0.45999999999999996 -7431.069659632255 10223.119751827746
7.899999999999988 -0.44999999999999996 -5841.267494793497 7732.705812376879
7.899999999999988 -0.43999999999999995 -4589.864642638397 5844.524861310019
7.899999999999988 -0.42999999999999994 -3605.2481333277683 4413.849357955836
7.899999999999988 -0.41999999999999993 -2830.8581522453105 3330.546914839223
7.899999999999988 -0.4099999999999999 -2222.04882557831 2510.849092255635
7.899999999999988 -0.3999999999999999 -1743.5974850689233 1891.070686026306
7.899999999999988 -0.3899999999999999 -1367.7299946592873 1422.8189735407723
7.899999999999988 -0.3799999999999999 -1072.5563724413148 1069.3407727563651
7.899999999999988 -0.3699999999999999 -840.8323273055394 802.7381216347001
7.899999999999988 -0.3599999999999999 -658.979465357125 601.8468555150932
7.899999999999988 -0.34999999999999987 -516.3106321207396 450.6209107639617
7.899999999999988 -0.33999999999999986 -404.4178131880946 336.9023119317087
7.899999999999988 -0.32999999999999985 -316.68876096863323 251.48518606907146
7.899999999999988 -0.31999999999999984 -247.92548720249943 187.4038443234575
7.899999999999988 -0.30999999999999983 -194.04331346409347 139.39154936345508
7.899999999999988 -0.2999999999999998 -151.83358963682528 103.46925111640178
7.899999999999988 -0.2899999999999998 -118.77670193244393 76.63324408803174
7.899999999999988 -0.2799999999999998 -92.89478087096276 56.61808225732254
7.899999999999988 -0.2699999999999998 -72.63573265123509 41.716721700161166
7.899999999999988 -0.2599999999999998 -56.78197204111391 30.644159368258737
7.899999999999988 -0.24999999999999978 -44.37862518160454 22.434114422374293
7.899999999999988 -0.23999999999999977 -34.67707144162638 16.36079746910286
7.899999999999988 -0.22999999999999976 -27.090564387771362 11.879717389729608
7.899999999999988 -0.21999999999999975 -21.159360586008077 8.582926088281292
7.899999999999988 -0.20999999999999974 -16.523329146584658 6.165206059826363
7.899999999999988 -0.19999999999999973 -12.900444711562523 4.398546386522223
7.899999999999988 -0.18999999999999972 -10.069905829594568 3.1128923549703402
7.899999999999988 -0.17999999999999972 -7.858888296734314 2.1816402410108524
7.899999999999988 -0.1699999999999997 -6.132154073925315 1.5107184585908624
7.899999999999988 -0.1599999999999997 -4.783902710857808 1.0303770777871772
7.899999999999988 -0.1499999999999997 -3.7313832241757967 0.6890209218851402
7.899999999999988 -0.13999999999999968 -2.909887541458694 0.4485832398115546
7.899999999999988 -0.12999999999999967 -2.2688278175625194 0.2810596467519867
7.899999999999988 -0.11999999999999968 -1.768663808183494 0.1659150203047154
7.899999999999988 -0.10999999999999968 -1.3784967195576192 0.0881464770190748
7.899999999999988 -0.09999999999999969 -1.0741854419555952 0.0368388704394596
7.899999999999988 -0.08999999999999969 -0.8368721044831797 0.0040895804905377
7.899999999999988 -0.0799999999999997 -0.6518282624206925 -0.0157901530105571
7.899999999999988 -0.0699999999999997 -0.5075521664002612 -0.0268670757413731
7.899999999999988 -0.0599999999999997 -0.3950625839570025 -0.0320232881712393
7.899999999999988 -0.0499999999999997 -0.307346429112956 -0.0332783760855217
7.899999999999988 -0.039999999999999696 -0.2389266975953288 -0.0320256583181741
7.899999999999988 -0.029999999999999694 -0.1855244489337562 -0.0292044607626345
7.899999999999988 -0.01999999999999969 -0.143794250178719 -0.0254247124587284
7.899999999999988 -0.009999999999999691 -0.1111169354828713 -0.021055923956608
7.899999999999988 3.0878077872387166e-16 -0.0854370049112996 -0.0162894037054163
7.899999999999988 0.010000000000000309 -0.0651346909664706 -0.0111801308522509
7.899999999999988 0.02000000000000031 -0.0489248236038792 -0.0056728302921366
7.899999999999988 0.03000000000000031 -0.0357762493145102 0.0003846682927567
7.899999999999988 0.04000000000000031 -0.0248468040116806 0.0072388841849441
7.899999999999988 0.050000000000000315 -0.0154297769761731 0.0152380409536744
7.899999999999988 0.06000000000000032 -0.0069084894404759 0.0248493007823535
7.899999999999988 0.07000000000000031 0.0012839133554155 0.0366867144518468
7.899999999999988 0.08000000000000031 0.0097020665701696 0.0515516239260481
7.899999999999988 0.0900000000000003 0.0189258738594839 0.0704882685935755
7.899999999999988 0.1000000000000003 0.0296004075422656 0.094858554827111
7.899999999999988 0.11000000000000029 0.0424809602452615 0.1264414466122135
7.899999999999988 0.12000000000000029 0.0584863857354035 0.1675643392776555
7.899999999999988 0.13000000000000028 0.0787644822772313 0.221276236367274
7.899999999999988 0.1400000000000003 0.1047740497685082 0.2915757512800843
7.899999999999988 0.1500000000000003 0.1383894551656156 0.3837111474232372
7.899999999999988 0.1600000000000003 0.1820351548834908 0.5045751365441281
7.899999999999988 0.17000000000000032 0.2388597619705591 0.6632243994276411
7.899999999999988 0.18000000000000033 0.3129620602509895 0.8715633357339276
7.899999999999988 0.19000000000000034 0.4096850542053664 1.145244128266058
7.899999999999988 0.20000000000000034 0.5359989589889778 1.5048517954415654
7.899999999999988 0.21000000000000035 0.7010003137860201 1.9774647907911584
7.899999999999988 0.22000000000000036 0.916562577423994 2.59871059022123
7.899999999999988 0.23000000000000037 1.1981841999996918 3.415473834405758
7.899999999999988 0.24000000000000038 1.5660939858208651 4.48946493785986
7.899999999999988 0.2500000000000004 2.0466915117417965 5.901923570813051
7.899999999999988 0.2600000000000004 2.6744236550112332 7.759819269480155
7.899999999999988 0.2700000000000004 3.494228481090872 10.204027524276553
7.899999999999988 0.2800000000000004 4.564716858914126 13.420113156743462
7.899999999999988 0.2900000000000004 5.96231279742699 17.652555708462106
7.899999999999988 0.30000000000000043 7.786638953562963 23.22351994013376
7.899999999999988 0.31000000000000044 10.1675182989482 30.557629597435778
7.899999999999988 0.32000000000000045 13.274071980262606 40.214672478347545
7.899999999999988 0.33000000000000046 17.326533883904258 52.932786849532704
7.899999999999988 0.34000000000000047 22.611583106728173 69.68550291310945
7.899999999999988 0.3500000000000005 29.502227567836226 91.75710402059056
7.899999999999988 0.3600000000000005 38.48356940500899 120.84221788845255
7.899999999999988 0.3700000000000005 50.18616320583999 159.17746402015499
7.899999999999988 0.3800000000000005 65.42916354297128 209.71552375363464
7.899999999999988 0.3900000000000005 85.27607604748098 276.3553683074443
7.899999999999988 0.4000000000000005 111.10671005118752 364.2468497045604
7.899999999999988 0.41000000000000053 144.70992180783736 480.19379095086305
7.899999999999988 0.42000000000000054 188.40298517095988 633.1875861119216
7.899999999999988 0.43000000000000055 245.18499057645485 835.1137776921752
7.899999999999988 0.44000000000000056 318.9336225030828 1101.6879694606532
7.899999999999988 0.45000000000000057 414.6570792749487 1453.6958912795267
7.899999999999988 0.4600000000000006 538.8158641445193 1918.6369684820063
7.899999999999988 0.4700000000000006 699.7327838267345 2532.903373426838
7.899999999999988 0.4800000000000006 908.1138262401747 3344.669931616307
7.899999999999988 0.4900000000000006 1177.707720003701 4417.727992302863
7.899999999999988 0.5000000000000006 1526.1379268979083 5836.5732179029055
7.999999999999988 -0.5 2545.2030429743186 -43103.2621283742
7.999999999999988 -0.49 2500.449401098476 -33106.225265065594
7.999999999999988 -0.48 2346.584958116428 -25422.557216300956
7.999999999999988 -0.47 2135.075565645611 -19518.05323394571
7.999999999999988 -0.45999999999999996 1899.7262564490634 -14981.627777532074
7.999999999999988 -0.44999999999999996 1662.0292831850393 -11496.990438582116
7.999999999999988 -0.43999999999999995 1434.9981230703502 -8820.826850070276
7.999999999999988 -0.42999999999999994 1225.898381951366 -6765.993025405722
7.999999999999988 -0.41999999999999993 1038.178171709406 -5188.573056006852
7.999999999999988 -0.4099999999999999 872.820154717719 -3977.91351326766
7.999999999999988 -0.3999999999999999 729.2779380460319 -3048.9510721837714
7.999999999999988 -0.3899999999999999 606.1155326754256 -2336.306559123463
7.999999999999988 -0.3799999999999999 501.43618432751174 -1789.7394463546725
7.999999999999988 -0.3699999999999999 413.1630547881734 -1370.6499685773344
7.999999999999988 -0.3599999999999999 339.21676343999985 -1049.387848416102
7.999999999999988 -0.34999999999999987 277.6220317269099 -803.1819705177185
7.999999999999988 -0.33999999999999986 226.56637588862566 -614.5480042561783
7.999999999999988 -0.32999999999999985 184.42704978659023 -470.06384902129247
7.999999999999988 -0.31999999999999984 149.77757087606935 -359.4281051960233
7.999999999999988 -0.30999999999999983 121.38166567553083 -274.73628712663236
7.999999999999988 -0.2999999999999998 98.17997518529825 -209.92452494416256
7.999999999999988 -0.2899999999999998 79.27309201324901 -160.34207812889724
7.999999999999988 -0.2799999999999998 63.903258409307455 -122.4228978752214
7.999999999999988 -0.2699999999999998 51.436190622916556 -93.43333868502934
7.999999999999988 -0.2599999999999998 41.34390233503299 -71.2784031991257
7.999999999999988 -0.24999999999999978 33.189000014441184 -54.352971072403335
7.999999999999988 -0.23999999999999977 26.61065911109533 -41.427592438995944
7.999999999999988 -0.22999999999999976 21.312321038511996 -31.560834723916532
7.999999999999988 -0.21999999999999975 17.05104750121954 -24.03202427811285
7.999999999999988 -0.20999999999999974 13.62840991401243 -18.28964943742508
7.999999999999988 -0.19999999999999973 10.882762588215561 -13.911787633469261
7.999999999999988 -0.18999999999999972 8.68273860565086 -10.575761965183547
7.999999999999988 -0.17999999999999972 6.92180963177735 -8.034880573481422
7.999999999999988 -0.1699999999999997 5.513760381750195 -6.100610205372472
7.999999999999988 -0.1599999999999997 4.3889417137882125 -4.628918111391479
7.999999999999988 -0.1499999999999997 3.4911811896488993 -3.509810521878872
7.999999999999988 -0.13999999999999968 2.7752450153162678 -2.6593218842888615
7.999999999999988 -0.12999999999999967 2.2047597072643113 -2.0133825798858713
7.999999999999988 -0.11999999999999968 1.7505151442065812 -1.5231260998756326
7.999999999999988 -0.10999999999999968 1.3890826319521674 -1.151298974325383
7.999999999999988 -0.09999999999999969 1.1016921607573273 -0.8695152832896734
7.999999999999988 -0.08999999999999969 0.873322200910431 -0.6561578518027988
7.999999999999988 -0.0799999999999997 0.6919632519385506 -0.494774477004225
7.999999999999988 -0.0699999999999997 0.5480230528768613 -0.3728530139463585
7.999999999999988 -0.0599999999999997 0.433847006851095 -0.2808863598299291
7.999999999999988 -0.0499999999999997 0.343332104760223 -0.2116592479627529
7.999999999999988 -0.039999999999999696 0.2716165758304444 -0.1597047705748808
7.999999999999988 -0.029999999999999694 0.214830762809778 -0.1208908294272188
7.999999999999988 -0.01999999999999969 0.1698974202354632 -0.0921061378258454
7.999999999999988 -0.009999999999999691 0.1343718568144018 -0.0710226385494365
7.999999999999988 3.0878077872387166e-16 0.1063141667773077 -0.0559167762292566
7.999999999999988 0.010000000000000309 0.0841872882225661 -0.0455363687577409
7.999999999999988 0.02000000000000031 0.0667758470130492 -0.0390031692828535
7.999999999999988 0.03000000000000031 0.0531217419412335 -0.0357438391128923
7.999999999999988 0.04000000000000031 0.0424732422112283 -0.0354441522352815
7.999999999999988 0.050000000000000315 0.0342450369105411 -0.0380229764516176
7.999999999999988 0.06000000000000032 0.027987227824251 -0.0436240500399107
7.999999999999988 0.07000000000000031 0.0233617171284058 -0.0526249044869855
7.999999999999988 0.08000000000000031 0.0201248323082543 -0.0656635715835423
7.999999999999988 0.0900000000000003 0.01811537181285 -0.0836850529274694
7.999999999999988 0.1000000000000003 0.0172475647567518 -0.1080110221388103
7.999999999999988 0.11000000000000029 0.0175087341991217 -0.140437987504693
7.999999999999988 0.12000000000000029 0.0189617545132256 -0.1833712986907411
7.999999999999988 0.13000000000000028 0.0217527192031392 -0.2400050997954967
7.999999999999988 0.1400000000000003 0.0261246095093057 -0.3145618200987724
7.999999999999988 0.1500000000000003 0.0324382045113456 -0.4126093205957967
7.999999999999988 0.1600000000000003 0.041202035647313 -0.5414797262669967
7.999999999999988 0.17000000000000032 0.0531139082637655 -0.7108217256625875
7.999999999999988 0.18000000000000033 0.0691174496973628 -0.9333283080508172
7.999999999999988 0.19000000000000034 0.0904783764387002 -1.2256953205853043
7.999999999999988 0.20000000000000034 0.1188868073405268 -1.609883900971233
7.999999999999988 0.21000000000000035 0.1565941264092097 -2.1147831443358327
7.999999999999988 0.22000000000000036 0.2065958065434608 -2.778400105595728
7.999999999999988 0.23000000000000037 0.2728754991853574 -3.650744811983993
7.999999999999988 0.24000000000000038 0.360730917470005 -4.7976315271523635
7.999999999999988 0.2500000000000004 0.4772090557306446 -6.3056882524633515
7.999999999999988 0.2600000000000004 0.6316877231498512 -8.288959910392778
7.999999999999988 0.2700000000000004 0.8366530730566056 -10.897614161015875
7.999999999999988 0.2800000000000004 1.1087399330304717 -14.329422066066229
7.999999999999988 0.2900000000000004 1.4701248471002977 -18.84490170190399
7.999999999999988 0.30000000000000043 1.9503929532150233 -24.78729838614216
7.999999999999988 0.31000000000000044 2.5890420254284336 -32.60895303392332
7.999999999999988 0.32000000000000045 3.438844144908985 -42.906110291248105
7.999999999999988 0.33000000000000046 4.5703628917113575 -56.46488030349336
7.999999999999988 0.34000000000000047 6.078028992635067 -74.32194509873953
7.999999999999988 0.3500000000000005 8.088320028267928 -97.84476276029731
7.999999999999988 0.3600000000000005 10.770783787331121 -128.83756304449545
7.999999999999988 0.3700000000000005 14.352908917559942 -169.68147076077378
7.999999999999988 0.3800000000000005 19.140206384112233 -223.5198028080489
7.999999999999988 0.3900000000000005 25.54335623020686 -294.50318039383734
7.999999999999988 0.4000000000000005 34.114944792969936 -388.113871288061
7.999999999999988 0.41000000000000053 45.59923467535008 -511.5951162674797
7.999999999999988 0.42000000000000054 60.99966547079012 -674.5196163916737
7.999999999999988 0.43000000000000055 81.67050445535081 -889.54255262651
7.999999999999988 0.44000000000000056 109.44142854247038 -1173.3993954627672
7.999999999999988 0.45000000000000057 146.7870641296842 -1548.2285651288607
7.999999999999988 0.4600000000000006 197.05797552304819 -2043.3253581712704
7.999999999999988 0.4700000000000006 264.7957401719795 -2697.4686468482773
7.999999999999988 0.4800000000000006 356.1632246396504 -3562.008599934076
7.999999999999988 0.4900000000000006 479.53287409556236 -4704.965963521389
7.999999999999988 0.5000000000000006 646.2919942257912 -6216.476486925195
8.099999999999987 -0.5 22715.679605407207 45199.81521866373
8.099999999999987 -0.49 16963.94843655733 35095.484480358
8.099999999999987 -0.48 12649.074836414855 27247.176162994107
8.099999999999987 -0.47 9415.962127077626 21151.818477594687
8.099999999999987 -0.45999999999999996 6996.500390754154 16418.373592002805
8.099999999999987 -0.44999999999999996 5188.413281816732 12742.921450566595
8.099999999999987 -0.43999999999999995 3839.2170535372234 9889.277099611461
8.099999999999987 -0.42999999999999994 2834.0628288816133 7673.914426766628
8.099999999999987 -0.41999999999999993 2086.5272372420072 5954.240914620501
8.099999999999987 -0.4099999999999999 1531.6405361401114 4619.479644866248
8.099999999999987 -0.3999999999999999 1120.6118869550005 3583.579620051366
8.099999999999987 -0.3899999999999999 816.8412628384301 2779.70382971928
8.099999999999987 -0.3799999999999999 592.9062306869513 2155.9444322834665
8.099999999999987 -0.3699999999999999 428.2869630146588 1671.9922333096474
8.099999999999987 -0.3599999999999999 307.6499398944969 1296.5482094044557
8.099999999999987 -0.34999999999999987 219.55419560586503 1005.3119686598097
8.099999999999987 -0.33999999999999986 155.47692624959333 779.4187254007098
8.099999999999987 -0.32999999999999985 109.08030016467808 604.2249138450901
8.099999999999987 -0.31999999999999984 75.66030409056819 468.3647755584697
8.099999999999987 -0.30999999999999983 51.73286255181223 363.0175337008023
8.099999999999987 -0.2999999999999998 34.72338784958787 281.3382066581198
8.099999999999987 -0.2899999999999998 22.73419174045151 218.01556627037348
8.099999999999987 -0.2799999999999998 14.370454985963688 168.92887440695606
8.099999999999987 -0.2699999999999998 8.610192202487198 130.88135212764203
8.099999999999987 -0.2599999999999998 4.7072351798551475 101.39324970016452
8.099999999999987 -0.24999999999999978 2.1189678477992375 78.54120586987712
8.099999999999987 -0.23999999999999977 0.4525927707978634 60.833554170923215
8.099999999999987 -0.22999999999999976 -0.5747463691045346 47.11354193522882
8.099999999999987 -0.21999999999999975 -1.1654971251127677 36.4842211747112
8.099999999999987 -0.20999999999999974 -1.4635187657948092 28.250164164746355
8.099999999999987 -0.19999999999999973 -1.5701636083078812 21.872239377887336
8.099999999999987 -0.18999999999999972 -1.5560951614157406 16.932524643015196
8.099999999999987 -0.17999999999999972 -1.4699458267138608 13.107087871676958
8.099999999999987 -0.1699999999999997 -1.3446368306055465 10.144873255115325
8.099999999999987 -0.1599999999999997 -1.2019731198375467 7.851325029393815
8.099999999999987 -0.1499999999999997 -1.05596878255635 6.075687022201895
8.099999999999987 -0.13999999999999968 -0.9152410496040368 4.701153889621674
8.099999999999987 -0.12999999999999967 -0.7847232046622761 3.6372344990655807
8.099999999999987 -0.11999999999999968 -0.6668813420108132 2.8138311850465683
8.099999999999987 -0.10999999999999968 -0.5625712529850387 2.1766498193824857
8.099999999999987 -0.09999999999999969 -0.4716355825433943 1.6836419610443083
8.099999999999987 -0.08999999999999969 -0.3933146100697287 1.3022473485326505
8.099999999999987 -0.0799999999999997 -0.3265241980408234 1.0072569920979775
8.099999999999987 -0.0699999999999997 -0.2700398381776331 0.7791574717613909
8.099999999999987 -0.0599999999999997 -0.2226149744890698 0.6028483573940894
8.099999999999987 -0.0499999999999997 -0.1830539001802493 0.4666489641207757
8.099999999999987 -0.039999999999999696 -0.150253767443097 0.3615295127091864
8.099999999999987 -0.029999999999999694 -0.1232260620513002 0.2805164019882423
8.099999999999987 -0.01999999999999969 -0.1011048669955221 0.2182326678097801
8.099999999999987 -0.009999999999999691 -0.0831470661594722 0.1705435384274569
8.099999999999987 3.0878077872387166e-16 -0.0687280950668796 0.1342838735298062
8.099999999999987 0.010000000000000309 -0.0573357655702396 0.1070496410252144
8.099999999999987 0.02000000000000031 -0.0485639543870259 0.087039791881095
8.099999999999987 0.03000000000000031 -0.0421074647663293 0.0729382137421185
8.099999999999987 0.04000000000000031 -0.0377590850740588 0.0638280964793871
8.099999999999987 0.050000000000000315 -0.035409736258027 0.0591332021727085
8.099999999999987 0.06000000000000032 -0.0350525961408982 0.0585823418692058
8.099999999999987 0.07000000000000031 -0.0367921992747013 0.0621949435380137
8.099999999999987 0.08000000000000031 -0.0408597348671798 0.0702870580894421
8.099999999999987 0.0900000000000003 -0.0476361107937368 0.083498595100557
8.099999999999987 0.1000000000000003 -0.0576848384649284 0.1028441099264494
8.099999999999987 0.11000000000000029 -0.0717974527876747 0.1297911905199178
8.099999999999987 0.12000000000000029 -0.0910550591485178 0.1663725434811382
8.099999999999987 0.13000000000000028 -0.1169107580612057 0.2153404087850768
8.099999999999987 0.1400000000000003 -0.1512992225571196 0.2803751334327651
8.099999999999987 0.1500000000000003 -0.196781706460197 0.3663638508655196
8.099999999999987 0.1600000000000003 -0.2567373929976926 0.4797705620851078
8.099999999999987 0.17000000000000032 -0.3356154504309842 0.6291259092796776
8.099999999999987 0.18000000000000033 -0.4392667053572548 0.8256741155453071
8.099999999999987 0.19000000000000034 -0.5753798189373224 1.0842266488185757
8.099999999999987 0.20000000000000034 -0.7540547099617425 1.4242880961961288
8.099999999999987 0.21000000000000035 -0.9885563092474416 1.8715407508285713
8.099999999999987 0.22000000000000036 -1.2963053408842868 2.459802163427649
8.099999999999987 0.23000000000000037 -1.7001807476542155 3.2336065726476284
8.099999999999987 0.24000000000000038 -2.2302319835402176 4.251609588443127
8.099999999999987 0.2500000000000004 -2.925930498466643 5.591079583176479
8.099999999999987 0.2600000000000004 -3.839130733827001 7.353824015300529
8.099999999999987 0.2700000000000004 -5.037964996306722 9.674011092386277
8.099999999999987 0.2800000000000004 -6.611967865636153 12.728495694425213
8.099999999999987 0.2900000000000004 -8.678819853207953 16.750455166622995
8.099999999999987 0.30000000000000043 -11.393224187014065 22.047401180922076
8.099999999999987 0.31000000000000044 -14.958594552643786 29.024979255344103
8.099999999999987 0.32000000000000045 -19.642448220708438 38.21842549140015
8.099999999999987 0.33000000000000046 -25.796685274973413 50.33415759254735
8.099999999999987 0.34000000000000047 -33.88431322562138 66.30478343047668
8.099999999999987 0.3500000000000005 -44.514677155287806 87.36188079394732
8.099999999999987 0.3600000000000005 -58.48991856732563 115.13232368845877
8.099999999999987 0.3700000000000005 -76.86626429063989 151.7658198757662
8.099999999999987 0.3800000000000005 -101.03491067159533 200.10383623342324
8.099999999999987 0.3900000000000005 -132.8288117807188 263.90342976766686
8.099999999999987 0.4000000000000005 -174.66372868091 348.13394879956826
8.099999999999987 0.41000000000000053 -229.724616994854 459.37048975304486
8.099999999999987 0.42000000000000054 -302.2120451670196 606.3158830313369
8.099999999999987 0.43000000000000055 -397.66814420814336 800.493495940396
8.099999999999987 0.44000000000000056 -523.4079905303696 1057.1671637911209
8.099999999999987 0.45000000000000057 -689.090851612842 1396.5632736661357
8.099999999999987 0.4600000000000006 -907.477097248794 1845.4950120756125
8.099999999999987 0.4700000000000006 -1195.4317608480171 2439.522170699259
8.099999999999987 0.4800000000000006 -1575.2560220319356 3225.8245320121705
8.099999999999987 0.4900000000000006 -2076.4550194608155 4267.026553264802
8.099999999999987 0.5000000000000006 -2738.086746229372 5646.290971534023
8.199999999999987 -0.5 -49640.09267142272 -31279.880741341884
8.199999999999987 -0.49 -37958.847133058705 -24687.87412275469
8.199999999999987 -0.48 -29018.603707044334 -19477.46336884438
8.199999999999987 -0.47 -22177.830484900383 -15360.949568281421
8.199999999999987 -0.45999999999999996 -16944.799226785024 -12110.084425479408
8.199999999999987 -0.44999999999999996 -12942.67828399805 -9543.898894434156
8.199999999999987 -0.43999999999999995 -9882.743922405469 -7518.995316646915
8.199999999999987 -0.42999999999999994 -7543.825260186281 -5921.811584983146
8.199999999999987 -0.41999999999999993 -5756.534899574527 -4662.462088496256
8.199999999999987 -0.4099999999999999 -4391.1730914042455 -3669.8380536183536
8.199999999999987 -0.3999999999999999 -3348.451290455903 -2887.712768564035
8.199999999999987 -0.3899999999999999 -2552.3792127840784 -2271.6478546044777
8.199999999999987 -0.3799999999999999 -1944.8118170414543 -1786.537527658351
8.199999999999987 -0.3699999999999999 -1481.2696309928008 -1404.6605592367423
8.199999999999987 -0.3599999999999999 -1127.7357061431499 -1104.1359349680881
8.199999999999987 -0.34999999999999987 -858.201492322461 -867.6992741845651
8.199999999999987 -0.33999999999999986 -652.7869115011723 -681.7339328766093
8.199999999999987 -0.32999999999999985 -496.3005896549083 -535.5041892950245
8.199999999999987 -0.31999999999999984 -377.1374312744995 -420.5486736064726
8.199999999999987 -0.30999999999999983 -286.4346864181684 -330.20078856741486
8.199999999999987 -0.2999999999999998 -217.4260502673928 -259.20971101038566
8.199999999999987 -0.2899999999999998 -164.9474446717615 -203.44101296517533
8.199999999999987 -0.2799999999999998 -125.05895469378045 -159.64027679193416
8.199999999999987 -0.2699999999999998 -94.75569454213297 -125.24652560992986
8.199999999999987 -0.2599999999999998 -71.74674310650995 -98.24502869464767
8.199999999999987 -0.24999999999999978 -54.28616998859561 -77.05121549965462
8.199999999999987 -0.23999999999999977 -41.04391424294175 -60.41915672792373
8.199999999999987 -0.22999999999999976 -31.00714542672239 -47.369438391497205
8.199999999999987 -0.21999999999999975 -23.404933714607264 -37.132338410841854
8.199999999999987 -0.20999999999999974 -17.65073908373229 -29.103073467352033
8.199999999999987 -0.19999999999999973 -13.298518844943306 -22.806563073054
8.199999999999987 -0.18999999999999972 -10.009240091151147 -17.86969518300155
8.199999999999987 -0.17999999999999972 -7.525339513362427 -13.999502578822185
8.199999999999987 -0.1699999999999997 -5.651251609338973 -10.965995073291229
8.199999999999987 -0.1599999999999997 -4.238569064158758 -8.588657882835063
8.199999999999987 -0.1499999999999997 -3.1747378173152834 -6.725836007905361
8.199999999999987 -0.13999999999999968 -2.374448419643002 -5.266389820239846
8.199999999999987 -0.12999999999999967 -1.7730834008635012 -4.123137527608674
8.199999999999987 -0.11999999999999968 -1.3217318220200602 -3.227703092486514
8.199999999999987 -0.10999999999999968 -0.9833979350188868 -2.526469316012448
8.199999999999987 -0.09999999999999969 -0.7301193054286294 -1.9773997466680304
8.199999999999987 -0.08999999999999969 -0.540777299167439 -1.5475434585720853
8.199999999999987 -0.0799999999999997 -0.3994344061049186 -1.2110764316567906
8.199999999999987 -0.0699999999999997 -0.2940722367246713 -0.9477645179937746
8.199999999999987 -0.0599999999999997 -0.2156340603911539 -0.7417575820976919
8.199999999999987 -0.0499999999999997 -0.1572986567966826 -0.5806437687196004
8.199999999999987 -0.039999999999999696 -0.1139297087295884 -0.4547080927084726
8.199999999999987 -0.029999999999999694 -0.0816582603261422 -0.3563515403730295
8.199999999999987 -0.01999999999999969 -0.0575658824713599 -0.2796363135507966
8.199999999999987 -0.009999999999999691 -0.0394438753016596 -0.2199302833267008
8.199999999999987 3.0878077872387166e-16 -0.0256096678547894 -0.173629582065738
8.199999999999987 0.010000000000000309 -0.0147659811110944 -0.1379428917652098
8.199999999999987 0.02000000000000031 -0.0058916322490023 -0.1107246544970848
8.199999999999987 0.03000000000000031 0.0018446767964226 -0.0903473524517389
8.199999999999987 0.04000000000000031 0.0091544388841178 -0.0756053536046253
8.199999999999987 0.050000000000000315 0.0166888616034371 -0.0656447344361302
8.199999999999987 0.06000000000000032 0.0250925467981667 -0.0599150891988994
8.199999999999987 0.07000000000000031 0.0350555574878692 -0.0581407143067927
8.199999999999987 0.08000000000000031 0.0473679320012674 -0.06030980354808
8.199999999999987 0.0900000000000003 0.0629808465130345 -0.0666814862623249
8.199999999999987 0.1000000000000003 0.0830790871168956 -0.0778117672367993
8.199999999999987 0.11000000000000029 0.1091703041788336 -0.0946007699528308
8.199999999999987 0.12000000000000029 0.1431977444782249 -0.1183652414225757
8.199999999999987 0.13000000000000028 0.1876848808768698 -0.150942163337685
8.199999999999987 0.1400000000000003 0.2459227128605702 -0.1948316742667679
8.199999999999987 0.1500000000000003 0.3222136693602111 -0.2533905235739646
8.199999999999987 0.1600000000000003 0.4221902431922914 -0.3310911850830562
8.199999999999987 0.17000000000000032 0.5532320376931439 -0.4338668646657708
8.199999999999987 0.18000000000000033 0.7250122257105327 -0.5695693448286413
8.199999999999987 0.19000000000000034 0.9502140570194278 -0.7485754541136703
8.199999999999987 0.20000000000000034 1.2454707246646675 -0.9845896352099544
8.199999999999987 0.21000000000000035 1.6325985647915866 -1.2957055484335884
8.199999999999987 0.22000000000000036 2.140215470151941 -1.7058101282881837
8.199999999999987 0.23000000000000037 2.8058651923901246 -2.246440659968623
8.199999999999987 0.24000000000000038 3.6788060610436704 -2.9592414536762868
8.199999999999987 0.2500000000000004 4.823672412416232 -3.8992144865880953
8.199999999999987 0.2600000000000004 6.325282456894111 -5.1390218417796705
8.199999999999987 0.2700000000000004 8.294952366867125 -6.774682077933045
8.199999999999987 0.2800000000000004 10.878789555699207 -8.933114714709912
8.199999999999987 0.2900000000000004 14.268587025648994 -11.782136020543724
8.199999999999987 0.30000000000000043 18.71613660063179 -15.543707525217462
8.199999999999987 0.31000000000000044 24.552036737519547 -20.51150254936652
8.199999999999987 0.32000000000000045 32.21041008352105 -27.07420745836589
8.199999999999987 0.33000000000000046 42.26139294138481 -35.746442601131875
8.199999999999987 0.34000000000000047 55.453847519665466 -47.209812168339994
8.199999999999987 0.3500000000000005 72.77152341874317 -62.367424947171365
8.199999999999987 0.3600000000000005 95.50691682660816 -82.41633941023751
8.199999999999987 0.3700000000000005 125.35842307574295 -108.9438709087619
8.199999999999987 0.3800000000000005 164.55815454026717 -144.05568222869292
8.199999999999987 0.3900000000000005 216.04013879721518 -190.54623090570422
8.199999999999987 0.4000000000000005 283.6617033454969 -252.12569513703906
8.199999999999987 0.41000000000000053 372.4949335282183 -333.7222508733999
8.199999999999987 0.42000000000000054 489.2104781134972 -441.8849373426993
8.199999999999987 0.43000000000000055 642.5830941143374 -585.3208809737553
8.199999999999987 0.44000000000000056 844.1577280171276 -775.6120950065941
8.199999999999987 0.45000000000000057 1109.127366228308 -1028.1724406392743
8.199999999999987 0.4600000000000006 1457.490337485869 -1363.5259838147429
8.199999999999987 0.4700000000000006 1915.576521458867 -1809.0157444769968
8.199999999999987 0.4800000000000006 2518.0607484165766 -2401.089192596605
8.199999999999987 0.4900000000000006 3310.6198763363495 -3188.357153329039
8.199999999999987 0.5000000000000006 4353.440682223152 -4235.69058689887
8.299999999999986 -0.5 67334.20163021912 432.9479737577691
8.299999999999986 -0.49 52012.93850391622 1026.0138546494206
8.299999999999986 -0.48 40174.917046936585 1330.668383843198
8.299999999999986 -0.47 31028.88622988953 1446.6083189453104
8.299999999999986 -0.45999999999999996 23963.19092889989 1443.277234319538
8.299999999999986 -0.44999999999999996 18505.039684004787 1368.4312527536626
8.299999999999986 -0.43999999999999995 14289.00341493252 1254.3817606416912
8.299999999999986 -0.42999999999999994 11032.654704977815 1122.5268784549457
8.299999999999986 -0.41999999999999993 8517.730288257962 986.6257395487089
8.299999999999986 -0.4099999999999999 6575.565440767947 855.1519221746347
8.299999999999986 -0.3999999999999999 5075.832248958009 732.9746593084143
8.299999999999986 -0.3899999999999999 3917.832922161701 622.5511812318085
8.299999999999986 -0.3799999999999999 3023.7689123548794 524.7650635637818
8.299999999999986 -0.3699999999999999 2333.537819862759 439.5095076715291
8.299999999999986 -0.3599999999999999 1800.7115766695074 366.08788347344
8.299999999999986 -0.34999999999999987 1389.427928393313 303.484228936202
8.299999999999986 -0.33999999999999986 1071.9879816090227 250.54193965934653
8.299999999999986 -0.32999999999999985 826.9995693936422 206.07826105850586
8.299999999999986 -0.31999999999999984 637.9425290216665 168.95441871562466
8.299999999999986 -0.30999999999999983 492.0600916106462 138.11554730090992
8.299999999999986 -0.2999999999999998 379.50231895971336 112.61045292533046
8.299999999999986 -0.2899999999999998 292.6643306643854 91.59825780983135
8.299999999999986 -0.2799999999999998 225.67506111089918 74.34682578636365
8.299999999999986 -0.2699999999999998 174.00233474292463 60.22632751220891
8.299999999999986 -0.2599999999999998 134.14781711741205 48.700209417659615
8.299999999999986 -0.24999999999999978 103.41140548940679 39.31505811517489
8.299999999999986 -0.23999999999999977 79.70926570326833 31.690312554524198
8.299999999999986 -0.22999999999999976 61.43331116875909 25.50840393483278
8.299999999999986 -0.21999999999999975 47.34269376198557 20.505650371631425
8.299999999999986 -0.20999999999999974 36.48002051065381 16.46406475024908
8.299999999999986 -0.19999999999999973 28.106666882978107 13.204124891582858
8.299999999999986 -0.18999999999999972 21.65283795694557 10.578486983634335
8.299999999999986 -0.17999999999999972 16.67901818374339 8.466583222048074
8.299999999999986 -0.1699999999999997 12.84621496491792 6.770023537524669
8.299999999999986 -0.1599999999999997 9.892991929556581 5.408712671886237
8.299999999999986 -0.1499999999999997 7.6177441217894755 4.317593165563153
8.299999999999986 -0.13999999999999968 5.865019819635217 3.443928913567197
8.299999999999986 -0.12999999999999967 4.51496600115579 2.7450507156783783
8.299999999999986 -0.11999999999999968 3.4751847906363333 2.186493280894888
8.299999999999986 -0.10999999999999968 2.6744506506648587 1.7404615358292463
8.299999999999986 -0.09999999999999969 2.0578635271695447 1.3845722665841955
8.299999999999986 -0.08999999999999969 1.5831100198745074 1.100824764830355
8.299999999999986 -0.0799999999999997 1.217579442822901 0.8747610808339553
8.299999999999986 -0.0699999999999997 0.936139382385427 0.6947826425754632
8.299999999999986 -0.0599999999999997 0.7194199343636083 0.551595380127072
8.299999999999986 -0.0499999999999997 0.5524902049264258 0.4377601370901504
8.299999999999986 -0.039999999999999696 0.4238372071250596 0.3473291169953586
8.299999999999986 -0.029999999999999694 0.3245777629164226 0.2755524731977722
8.299999999999986 -0.01999999999999969 0.2478498095029538 0.2186419796605965
8.299999999999986 -0.009999999999999691 0.188341672542353 0.1735810888097034
8.299999999999986 3.0878077872387166e-16 0.141927227617923 0.1379726584541027
8.299999999999986 0.010000000000000309 0.1053820566090803 0.1099172737700382
8.299999999999986 0.02000000000000031 0.0761612020368133 0.0879164574181374
8.299999999999986 0.03000000000000031 0.0522233008589405 0.070796199777711
8.299999999999986 0.04000000000000031 0.0318890212082734 0.0576471952944387
8.299999999999986 0.050000000000000315 0.0137240426038374 0.0477789786134882
8.299999999999986 0.06000000000000032 -0.0035615324893132 0.0406858504000375
8.299999999999986 0.07000000000000031 -0.0212043607267376 0.0360230999034673
8.299999999999986 0.08000000000000031 -0.04047606068268 0.0335926005742689
8.299999999999986 0.0900000000000003 -0.062774718008452 0.0333374078759723
8.299999999999986 0.1000000000000003 -0.0897262764552092 0.0353455584221125
8.299999999999986 0.11000000000000029 -0.1233031743510358 0.0398638945232656
8.299999999999986 0.12000000000000029 -0.1659688975188655 0.0473234628790782
8.299999999999986 0.13000000000000028 -0.2208590664903894 0.0583789155359142
8.299999999999986 0.1400000000000003 -0.2920124051200456 0.0739654451089472
8.299999999999986 0.1500000000000003 -0.384668654121482 0.0953782048834506
8.299999999999986 0.1600000000000003 -0.5056554747551599 0.124381016140371
8.299999999999986 0.17000000000000032 -0.6638930072460971 0.163353606585984
8.299999999999986 0.18000000000000033 -0.8710535000796585 0.215489863724521
8.299999999999986 0.19000000000000034 -1.1424249640363908 0.2850639042366606
8.299999999999986 0.20000000000000034 -1.4980429910870596 0.3777865285346638
8.299999999999986 0.21000000000000035 -1.9641748487461343 0.5012823501768167
8.299999999999986 0.22000000000000036 -2.5752662095002035 0.6657282367692372
8.299999999999986 0.23000000000000037 -3.3764953679034626 0.8847075791214456
8.299999999999986 0.24000000000000038 -4.427125119312164 1.1763535395907097
8.299999999999986 0.2500000000000004 -5.804902022244878 1.5648794635282985
8.299999999999986 0.2600000000000004 -7.611831009295561 2.0826282869796566
8.299999999999986 0.2700000000000004 -9.981756124839746 2.772818030432669
8.299999999999986 0.2800000000000004 -13.090313278016238 3.693221369806092
8.299999999999986 0.2900000000000004 -17.167998468135536 4.921099274501925
8.299999999999986 0.30000000000000043 -22.517328332269948 6.559819166236536
8.299999999999986 0.31000000000000044 -29.53537666252723 8.74773694388544
8.299999999999986 0.32000000000000045 -38.74337387305326 11.670123016878657
8.299999999999986 0.33000000000000046 -50.825586696372575 15.5751834385242
8.299999999999986 0.34000000000000047 -66.68039270029495 20.795593046127692
8.299999999999986 0.3500000000000005 -87.48738124088392 27.7774516956141
8.299999999999986 0.3600000000000005 -114.79551856786475 37.11924265842559
8.299999999999986 0.3700000000000005 -150.63900128164192 49.624275687778564
8.299999999999986 0.3800000000000005 -197.68950941007608 66.37131989848022
8.299999999999986 0.3900000000000005 -259.4563162928641 88.80978723658154
8.299999999999986 0.4000000000000005 -340.5493256341468 118.88807069805151
8.299999999999986 0.41000000000000053 -447.0248609676152 159.22668319070806
8.299999999999986 0.42000000000000054 -586.840290855262 213.35196983161723
8.299999999999986 0.43000000000000055 -770.4518105797973 286.01176941427434
8.299999999999986 0.44000000000000056 -1011.6005451957166 383.6020128886863
8.299999999999986 0.45000000000000057 -1328.3464160692604 514.7435956540182
8.299999999999986 0.4600000000000006 -1744.428012551551 691.0629402996287
8.299999999999986 0.4700000000000006 -2291.0514674168944 928.2488361234545
8.299999999999986 0.4800000000000006 -3009.2439408099312 1247.4842607430821
8.299999999999986 0.4900000000000006 -3952.950266099307 1677.3875037904586
8.299999999999986 0.5000000000000006 -5193.107889362662 2256.645513150111
8.399999999999986 -0.5 -64852.21037300899 40551.68177569113
8.399999999999986 -0.49 -50525.42857475918 30736.483279012333
8.399999999999986 -0.48 -39360.92700629377 23283.62870657801
8.399999999999986 -0.47 -30661.353559250758 17627.289503935954
8.399999999999986 -0.45999999999999996 -23882.985185573973 13336.59611722332
8.399999999999986 -0.44999999999999996 -18601.91905091215 10083.566341276653
8.399999999999986 -0.43999999999999995 -14487.69534427403 7618.630483895884
8.399999999999986 -0.42999999999999994 -11282.720204968931 5751.959065013545
8.399999999999986 -0.41999999999999993 -8786.214928126721 4339.221468883631
8.399999999999986 -0.4099999999999999 -6841.697003670481 3270.7273164609087
8.399999999999986 -0.3999999999999999 -5327.216745557312 2463.149626499848
8.399999999999986 -0.3899999999999999 -4147.743659263212 1853.2179345514894
8.399999999999986 -0.3799999999999999 -3229.229735795251 1392.9141059116798
8.399999999999986 -0.3699999999999999 -2513.9807252537153 1045.8140756337157
8.399999999999986 -0.3599999999999999 -1957.0475210300858 784.303186297466
8.399999999999986 -0.34999999999999987 -1523.4130691400092 587.4573032973522
8.399999999999986 -0.33999999999999986 -1185.7996060264074 439.4311596711929
8.399999999999986 -0.32999999999999985 -922.9595690438063 328.23300754200085
8.399999999999986 -0.31999999999999984 -718.3435962857445 244.79337701247366
8.399999999999986 -0.30999999999999983 -559.0624947919571 182.25766589163527
8.399999999999986 -0.2999999999999998 -435.07835957441307 135.44901079538766
8.399999999999986 -0.2899999999999998 -338.5743033158341 100.46064956555257
8.399999999999986 -0.2799999999999998 -263.4633925055452 74.34671492430185
8.399999999999986 -0.2699999999999998 -205.00607061908528 54.8878168278503
8.399999999999986 -0.2599999999999998 -159.5121215948205 40.41342389699917
8.399999999999986 -0.24999999999999978 -124.1085078606232 29.667360971161177
8.399999999999986 -0.23999999999999977 -96.5585346929094 21.7060197523338
8.399999999999986 -0.22999999999999976 -75.12100279752288 15.821376573123167
8.399999999999986 -0.21999999999999975 -58.440513460821286 11.482811691703207
8.399999999999986 -0.20999999999999974 -45.46204126517366 8.293170215675737
8.399999999999986 -0.19999999999999973 -35.36440975549524 5.9556041283141505
8.399999999999986 -0.18999999999999972 -27.508490389764944 4.248570549626488
8.399999999999986 -0.17999999999999972 -21.396868546774417 3.006996292908907
8.399999999999986 -0.1699999999999997 -16.642439955846204 2.108100971289686
8.399999999999986 -0.1599999999999997 -12.943961614643841 1.4607369347474246
8.399999999999986 -0.1499999999999997 -10.06701812453341 0.997382023950336
8.399999999999986 -0.13999999999999968 -7.8292047254722545 0.6681317139965337
8.399999999999986 -0.12999999999999967 -6.088593456339563 0.4361968232175998
8.399999999999986 -0.11999999999999968 -4.734755406681904 0.2745338537382872
8.399999999999986 -0.10999999999999968 -3.6817729039015767 0.1633265450266642
8.399999999999986 -0.09999999999999969 -2.8628007820568895 0.0881064538555161
8.399999999999986 -0.08999999999999969 -2.2258334646489053 0.0383527142353357
8.399999999999986 -0.0799999999999997 -1.7304105886775432 0.0064506726326307
8.399999999999986 -0.0699999999999997 -1.3450530727216208 -0.0130810554637327
8.399999999999986 -0.0599999999999997 -1.0452676055410508 -0.0241630442186225
8.399999999999986 -0.0499999999999997 -0.8119933995764422 -0.0295779962078296
8.399999999999986 -0.039999999999999696 -0.6303929712130594 -0.0312823449131122
8.399999999999986 -0.029999999999999694 -0.4889104330323648 -0.0306350875610394
8.399999999999986 -0.01999999999999969 -0.378537679587576 -0.0285651848600625
8.399999999999986 -0.009999999999999691 -0.2922419811599273 -0.025693433084827
8.399999999999986 3.0878077872387166e-16 -0.224518696347488 -0.0224206370249384
8.399999999999986 0.010000000000000309 -0.171040716188604 -0.018990853295603
8.399999999999986 0.02000000000000031 -0.1283823571617578 -0.0155361782308874
8.399999999999986 0.03000000000000031 -0.0938001117019269 -0.0121078309235294
8.399999999999986 0.04000000000000031 -0.0650562372744796 -0.0086969846301443
8.399999999999986 0.050000000000000315 -0.0402738419550868 -0.0052478186850836
8.399999999999986 0.06000000000000032 -0.0178140721394645 -0.0016645146992292
8.399999999999986 0.07000000000000031 0.0038326541880085 0.0021866585825783
8.399999999999986 0.08000000000000031 0.0261486175657055 0.0064794868297319
8.399999999999986 0.0900000000000003 0.0506908973541752 0.0114338707328657
8.399999999999986 0.1000000000000003 0.0792006804318919 0.0173258242272059
8.399999999999986 0.11000000000000029 0.1137275020600459 0.0245017275491483
8.399999999999986 0.12000000000000029 0.1567773378116576 0.0333974441363139
8.399999999999986 0.13000000000000028 0.2114953049212007 0.0445632128334975
8.399999999999986 0.1400000000000003 0.281896356846262 0.0586955554494683
8.399999999999986 0.1500000000000003 0.3731609656274862 0.0766778082337609
8.399999999999986 0.1600000000000003 0.4920176550936469 0.0996313064122825
8.399999999999986 0.17000000000000032 0.6472407398867873 0.1289797333064071
8.399999999999986 0.18000000000000033 0.8503002275579239 0.1665296958333176
8.399999999999986 0.19000000000000034 1.1162121981782562 0.2145712062533326
8.399999999999986 0.20000000000000034 1.464652938760288 0.2760024256690468
8.399999999999986 0.21000000000000035 1.92141979910984 0.354483731390358
8.399999999999986 0.22000000000000036 2.520347626665912 0.4546268554609934
8.399999999999986 0.23000000000000037 3.3058236707491746 0.5822254130348172
8.399999999999986 0.24000000000000038 4.336088572721217 0.7445334437277968
8.399999999999986 0.2500000000000004 5.687569831953528 0.9505983819700994
8.399999999999986 0.2600000000000004 7.460571367198215 1.2116537732831727
8.399999999999986 0.2700000000000004 9.786744274350207 1.5415744816427879
8.399999999999986 0.2800000000000004 12.83889723213714 1.9573922151713423
8.399999999999986 0.2900000000000004 16.843880239158036 2.4798606342159775
8.399999999999986 0.30000000000000043 22.09950563842213 3.134045183047342
8.399999999999986 0.31000000000000044 28.996772994617857 3.949890303775257
8.399999999999986 0.32000000000000045 38.049062065734354 4.962681778848081
8.399999999999986 0.33000000000000046 49.93048072707167 6.2132687223289516
8.399999999999986 0.34000000000000047 65.52624151824926 7.747829730373312
8.399999999999986 0.3500000000000005 85.99884307509366 9.616848765137963
8.399999999999986 0.3600000000000005 112.87501885038886 11.872791129940039
8.399999999999986 0.3700000000000005 148.15997425267125 14.565713672513933
8.399999999999986 0.3800000000000005 194.4874815835694 17.735670985148584
8.399999999999986 0.3900000000000005 255.3170935080195 21.400241021456367
8.399999999999986 0.4000000000000005 335.1932718855553 25.534718683310473
8.399999999999986 0.41000000000000053 440.0858743078532 30.04141488358388
8.399999999999986 0.42000000000000054 577.8375429444662 34.70291074648664
8.399999999999986 0.43000000000000055 758.751554912901 39.11185383480684
8.399999999999986 0.44000000000000056 996.3642177889284 42.566666732901425
8.399999999999986 0.45000000000000057 1308.4597110811521 43.91797588168442
8.399999999999986 0.4600000000000006 1718.4034102578398 41.34410941626617
8.399999999999986 0.4700000000000006 2256.893527087971 32.024883639610245
8.399999999999986 0.4800000000000006 2964.262115473979 11.670013777417951
8.399999999999986 0.4900000000000006 3893.4974221214575 -26.15967547984993
8.399999999999986 0.5000000000000006 5114.213205630252 -91.02563283532992
8.499999999999986 -0.5 36647.7270664349 -77855.83293357675
8.499999999999986 -0.49 29034.194710266736 -59907.46579850515
8.499999999999986 -0.48 22991.099560728228 -46092.520903602934
8.499999999999986 -0.47 18197.286987583426 -35460.011097112365
8.499999999999986 -0.45999999999999996 14396.588711165381 -27277.54698828911
8.499999999999986 -0.44999999999999996 11384.845407282417 -20981.13199748552
8.499999999999986 -0.43999999999999995 8999.477112915953 -16136.478626052054
8.499999999999986 -0.42999999999999994 7111.112439474211 -12409.204019140401
8.499999999999986 -0.41999999999999993 5616.878529399855 -9541.868278710363
8.499999999999986 -0.4099999999999999 4435.028491971406 -7336.285741992813
8.499999999999986 -0.3999999999999999 3500.644371701565 -5639.899295820468
8.499999999999986 -0.3899999999999999 2762.2038117446864 -4335.285217581033
8.499999999999986 -0.3799999999999999 2178.839410139629 -3332.069890587516
8.499999999999986 -0.3699999999999999 1718.1529612777554 -2560.7045892312003
8.499999999999986 -0.3599999999999999 1354.4736970530132 -1967.6715912214265
8.499999999999986 -0.34999999999999987 1067.4714318850636 -1511.7928054908107
8.499999999999986 -0.33999999999999986 841.0531182739138 -1161.3875788554808
8.499999999999986 -0.32999999999999985 662.4855147649198 -892.084508161032
8.499999999999986 -0.31999999999999984 521.6980974598371 -685.1369049350693
8.499999999999986 -0.30999999999999983 410.7295349050637 -526.1260953707838
8.499999999999986 -0.2999999999999998 323.2884234851749 -403.963347867632
8.499999999999986 -0.2899999999999998 254.4048959394861 -310.12172118921
8.499999999999986 -0.2799999999999998 200.15445337153454 -238.04491977763522
8.499999999999986 -0.2699999999999998 157.43916144347352 -182.69240893124334
8.499999999999986 -0.2599999999999998 123.8143806839119 -140.1894138252332
8.499999999999986 -0.24999999999999978 97.35161948347253 -107.55764427653848
8.499999999999986 -0.23999999999999977 76.53002773246176 -82.50814611242238
8.499999999999986 -0.22999999999999976 60.150586835794115 -63.2819609714519
8.499999999999986 -0.21999999999999975 47.26827652050977 -48.52757290025127
8.499999999999986 -0.20999999999999974 37.138473442770824 -37.20665838773956
8.499999999999986 -0.19999999999999973 29.174611619648296 -28.521610756886794
8.499999999999986 -0.18999999999999972 22.914750608026953 -21.859814355990896
8.499999999999986 -0.17999999999999972 17.99518648411208 -16.750802168270063
8.499999999999986 -0.1699999999999997 14.129628897673227 -12.83332194489272
8.499999999999986 -0.1599999999999997 11.09277542581157 -9.830022114223661
8.499999999999986 -0.1499999999999997 8.707358594122532 -7.527996779086278
8.499999999999986 -0.13999999999999968 6.833934388346002 -5.763835472032959
8.499999999999986 -0.12999999999999967 5.362834293929227 -4.4121360159118685
8.499999999999986 -0.11999999999999968 4.20782418686471 -3.376679408359036
8.499999999999986 -0.10999999999999968 3.301109366354032 -2.583650725353987
8.499999999999986 -0.09999999999999969 2.589400920117017 -1.9764324088016147
8.499999999999986 -0.08999999999999969 2.0308186169460187 -1.51160581068194
8.499999999999986 -0.0799999999999997 1.5924529379632257 -1.1558810892967284
8.499999999999986 -0.0699999999999997 1.2484463128340964 -0.8837403238467002
8.499999999999986 -0.0599999999999997 0.978483200502844 -0.6756285208152157
8.499999999999986 -0.0499999999999997 0.7666019940311403 -0.5165654837776186
8.499999999999986 -0.039999999999999696 0.6002601406931916 -0.3950809656822511
8.499999999999986 -0.029999999999999694 0.469598383954031 -0.3023981649784442
8.499999999999986 -0.01999999999999969 0.3668614694426624 -0.2318080384215472
8.499999999999986 -0.009999999999999691 0.2859416570624272 -0.1781902955377934
8.499999999999986 3.0878077872387166e-16 0.2220184543178505 -0.1376472452529614
8.499999999999986 0.010000000000000309 0.171273531943046 -0.1072246024255923
8.499999999999986 0.02000000000000031 0.130664116076455 -0.0846994847105313
8.499999999999986 0.03000000000000031 0.0977415168836628 -0.0684205658168493
8.499999999999986 0.04000000000000031 0.0705040418512891 -0.0571890307222953
8.499999999999986 0.050000000000000315 0.047275498420036 -0.0501718590367229
8.499999999999986 0.06000000000000032 0.0266019238868406 -0.0468412459476031
8.499999999999986 0.07000000000000031 0.0071601683462011 -0.0469358157003451
8.499999999999986 0.08000000000000031 -0.0123274503011736 -0.0504408192822431
8.499999999999986 0.0900000000000003 -0.0331779752582481 -0.0575858429722092
8.499999999999986 0.1000000000000003 -0.0568378202998927 -0.068859780300261
8.499999999999986 0.11000000000000029 -0.0849841844648341 -0.0850440211981246
8.499999999999986 0.12000000000000029 -0.1196450604582632 -0.1072660707413283
8.499999999999986 0.13000000000000028 -0.1633465041858682 -0.137077210928375
8.499999999999986 0.1400000000000003 -0.2192979434991691 -0.1765594560365552
8.499999999999986 0.1500000000000003 -0.2916292096718726 -0.2284690334465143
8.499999999999986 0.1600000000000003 -0.3856968974098338 -0.2964260770525509
8.499999999999986 0.17000000000000032 -0.508482896383489 -0.3851633085025576
8.499999999999986 0.18000000000000033 -0.669114886096016 -0.5008504006478389
8.499999999999986 0.19000000000000034 -0.8795477718891928 -0.6515157167310149
8.499999999999986 0.20000000000000034 -1.1554571571831616 -0.847593512473169
8.499999999999986 0.21000000000000035 -1.517411910959098 -1.1026328743380684
8.499999999999986 0.22000000000000036 -1.9924139057804984 -1.434215149739366
8.499999999999986 0.23000000000000037 -2.615920657678724 -1.865140041217838
8.499999999999986 0.24000000000000038 -3.434502984078194 -2.4249576916219735
8.499999999999986 0.2500000000000004 -4.509337658139531 -3.151945995242443
8.499999999999986 0.2600000000000004 -5.920797993313462 -4.095660304744251
8.499999999999986 0.2700000000000004 -7.774488096413317 -5.320218260513771
8.499999999999986 0.2800000000000004 -10.209175436174215 -6.908527636055388
8.499999999999986 0.2900000000000004 -13.407219612621137 -8.96772233726859
8.499999999999986 0.30000000000000043 -17.60828359616298 -11.636144058204955
8.499999999999986 0.31000000000000044 -23.127361453308744 -15.09229831032827
8.499999999999986 0.32000000000000045 -30.378482378878022 -19.56632813914616
8.499999999999986 0.33000000000000046 -39.90587927616211 -25.354692276164403
8.499999999999986 0.34000000000000047 -52.4249734413551 -32.83891323010366
8.499999999999986 0.3500000000000005 -68.87626751246218 -42.50948248741123
8.499999999999986 0.3600000000000005 -90.49621240900157 -54.996283265731975
8.499999999999986 0.3700000000000005 -118.91039360157436 -71.10722583386543
8.499999999999986 0.3800000000000005 -156.25606361173917 -91.87719663029749
8.499999999999986 0.3900000000000005 -205.34325693772595 -118.62991062904676
8.499999999999986 0.4000000000000005 -269.8666255262472 -153.05583576265593
8.499999999999986 0.41000000000000053 -354.6839434985815 -197.3100346406959
8.499999999999986 0.42000000000000054 -466.1822319335178 -254.13454172527955
8.499999999999986 0.43000000000000055 -612.7590181290971 -327.01075134672726
8.499999999999986 0.44000000000000056 -805.4548525488615 -420.3482017291603
8.499999999999986 0.45000000000000057 -1058.7844921052308 -539.7170393155861
8.499999999999986 0.4600000000000006 -1391.8289441653196 -692.1322234772458
8.499999999999986 0.4700000000000006 -1829.669924436058 -886.397995505338
8.499999999999986 0.4800000000000006 -2405.2736088330876 -1133.5209839579175
8.499999999999986 0.4900000000000006 -3161.9636657975366 -1447.1990752120726
8.499999999999986 0.5000000000000006 -4156.66678797774 -1844.3901128926016
8.599999999999985 -0.5 13109.113189347294 95052.14717427755
8.599999999999985 -0.49 9373.85007088615 73670.12545561674
8.599999999999985 -0.48 6655.151021183349 57096.57519024992
8.599999999999985 -0.47 4684.779807799931 44250.477779112436
8.599999999999985 -0.45999999999999996 3263.7220801700096 34293.76818613583
8.599999999999985 -0.44999999999999996 2244.61832026685 26576.749953425366
8.599999999999985 -0.43999999999999995 1518.5971583796472 20595.76987659148
8.599999999999985 -0.42999999999999994 1005.4182554193527 15960.39979716066
8.599999999999985 -0.41999999999999993 646.1020514376272 12367.990750653998
8.599999999999985 -0.4099999999999999 397.4263507755652 9583.943886718851
8.599999999999985 -0.3999999999999999 227.8228292061239 7426.4142364165555
8.599999999999985 -0.3899999999999999 114.32214878675418 5754.451657781897
8.599999999999985 -0.3799999999999999 40.283582922822156 4458.806853060492
8.599999999999985 -0.3699999999999999 -6.2891917405220354 3454.803733597195
8.599999999999985 -0.3599999999999999 -33.99494535975283 2676.8138701386724
8.599999999999985 -0.34999999999999987 -48.95591023711548 2073.9730410511697
8.599999999999985 -0.33999999999999986 -55.496444154610124 1606.8607533087331
8.599999999999985 -0.32999999999999985 -56.641755768583806 1244.9263158838748
8.599999999999985 -0.31999999999999984 -54.48329170230441 964.4936682070924
8.599999999999985 -0.30999999999999983 -50.44552696417966 747.2148689356269
8.599999999999985 -0.2999999999999998 -45.48001895147419 578.8713841976113
8.599999999999985 -0.2899999999999998 -40.20594144191973 448.44498132335474
8.599999999999985 -0.2799999999999998 -35.01135139796926 347.3976085607955
8.599999999999985 -0.2699999999999998 -30.125738364391136 269.1132670714448
8.599999999999985 -0.2599999999999998 -25.671647806290412 208.46544552616666
8.599999999999985 -0.24999999999999978 -21.70111833134313 161.48187763351814
8.599999999999985 -0.23999999999999977 -18.22114987934404 125.08473226868158
8.599999999999985 -0.22999999999999976 -15.21129167423263 96.88926807802099
8.599999999999985 -0.21999999999999975 -12.635604578096515 75.04780018659609
8.599999999999985 -0.20999999999999974 -10.450637240949838 58.128784571157965
8.599999999999985 -0.19999999999999973 -8.610602839197535 45.02311856562965
8.599999999999985 -0.18999999999999972 -7.07061120969915 34.87153331102703
8.599999999999985 -0.17999999999999972 -5.788568461845699 27.008331635781413
8.599999999999985 -0.1699999999999997 -4.72617933552446 20.917792701591942
8.599999999999985 -0.1599999999999997 -3.849359304188092 16.20039243010415
8.599999999999985 -0.1499999999999997 -3.1282708110027797 12.546630236761334
8.599999999999985 -0.13999999999999968 -2.53713152528194 9.716749802857096
8.599999999999985 -0.12999999999999967 -2.0538950587581613 7.525026967055162
8.599999999999985 -0.11999999999999968 -1.659870982756509 5.8275964700552745
8.599999999999985 -0.10999999999999968 -1.3393274104483206 4.513020741034807
8.599999999999985 -0.09999999999999969 -1.0791030463381914 3.494983287916782
8.599999999999985 -0.08999999999999969 -0.8682444062477116 2.7066282620541626
8.599999999999985 -0.0799999999999997 -0.697676381234645 2.0961754935253802
8.599999999999985 -0.0699999999999997 -0.5599093744992552 1.6235237752572018
8.599999999999985 -0.0599999999999997 -0.4487830991698092 1.257619868913165
8.599999999999985 -0.0499999999999997 -0.3592452253619813 0.9744208420506594
8.599999999999985 -0.039999999999999696 -0.2871620063585066 0.7553162025898603
8.599999999999985 -0.029999999999999694 -0.2291575122658575 0.5859064142511538
8.599999999999985 -0.01999999999999969 -0.1824779555898083 0.4550577253236387
8.599999999999985 -0.009999999999999691 -0.1448776679239682 0.354171350527247
8.599999999999985 3.0878077872387166e-16 -0.1145234846277669 0.2766190968117354
8.599999999999985 0.010000000000000309 -0.0899145496433043 0.217308438498926
8.599999999999985 0.02000000000000031 -0.0698148212146595 0.1723485399709362
8.599999999999985 0.03000000000000031 -0.053195811235586 0.1387953515596782
8.599999999999985 0.04000000000000031 -0.039187305500605 0.1144591009111517
8.599999999999985 0.050000000000000315 -0.0270339739713572 0.0977616089124926
8.599999999999985 0.06000000000000032 -0.0160558765564622 0.0876341461797711
8.599999999999985 0.07000000000000031 -0.0056108883104846 0.0834492295787058
8.599999999999985 0.08000000000000031 0.0049430059918129 0.0849820155550846
8.599999999999985 0.0900000000000003 0.0162877824576676 0.0923989279210587
8.599999999999985 0.1000000000000003 0.0291903675966009 0.1062729942745276
8.599999999999985 0.11000000000000029 0.044555586831147 0.1276271806382405
8.599999999999985 0.12000000000000029 0.0634908092849512 0.1580089307263877
8.599999999999985 0.13000000000000028 0.0873869929984466 0.1996012645105396
8.599999999999985 0.1400000000000003 0.1180221498507572 0.2553783166831443
8.599999999999985 0.1500000000000003 0.1576950176493064 0.329316271390332
8.599999999999985 0.1600000000000003 0.2093990873500438 0.4266744848752489
8.599999999999985 0.17000000000000032 0.2770502708870586 0.5543664434958439
8.599999999999985 0.18000000000000033 0.3657856541894686 0.7214464107486069
8.599999999999985 0.19000000000000034 0.4823562841728734 0.9397455937070718
8.599999999999985 0.20000000000000034 0.6356442154828533 1.224701945017654
8.599999999999985 0.21000000000000035 0.8373436575994692 1.5964410028126652
8.599999999999985 0.22000000000000036 1.1028587619404984 2.081182347158689
8.599999999999985 0.23000000000000037 1.4524873573709645 2.713068462782788
8.599999999999985 0.24000000000000038 1.912982082216606 3.536541517045651
8.599999999999985 0.2500000000000004 2.5196095890471386 4.609430684433317
8.599999999999985 0.2600000000000004 3.318867082019499 6.006960609926951
8.599999999999985 0.2700000000000004 4.37206637674178 7.826953531273452
8.599999999999985 0.2800000000000004 5.7600628959976365 10.196577486898487
8.599999999999985 0.2900000000000004 7.589495737087602 13.281096062729535
8.599999999999985 0.30000000000000043 10.001022033100059 17.295207855528687
8.599999999999985 0.31000000000000044 13.180183332245248 22.517734656500867
8.599999999999985 0.32000000000000045 17.37174556583735 29.310637006720654
8.599999999999985 0.33000000000000046 22.898623083805088 38.14361789450161
8.599999999999985 0.34000000000000047 30.186851906844858 49.62593729816276
8.599999999999985 0.3500000000000005 39.79854502631102 64.54752401778299
8.599999999999985 0.3600000000000005 52.47537913034638 83.93206460273993
8.599999999999985 0.3700000000000005 69.19597469498046 109.10550725784472
8.599999999999985 0.3800000000000005 91.251601909555 141.7843855299357
8.599999999999985 0.3900000000000005 120.34605476667338 184.1895976492201
8.599999999999985 0.4000000000000005 158.7273915884078 239.19284168611114
8.599999999999985 0.41000000000000053 209.36168221789637 310.5048900285968
8.599999999999985 0.42000000000000054 276.16211331453576 402.9173952662712
8.599999999999985 0.43000000000000055 364.2910233197617 522.6130839443904
8.599999999999985 0.44000000000000056 480.557980740699 677.5631742701843
8.599999999999985 0.45000000000000057 633.944291701306 878.0358418659735
8.599999999999985 0.4600000000000006 836.2938567663806 1137.2457857744837
8.599999999999985 0.4700000000000006 1103.2227835528508 1472.18268977598
8.599999999999985 0.4800000000000006 1455.3164960894753 1904.6659523574665
8.599999999999985 0.4900000000000006 1919.7044223662936 2462.6848395828883
8.599999999999985 0.5000000000000006 2532.130181293853 3182.0976083446094
8.699999999999985 -0.5 -69789.09881281648 -79946.72309860597
8.699999999999985 -0.49 -53428.28045164464 -62416.716894822515
8.699999999999985 -0.48 -40895.7167136881 -48727.33049966991
8.699999999999985 -0.47 -31297.175297490543 -38037.8958048078
8.699999999999985 -0.45999999999999996 -23946.97851007945 -29691.573933899264
8.699999999999985 -0.44999999999999996 -18319.43333470778 -23175.201123311905
8.699999999999985 -0.43999999999999995 -14011.558033037867 -18087.895031747394
8.699999999999985 -0.42999999999999994 -10714.48106869281 -14116.512727993084
8.699999999999985 -0.41999999999999993 -8191.497073255027 -11016.466889160276
8.699999999999985 -0.4099999999999999 -6261.232355026509 -8596.731816705425
8.699999999999985 -0.3999999999999999 -4784.731764821905 -6708.1253049030565
8.699999999999985 -0.3899999999999999 -3655.554707400419 -5234.151503477799
8.699999999999985 -0.3799999999999999 -2792.1800326667585 -4083.8457112219885
8.699999999999985 -0.3699999999999999 -2132.182297649658 -3186.1839270603728
8.699999999999985 -0.3599999999999999 -1627.7668624853138 -2485.715336431429
8.699999999999985 -0.34999999999999987 -1242.347233727873 -1939.150493221366
8.699999999999985 -0.33999999999999986 -947.9217287096857 -1512.6962879506495
8.699999999999985 -0.32999999999999985 -723.0630776660105 -1179.9744077621829
8.699999999999985 -0.31999999999999984 -551.3779791554525 -920.3956610228314
8.699999999999985 -0.30999999999999983 -420.32693094897445 -717.8904254402131
8.699999999999985 -0.2999999999999998 -320.32021710358634 -559.9172788009357
8.699999999999985 -0.2899999999999998 -244.02554261681223 -436.68891224700496
8.699999999999985 -0.2799999999999998 -185.83785229897657 -340.5677451831779
8.699999999999985 -0.2699999999999998 -141.47341179293372 -265.59407025528765
8.699999999999985 -0.2599999999999998 -107.65908099092172 -207.1176913088014
8.699999999999985 -0.24999999999999978 -81.89449909795468 -161.5103734155536
8.699999999999985 -0.23999999999999977 -62.27010653045773 -125.9413902617261
8.699999999999985 -0.22999999999999976 -47.3279203339342 -98.20233405235366
8.699999999999985 -0.21999999999999975 -35.955039748238235 -76.57038398785629
8.699999999999985 -0.20999999999999974 -27.302204029204955 -59.70159687844837
8.699999999999985 -0.19999999999999973 -20.721522215311293 -46.54763263581256
8.699999999999985 -0.18999999999999972 -15.718871995778352 -36.29077159110079
8.699999999999985 -0.17999999999999972 -11.917520218057541 -28.293208434623878
8.699999999999985 -0.1699999999999997 -9.030326055311939 -22.05748829331729
8.699999999999985 -0.1599999999999997 -6.8385071002551 -17.195638156290705
8.699999999999985 -0.1499999999999997 -5.1754228768627115 -13.405083794857946
8.699999999999985 -0.13999999999999968 -3.9141933672232048 -10.449861522738859
8.699999999999985 -0.12999999999999967 -2.9582481265113825 -8.145961400162795
8.699999999999985 -0.11999999999999968 -2.2341143254246916 -6.349893951326455
8.699999999999985 -0.10999999999999968 -1.685914883921201 -4.949771875543133
8.699999999999985 -0.09999999999999969 -1.271172441788872 -3.8583538792680434
8.699999999999985 -0.08999999999999969 -0.957610214057754 -3.0076192373560136
8.699999999999985 -0.0799999999999997 -0.7207136690968183 -2.3445365026097558
8.699999999999985 -0.0699999999999997 -0.5418727037396589 -1.8277637755437353
8.699999999999985 -0.0599999999999997 -0.4069666005855843 -1.4250756910350306
8.699999999999985 -0.0499999999999997 -0.3052866216243771 -1.1113573431696901
8.699999999999985 -0.039999999999999696 -0.2287159803857314 -0.8670405399050746
8.699999999999985 -0.029999999999999694 -0.1711059489878231 -0.6768852303865498
8.699999999999985 -0.01999999999999969 -0.127801379665282 -0.5290303784887417
8.699999999999985 -0.009999999999999691 -0.095280010751083 -0.4142552931787146
8.699999999999985 3.0878077872387166e-16 -0.0708783942045782 -0.325405506392808
8.699999999999985 0.010000000000000309 -0.0525837448641804 -0.2569475230632234
8.699999999999985 0.02000000000000031 -0.0388759443170727 -0.2046247905990377
8.699999999999985 0.03000000000000031 -0.0286076969294073 -0.165193544757697
8.699999999999985 0.04000000000000031 -0.0209137093699754 -0.1362221778767899
8.699999999999985 0.050000000000000315 -0.0151419601022219 -0.1159417548634799
8.699999999999985 0.06000000000000032 -0.0108018044796731 -0.1031385210266521
8.699999999999985 0.07000000000000031 -0.0075249492505837 -0.0970819060620188
8.699999999999985 0.08000000000000031 -0.0050363239417418 -0.0974837986275381
8.699999999999985 0.0900000000000003 -0.0031326508395644 -0.1044868910669912
8.699999999999985 0.1000000000000003 -0.0016671294095505 -0.11868180502105
8.699999999999985 0.11000000000000029 -0.0005391529604719 -0.1411546314166951
8.699999999999985 0.12000000000000029 0.0003115944903033 -0.1735685808047476
8.699999999999985 0.13000000000000028 0.0009069189419746 -0.2182857815235498
8.699999999999985 0.1400000000000003 0.0012276397142308 -0.2785380434853476
8.699999999999985 0.1500000000000003 0.0012062930343326 -0.3586588155593643
8.699999999999985 0.1600000000000003 0.0007139512414493 -0.4643928398452377
8.699999999999985 0.17000000000000032 -0.0004605335107599 -0.6033054421087065
8.699999999999985 0.18000000000000033 -0.0026413646558108 -0.7853203701365884
8.699999999999985 0.19000000000000034 -0.0063102985630702 -1.0234240824812089
8.699999999999985 0.20000000000000034 -0.0121698397744947 -1.3345860192436045
8.699999999999985 0.21000000000000035 -0.0212321405744208 -1.7409594548894571
8.699999999999985 0.22000000000000036 -0.0349432926830104 -2.2714470757070573
8.699999999999985 0.23000000000000037 -0.0553563523537677 -2.9637407804144944
8.699999999999985 0.24000000000000038 -0.0853714191620549 -3.8669781040516287
8.699999999999985 0.2500000000000004 -0.1290678711193466 -5.045200353912904
8.699999999999985 0.2600000000000004 -0.192163090326182 -6.581852920455604
8.699999999999985 0.2700000000000004 -0.2826445665421625 -8.585640033019438
8.699999999999985 0.2800000000000004 -0.4116393179033752 -11.198139311218512
8.699999999999985 0.2900000000000004 -0.5946077053833658 -14.60370206981773
8.699999999999985 0.30000000000000043 -0.8529800769629234 -19.042321535273455
8.699999999999985 0.31000000000000044 -1.2163971325141367 -24.826353329036035
8.699999999999985 0.32000000000000045 -1.7257723112430028 -32.36223417141276
8.699999999999985 0.33000000000000046 -2.4374720491632664 -42.17868301904208
8.699999999999985 0.34000000000000047 -3.4290143739018606 -54.96330597063447
8.699999999999985 0.3500000000000005 -4.806827283691773 -71.61009079340663
8.699999999999985 0.3600000000000005 -6.716798104039478 -93.28100547248184
8.699999999999985 0.3700000000000005 -9.358600083214363 -121.48585475773847
8.699999999999985 0.3800000000000005 -13.005124928362015 -158.18575948214718
8.699999999999985 0.3900000000000005 -18.028809124283747 -205.92718249813348
8.699999999999985 0.4000000000000005 -24.937256650195348 -268.0154309006482
8.699999999999985 0.41000000000000053 -34.42138270323926 -348.73914248219256
8.699999999999985 0.42000000000000054 -47.420400469497984 -453.6605753336612
8.699999999999985 0.43000000000000055 -65.2094358625597 -589.9907671342855
8.699999999999985 0.44000000000000056 -89.5175019629834 -767.0740741900827
8.699999999999985 0.45000000000000057 -122.6861511957321 -997.013568615031
8.699999999999985 0.4600000000000006 -167.88255274014963 -1295.4776818915518
8.699999999999985 0.4700000000000006 -229.38528108777766 -1682.739861308262
8.699999999999985 0.4800000000000006 -312.96709474343197 -2185.0175175775635
8.699999999999985 0.4900000000000006 -426.4068797235469 -2836.195025282806
8.699999999999985 0.5000000000000006 -580.1733085074904 -3680.0390465731607
8.799999999999985 -0.5 112276.77467045464 31057.911164930043
8.799999999999985 -0.49 86725.50878036847 24830.270410955727
8.799999999999985 -0.48 66987.50327054127 19832.882178185966
8.799999999999985 -0.47 51740.50183094695 15827.410401495668
8.799999999999985 -0.45999999999999996 39962.927424029025 12620.481156416152
8.799999999999985 -0.44999999999999996 30865.524724034763 10055.518689674995
8.799999999999985 -0.43999999999999995 23838.5395827997 8005.977956567661
8.799999999999985 -0.42999999999999994 18410.904906653654 6369.758856633526
8.799999999999985 -0.41999999999999993 14218.70444420034 5064.613235467216
8.799999999999985 -0.4099999999999999 10980.805908035 4024.3808514612438
8.799999999999985 -0.3999999999999999 8480.033958739537 3195.9139105513955
8.799999999999985 -0.3899999999999999 6548.623847716727 2536.5709499287145
8.799999999999985 -0.3799999999999999 5056.98266531625 2012.1796166863803
8.799999999999985 -0.3699999999999999 3905.006278409992 1595.3842505618115
8.799999999999985 -0.3599999999999999 3015.3709344515614 1264.3082703060577
8.799999999999985 -0.34999999999999987 2328.35057072665 1001.4733737058914
8.799999999999985 -0.33999999999999986 1797.8129194922526 792.9277135261761
8.799999999999985 -0.32999999999999985 1388.1263598990402 627.5437330374053
8.799999999999985 -0.31999999999999984 1071.7704052490549 496.4534547314348
8.799999999999985 -0.30999999999999983 827.4898016107356 392.5949176656123
8.799999999999985 -0.2999999999999998 638.8685983066297 310.3483360278727
8.799999999999985 -0.2899999999999998 493.2286645374978 245.2445660982023
8.799999999999985 -0.2799999999999998 380.77884904262737 193.73176190100423
8.799999999999985 -0.2699999999999998 293.9577637788887 152.98879280644726
8.799999999999985 -0.2599999999999998 226.92614062366474 120.77619243150643
8.799999999999985 -0.24999999999999978 175.17472949570137 95.31719461758252
8.799999999999985 -0.23999999999999977 135.22144733158106 75.20286215896577
8.799999999999985 -0.22999999999999976 104.3774680139085 59.316488299385625
8.799999999999985 -0.21999999999999975 80.56656384891903 46.77340038375465
8.799999999999985 -0.20999999999999974 62.185578797391415 36.873061225278654
8.799999999999985 -0.19999999999999973 47.996671330504 29.060981093500107
8.799999999999985 -0.18999999999999972 37.044095149314266 22.89844992754776
8.799999999999985 -0.17999999999999972 28.58993173164054 18.038498466546162
8.799999999999985 -0.1699999999999997 22.064459977961704 14.20681724406223
8.799999999999985 -0.1599999999999997 17.02783027974494 11.186619086787806
8.799999999999985 -0.1499999999999997 13.140468925756856 8.806636279061463
8.799999999999985 -0.13999999999999968 10.140224727979978 6.931607937759967
8.799999999999985 -0.12999999999999967 7.8247223610898065 5.454744494833594
8.799999999999985 -0.11999999999999968 6.037736508481865 4.291761050310472
8.799999999999985 -0.10999999999999968 4.658670932573783 3.376155007496142
8.799999999999985 -0.09999999999999969 3.594435144705999 2.6554700742771105
8.799999999999985 -0.08999999999999969 2.773172428290274 2.088341816095069
8.799999999999985 -0.0799999999999997 2.139417373359197 1.6421622102418654
8.799999999999985 -0.0699999999999997 1.6503571581262366 1.2912342680915032
8.799999999999985 -0.0599999999999997 1.2729450110048401 1.0153145153801113
8.799999999999985 -0.0499999999999997 0.9816715848566419 0.7984623534581388
8.799999999999985 -0.039999999999999696 0.756844220557207 0.628132187669352
8.799999999999985 -0.029999999999999694 0.5832582401256295 0.4944575980716528
8.799999999999985 -0.01999999999999969 0.4491707849597009 0.3896874573976084
8.799999999999985 -0.009999999999999691 0.3455080737839946 0.3077423419292657
8.799999999999985 3.0878077872387166e-16 0.2652526655471957 0.2438662882099464
8.799999999999985 0.010000000000000309 0.2029694303888466 0.194354286024112
8.799999999999985 0.02000000000000031 0.154438271374497 0.1563401569867073
8.799999999999985 0.03000000000000031 0.1163688288077651 0.1276328821805301
8.799999999999985 0.04000000000000031 0.0861779209457446 0.1065922003803604
8.799999999999985 0.050000000000000315 0.0618147012434879 0.0920365544720318
8.799999999999985 0.06000000000000032 0.0416217271481181 0.0831783451927624
8.799999999999985 0.07000000000000031 0.0242225553116478 0.0795830663128443
8.799999999999985 0.08000000000000031 0.008428265846083 0.0811503385197901
8.799999999999985 0.0900000000000003 -0.0068434055765219 0.0881162173468156
8.799999999999985 0.1000000000000003 -0.0226417981555897 0.1010775076073389
8.799999999999985 0.11000000000000029 -0.0400549060775246 0.1210402595455434
8.799999999999985 0.12000000000000029 -0.060283646582332 0.1494962448816727
8.799999999999985 0.13000000000000028 -0.084723828610238 0.1885331228945848
8.799999999999985 0.1400000000000003 -0.115061342453927 0.2409863378539098
8.799999999999985 0.1500000000000003 -0.1533869640328846 0.3106436999425054
8.799999999999985 0.1600000000000003 -0.2023384615926266 0.4025172939261006
8.799999999999985 0.17000000000000032 -0.2652794904278632 0.5232020898681781
8.799999999999985 0.18000000000000033 -0.3465271772946975 0.6813467273916867
8.799999999999985 0.19000000000000034 -0.4516434842171707 0.8882698338401087
8.799999999999985 0.20000000000000034 -0.5878096035363622 1.1587654660162359
8.799999999999985 0.21000000000000035 -0.7643080350927801 1.5121545457680585
8.799999999999985 0.22000000000000036 -0.99314397174657 1.9736564128866567
8.799999999999985 0.23000000000000037 -1.2898466073327348 2.5761770393107257
8.799999999999985 0.24000000000000038 -1.6745025409200365 3.362639585849847
8.799999999999985 0.2500000000000004 -2.17308829837471 4.389020845619267
8.799999999999985 0.2600000000000004 -2.8191880405178753 5.72830631167431
8.799999999999985 0.2700000000000004 -3.6562069422204098 7.475640505520953
8.799999999999985 0.2800000000000004 -4.740221993707814 9.755032181380377
8.799999999999985 0.2900000000000004 -6.143651984483655 12.728081741579574
8.799999999999985 0.30000000000000043 -7.95997958543832 16.605337992014327
8.799999999999985 0.31000000000000044 -10.309823799857886 21.66107271791668
8.799999999999985 0.32000000000000045 -13.34874448600787 28.25249673487992
8.799999999999985 0.33000000000000046 -17.277267079666835 36.844745921630164
8.799999999999985 0.34000000000000047 -22.353751296031735 48.04336074907656
8.799999999999985 0.3500000000000005 -28.910900357983852 62.63649442679436
8.799999999999985 0.3600000000000005 -37.376927169172724 81.64974711074004
8.799999999999985 0.3700000000000005 -48.302673454873826 106.41738065433745
8.799999999999985 0.3800000000000005 -62.39633319846848 138.67477684125032
8.799999999999985 0.3900000000000005 -80.5678828772737 180.67843494439606
8.799999999999985 0.4000000000000005 -103.98589353232533 235.36165581122518
8.799999999999985 0.41000000000000053 -134.1501257733478 306.5364503866966
8.799999999999985 0.42000000000000054 -172.9842290750916 399.1552960672545
8.799999999999985 0.43000000000000055 -222.95403252189504 519.6503441619064
8.799999999999985 0.44000000000000056 -287.2183904300411 676.3728122828106
8.799999999999985 0.45000000000000057 -369.8214151622484 880.1619054216119
8.799999999999985 0.4600000000000006 -475.9372949886906 1145.0811202161408
8.799999999999985 0.4700000000000006 -612.1818890297524 1489.3707383774852
8.799999999999985 0.4800000000000006 -787.0090818685828 1936.6793987379044
8.799999999999985 0.4900000000000006 -1011.2146810228925 2517.655737582494
8.799999999999985 0.5000000000000006 -1298.5767240064429 3272.0043354819386
8.899999999999984 -0.5 -120734.99379490883 39383.758980621526
8.899999999999984 -0.49 -93760.14861479857 29724.65234168535
8.899999999999984 -0.48 -72811.51649260036 22418.001772928812
8.899999999999984 -0.47 -56542.977327064196 16894.244663863952
8.899999999999984 -0.45999999999999996 -43909.06771404827 12721.02299317567
8.899999999999984 -0.44999999999999996 -34097.83814266627 9570.275295649539
8.899999999999984 -0.43999999999999995 -26478.702315337243 7193.191574129766
8.899999999999984 -0.42999999999999994 -20561.931594873095 5401.158663433726
8.899999999999984 -0.41999999999999993 -15967.194664927818 4051.2681593003394
8.899999999999984 -0.4099999999999999 -12399.122849906485 3035.2983401267443
8.899999999999984 -0.3999999999999999 -9628.332375513508 2271.3404091619163
8.899999999999984 -0.3899999999999999 -7476.685062934698 1697.4368817373736
8.899999999999984 -0.3799999999999999 -5805.840991975511 1266.7505625565566
8.899999999999984 -0.3699999999999999 -4508.367985752146 943.8973996584575
8.899999999999984 -0.3599999999999999 -3500.8369141748512 702.1640408318352
8.899999999999984 -0.34999999999999987 -2718.4593138201453 521.3976279586196
8.899999999999984 -0.33999999999999986 -2110.9228570198316 386.4061871623695
8.899999999999984 -0.32999999999999985 -1639.157126914795 285.74668020990975
8.899999999999984 -0.31999999999999984 -1272.8219037146018 210.80725442562186
8.899999999999984 -0.30999999999999983 -988.3565746981542 155.11266113308957
8.899999999999984 -0.2999999999999998 -767.4653250577053 113.79888203138105
8.899999999999984 -0.2899999999999998 -595.9407621273651 83.21598688148958
8.899999999999984 -0.2799999999999998 -462.75036903973455 60.62811878318881
8.899999999999984 -0.2699999999999998 -359.32707137481935 43.98700786190637
8.899999999999984 -0.2599999999999998 -279.01831624057843 31.761116331114476
8.899999999999984 -0.24999999999999978 -216.65824968375335 22.806848816727936
8.899999999999984 -0.23999999999999977 -168.23548956841574 16.27154991372732
8.899999999999984 -0.22999999999999976 -130.6351351925405 11.520506215502282
8.899999999999984 -0.21999999999999975 -101.43842660334889 8.082062818497803
8.899999999999984 -0.20999999999999974 -78.76717234894947 5.6063993626273305
8.899999999999984 -0.19999999999999973 -61.16294234398235 3.83459816244371
8.899999999999984 -0.18999999999999972 -47.49325754108752 2.5754606664644366
8.899999999999984 -0.17999999999999972 -36.878743798631746 1.6881520087573054
8.899999999999984 -0.1699999999999997 -28.636565256896358 1.0692251559583121
8.899999999999984 -0.1599999999999997 -22.23649930422027 0.6429328393203764
8.899999999999984 -0.1499999999999997 -17.26682810805006 0.3540049841415744
8.899999999999984 -0.13999999999999968 -13.407852952117361 0.1622728718054814
8.899999999999984 -0.12999999999999967 -10.411327837457245 0.0386748457146745
8.899999999999984 -0.11999999999999968 -8.084489484682456 -0.0377058277151924
8.899999999999984 -0.10999999999999968 -6.277656490736933 -0.0818330854889356
8.899999999999984 -0.09999999999999969 -4.874599951049209 -0.1043366464965589
8.899999999999984 -0.08999999999999969 -3.785066116932884 -0.1127041098569661
8.899999999999984 -0.0799999999999997 -2.938970080185392 -0.1121565253006698
8.899999999999984 -0.0699999999999997 -2.28188696291319 -0.1062895289670232
8.899999999999984 -0.0599999999999997 -1.7715505526002466 -0.097541251170933
8.899999999999984 -0.0499999999999997 -1.375134127631813 -0.0875325627274489
8.899999999999984 -0.039999999999999696 -1.0671385345337854 -0.0773135318664706
8.899999999999984 -0.029999999999999694 -0.8277516410716935 -0.0675412336963594
8.899999999999984 -0.01999999999999969 -0.6415736113525504 -0.0586075500025726
8.899999999999984 -0.009999999999999691 -0.4966259803450465 -0.0507307634971071
8.899999999999984 3.0878077872387166e-16 -0.3835807591559953 -0.0440211705070654
8.899999999999984 0.010000000000000309 -0.2951599528903368 -0.0385282971979362
8.899999999999984 0.02000000000000031 -0.2256668299006324 -0.0342753736175658
8.899999999999984 0.03000000000000031 -0.1706187491248648 -0.0312853239702474
8.899999999999984 0.04000000000000031 -0.1264578752230328 -0.0296015430789796
8.899999999999984 0.050000000000000315 -0.0903211083080492 -0.0293060554226111
8.899999999999984 0.06000000000000032 -0.0598543468295562 -0.0305372290093675
8.899999999999984 0.07000000000000031 -0.033059031440457 -0.0335089976810405
8.899999999999984 0.08000000000000031 -0.0081609650622339 -0.0385335057683222
8.899999999999984 0.0900000000000003 0.0165072002146904 -0.0460492168754563
8.899999999999984 0.1000000000000003 0.0426175878186343 -0.0566568261792074
8.899999999999984 0.11000000000000029 0.0719602943830242 -0.0711657986233386
8.899999999999984 0.12000000000000029 0.1065658020531027 -0.0906550536052657
8.899999999999984 0.13000000000000028 0.1488449407369544 -0.1165522760329779
8.899999999999984 0.1400000000000003 0.2017559933646128 -0.1507376188284289
8.899999999999984 0.1500000000000003 0.2690104473824676 -0.1956792612749746
8.899999999999984 0.1600000000000003 0.355331590608327 -0.2546105186069346
8.899999999999984 0.17000000000000032 0.4667838144395154 -0.3317611158621884
8.899999999999984 0.18000000000000033 0.6111953729065497 -0.432659046223535
8.899999999999984 0.19000000000000034 0.7987037851862241 -0.564524395770583
8.899999999999984 0.20000000000000034 1.0424614995184718 -0.7367829777623227
8.899999999999984 0.21000000000000035 1.3595504295303167 -0.9617360290525754
8.899999999999984 0.22000000000000036 1.7721682732231616 -1.2554331621725097
8.899999999999984 0.23000000000000037 2.309168095288817 -1.6388099964093379
8.899999999999984 0.24000000000000038 3.008056745370495 -2.1391703929468817
8.899999999999984 0.2500000000000004 3.9175889170132585 -2.7921172683665363
8.899999999999984 0.2600000000000004 5.101134118081349 -3.6440672117017137
8.899999999999984 0.2700000000000004 6.641046230060121 -4.755524727330702
8.899999999999984 0.2800000000000004 8.644333178464853 -6.205344647976472
8.899999999999984 0.2900000000000004 11.250012037238696 -8.096279708490705
8.899999999999984 0.30000000000000043 14.638648479571991 -10.562199101838065
8.899999999999984 0.31000000000000044 19.044726395317063 -13.777479084876507
8.899999999999984 0.32000000000000045 24.772683436148853 -17.9692161641219
8.899999999999984 0.33000000000000046 32.21769375584719 -23.433107157360745
8.899999999999984 0.34000000000000047 41.89259644506453 -30.55409153025536
8.899999999999984 0.3500000000000005 54.46277795144502 -39.833176684718715
8.899999999999984 0.3600000000000005 70.79134597749051 -51.92228806326083
8.899999999999984 0.3700000000000005 91.99761555531003 -67.66953107689115
8.899999999999984 0.3800000000000005 119.53280977213599 -88.17795713196374
8.899999999999984 0.3900000000000005 155.27801534836112 -114.88183804171136
8.899999999999984 0.4000000000000005 201.67090083286837 -149.6456319143147
8.899999999999984 0.41000000000000053 261.8695976741823 -194.8923465282769
8.899999999999984 0.42000000000000054 339.96458422645406 -253.7699727245688
8.899999999999984 0.43000000000000055 441.25255730219516 -330.367198405065
8.899999999999984 0.44000000000000056 572.5903277198533 -429.9928877705682
8.899999999999984 0.45000000000000057 742.8519958896602 -559.5380316984166
8.899999999999984 0.4600000000000006 963.5193857678478 -727.9443148505464
8.899999999999984 0.4700000000000006 1249.4443711234471 -946.8104512298177
8.899999999999984 0.4800000000000006 1619.8328705541903 -1231.1764587952823
8.899999999999984 0.4900000000000006 2099.514628548355 -1600.537647579657
8.899999999999984 0.5000000000000006 2720.581353497748 -2080.155017695839
8.999999999999984 -0.5 85307.03914486773 -107920.33327392509
8.999999999999984 -0.49 66719.67373913155 -83083.4631913943
8.999999999999984 -0.48 52178.08897928854 -63959.65033764347
8.999999999999984 -0.47 40802.66612154025 -49235.38845705143
8.999999999999984 -0.45999999999999996 31904.791670772152 -37899.02771700806
8.999999999999984 -0.44999999999999996 24945.438351197416 -29171.4344539836
8.999999999999984 -0.43999999999999995 19502.71409487993 -22452.572949867328
8.999999999999984 -0.42999999999999994 15246.440552314654 -17280.354552542165
8.999999999999984 -0.41999999999999993 11918.240868997413 -13298.938045828574
8.999999999999984 -0.4099999999999999 9315.944661077308 -10234.311407909321
8.999999999999984 -0.3999999999999999 7281.375605725348 -7875.483083725857
8.999999999999984 -0.3899999999999999 5690.7890369850375 -6059.994633324857
8.999999999999984 -0.3799999999999999 4447.3853458839785 -4662.762308137573
8.999999999999984 -0.3699999999999999 3475.4492023808775 -3587.4829458216354
8.999999999999984 -0.3599999999999999 2715.7620104389375 -2760.015126308697
8.999999999999984 -0.34999999999999987 2122.0113576037033 -2123.2817921861797
8.999999999999984 -0.33999999999999986 1657.9810651317619 -1633.3447498203393
8.999999999999984 -0.32999999999999985 1295.3523455110308 -1256.3817576630356
8.999999999999984 -0.31999999999999984 1011.9833257684521 -966.3587648599218
8.999999999999984 -0.30999999999999983 790.5629897425566 -743.2375170664322
8.999999999999984 -0.2999999999999998 617.5581502490985 -571.5954572072557
8.999999999999984 -0.2899999999999998 482.3897315442845 -439.563128717465
8.999999999999984 -0.2799999999999998 376.7884812960539 -338.0060731117332
8.999999999999984 -0.2699999999999998 294.29106860549535 -259.89499389080754
8.999999999999984 -0.2599999999999998 229.84601048891966 -199.82088387345823
8.999999999999984 -0.24999999999999978 179.50551310799995 -153.62176834809748
8.999999999999984 -0.23999999999999977 140.18451519098124 -118.09538404985611
8.999999999999984 -0.22999999999999976 109.47229238023894 -90.77801937061602
8.999999999999984 -0.21999999999999975 85.48516778532348 -69.7742892266273
8.999999999999984 -0.20999999999999974 66.75136783652857 -53.62612050860858
8.999999999999984 -0.19999999999999973 52.12101402433539 -41.21192126186405
8.999999999999984 -0.18999999999999972 40.69576806904893 -31.668983752258292
8.999999999999984 -0.17999999999999972 31.773842736238834 -24.33377091705782
8.999999999999984 -0.1699999999999997 24.80702512303805 -18.695967178611134
8.999999999999984 -0.1599999999999997 19.367090336306752 -14.363122785760087
8.999999999999984 -0.1499999999999997 15.119555332220557 -11.033450879787681
8.999999999999984 -0.13999999999999968 11.803169938515083 -8.474898526267596
8.999999999999984 -0.12999999999999967 9.213891854415486 -6.509045647243541
8.999999999999984 -0.11999999999999968 7.192365942564815 -4.998718883930748
8.999999999999984 -0.10999999999999968 5.6141419995864545 -3.838463831927749
8.999999999999984 -0.09999999999999969 4.3820324114626485 -2.947216463048158
8.999999999999984 -0.08999999999999969 3.420141832986943 -2.26266646700864
8.999999999999984 -0.0799999999999997 2.6692032300247175 -1.7369221737649458
8.999999999999984 -0.0699999999999997 2.0829345100051992 -1.333176708191689
8.999999999999984 -0.0599999999999997 1.6251924054712408 -1.0231442846639085
8.999999999999984 -0.0499999999999997 1.2677490725824798 -0.7850888444178878
8.999999999999984 -0.039999999999999696 0.988554996443606 -0.6023082489953925
8.999999999999984 -0.029999999999999694 0.7703815840342512 -0.4619687981005867
8.999999999999984 -0.01999999999999969 0.5997600914160953 -0.3542091178377026
8.999999999999984 -0.009999999999999691 0.4661516953471976 -0.2714511419607562
8.999999999999984 3.0878077872387166e-16 0.3612976898684319 -0.207870274634926
8.999999999999984 0.010000000000000309 0.2787098315848438 -0.1589878711202379
8.999999999999984 0.02000000000000031 0.213269447999791 -0.1213576665904184
8.999999999999984 0.03000000000000031 0.1609105861765217 -0.09232431052472
8.999999999999984 0.04000000000000031 0.1183676209929196 -0.0698371764590688
8.999999999999984 0.050000000000000315 0.0829716768380192 -0.0523064613888788
8.999999999999984 0.06000000000000032 0.0524831830441398 -0.0384915320865319
8.999999999999984 0.07000000000000031 0.024950061173527 -0.0274137209996511
8.999999999999984 0.08000000000000031 -0.001417437944484 -0.0182874779458471
8.999999999999984 0.0900000000000003 -0.0283632783897632 -0.0104650637408452
8.999999999999984 0.1000000000000003 -0.0577011595374757 -0.0033909171036964
8.999999999999984 0.11000000000000029 -0.0914366663873146 0.003437497560216
8.999999999999984 0.12000000000000029 -0.131904268696379 0.0105050994082194
8.999999999999984 0.13000000000000028 -0.1819285043724759 0.0183133307360074
8.999999999999984 0.1400000000000003 -0.2450204325486448 0.02741540658301
8.999999999999984 0.1500000000000003 -0.3256229496794384 0.0384551243305566
8.999999999999984 0.1600000000000003 -0.4294220038711066 0.0522119212994477
8.999999999999984 0.17000000000000032 -0.5637453580539585 0.0696552893719264
8.999999999999984 0.18000000000000033 -0.7380766611279344 0.0920122870036875
8.999999999999984 0.19000000000000034 -0.9647206093151423 0.1208527718283622
8.999999999999984 0.20000000000000034 -1.2596654696565945 0.158198168932494
8.999999999999984 0.21000000000000035 -1.643702913927789 0.2066611682641004
8.999999999999984 0.22000000000000036 -2.143882911043301 0.2696258117035098
8.999999999999984 0.23000000000000037 -2.795404566175593 0.3514801191772628
8.999999999999984 0.24000000000000038 -3.6440738543071434 0.4579168860107555
8.999999999999984 0.2500000000000004 -4.749498222088752 0.5963227820022389
8.999999999999984 0.2600000000000004 -6.18923867766948 0.7762816806003701
8.999999999999984 0.2700000000000004 -8.064205689996637 1.010225607497472
8.999999999999984 0.2800000000000004 -10.505670426324587 1.314276285664849
8.999999999999984 0.2900000000000004 -13.684373328354964 1.7093325592386701
8.999999999999984 0.30000000000000043 -17.822355215326148 2.2224747526655086
8.999999999999984 0.31000000000000044 -23.208321645665567 2.888777217280235
8.999999999999984 0.32000000000000045 -30.217591632135456 3.7536461419226814
8.999999999999984 0.33000000000000046 -39.33799310261175 4.875832682612847
8.999999999999984 0.34000000000000047 -51.20347055463736 6.3313135220808965
8.999999999999984 0.3500000000000005 -66.63769207134328 8.218284522822767
8.999999999999984 0.3600000000000005 -86.71061799936422 10.663581223067721
8.999999999999984 0.3700000000000005 -112.81186700373578 13.830926342806709
8.999999999999984 0.3800000000000005 -146.74584482415517 17.931513954838987
8.999999999999984 0.3900000000000005 -190.85506159317663 23.23757842593786
8.999999999999984 0.4000000000000005 -248.17995143579833 30.09977094095132
8.999999999999984 0.41000000000000053 -322.66594756512285 38.969386391474615
8.999999999999984 0.42000000000000054 -419.43171746408126 50.42675969003324
8.999999999999984 0.43000000000000055 -545.1165325172484 65.2174966628468
8.999999999999984 0.44000000000000056 -708.3300006639003 84.29863697050654
8.999999999999984 0.45000000000000057 -920.2341719032937 108.89738478147797
8.999999999999984 0.4600000000000006 -1195.2967758645825 140.5857108367905
8.999999999999984 0.4700000000000006 -1552.2656357940746 181.3749551500399
8.999999999999984 0.4800000000000006 -2015.4288544397864 233.83557576802144
8.999999999999984 0.4900000000000006 -2616.244123526116 301.2484338250007
8.999999999999984 0.5000000000000006 -3395.444677003995 387.7955217542885
9.099999999999984 -0.5 -12033.752497645713 147644.82438977543
9.099999999999984 -0.49 -10136.63720683368 114304.71882817234
9.099999999999984 -0.48 -8484.098399949646 88493.53935773832
9.099999999999984 -0.47 -7062.128238753527 68511.02764635698
9.099999999999984 -0.45999999999999996 -5850.63193491325 53040.90766310657
9.099999999999984 -0.44999999999999996 -4826.879475844804 41064.165408072426
9.099999999999984 -0.43999999999999995 -3967.71111568877 31791.914470885262
9.099999999999984 -0.42999999999999994 -3250.88301886433 24613.42383607213
9.099999999999984 -0.41999999999999993 -2655.8285695713776 19055.883469371343
9.099999999999984 -0.4099999999999999 -2164.030343227689 14753.256668879387
9.099999999999984 -0.3999999999999999 -1759.139521278287 11422.166919937223
9.099999999999984 -0.3899999999999999 -1426.9376543839576 8843.230510513278
9.099999999999984 -0.3799999999999999 -1155.2057320150745 6846.60499069748
9.099999999999984 -0.3699999999999999 -933.5442482253181 5300.801341758773
9.099999999999984 -0.3599999999999999 -753.1729724967012 4104.022762387537
9.099999999999984 -0.34999999999999987 -606.7286870526065 3177.4594529034143
9.099999999999984 -0.33999999999999986 -488.0719552632767 2460.0976522604387
9.099999999999984 -0.32999999999999985 -392.10910502860906 1904.7009498808704
9.099999999999984 -0.31999999999999984 -314.6323678972445 1474.6991287306867
9.099999999999984 -0.30999999999999983 -252.17901890638115 1141.779586893685
9.099999999999984 -0.2999999999999998 -201.90906130184922 884.0226719430943
9.099999999999984 -0.2899999999999998 -161.50024255998062 684.4580955725827
9.099999999999984 -0.2799999999999998 -129.05879481432305 529.9473362948751
9.099999999999984 -0.2699999999999998 -103.0441381367365 410.31841332690044
9.099999999999984 -0.2599999999999998 -82.20578157761358 317.6960400307434
9.099999999999984 -0.24999999999999978 -65.53074420454942 245.98303584926992
9.099999999999984 -0.23999999999999977 -52.199955841143655 190.45883955935003
9.099999999999984 -0.22999999999999976 -41.552257789164535 147.46868032341564
9.099999999999984 -0.21999999999999975 -33.05479013986457 114.18293465678471
9.099999999999984 -0.20999999999999974 -26.278713617501246 88.4108204669284
9.099999999999984 -0.19999999999999973 -20.87936406548858 68.45615832868708
9.099999999999984 -0.18999999999999972 -16.58007353744067 53.00570092249942
9.099999999999984 -0.17999999999999972 -13.159012327964197 41.042676609997265
9.099999999999984 -0.1699999999999997 -10.43851125798125 31.779853763654586
9.099999999999984 -0.1599999999999997 -8.276413948917432 24.607718098002238
9.099999999999984 -0.1499999999999997 -6.559085916167512 19.054350559446455
9.099999999999984 -0.13999999999999968 -5.195772503322349 14.7543638821399
9.099999999999984 -0.12999999999999967 -4.114052418894988 11.424852466116837
9.099999999999984 -0.11999999999999968 -3.256179329541331 8.846772074219318
9.099999999999984 -0.10999999999999968 -2.576141908561561 6.850523396937269
9.099999999999984 -0.09999999999999969 -2.037304108816733 5.304790349249623
9.099999999999984 -0.08999999999999969 -1.6105132624677245 4.107898273061905
9.099999999999984 -0.0799999999999997 -1.272584809101163 3.1811231378489326
9.099999999999984 -0.0699999999999997 -1.0050897954961473 2.4635112878975995
9.099999999999984 -0.0599999999999997 -0.7933854357673062 1.9078687372274112
9.099999999999984 -0.0499999999999997 -0.62584052832846 1.477656012291629
9.099999999999984 -0.039999999999999696 -0.4932168642542856 1.144584158795714
9.099999999999984 -0.029999999999999694 -0.3881753202720342 0.8867536882648979
9.099999999999984 -0.01999999999999969 -0.3048814320152 0.6872139820602364
9.099999999999984 -0.009999999999999691 -0.238690155578386 0.5328483489703676
9.099999999999984 3.0878077872387166e-16 -0.1858934660391234 0.4135113699380749
9.099999999999984 0.010000000000000309 -0.1435175880847301 0.3213617715576237
9.099999999999984 0.02000000000000031 -0.1091591497554143 0.2503469423755822
9.099999999999984 0.03000000000000031 -0.0808515103567389 0.195805190486071
9.099999999999984 0.04000000000000031 -0.0569540282001543 0.1541595950609563
9.099999999999984 0.050000000000000315 -0.0360581724549624 0.1226833391840668
9.099999999999984 0.06000000000000032 -0.0169051972013029 0.0993211244402444
9.099999999999984 0.07000000000000031 0.0016893805339351 0.082554970071829
9.099999999999984 0.08000000000000031 0.0209090040736997 0.0713056357328102
9.099999999999984 0.0900000000000003 0.0420115206660956 0.0648632713502772
9.099999999999984 0.1000000000000003 0.0664116557676571 0.062842847456323
9.099999999999984 0.11000000000000029 0.09577592608571 0.065161584850065
9.099999999999984 0.12000000000000029 0.1321363508665552 0.0720370957331349
9.099999999999984 0.13000000000000028 0.178030696867126 0.0840063711143877
9.099999999999984 0.1400000000000003 0.2366788917601844 0.1019671992440843
9.099999999999984 0.1500000000000003 0.3122077973643242 0.1272451781808949
9.099999999999984 0.1600000000000003 0.4099399264334202 0.1616913035546217
9.099999999999984 0.17000000000000032 0.5367661498386602 0.207817299438703
9.099999999999984 0.18000000000000033 0.7016282826037145 0.2689785724836022
9.099999999999984 0.19000000000000034 0.9161450588125508 0.3496181020146046
9.099999999999984 0.20000000000000034 1.1954249291347578 0.4555889790264166
9.099999999999984 0.21000000000000035 1.5591220188894026 0.5945789925333935
9.099999999999984 0.22000000000000036 2.0328083492007454 0.7766680433313926
9.099999999999984 0.23000000000000037 2.649757189685537 1.0150587764808434
9.099999999999984 0.24000000000000038 3.453260656223219 1.327033359660507
9.099999999999984 0.2500000000000004 4.499641305534281 1.7352057014154318
9.099999999999984 0.2600000000000004 5.862164986709993 2.2691597846158373
9.099999999999984 0.2700000000000004 7.636123793647672 2.967592732004405
9.099999999999984 0.2800000000000004 9.945437766916848 3.88111774229346
9.099999999999984 0.2900000000000004 12.951227378488147 5.075929776322465
9.099999999999984 0.30000000000000043 16.86294272503824 6.638599282835663
9.099999999999984 0.31000000000000044 21.952808704229962 8.682340840728333
9.099999999999984 0.32000000000000045 28.574569811863274 11.355210250866824
9.099999999999984 0.33000000000000046 37.18780849712451 14.850823035535386
9.099999999999984 0.34000000000000047 48.38948650471729 19.42236955892008
9.099999999999984 0.3500000000000005 62.95484415768904 25.40094021520658
9.099999999999984 0.3600000000000005 81.89042012428641 33.219485520519925
9.099999999999984 0.3700000000000005 106.5027651560572 43.44414293395632
9.099999999999984 0.3800000000000005 138.48747077785796 56.815194139809066
9.099999999999984 0.3900000000000005 180.0444864650607 74.30061164516594
9.099999999999984 0.4000000000000005 234.02744465382358 97.16606190046456
9.099999999999984 0.41000000000000053 304.13696547688005 127.06641905695322
9.099999999999984 0.42000000000000054 395.170818352091 166.16539421881254
9.099999999999984 0.43000000000000055 513.3475630960796 217.29191098635064
9.099999999999984 0.44000000000000056 666.725120168428 284.14450456096404
9.099999999999984 0.45000000000000057 865.7419375614819 371.55847840668474
9.099999999999984 0.4600000000000006 1123.916428145745 485.8550669791276
9.099999999999984 0.4700000000000006 1458.7506557689326 635.2977483045192
9.099999999999984 0.4800000000000006 1892.897504782428 830.6885475254702
9.099999999999984 0.4900000000000006 2455.6676136719802 1086.147221312903
9.099999999999984 0.5000000000000006 3184.974261930452 1420.1293296780264
9.199999999999983 -0.5 -77021.48575275765 -138690.09878362736
9.199999999999983 -0.49 -58958.791841244696 -107834.17779623327
9.199999999999983 -0.48 -45125.50645663215 -83842.87981154038
9.199999999999983 -0.47 -34532.70726927349 -65189.079741367335
9.199999999999983 -0.45999999999999996 -26422.403142896404 -50685.361252089744
9.199999999999983 -0.44999999999999996 -20213.671480116205 -39408.45408317783
9.199999999999983 -0.43999999999999995 -15461.344874126973 -30640.477606235865
9.199999999999983 -0.42999999999999994 -11824.326168400545 -23823.253046551217
9.199999999999983 -0.41999999999999993 -9041.290248940622 -18522.77790221335
9.199999999999983 -0.4099999999999999 -6912.052304913118 -14401.602420935795
9.199999999999983 -0.3999999999999999 -5283.282530805009 -11197.3506114336
9.199999999999983 -0.3899999999999999 -4037.5544441820084 -8706.019122914224
9.199999999999983 -0.3799999999999999 -3084.9497665502095 -6768.991270312161
9.199999999999983 -0.3699999999999999 -2356.623754366384 -5262.9398378742935
9.199999999999983 -0.3599999999999999 -1799.8737146968376 -4091.976087847844
9.199999999999983 -0.34999999999999987 -1374.3599785916654 -3181.5453213152455
9.199999999999983 -0.33999999999999986 -1049.2103462803052 -2473.6804735549495
9.199999999999983 -0.32999999999999985 -800.8017281705091 -1923.3116447023742
9.199999999999983 -0.31999999999999984 -611.0608110991012 -1495.396664508808
9.199999999999983 -0.30999999999999983 -466.1624782029398 -1162.69004198834
9.199999999999983 -0.2999999999999998 -355.53301123249753 -904.0082806524862
9.199999999999983 -0.2899999999999998 -271.0868077538311 -702.8811326186787
9.199999999999983 -0.2799999999999998 -206.64198859783983 -546.5029301343976
9.199999999999983 -0.2699999999999998 -157.47303188223265 -424.9172339836537
9.199999999999983 -0.2599999999999998 -119.96835342439616 -330.3828902145525
9.199999999999983 -0.24999999999999978 -91.36825332469137 -256.881134749354
9.199999999999983 -0.23999999999999977 -69.56439731357746 -199.73236459758652
9.199999999999983 -0.22999999999999976 -52.94640750699797 -155.29817603058362
9.199999999999983 -0.21999999999999975 -40.284513761493294 -120.74969853826424
9.199999999999983 -0.20999999999999974 -30.639804111916504 -93.88747417727905
9.199999999999983 -0.19999999999999973 -23.2955950655315 -73.00141369268614
9.199999999999983 -0.18999999999999972 -17.70496110103038 -56.761912445964605
9.199999999999983 -0.17999999999999972 -13.450625912791944 -44.13519313841954
9.199999999999983 -0.1699999999999997 -10.214308803300748 -34.3174848757564
9.199999999999983 -0.1599999999999997 -7.7533018290166655 -26.683847477035016
9.199999999999983 -0.1499999999999997 -5.882575649704474 -20.748382443557155
9.199999999999983 -0.13999999999999968 -4.461111921670654 -16.133297038712424
9.199999999999983 -0.12999999999999967 -3.381466175199486 -12.544851649074003
9.199999999999983 -0.11999999999999968 -2.561799389483663 -9.754658891015648
9.199999999999983 -0.10999999999999968 -1.9397957518937163 -7.585143702096706
9.199999999999983 -0.09999999999999969 -1.4680212538151673 -5.8982386099867155
9.199999999999983 -0.08999999999999969 -1.1103827067588352 -4.58659437409491
9.199999999999983 -0.0799999999999997 -0.8394270225248734 -3.5667463633095107
9.199999999999983 -0.0699999999999997 -0.6342819812174598 -2.773801566068792
9.199999999999983 -0.0599999999999997 -0.4790866452172701 -2.157307956090474
9.199999999999983 -0.0499999999999997 -0.3617954608660338 -1.6780432241899594
9.199999999999983 -0.039999999999999696 -0.2732675215658306 -1.305518427826641
9.199999999999983 -0.029999999999999694 -0.2065734357535205 -1.016037633215169
9.199999999999983 -0.01999999999999969 -0.1564682736600496 -0.7911900289886103
9.199999999999983 -0.009999999999999691 -0.1189913236865565 -0.616678530165656
9.199999999999983 3.0878077872387166e-16 -0.091162765259018 -0.4814103205011616
9.199999999999983 0.010000000000000309 -0.0707545439360245 -0.3767914651112612
9.199999999999983 0.02000000000000031 -0.0561182406280845 -0.2961807264067796
9.199999999999983 0.03000000000000031 -0.0460569626831575 -0.2344678633234596
9.199999999999983 0.04000000000000031 -0.0397315604163939 -0.1877496335130308
9.199999999999983 0.050000000000000315 -0.0365940284454253 -0.1530829571514977
9.199999999999983 0.06000000000000032 -0.0363429742458843 -0.1282996379380718
9.199999999999983 0.07000000000000031 -0.0388976748311576 -0.1118709877979825
9.199999999999983 0.08000000000000031 -0.0443886161043259 -0.1028139206066644
9.199999999999983 0.0900000000000003 -0.0531636181442812 -0.1006327748278382
9.199999999999983 0.1000000000000003 -0.0658097807525036 -0.1052934707184669
9.199999999999983 0.11000000000000029 -0.0831926178618915 -0.1172287590658073
9.199999999999983 0.12000000000000029 -0.1065149670370008 -0.1373754187716895
9.199999999999983 0.13000000000000028 -0.1373996462769028 -0.1672464521930876
9.199999999999983 0.1400000000000003 -0.1780014803652418 -0.209043760537725
9.199999999999983 0.1500000000000003 -0.2311563459862561 -0.2658196260588593
9.199999999999983 0.1600000000000003 -0.3005774263992128 -0.3416987830112141
9.199999999999983 0.17000000000000032 -0.3911120942267517 -0.4421771695012417
9.199999999999983 0.18000000000000033 -0.5090769717223637 -0.5745189233232271
9.199999999999983 0.19000000000000034 -0.662694028114939 -0.748280205750002
9.199999999999983 0.20000000000000034 -0.8626574172151138 -0.975997507983991
9.199999999999983 0.21000000000000035 -1.1228695899389702 -1.2740898618190404
9.199999999999983 0.22000000000000036 -1.4613966202556288 -1.6640396772703816
9.199999999999983 0.23000000000000037 -1.9017074114632777 -2.173936855301148
9.199999999999983 0.24000000000000038 -2.474280470643571 -2.8404967915869306
9.199999999999983 0.2500000000000004 -3.2186864983381502 -3.711696744957408
9.199999999999983 0.2600000000000004 -4.186286740288904 -4.850219198509215
9.199999999999983 0.2700000000000004 -5.443727949015745 -6.337948428859807
9.199999999999983 0.2800000000000004 -7.077467552927956 -8.28184160674653
9.199999999999983 0.2900000000000004 -9.199630630785187 -10.82159370606229
9.199999999999983 0.30000000000000043 -11.955587905090052 -14.139643237943071
9.199999999999983 0.31000000000000044 -15.533756799552563 -18.474232392464188
9.199999999999983 0.32000000000000045 -20.178272831217903 -24.13645233976485
9.199999999999983 0.33000000000000046 -26.205365421892687 -31.532487553192254
9.199999999999983 0.34000000000000047 -34.02451238427673 -41.19264204316179
9.199999999999983 0.3500000000000005 -44.1657559161201 -53.80921133709456
9.199999999999983 0.3600000000000005 -57.31495915042021 -70.28589075861007
9.199999999999983 0.3700000000000005 -74.35929071384433 -91.80222710627609
9.199999999999983 0.3800000000000005 -96.44587665034426 -119.89768453216674
9.199999999999983 0.3900000000000005 -125.05739437564736 -156.581280852198
9.199999999999983 0.4000000000000005 -162.10945282663337 -204.47455467699828
9.199999999999983 0.41000000000000053 -210.07597124088306 -266.99797275913835
9.199999999999983 0.42000000000000054 -272.1505180662048 -348.6139447726586
9.199999999999983 0.43000000000000055 -352.4538054059064 -455.1435924649991
9.199999999999983 0.44000000000000056 -456.30038498365786 -594.1795986341983
9.199999999999983 0.45000000000000057 -590.5412256474827 -775.6241983318042
9.199999999999983 0.4600000000000006 -764.0034806648416 -1012.3901371190477
9.199999999999983 0.4700000000000006 -988.0546413422205 -1321.3138154227524
9.199999999999983 0.4800000000000006 -1277.3257566590705 -1724.3446508954316
9.199999999999983 0.4900000000000006 -1650.637897680172 -2250.0939430580725
9.199999999999983 0.5000000000000006 -2132.1880888458877 -2935.851540315309
9.299999999999983 -0.5 150304.9418528163 77320.93825076273
9.299999999999983 -0.49 116077.84046919535 60611.54053070138
9.299999999999983 -0.48 89644.79019084993 47507.384864357795
9.299999999999983 -0.47 69230.97426879113 37231.96464876748
9.299999999999983 -0.45999999999999996 53465.72532137599 29175.693777477674
9.299999999999983 -0.44999999999999996 41290.49532461717 22860.10259338848
9.299999999999983 -0.43999999999999995 31887.78203524198 17909.695123548365
9.299999999999983 -0.42999999999999994 24626.23977671476 14029.832708098518
9.299999999999983 -0.41999999999999993 19018.289191652697 10989.356943017083
9.299999999999983 -0.4099999999999999 14687.379783144674 8606.938928998083
9.299999999999983 -0.3999999999999999 11342.707182204116 6740.357725939929
9.299999999999983 -0.3899999999999999 8759.687607380996 5278.080951207015
9.299999999999983 -0.3799999999999999 6764.87853325456 4132.654338638802
9.299999999999983 -0.3699999999999999 5224.333112178061 3235.512456691073
9.299999999999983 -0.3599999999999999 4034.606442300434 2532.905713251849
9.299999999999983 -0.34999999999999987 3115.8098246051472 1982.7040196203418
9.299999999999983 -0.33999999999999986 2406.2466571859864 1551.8888058777704
9.299999999999983 -0.32999999999999985 1858.2698087666286 1214.5854374811286
9.299999999999983 -0.31999999999999984 1435.0823256426613 950.5198130105737
9.299999999999983 -0.30999999999999983 1108.2666632604632 743.8078647235733
9.299999999999983 -0.2999999999999998 855.8765481058646 582.0062852484087
9.299999999999983 -0.2899999999999998 660.963351660239 455.36820566511994
9.299999999999983 -0.2799999999999998 510.43803221837106 356.25964988357833
9.299999999999983 -0.2699999999999998 394.19223114883397 278.7020939179148
9.299999999999983 -0.2599999999999998 304.419510450982 218.01392199103
9.299999999999983 -0.24999999999999978 235.09115649354388 170.5294314226121
9.299999999999983 -0.23999999999999977 181.5513528619587 133.3786386143462
9.299999999999983 -0.22999999999999976 140.20454008158376 104.31474933613778
9.299999999999983 -0.21999999999999975 108.273969750537 81.57899030751092
9.299999999999983 -0.20999999999999974 83.61524089826244 63.7947226601696
9.299999999999983 -0.19999999999999973 64.57229813870457 49.88450239354996
9.299999999999983 -0.18999999999999972 49.86622228081346 39.0051214113018
9.299999999999983 -0.17999999999999972 38.509345920668046 30.496736063712717
9.299999999999983 -0.1699999999999997 29.73892700808176 23.8430318568407
9.299999999999983 -0.1599999999999997 22.96592662767254 18.640033010760682
9.299999999999983 -0.1499999999999997 17.73545143625824 14.571683018508038
9.299999999999983 -0.13999999999999968 13.696204451092491 11.39072801250178
9.299999999999983 -0.12999999999999967 10.576892776986506 8.903752708373403
9.299999999999983 -0.11999999999999968 8.168008009997804 6.959467894953781
9.299999999999983 -0.10999999999999968 6.307755827043804 5.4395437229250305
9.299999999999983 -0.09999999999999969 4.871189888699398 4.251436061528282
9.299999999999983 -0.08999999999999969 3.7618203542668303 3.3227730786560112
9.299999999999983 -0.0799999999999997 2.9051334818486465 2.596963119192689
9.299999999999983 -0.0699999999999997 2.24358711949974 2.0297585275222203
9.299999999999983 -0.0599999999999997 1.7327460037965774 1.5865676873963293
9.299999999999983 -0.0499999999999997 1.338297324277152 1.240352689016607
9.299999999999983 -0.039999999999999696 1.0337461258387457 0.9699853863245014
9.299999999999983 -0.029999999999999694 0.7986357757160213 0.7589622991758493
9.299999999999983 -0.01999999999999969 0.6171739827449769 0.5944005090229668
9.299999999999983 -0.009999999999999691 0.4771720920092938 0.466253697409042
9.299999999999983 3.0878077872387166e-16 0.3692264165096962 0.3667008072729986
9.299999999999983 0.010000000000000309 0.2860866219093926 0.2896702709737659
9.299999999999983 0.02000000000000031 0.2221687421486128 0.2304709773451881
9.299999999999983 0.03000000000000031 0.1731801162470653 0.1855076401715967
9.299999999999983 0.04000000000000031 0.1358310520303734 0.1520633752068235
9.299999999999983 0.050000000000000315 0.1076138453329269 0.1281364046897102
9.299999999999983 0.06000000000000032 0.0866343042197216 0.1123211380362894
9.299999999999983 0.07000000000000031 0.0714844501854034 0.1037266294035021
9.299999999999983 0.08000000000000031 0.061147828180234 0.1019277576199143
9.299999999999983 0.0900000000000003 0.054931039328928 0.106946558715767
9.299999999999983 0.1000000000000003 0.0524168599171651 0.1192630989915418
9.299999999999983 0.11000000000000029 0.0534357437889154 0.1398572346608279
9.299999999999983 0.12000000000000029 0.0580537171442121 0.1702846926928042
9.299999999999983 0.13000000000000028 0.0665757436816768 0.2127932680118108
9.299999999999983 0.1400000000000003 0.0795646323604443 0.270487727051542
9.299999999999983 0.1500000000000003 0.0978765417064316 0.3475554312441076
9.299999999999983 0.1600000000000003 0.1227151628495367 0.4495689863369874
9.299999999999983 0.17000000000000032 0.1557077983296762 0.5838876867480874
9.299999999999983 0.18000000000000033 0.1990078589490872 0.7601865442366925
9.299999999999983 0.19000000000000034 0.2554298472822298 0.9911507632439718
9.299999999999983 0.20000000000000034 0.3286247646289697 1.2933852929603495
9.299999999999983 0.21000000000000035 0.4233061621910294 1.688604380508788
9.299999999999983 0.22000000000000036 0.545539867676883 2.2051859513257828
9.299999999999983 0.23000000000000037 0.7031138859736831 2.88020155708966
9.299999999999983 0.24000000000000038 0.9060092509522346 3.7620663863639687
9.299999999999983 0.2500000000000004 1.1669978752673082 4.913997807052232
9.299999999999983 0.2600000000000004 1.5023999153117251 6.418528197939819
9.299999999999983 0.2700000000000004 1.9330410778245048 8.383392456232235
9.299999999999983 0.2800000000000004 2.4854599097076817 10.949207778925784
9.299999999999983 0.2900000000000004 3.19342672139679 14.299489923668427
9.299999999999983 0.30000000000000043 4.099849694642463 18.673715024286953
9.299999999999983 0.31000000000000044 5.25916020139533 24.38435069359147
9.299999999999983 0.32000000000000045 6.740288643894322 31.839059575595112
9.299999999999983 0.33000000000000046 8.6303643356653 41.56964218560143
9.299999999999983 0.34000000000000047 11.039297989836895 54.26975910291592
9.299999999999983 0.3500000000000005 14.10543282440049 70.8440882261528
9.299999999999983 0.3600000000000005 18.002479129830174 92.472373547904
9.299999999999983 0.3700000000000005 22.94797549253321 120.69286316518561
9.299999999999983 0.3800000000000005 29.213544521781266 157.51098792738458
9.299999999999983 0.3900000000000005 37.1372267049678 205.54089153182886
9.299999999999983 0.4000000000000005 47.13817483595049 268.1897090088953
9.299999999999983 0.41000000000000053 59.73396103429989 349.89746026892686
9.299999999999983 0.42000000000000054 75.56067036671348 456.44928201956037
9.299999999999983 0.43000000000000055 95.39580253241432 595.3817282861854
9.299999999999983 0.44000000000000056 120.18373680780365 776.5113680521664
9.299999999999983 0.45000000000000057 151.06307907880247 1012.6223396797659
9.299999999999983 0.4600000000000006 189.3945228123437 1320.3604569894696
9.299999999999983 0.4700000000000006 236.78680411678562 1721.3956399269175
9.299999999999983 0.4800000000000006 295.1167537292561 2243.9328185669087
9.299999999999983 0.4900000000000006 366.5371203005814 2924.675266557195
9.299999999999983 0.5000000000000006 453.46244491637196 3811.375152234555
9.399999999999983 -0.5 -178070.6875377749 20371.782523238966
9.399999999999983 -0.49 -138045.81689871132 15005.346611344437
9.399999999999983 -0.48 -107018.70081055022 11022.86192124767
9.399999999999983 -0.47 -82966.30409946632 8073.1182731651215
9.399999999999983 -0.45999999999999996 -64320.51290599277 5892.917138763724
9.399999999999983 -0.44999999999999996 -49865.82158178233 4285.238536929823
9.399999999999983 -0.43999999999999995 -38660.03331557934 3102.779287339336
9.399999999999983 -0.42999999999999994 -29972.797201337446 2235.550286502577
9.399999999999983 -0.41999999999999993 -23237.96932706978 1601.5392295951315
9.399999999999983 -0.4099999999999999 -18016.68820462903 1139.6869225107102
9.399999999999983 -0.3999999999999999 -13968.754470515742 804.6085499791681
9.399999999999983 -0.3899999999999999 -10830.446979812687 562.6300812516088
9.399999999999983 -0.3799999999999999 -8397.327614411914 388.81511651715067
9.399999999999983 -0.3699999999999999 -6510.912784753403 264.73704308208534
9.399999999999983 -0.3599999999999999 -5048.341995121003 176.81156144874873
9.399999999999983 -0.34999999999999987 -3914.3694519767328 115.05015036027267
9.399999999999983 -0.33999999999999986 -3035.1562990823863 72.12942793257025
9.399999999999983 -0.32999999999999985 -2353.458563043968 42.697334808474295
9.399999999999983 -0.31999999999999984 -1824.8969615329354 22.856663436769544
9.399999999999983 -0.30999999999999983 -1415.0653102194508 9.781237862321147
9.399999999999983 -0.2999999999999998 -1097.2889718352114 1.4311871560759828
9.399999999999983 -0.2899999999999998 -850.8871933573729 -3.6578563716673687
9.399999999999983 -0.2799999999999998 -659.8260430369594 -6.530491564891524
9.399999999999983 -0.2699999999999998 -511.67413313985986 -7.926327894070715
9.399999999999983 -0.2599999999999998 -396.7930594423281 -8.364358527680352
9.399999999999983 -0.24999999999999978 -307.7097933172384 -8.20480121465117
9.399999999999983 -0.23999999999999977 -238.63012537053777 -7.694276523484301
9.399999999999983 -0.22999999999999976 -185.06145510238406 -6.998691951135625
9.399999999999983 -0.21999999999999975 -143.5203489072416 -6.227077821165478
9.399999999999983 -0.20999999999999974 -111.30581389486147 -5.448782396832386
9.399999999999983 -0.19999999999999973 -86.32351791396809 -4.7058082023821965
9.399999999999983 -0.18999999999999972 -66.94950614413538 -4.0216057287032685
9.399999999999983 -0.17999999999999972 -51.924538210563945 -3.407294320547436
9.399999999999983 -0.1699999999999997 -40.27216479946612 -2.866022926940493
9.399999999999983 -0.1599999999999997 -31.235209294814446 -2.3959929045420068
9.399999999999983 -0.1499999999999997 -24.226518853491854 -1.992524226608989
9.399999999999983 -0.13999999999999968 -18.79077874425489 -1.6494425632782626
9.399999999999983 -0.12999999999999967 -14.574904281215396 -1.3599882623689394
9.399999999999983 -0.11999999999999968 -11.305083246964585 -1.1173921787664969
9.399999999999983 -0.10999999999999968 -8.768974727160995 -0.915222283684666
9.399999999999983 -0.09999999999999969 -6.801905986578671 -0.7475750924868763
9.399999999999983 -0.08999999999999969 -5.2761692806210405 -0.6091642522151223
9.399999999999983 -0.0799999999999997 -4.0927222733768325 -0.4953429536799432
9.399999999999983 -0.0699999999999997 -3.174752168391456 -0.4020855680171252
9.399999999999983 -0.0599999999999997 -2.4626849415811627 -0.3259458642514968
9.399999999999983 -0.0499999999999997 -1.9103150966014213 -0.2640034656356302
9.399999999999983 -0.039999999999999696 -1.4818042653356385 -0.2138062037019878
9.399999999999983 -0.029999999999999694 -1.1493534972306667 -0.1733132579233853
9.399999999999983 -0.01999999999999969 -0.8913979011083306 -0.1408420811784149
9.399999999999983 -0.009999999999999691 -0.6912062745936146 -0.1150208570505851
9.399999999999983 3.0878077872387166e-16 -0.5357946907474708 -0.0947474344688949
9.399999999999983 0.010000000000000309 -0.4150834227724794 -0.0791552102977673
9.399999999999983 0.02000000000000031 -0.3212424039385881 -0.0675861916508482
9.399999999999983 0.03000000000000031 -0.2481826700180602 -0.0595714062267251
9.399999999999983 0.04000000000000031 -0.1911607121127913 -0.0548189020407396
9.399999999999983 0.050000000000000315 -0.1464699949235401 -0.0532097658670174
9.399999999999983 0.06000000000000032 -0.1111995449843609 -0.0548028847923388
9.399999999999983 0.07000000000000031 -0.083043851394422 -0.0598495819603498
9.399999999999983 0.08000000000000031 -0.0601516286027209 -0.0688197917777356
9.399999999999983 0.0900000000000003 -0.0410034796743433 -0.0824421293173453
9.399999999999983 0.1000000000000003 -0.0243103280607086 -0.1017610943121812
9.399999999999983 0.11000000000000029 -0.0089257712027695 -0.1282157884896721
9.399999999999983 0.12000000000000029 0.0062336714118138 -0.1637459917107612
9.399999999999983 0.13000000000000028 0.0222660436326113 -0.2109333373036099
9.399999999999983 0.1400000000000003 0.0403648031311372 -0.2731877809044596
9.399999999999983 0.1500000000000003 0.0619090884412408 -0.3549927407464758
9.399999999999983 0.1600000000000003 0.0885703338367042 -0.4622264230638783
9.399999999999983 0.17000000000000032 0.1224435826406305 -0.602582223588354
9.399999999999983 0.18000000000000033 0.1662139302809525 -0.7861180916249293
9.399999999999983 0.19000000000000034 0.2233714452943154 -1.0259738467947608
9.399999999999983 0.20000000000000034 0.2984919117592275 -1.339307287218595
9.399999999999983 0.21000000000000035 0.3976061400737054 -1.7485153499394277
9.399999999999983 0.22000000000000036 0.5286878490993827 -2.2828266563129875
9.399999999999983 0.23000000000000037 0.7022998272915724 -2.980377896055507
9.399999999999983 0.24000000000000038 0.9324510295608924 -3.890920491450834
9.399999999999983 0.2500000000000004 1.2377345217887021 -5.079348199067021
9.399999999999983 0.2600000000000004 1.6428391601315249 -6.630293816388838
9.399999999999983 0.2700000000000004 2.180558469635478 -8.654117945325986
9.399999999999983 0.2800000000000004 2.894460870560121 -11.294709989022666
9.399999999999983 0.2900000000000004 3.8424395222935743 -14.73964792383056
9.399999999999983 0.30000000000000043 5.101432043973627 -19.2334275849043
9.399999999999983 0.31000000000000044 6.773696118339769 -25.0946854968593
9.399999999999983 0.32000000000000045 8.995154322511103 -32.73861626875116
9.399999999999983 0.33000000000000046 11.946490866348373 -42.706145163519665
9.399999999999983 0.34000000000000047 15.867908092274687 -55.70188312836191
9.399999999999983 0.3500000000000005 21.078749987181343 -72.64349701680823
9.399999999999983 0.3600000000000005 28.003598008254848 -94.72591292779889
9.399999999999983 0.3700000000000005 37.206973686900014 -123.50478851716409
9.399999999999983 0.3800000000000005 49.439485857980785 -161.00500926748074
9.399999999999983 0.3900000000000005 65.6991952154555 -209.8616724569267
9.399999999999983 0.4000000000000005 87.31321122910954 -273.50323506959546
9.399999999999983 0.41000000000000053 116.04618717356406 -356.3893653559718
9.399999999999983 0.42000000000000054 154.24457201782653 -464.31974194829957
9.399999999999983 0.43000000000000055 205.02839087242162 -604.8348338273955
9.399999999999983 0.44000000000000056 272.54619423991835 -787.7358837058399
9.399999999999983 0.45000000000000057 362.3139529734038 -1025.7593113246974
9.399999999999983 0.4600000000000006 481.6654948768858 -1335.4510719956486
9.399999999999983 0.4700000000000006 640.3511293102957 -1738.2998175673977
9.399999999999983 0.4800000000000006 851.333115342443 -2262.2048689776466
9.399999999999983 0.4900000000000006 1131.8425602184457 -2943.3771204664554
9.399999999999983 0.5000000000000006 1504.7834634517587 -3828.799462219377
9.499999999999982 -0.5 144331.4590012754 -122337.89797778323
9.499999999999982 -0.49 112312.38598512585 -94198.73108816221
9.499999999999982 -0.48 87396.24409752352 -72530.16634214266
9.499999999999982 -0.47 68007.44393197027 -55844.66433196304
9.499999999999982 -0.45999999999999996 52919.87455344438 -42996.578015373
9.499999999999982 -0.44999999999999996 41179.392225200456 -33103.590442168934
9.499999999999982 -0.43999999999999995 32043.49895531016 -25486.201297881722
9.499999999999982 -0.42999999999999994 24934.39902428495 -19621.116547672616
9.499999999999982 -0.41999999999999993 19402.466834599145 -15105.34754191099
9.499999999999982 -0.4099999999999999 15097.817228511829 -11628.559411317046
9.499999999999982 -0.3999999999999999 11748.1813870332 -8951.773623255844
9.499999999999982 -0.3899999999999999 9141.689878737827 -6890.964859689054
9.499999999999982 -0.3799999999999999 7113.474536547259 -5304.427703284824
9.499999999999982 -0.3699999999999999 5535.242189012095 -4083.0469334941763
9.499999999999982 -0.3599999999999999 4307.1611049839 -3142.8042224148494
9.499999999999982 -0.34999999999999987 3351.547191717381 -2419.0073042474546
9.499999999999982 -0.33999999999999986 2607.9507515208843 -1861.8457677022716
9.499999999999982 -0.32999999999999985 2029.3331385225276 -1432.9685735445964
9.499999999999982 -0.31999999999999984 1579.0915591018233 -1102.8484586778275
9.499999999999982 -0.30999999999999983 1228.7438808690345 -848.7523525478479
9.499999999999982 -0.2999999999999998 956.1270442529614 -653.1784979700224
9.499999999999982 -0.2899999999999998 743.9951449865333 -502.6529845828598
9.499999999999982 -0.2799999999999998 578.9285274729997 -386.80306282101776
9.499999999999982 -0.2699999999999998 450.4848955053668 -297.6435995305177
9.499999999999982 -0.2599999999999998 350.5387512078715 -229.02766492180692
9.499999999999982 -0.24999999999999978 272.7673828195418 -176.22350726323282
9.499999999999982 -0.23999999999999977 212.25088994730103 -135.58884899414278
9.499999999999982 -0.22999999999999976 165.1609471071801 -104.32012078408164
9.499999999999982 -0.21999999999999975 128.51861873605375 -80.25939678732644
9.499999999999982 -0.20999999999999974 100.00590624228948 -61.745757953023976
9.499999999999982 -0.19999999999999973 77.81910622606662 -47.50086265885852
9.499999999999982 -0.18999999999999972 60.55470364108416 -36.54085456616293
9.499999999999982 -0.17999999999999972 47.120581623415966 -28.108547754767113
9.499999999999982 -0.1699999999999997 36.66693112579958 -21.6212231222437
9.499999999999982 -0.1599999999999997 28.53248963963411 -16.630443410984906
9.499999999999982 -0.1499999999999997 22.202707974655176 -12.791120751479342
9.499999999999982 -0.13999999999999968 17.277198625486875 -9.837707037411855
9.499999999999982 -0.12999999999999967 13.444406410355136 -7.565867487293056
9.499999999999982 -0.11999999999999968 10.461898957132869 -5.81837506075825
9.499999999999982 -0.10999999999999968 8.141030135264558 -4.4742539080422015
9.499999999999982 -0.09999999999999969 6.33500617702495 -3.4404237022531863
9.499999999999982 -0.08999999999999969 4.929599497230036 -2.645268908478294
9.499999999999982 -0.0799999999999997 3.8359227240874247 -2.0336896197589183
9.499999999999982 -0.0699999999999997 2.984805791211176 -1.5632926529157487
9.499999999999982 -0.0599999999999997 2.322420357054992 -1.2014601661546642
9.499999999999982 -0.0499999999999997 1.806874728660452 -0.9230935396038426
9.499999999999982 -0.039999999999999696 1.405563863676675 -0.7088768103395939
9.499999999999982 -0.029999999999999694 1.093106792013277 -0.543939778309784
9.499999999999982 -0.01999999999999969 0.8497409580417785 -0.4168284645689722
9.499999999999982 -0.009999999999999691 0.6600718865267241 -0.3187118060163861
9.499999999999982 3.0878077872387166e-16 0.5120990486054867 -0.242769771283468
9.499999999999982 0.010000000000000309 0.3964562694446403 -0.183720603162662
9.499999999999982 0.02000000000000031 0.3058185809887756 -0.137454496427069
9.499999999999982 0.03000000000000031 0.23443793866911 -0.1007483676853408
9.499999999999982 0.04000000000000031 0.1777783542015174 -0.0710419723039131
9.499999999999982 0.050000000000000315 0.1322272607839461 -0.0462598581720277
9.499999999999982 0.06000000000000032 0.094864716472835 -0.0246668089665193
9.499999999999982 0.07000000000000031 0.0632756667308858 -0.0047467384785325
9.499999999999982 0.08000000000000031 0.0353931534370457 0.0149033885228028
9.499999999999982 0.0900000000000003 0.009362239254944 0.0356720034753293
9.499999999999982 0.1000000000000003 -0.0165843736832531 0.0590306271723481
9.499999999999982 0.11000000000000029 -0.0442474445339032 0.0866376481317248
9.499999999999982 0.12000000000000029 -0.075587395043224 0.1204554625398167
9.499999999999982 0.13000000000000028 -0.1128645459837592 0.1628891955411721
9.499999999999982 0.1400000000000003 -0.1588035158880895 0.2169567388183963
9.499999999999982 0.1500000000000003 -0.2167938400143376 0.2865020310761308
9.499999999999982 0.1600000000000003 -0.2911416898569042 0.3764665273181041
9.499999999999982 0.17000000000000032 -0.387391507330916 0.4932378573912227
9.499999999999982 0.18000000000000033 -0.5127417163728701 0.645100042408506
9.499999999999982 0.19000000000000034 -0.6765858484408602 0.8428166868762181
9.499999999999982 0.20000000000000034 -0.8912199660944792 1.1003877759696825
9.499999999999982 0.21000000000000035 -1.172769919907815 1.436032708737637
9.499999999999982 0.22000000000000036 -1.5424086942953057 1.8734678039650623
9.499999999999982 0.23000000000000037 -2.0279561636764796 2.443566782414492
9.499999999999982 0.24000000000000038 -2.665982676007621 3.1865190247286588
9.499999999999982 0.2500000000000004 -3.504576227199542 4.154634496599831
9.499999999999982 0.2600000000000004 -4.606983515080955 5.4159884061419294
9.499999999999982 0.2700000000000004 -6.056401723730452 7.059155860999805
9.499999999999982 0.2800000000000004 -7.962285572101947 9.199360827087977
9.499999999999982 0.2900000000000004 -10.468649663039853 11.986459457022768
9.499999999999982 0.30000000000000043 -13.76499831429568 15.615301664181874
9.499999999999982 0.31000000000000044 -18.100715466560157 20.339174785383545
9.499999999999982 0.32000000000000045 -23.804011257846174 26.487239736538438
9.499999999999982 0.33000000000000046 -31.306869598858324 34.487136621797504
9.499999999999982 0.34000000000000047 -41.17789914754245 44.89428050025666
9.499999999999982 0.3500000000000005 -54.16559345192361 58.42981097804497
9.499999999999982 0.3600000000000005 -71.255300789111 76.02972968437874
9.499999999999982 0.3700000000000005 -93.74425105202019 98.90849356873903
9.499999999999982 0.3800000000000005 -123.34036581946076 128.6412753723885
9.499999999999982 0.3900000000000005 -162.29239367497988 167.27031429436568
9.499999999999982 0.4000000000000005 -213.5613043739296 217.442334542281
9.499999999999982 0.41000000000000053 -281.04602484187643 282.5860021412794
9.499999999999982 0.42000000000000054 -369.8807470425561 367.14094161701695
9.499999999999982 0.43000000000000055 -486.8264980262694 476.8530966067822
9.499999999999982 0.44000000000000056 -640.786851068459 619.1553849543614
9.499999999999982 0.45000000000000057 -843.487119668845 803.6579125270566
9.499999999999982 0.4600000000000006 -1110.3688311983494 1042.7787765394999
9.499999999999982 0.4700000000000006 -1461.7676678457462 1352.5550917859057
9.499999999999982 0.4800000000000006 -1924.4646295182913 1753.6847907991544
9.499999999999982 0.4900000000000006 -2533.728545997402 2272.863577916729
9.499999999999982 0.5000000000000006 -3336.005384243562 2944.498897126507
9.599999999999982 -0.5 -54660.25811557592 191234.01053115967
9.599999999999982 -0.49 -43057.77034880598 147954.65550223607
9.599999999999982 -0.48 -33909.441018713536 114471.80171801161
9.599999999999982 -0.47 -26698.2468256702 88567.58605610319
9.599999999999982 -0.45999999999999996 -21015.58486372172 68526.33889241643
9.599999999999982 -0.44999999999999996 -16538.658415889662 53020.853000805386
9.599999999999982 -0.43999999999999995 -13012.549971331502 41024.4132043994
9.599999999999982 -0.42999999999999994 -10236.01719993878 31742.750871096825
9.599999999999982 -0.41999999999999993 -8050.244204155514 24561.409640897476
9.599999999999982 -0.4099999999999999 -6329.937317916647 19005.031415087575
9.599999999999982 -0.3999999999999999 -4976.2799180569 14705.862544025918
9.599999999999982 -0.3899999999999999 -3911.3604959609806 11379.391841792289
9.599999999999982 -0.3799999999999999 -3073.7677025112666 8805.505148323778
9.599999999999982 -0.3699999999999999 -2415.1093173937043 6813.907062019955
9.599999999999982 -0.3599999999999999 -1897.2623829290774 5272.843468419893
9.599999999999982 -0.34999999999999987 -1490.2017076441077 4080.3773785094863
9.599999999999982 -0.33999999999999986 -1170.285685222037 3157.6398910239077
9.599999999999982 -0.32999999999999985 -918.9035677543958 2443.6090422099555
9.599999999999982 -0.31999999999999984 -721.4083174368078 1891.070593005589
9.599999999999982 -0.30999999999999983 -566.2750060613607 1463.4931478620408
9.599999999999982 -0.2999999999999998 -444.43728796365457 1132.6105988238849
9.599999999999982 -0.2899999999999998 -348.7644172491046 876.5517628980891
9.599999999999982 -0.2799999999999998 -273.6491534336251 678.3933391896817
9.599999999999982 -0.2699999999999998 -214.6831299108888 525.0403594333657
9.599999999999982 -0.2599999999999998 -168.40118765466227 406.3600012807481
9.599999999999982 -0.24999999999999978 -132.08007287977813 314.5114165639252
9.599999999999982 -0.23999999999999977 -103.57997678919354 243.4272094162288
9.599999999999982 -0.22999999999999976 -81.21982837898001 188.41224222656334
9.599999999999982 -0.21999999999999975 -63.67917261246537 145.83321662703315
9.599999999999982 -0.20999999999999974 -49.92098312490601 112.8784869791049
9.599999999999982 -0.19999999999999973 -39.13095573191281 87.372213428704
9.599999999999982 -0.18999999999999972 -30.669773483183846 67.63055863380444
9.599999999999982 -0.17999999999999972 -24.035578914087683 52.35041504994648
9.599999999999982 -0.1699999999999997 -18.83447649109912 40.523302539996344
9.599999999999982 -0.1599999999999997 -14.757351218225693 31.368741660829716
9.599999999999982 -0.1499999999999997 -11.561654205585247 24.28269658625258
9.599999999999982 -0.13999999999999968 -9.057093423308105 18.797678590890012
9.599999999999982 -0.12999999999999967 -7.09439424039041 14.55187235941087
9.599999999999982 -0.11999999999999968 -5.556472599998463 11.265244170471872
9.599999999999982 -0.10999999999999968 -4.351504006022474 8.721052742838044
9.599999999999982 -0.09999999999999969 -3.4074819345862273 6.751540787603178
9.599999999999982 -0.08999999999999969 -2.6679461827289144 5.226861730569304
9.599999999999982 -0.0799999999999997 -2.088630026288827 4.046509946332963
9.599999999999982 -0.0699999999999997 -1.6348288223174257 3.132688332954873
9.599999999999982 -0.0599999999999997 -1.2793349643960639 2.4251751027045363
9.599999999999982 -0.0499999999999997 -1.000817328609395 1.8773507412985335
9.599999999999982 -0.039999999999999696 -0.7825494602083777 1.453122749168918
9.599999999999982 -0.029999999999999694 -0.6114112624413724 1.1245450939498414
9.599999999999982 -0.01999999999999969 -0.4771050525296078 0.8699751963378156
9.599999999999982 -0.009999999999999691 -0.3715394830614821 0.6726467763571644
9.599999999999982 3.0878077872387166e-16 -0.2883447267290576 0.5195643513284913
9.599999999999982 0.010000000000000309 -0.2224900659559115 0.4006464160798484
9.599999999999982 0.02000000000000031 -0.1699810685702662 0.3080607540391697
9.599999999999982 0.03000000000000031 -0.1276182186364851 0.235708009864088
9.599999999999982 0.04000000000000031 -0.0928024809059515 0.1788194382048775
9.599999999999982 0.050000000000000315 -0.063376017448483 0.1336422754692141
9.599999999999982 0.06000000000000032 -0.0374883035116847 0.0971919596077319
9.599999999999982 0.07000000000000031 -0.0134793213302726 0.0670548285845578
9.599999999999982 0.08000000000000031 0.0102275762462677 0.0412282522546063
9.599999999999982 0.0900000000000003 0.0352300999639797 0.0179876143283811
9.599999999999982 0.1000000000000003 0.0632557405911178 -0.0042286764411587
9.599999999999982 0.11000000000000029 0.0962822406882643 -0.0269237872585426
9.599999999999982 0.12000000000000029 0.1366783027099828 -0.0516436412272511
9.599999999999982 0.13000000000000028 0.1873746249238378 -0.0800814279647499
9.599999999999982 0.1400000000000003 0.2520776964976094 -0.114192425924828
9.599999999999982 0.1500000000000003 0.3355420321554159 -0.1563268043829158
9.599999999999982 0.1600000000000003 0.4439209317292312 -0.209389259986477
9.599999999999982 0.17000000000000032 0.5852217430012783 -0.2770361035298705
9.599999999999982 0.18000000000000033 0.7698994303744817 -0.3639228564658448
9.599999999999982 0.19000000000000034 1.011632594023708 -0.4760186945261131
9.599999999999982 0.20000000000000034 1.3283397192313018 -0.6210083886677981
9.599999999999982 0.21000000000000035 1.743511384740483 -0.8088080035284636
9.599999999999982 0.22000000000000036 2.2879577660852046 -1.052227858182948
9.599999999999982 0.23000000000000037 3.0021018023626085 -1.3678255641795973
9.599999999999982 0.24000000000000038 3.9389891760684774 -1.777003878249279
9.599999999999982 0.2500000000000004 5.168239838707903 -2.30742333184865
9.599999999999982 0.2600000000000004 6.781236211655989 -2.994818994041208
9.599999999999982 0.2700000000000004 8.897935673143202 -3.8853353733239206
9.599999999999982 0.2800000000000004 11.675816432357914 -5.038524719727553
9.599999999999982 0.2900000000000004 15.321625486620057 -6.531193526837687
9.599999999999982 0.30000000000000043 20.10680700502876 -8.46233192098631
9.599999999999982 0.31000000000000044 26.387764874671188 -10.959423394504308
9.599999999999982 0.32000000000000045 34.632474893930066 -14.186511073396312
9.599999999999982 0.33000000000000046 45.455437267960704 -18.354495125025313
9.599999999999982 0.34000000000000047 59.663584196424765 -23.734258446882407
9.599999999999982 0.3500000000000005 78.31657711047265 -30.673369665873643
9.599999999999982 0.3600000000000005 102.80600478297418 -39.617299784471584
9.599999999999982 0.3700000000000005 134.9594075294179 -51.13631842109101
9.599999999999982 0.3800000000000005 177.17690959923058 -65.9595150892944
9.599999999999982 0.3900000000000005 232.61068015804727 -85.01772834411258
9.599999999999982 0.4000000000000005 305.4006447470639 -109.49756875663742
9.599999999999982 0.41000000000000053 400.98407222092294 -140.9091973437264
9.599999999999982 0.42000000000000054 526.5021796533276 -181.17107340337844
9.599999999999982 0.43000000000000055 691.3341396475754 -232.71551370162254
9.599999999999982 0.44000000000000056 907.7983784961393 -298.6195986847773
9.599999999999982 0.45000000000000057 1192.0735242816663 -382.7666962261929
9.599999999999982 0.4600000000000006 1565.4077244271793 -490.0446014315874
9.599999999999982 0.4700000000000006 2055.7065114804027 -626.5869283887885
9.599999999999982 0.4800000000000006 2699.6175371628165 -800.0647982934713
9.599999999999982 0.4900000000000006 3545.267389859786 -1020.0358290262938
9.599999999999982 0.5000000000000006 4655.854070556498 -1298.3566058060794
9.699999999999982 -0.5 -63705.195929745125 -198269.0610981715
9.699999999999982 -0.49 -48678.04724856525 -153825.44136339074
9.699999999999982 -0.48 -37189.100224793125 -119346.09051581145
9.699999999999982 -0.47 -28406.658732793803 -92596.60130907065
9.699999999999982 -0.45999999999999996 -21694.229553335612 -71843.70698658776
9.699999999999982 -0.44999999999999996 -16564.771050772535 -55742.86314647122
9.699999999999982 -0.43999999999999995 -12645.651295803465 -43251.05235995259
9.699999999999982 -0.42999999999999994 -9651.811709325006 -33559.15139995712
9.699999999999982 -0.41999999999999993 -7365.217102055069 -26039.47133752835
9.699999999999982 -0.4099999999999999 -5619.121338151633 -20205.065975901587
9.699999999999982 -0.3999999999999999 -4286.0215650885575 -15678.168148414818
9.699999999999982 -0.3899999999999999 -3268.437425004894 -12165.705959485258
9.699999999999982 -0.3799999999999999 -2491.853609303244 -9440.310601326451
9.699999999999982 -0.3699999999999999 -1899.3188917846978 -7325.583789982499
9.699999999999982 -0.3599999999999999 -1447.3133843848118 -5684.669286356757
9.699999999999982 -0.34999999999999987 -1102.5866450821427 -4411.387356107279
9.699999999999982 -0.33999999999999986 -839.7389030289819 -3423.357300666256
9.699999999999982 -0.32999999999999985 -639.3710144255009 -2656.662158140561
9.699999999999982 -0.31999999999999984 -486.6696293209179 -2061.709701635507
9.699999999999982 -0.30999999999999983 -370.32535138113326 -1600.0214478275445
9.699999999999982 -0.2999999999999998 -281.70564574941136 -1241.741566982207
9.699999999999982 -0.2899999999999998 -214.2226082947728 -963.7042631625202
9.699999999999982 -0.2799999999999998 -162.84976631656386 -747.9343995173733
9.699999999999982 -0.2699999999999998 -123.7528427049237 -580.484227801583
9.699999999999982 -0.2599999999999998 -94.0076539720299 -450.53086592963183
9.699999999999982 -0.24999999999999978 -71.3846184019618 -349.6760657206372
9.699999999999982 -0.23999999999999977 -54.18417656621072 -271.40292126010945
9.699999999999982 -0.22999999999999976 -41.1111194133562 -210.65433669890575
9.699999999999982 -0.21999999999999975 -31.17864470341682 -163.5059603047411
9.699999999999982 -0.20999999999999974 -23.635124156328118 -126.9124106726213
9.699999999999982 -0.19999999999999973 -17.908217107925903 -98.510367949322
9.699999999999982 -0.18999999999999972 -13.562231000749833 -76.46578547302208
9.699999999999982 -0.17999999999999972 -10.265596004928856 -59.355334090194496
9.699999999999982 -0.1699999999999997 -7.766060375609008 -46.07440775121823
9.699999999999982 -0.1599999999999997 -5.871778316994063 -35.76573843995255
9.699999999999982 -0.1499999999999997 -4.436894090385303 -27.764002478217495
9.699999999999982 -0.13999999999999968 -3.3505562112556797 -21.55283519495908
9.699999999999982 -0.12999999999999967 -2.528547804344719 -16.73147390820444
9.699999999999982 -0.11999999999999968 -1.9069118677760148 -12.988872148245367
9.699999999999982 -0.10999999999999968 -1.4370973670742422 -10.083611400707671
9.699999999999982 -0.09999999999999969 -1.0822644674716337 -7.828311670277757
9.699999999999982 -0.08999999999999969 -0.8144730229827822 -6.077533142496186
9.699999999999982 -0.0799999999999997 -0.6125439467477685 -4.718386991202519
9.699999999999982 -0.0699999999999997 -0.460433084814679 -3.6632485580914698
9.699999999999982 -0.0599999999999997 -0.3459953706596308 -2.8441020572196725
9.699999999999982 -0.0499999999999997 -0.2600461520197016 -2.208151428250705
9.699999999999982 -0.039999999999999696 -0.1956487962674361 -1.7144138028673557
9.699999999999982 -0.029999999999999694 -0.1475746319346457 -1.3310755544632216
9.699999999999982 -0.01999999999999969 -0.1118942229093858 -1.0334401804848656
9.699999999999982 -0.009999999999999691 -0.0856688545779009 -0.8023355074063296
9.699999999999982 3.0878077872387166e-16 -0.0667186695219073 -0.6228773837175746
9.699999999999982 0.010000000000000309 -0.0534496849417886 -0.4835100557602239
9.699999999999982 0.02000000000000031 -0.0447263853707624 -0.3752612940709925
9.699999999999982 0.03000000000000031 -0.0397800446200195 -0.2911642099177384
9.699999999999982 0.04000000000000031 -0.0381456483428129 -0.2258084700802114
9.699999999999982 0.050000000000000315 -0.0396224661521731 -0.1749919791887408
9.699999999999982 0.06000000000000032 -0.0442551227923332 -0.135450594187019
9.699999999999982 0.07000000000000031 -0.0523335762998532 -0.1046484854298032
9.699999999999982 0.08000000000000031 -0.0644118441440059 -0.0806156911876931
9.699999999999982 0.0900000000000003 -0.0813467333125033 -0.0618224827750463
9.699999999999982 0.1000000000000003 -0.1043593330201316 -0.0470825669764303
9.699999999999982 0.11000000000000029 -0.1351237313511888 -0.035479059952215
9.699999999999982 0.12000000000000029 -0.1758894465900979 -0.026308700197978
9.699999999999982 0.13000000000000028 -0.2296465712776878 -0.0190410327867116
9.699999999999982 0.1400000000000003 -0.300345798534419 -0.0132903833691486
9.699999999999982 0.1500000000000003 -0.3931895715134681 -0.0087994302161819
9.699999999999982 0.1600000000000003 -0.5150158702847416 -0.0054341560148109
9.699999999999982 0.17000000000000032 -0.6748030174801752 -0.0031910030520469
9.699999999999982 0.18000000000000033 -0.8843328543557623 -0.0022182631613826
9.699999999999982 0.19000000000000034 -1.1590613783529955 -0.0028552262989568
9.699999999999982 0.20000000000000034 -1.5192613131123331 -0.0056945410916725
9.699999999999982 0.21000000000000035 -1.9915212437326215 -0.0116758078273774
9.699999999999982 0.22000000000000036 -2.610712390404736 -0.0222218986363596
9.699999999999982 0.23000000000000037 -3.4225687748633544 -0.0394342466446904
9.699999999999982 0.24000000000000038 -4.487072030434047 -0.066369864659109
9.699999999999982 0.2500000000000004 -5.882891794430465 -0.1074318274844584
9.699999999999982 0.2600000000000004 -7.713210930500717 -0.1689173165580462
9.699999999999982 0.2700000000000004 -10.113367568584323 -0.2597843655413621
9.699999999999982 0.2800000000000004 -13.260880742845716 -0.3927219222883961
9.699999999999982 0.2900000000000004 -17.388603250025408 -0.5856401723098799
9.699999999999982 0.30000000000000043 -22.801977353304125 -0.8637425634208756
9.699999999999982 0.31000000000000044 -29.901673314464972 -1.2624021699145136
9.699999999999982 0.32000000000000045 -39.21328999686916 -1.831149154934654
9.699999999999982 0.33000000000000046 -51.42632050592366 -2.639191645162989
9.699999999999982 0.34000000000000047 -67.44527277726652 -3.7830509741334417
9.699999999999982 0.3500000000000005 -88.45673598442005 -5.397109919382427
9.699999999999982 0.3600000000000005 -116.01736519122689 -7.668171051066943
9.699999999999982 0.3700000000000005 -152.16930605093367 -10.85553142005038
9.699999999999982 0.3800000000000005 -199.591612827844 -15.318640251325341
9.699999999999982 0.3900000000000005 -261.7988762591268 -21.55517367472137
9.699999999999982 0.4000000000000005 -343.4017687546423 -30.253410733305003
9.699999999999982 0.41000000000000053 -450.44878969150824 -42.36423156180897
9.699999999999982 0.42000000000000054 -590.874488803381 -59.200023071362715
9.699999999999982 0.43000000000000055 -775.0873000675352 -82.57046247036475
9.699999999999982 0.44000000000000056 -1016.7404063658481 -114.96881729493886
9.699999999999982 0.45000000000000057 -1333.7425272749488 -159.82741043371257
9.699999999999982 0.4600000000000006 -1749.5831595522006 -221.86773781476103
9.699999999999982 0.4700000000000006 -2295.0698833167835 -307.5800593701874
9.699999999999982 0.4800000000000006 -3010.605548818349 -425.8800150987468
9.699999999999982 0.4900000000000006 -3949.172660607882 -589.0071783375536
9.699999999999982 0.5000000000000006 -5180.243922170533 -813.7541220805462
9.799999999999981 -0.5 170191.84699877838 135014.92714594398
9.799999999999981 -0.49 131431.21597304931 105135.22580878402
9.799999999999981 -0.48 101499.09628628552 81867.44932664747
9.799999999999981 -0.47 78384.41366667805 63748.63693249746
9.799999999999981 -0.45999999999999996 60534.24871982182 49639.485818517525
9.799999999999981 -0.44999999999999996 46749.45151602806 38652.75587654608
9.799999999999981 -0.43999999999999995 36104.041577366595 30097.509578798792
9.799999999999981 -0.42999999999999994 27882.972953438242 23435.685174999875
9.799999999999981 -0.41999999999999993 21534.079399465092 18248.275658711154
9.799999999999981 -0.4099999999999999 16630.9684285438 14208.989064695683
9.799999999999981 -0.3999999999999999 12844.369384700474 11063.735432857558
9.799999999999981 -0.3899999999999999 9920.009226831788 8614.651684976327
9.799999999999981 -0.3799999999999999 7661.528680786662 6707.660667358217
9.799999999999981 -0.3699999999999999 5917.29034230619 5222.782600427973
9.799999999999981 -0.3599999999999999 4570.1919993340725 4066.5900771980855
9.799999999999981 -0.34999999999999987 3529.8004927020465 3166.332418989795
9.799999999999981 -0.33999999999999986 2726.2774409297404 2465.3600823314177
9.799999999999981 -0.32999999999999985 2105.6886114731615 1919.561500465342
9.799999999999981 -0.31999999999999984 1626.381729014994 1494.5883654770923
9.799999999999981 -0.30999999999999983 1256.1893265847452 1163.6949079216884
9.799999999999981 -0.2999999999999998 970.2686969598915 906.0553217517582
9.799999999999981 -0.2899999999999998 749.4338188725054 705.4535372178938
9.799999999999981 -0.2799999999999998 578.8671940586908 549.262951030287
9.799999999999981 -0.2699999999999998 447.1250601048297 427.6519518702462
9.799999999999981 -0.2599999999999998 345.3691567331484 332.96527554792823
9.799999999999981 -0.24999999999999978 266.7734448535439 259.2422796936131
9.799999999999981 -0.23999999999999977 206.06593165824737 201.84183755287003
9.799999999999981 -0.22999999999999976 159.1748313205241 157.1502552816752
9.799999999999981 -0.21999999999999975 122.95529954405693 122.35383849970378
9.799999999999981 -0.20999999999999974 94.97839234333699 95.26179993677859
9.799999999999981 -0.19999999999999973 73.36807874278823 74.16836638931221
9.799999999999981 -0.18999999999999972 56.67536441573424 57.745408941280395
9.799999999999981 -0.17999999999999972 43.78107550859728 44.95884051604607
9.799999999999981 -0.1699999999999997 33.82077646826929 35.00352003563686
9.799999999999981 -0.1599999999999997 26.1267819171112 27.252566789156973
9.799999999999981 -0.1499999999999997 20.18337035073658 21.21789526825862
9.799999999999981 -0.13999999999999968 15.592193769782938 16.519486732028174
9.799999999999981 -0.12999999999999967 12.045561837689844 12.861463518343268
9.799999999999981 -0.11999999999999968 9.305807757426239 10.013460200904355
9.799999999999981 -0.10999999999999968 7.18935128485448 7.79611902727831
9.799999999999981 -0.09999999999999969 5.554389561014517 6.0697966316302505
9.799999999999981 -0.08999999999999969 4.291389922017498 4.725771124576307
9.799999999999981 -0.0799999999999997 3.315746883050494 3.6793960370498064
9.799999999999981 -0.0699999999999997 2.562110718187465 2.8647701362828415
9.799999999999981 -0.0599999999999997 1.98000722113583 2.2305875504949926
9.799999999999981 -0.0499999999999997 1.5304548639055098 1.7369069384750415
9.799999999999981 -0.039999999999999696 1.18335248672556 1.352636296578359
9.799999999999981 -0.029999999999999694 0.9154623452767606 1.0535750496460863
9.799999999999981 -0.01999999999999969 0.7088532804763786 0.8208901595754251
9.799999999999981 -0.009999999999999691 0.549699642479304 0.6399303142003414
9.799999999999981 3.0878077872387166e-16 0.4273554661099588 0.4993035501635648
9.799999999999981 0.010000000000000309 0.3336418616117758 0.3901602571076519
9.799999999999981 0.02000000000000031 0.2622998921121424 0.3056364518586556
9.799999999999981 0.03000000000000031 0.208572318288383 0.2404223157391995
9.799999999999981 0.04000000000000031 0.1688862476813644 0.1904288928622174
9.799999999999981 0.050000000000000315 0.1406155129662629 0.1525320512638584
9.799999999999981 0.06000000000000032 0.1219069771899473 0.1243777045024207
9.799999999999981 0.07000000000000031 0.1115592871333684 0.1042361896329632
9.799999999999981 0.08000000000000031 0.1089461613702507 0.0908968470837034
9.799999999999981 0.0900000000000003 0.1139793501249367 0.0835964517322159
9.799999999999981 0.1000000000000003 0.1271091491745307 0.0819773723925659
9.799999999999981 0.11000000000000029 0.1493629803277355 0.0860733373387798
9.799999999999981 0.12000000000000029 0.1824252512993097 0.0963225931680473
9.799999999999981 0.13000000000000028 0.2287646702803106 0.1136101979581271
9.799999999999981 0.1400000000000003 0.2918186284433313 0.1393433296637211
9.799999999999981 0.1500000000000003 0.3762484267368636 0.1755659776938833
9.799999999999981 0.1600000000000003 0.488284315955785 0.2251224109238854
9.799999999999981 0.17000000000000032 0.6361859224690335 0.2918826160284832
9.799999999999981 0.18000000000000033 0.8308521322906703 0.3810477776273013
9.799999999999981 0.19000000000000034 1.08662553025641 0.4995602170315148
9.799999999999981 0.20000000000000034 1.422350852664429 0.656650531018292
9.799999999999981 0.21000000000000035 1.8627656715897192 0.8645656506455349
9.799999999999981 0.22000000000000036 2.44032607306594 1.139536065839739
9.799999999999981 0.23000000000000037 3.1976022327733746 1.5030597200267606
9.799999999999981 0.24000000000000038 4.190420906242456 1.9836056471613055
9.799999999999981 0.2500000000000004 5.491987046433623 2.6188744001298043
9.799999999999981 0.2600000000000004 7.1982891156728765 3.458797501318774
9.799999999999981 0.2700000000000004 9.435187512245445 4.569518261649431
9.799999999999981 0.2800000000000004 12.367709883233694 6.0386763368190595
9.799999999999981 0.2900000000000004 16.212240115016254 7.982424955632416
9.799999999999981 0.30000000000000043 21.25250149651174 10.554751725014315
9.799999999999981 0.31000000000000044 27.860514677654155 13.959863122234756
9.799999999999981 0.32000000000000045 36.52407821338808 18.468645035166173
9.799999999999981 0.33000000000000046 47.88280068947018 24.44054813315529
9.799999999999981 0.34000000000000047 62.77534401930953 32.352695689704575
9.799999999999981 0.3500000000000005 82.30136375064625 42.83861050841389
9.799999999999981 0.3600000000000005 107.90271467682823 56.73975736142255
9.799999999999981 0.3700000000000005 141.46990792408116 75.1741654652848
9.799999999999981 0.3800000000000005 185.48166258105385 99.62782252932482
9.799999999999981 0.3900000000000005 243.1878262882554 132.07643905303578
9.799999999999981 0.4000000000000005 318.8491220096062 175.14773122304118
9.799999999999981 0.41000000000000053 418.05134367196865 232.33778057068105
9.799999999999981 0.42000000000000054 548.1170733511959 308.2995901521767
9.799999999999981 0.43000000000000055 718.6451211383044 409.22806142058977
9.799999999999981 0.44000000000000056 942.2172095090035 543.3737875486245
9.799999999999981 0.45000000000000057 1235.3236065645112 721.7290011006
9.799999999999981 0.4600000000000006 1619.5753291102792 958.9436703972682
9.799999999999981 0.4700000000000006 2123.2913222740785 1274.5493761680507
9.799999999999981 0.4800000000000006 2783.5761533041355 1694.5949182258041
9.799999999999981 0.4900000000000006 3649.0391509284077 2253.832883406783
9.799999999999981 0.5000000000000006 4783.352066923623 2998.643715901735
9.89999999999998 -0.5 -225078.60591448413 -18374.02763783298
9.89999999999998 -0.49 -174323.55131323577 -14881.338796202643
9.89999999999998 -0.48 -135016.33608104344 -12029.940759811321
9.89999999999998 -0.47 -104574.30608558086 -9708.136068250018
9.89999999999998 -0.45999999999999996 -80997.59021429677 -7822.007839352961
9.89999999999998 -0.44999999999999996 -62737.564280109036 -6293.077934430514
9.89999999999998 -0.43999999999999995 -48595.009697908594 -5056.117578159302
9.89999999999998 -0.42999999999999994 -37641.261733319436 -4057.1606977445476
9.89999999999998 -0.41999999999999993 -29157.156521939873 -3251.739829800017
9.89999999999998 -0.4099999999999999 -22585.75834544539 -2603.345189402446
9.89999999999998 -0.3999999999999999 -17495.75613153903 -2082.0959163736065
9.89999999999998 -0.3899999999999999 -13553.120648162174 -1663.6061260600893
9.89999999999998 -0.3799999999999999 -10499.157698096305 -1328.025443238177
9.89999999999998 -0.3699999999999999 -8133.513632797236 -1059.2329617807186
9.89999999999998 -0.3599999999999999 -6301.01543921606 -844.1642013939162
9.89999999999998 -0.34999999999999987 -4881.479986661175 -672.2520481268748
9.89999999999998 -0.33999999999999986 -3781.8223767823342 -534.9644806242086
9.89999999999998 -0.32999999999999985 -2929.944586743649 -425.4238470531901
9.89999999999998 -0.31999999999999984 -2270.002695232997 -338.09440937117733
9.89999999999998 -0.30999999999999983 -1758.741644300674 -268.5267174503391
9.89999999999998 -0.2999999999999998 -1362.6566867052854 -213.1490640685114
9.89999999999998 -0.2899999999999998 -1055.7950196890786 -169.09778009164046
9.89999999999998 -0.2799999999999998 -818.0531894980935 -134.07945273716874
9.89999999999998 -0.2699999999999998 -633.858436134056 -106.25929529051358
9.89999999999998 -0.2599999999999998 -491.14737901393386 -84.17087709071076
9.89999999999998 -0.24999999999999978 -380.57498146335234 -66.64325421723372
9.89999999999998 -0.23999999999999977 -294.901860530515 -52.74224138833933
9.89999999999998 -0.22999999999999976 -228.51972353928625 -41.723151178187564
9.89999999999998 -0.21999999999999975 -177.08378453560806 -32.99281382167017
9.89999999999998 -0.20999999999999974 -137.22803882831346 -26.079094236223263
9.89999999999998 -0.19999999999999973 -106.34471404172221 -20.60645547865845
9.89999999999998 -0.18999999999999972 -82.41342909927631 -16.276391092233325
9.89999999999998 -0.17999999999999972 -63.86885524298514 -12.851772545123062
9.89999999999998 -0.1699999999999997 -49.498199972161835 -10.144340650765011
9.89999999999998 -0.1599999999999997 -38.36179167983185 -8.004718636595435
9.89999999999998 -0.1499999999999997 -29.731558335678162 -6.314445400117932
9.89999999999998 -0.13999999999999968 -23.043367361979005 -4.979625482987603
9.89999999999998 -0.12999999999999967 -17.860102963732697 -3.925871580453741
9.89999999999998 -0.11999999999999968 -13.843061304128426 -3.0942794409463774
9.89999999999998 -0.10999999999999968 -10.729789291827506 -2.4382266465251847
9.89999999999998 -0.09999999999999969 -8.31691516926521 -1.920828338221286
9.89999999999998 -0.08999999999999969 -6.44684628731117 -1.5129163754684734
9.89999999999998 -0.0799999999999997 -4.997462894001186 -1.1914352585568526
9.89999999999998 -0.0699999999999997 -3.8741330835070023 -0.9381696698126774
9.89999999999998 -0.0599999999999997 -3.003526125878796 -0.738735736703093
9.89999999999998 -0.0499999999999997 -2.328819203920631 -0.5817819264166216
9.89999999999998 -0.039999999999999696 -1.8059838473536072 -0.4583565249992388
9.89999999999998 -0.029999999999999694 -1.4009090610636996 -0.3614074831649256
9.89999999999998 -0.01999999999999969 -1.0871729298105388 -0.2853874681314018
9.89999999999998 -0.009999999999999691 -0.8443169380438288 -0.2259426035394989
9.89999999999998 3.0878077872387166e-16 -0.6565101535485264 -0.1796678961070557
9.89999999999998 0.010000000000000309 -0.5115159446852579 -0.1439159712692373
9.89999999999998 0.02000000000000031 -0.3998937057863201 -0.1166486597139228
9.89999999999998 0.03000000000000031 -0.3143834519913717 -0.0963233466418208
9.89999999999998 0.04000000000000031 -0.2494331222316865 -0.0818079428374304
9.89999999999998 0.050000000000000315 -0.200837782807167 -0.0723199676738942
9.89999999999998 0.06000000000000032 -0.165467268066759 -0.0673866404448486
9.89999999999998 0.07000000000000031 -0.1410646119285503 -0.0668241393977571
9.89999999999998 0.08000000000000031 -0.1261022977729553 -0.0707353837473582
9.89999999999998 0.0900000000000003 -0.1196871939428168 -0.0795268983570385
9.89999999999998 0.1000000000000003 -0.1215083034558068 -0.0939466135142475
9.89999999999998 0.11000000000000029 -0.1318243588723129 -0.1151459227824478
9.89999999999998 0.12000000000000029 -0.1514910341901392 -0.1447710757994567
9.89999999999998 0.13000000000000028 -0.1820303146149502 -0.1850911493916405
9.89999999999998 0.1400000000000003 -0.2257475565411872 -0.2391725822853371
9.89999999999998 0.1500000000000003 -0.2859051972243935 -0.311113784787285
9.89999999999998 0.1600000000000003 -0.3669661835248782 -0.4063579160013702
9.89999999999998 0.17000000000000032 -0.4749252806244091 -0.5321079116882003
9.89999999999998 0.18000000000000033 -0.6177528671654067 -0.6978757111242644
9.89999999999998 0.19000000000000034 -0.8059840959857936 -0.9162079845173544
9.89999999999998 0.20000000000000034 -1.053497008147314 -1.203644313348093
9.89999999999998 0.21000000000000035 -1.3785371209941528 -1.581981794797936
9.89999999999998 0.22000000000000036 -1.8050641953948947 -2.0799438446272767
9.89999999999998 0.23000000000000037 -2.3645206633748543 -2.7353824359980643
9.89999999999998 0.24000000000000038 -3.0981523173068997 -3.5981846197136886
9.89999999999998 0.2500000000000004 -4.060052618252282 -4.734109217952708
9.89999999999998 0.2600000000000004 -5.321155374973447 -6.229852436658531
9.89999999999998 0.2700000000000004 -6.974470505478012 -8.199737595741105
9.89999999999998 0.2800000000000004 -9.141949263650309 -10.794551921183531
9.89999999999998 0.2900000000000004 -11.983485428519455 -14.213222588471773
9.89999999999998 0.30000000000000043 -15.708716327127958 -18.7182485122621
9.89999999999998 0.31000000000000044 -20.5924937281942 -24.656101758848166
9.89999999999998 0.32000000000000045 -26.995164692362586 -32.484206862091064
9.89999999999998 0.33000000000000046 -35.38915613152994 -42.80662959030626
9.89999999999998 0.34000000000000047 -46.39381991575257 -56.42130119558628
9.89999999999998 0.3500000000000005 -60.82110159141987 -74.38252623826186
9.89999999999998 0.3600000000000005 -79.73538918515838 -98.0837467472187
9.89999999999998 0.3700000000000005 -104.53193667408047 -129.36716267242397
9.89999999999998 0.3800000000000005 -137.03961454786216 -170.66897143248428
9.89999999999998 0.3900000000000005 -179.65551533890738 -225.21186528700227
9.89999999999998 0.4000000000000005 -235.52126259177734 -297.2602508464447
9.89999999999998 0.41000000000000053 -308.7539035711469 -392.45874583484783
9.89999999999998 0.42000000000000054 -404.7482251671148 -518.2812853363159
9.89999999999998 0.43000000000000055 -530.5724998619835 -684.627195313214
9.89999999999998 0.44000000000000056 -695.4864090514272 -904.6126158899675
9.89999999999998 0.45000000000000057 -911.6186776024879 -1195.6216836762158
9.89999999999998 0.4600000000000006 -1194.8533991671356 -1580.7032516502072
9.89999999999998 0.4700000000000006 -1565.9889292056546 -2090.4274289540804
9.89999999999998 0.4800000000000006 -2052.2525956611003 -2765.3542582739724
9.89999999999998 0.4900000000000006 -2689.2796453964884 -3659.317622306013
9.89999999999998 0.5000000000000006 -3523.697505387524 -4843.795275514724
9.99999999999998 -0.5 204467.90710668752 -113743.16319443098
9.99999999999998 -0.49 158705.3741780369 -87583.86253279682
9.99999999999998 -0.48 123187.0147809166 -67439.76196820773
9.99999999999998 -0.47 95619.18429757407 -51927.92964378664
9.99999999999998 -0.45999999999999996 74221.87719745618 -39983.327344908575
9.99999999999998 -0.44999999999999996 57613.680594488294 -30785.747610620532
9.99999999999998 -0.43999999999999995 44722.501222935134 -23703.54079150924
9.99999999999998 -0.42999999999999994 34716.290789896055 -18250.274226785856
9.99999999999998 -0.41999999999999993 26949.28892769897 -14051.352013415353
9.99999999999998 -0.4099999999999999 20920.307114455198 -10818.306545064017
9.99999999999998 -0.3999999999999999 16240.356002753993 -8328.99887228337
9.99999999999998 -0.3899999999999999 12607.523052940589 -6412.37000065996
9.99999999999998 -0.3799999999999999 9787.476353871383 -4936.697250687796
9.99999999999998 -0.3699999999999999 7598.334397476543 -3800.5501281226852
9.99999999999998 -0.3599999999999999 5898.923913018455 -2925.8252631592745
9.99999999999998 -0.34999999999999987 4579.666939554927 -2252.3825552973485
9.99999999999998 -0.33999999999999986 3555.508300500653 -1733.9144789550633
9.99999999999998 -0.32999999999999985 2760.426543378664 -1334.7650891763465
9.99999999999998 -0.31999999999999984 2143.1737559646117 -1027.480414600092
9.99999999999998 -0.30999999999999983 1663.9690890249622 -790.9221018970213
9.99999999999998 -0.2999999999999998 1291.9324435728865 -608.8148219051056
9.99999999999998 -0.2899999999999998 1003.0926033435238 -468.62771225564836
9.99999999999998 -0.2799999999999998 778.841203992959 -360.7130551734417
9.99999999999998 -0.2699999999999998 604.7327292441222 -277.6430443165874
9.99999999999998 -0.2599999999999998 469.55307291235505 -213.6990917333311
9.99999999999998 -0.24999999999999978 364.59654934341813 -164.4785978372481
9.99999999999998 -0.23999999999999977 283.1046944058882 -126.59217200972616
9.99999999999998 -0.22999999999999976 219.83064476835705 -97.43050226207144
9.99999999999998 -0.21999999999999975 170.70098981698123 -74.98485542677133
9.99999999999998 -0.20999999999999974 132.55328206930244 -57.708872774485464
9.99999999999998 -0.19999999999999973 102.93227481066941 -44.41216252959591
9.99999999999998 -0.18999999999999972 79.93174536412376 -34.17837514719878
9.99999999999998 -0.17999999999999972 62.07170369362891 -26.302129345765625
9.99999999999998 -0.1699999999999997 48.203068900930106 -20.24045222666263
9.99999999999998 -0.1599999999999997 37.433668028761346 -15.575394280151805
9.99999999999998 -0.1499999999999997 29.070786836967276 -11.98524816152727
9.99999999999998 -0.13999999999999968 22.576569661685348 -9.222391561894984
9.99999999999998 -0.12999999999999967 17.53339400808474 -7.096229912391037
9.99999999999998 -0.11999999999999968 13.61698864345339 -5.460065327365589
9.99999999999998 -0.10999999999999968 10.575563154758203 -4.200988198701307
9.99999999999998 -0.09999999999999969 8.213604425918245 -3.2320957490316933
9.99999999999998 -0.08999999999999969 6.379296276928723 -2.4865019203723615
9.99999999999998 -0.0799999999999997 4.954751994211009 -1.912726215712336
9.99999999999998 -0.0699999999999997 3.848430730547408 -1.471143994196182
9.99999999999998 -0.0599999999999997 2.989249453914748 -1.1312537672950413
9.99999999999998 -0.0499999999999997 2.3220113511417675 -0.8695732751874682
9.99999999999998 -0.039999999999999696 1.8038563879067964 -0.6680194053985297
9.99999999999998 -0.029999999999999694 1.401505558236274 -0.5126603256333723
9.99999999999998 -0.01999999999999969 1.0891214684205845 -0.392753830246635
9.99999999999998 -0.009999999999999691 0.8466475867795505 -0.3000056073278018
9.99999999999998 3.0878077872387166e-16 0.6585193099727885 -0.2279962762989626
9.99999999999998 0.010000000000000309 0.5126639348142349 -0.1717376655956748
9.99999999999998 0.02000000000000031 0.399725224549242 -0.1273276953741296
9.99999999999998 0.03000000000000031 0.3124627189750922 -0.0916800126435156
9.99999999999998 0.04000000000000031 0.2452871906219578 -0.0623096615191404
9.99999999999998 0.050000000000000315 0.1939024198952806 -0.0371599115338623
9.99999999999998 0.06000000000000032 0.1550303162793021 -0.0144581746334094
9.99999999999998 0.07000000000000031 0.1262017928702242 0.0074090925627002
9.99999999999998 0.08000000000000031 0.1056000554730188 0.0300113483986508
9.99999999999998 0.0900000000000003 0.0919463709791119 0.054987006282674
9.99999999999998 0.1000000000000003 0.0844211542713468 0.0841627355533395
9.99999999999998 0.11000000000000029 0.082615540259726 0.1196877608536839
9.99999999999998 0.12000000000000029 0.0865106418202426 0.1641930999863553
9.99999999999998 0.13000000000000028 0.096483571808161 0.2209876243886052
9.99999999999998 0.1400000000000003 0.1133411559815771 0.2943056655648966
9.99999999999998 0.1500000000000003 0.1383842120339626 0.3896248463330112
9.99999999999998 0.1600000000000003 0.1735074557787501 0.5140781944906188
9.99999999999998 0.17000000000000032 0.2213426757626605 0.6769918152077301
9.99999999999998 0.18000000000000033 0.2854559795037715 0.8905890162945687
9.99999999999998 0.19000000000000034 0.3706138894320426 1.1709145431603523
9.99999999999998 0.20000000000000034 0.4831381465518736 1.5390494785169473
9.99999999999998 0.21000000000000035 0.6313756391535382 2.0227097096401936
9.99999999999998 0.22000000000000036 0.8263183964672947 2.6583504041104837
9.99999999999998 0.23000000000000037 1.0824197018843744 3.493937968943595
9.99999999999998 0.24000000000000038 1.4186669071805116 4.5926025509089365
9.99999999999998 0.2500000000000004 1.8599905387356988 6.037452310956172
9.99999999999998 0.2600000000000004 2.4391141785416215 7.937920829000195
9.99999999999998 0.2700000000000004 3.198982206510726 10.438138163516474
9.99999999999998 0.2800000000000004 4.195945198573541 13.727973709736752
9.99999999999998 0.2900000000000004 5.503938714524652 18.057607542513782
9.99999999999998 0.30000000000000043 7.219964466873666 23.756762937795575
9.99999999999998 0.31000000000000044 9.471278773937717 31.260098190925753
9.99999999999998 0.32000000000000045 12.424818733388951 41.14073982943594
9.99999999999998 0.33000000000000046 16.299560792269094 54.15458054911129
9.99999999999998 0.34000000000000047 21.38272117788899 71.29881509582329
9.99999999999998 0.3500000000000005 28.05098841002703 93.88931420438375
9.99999999999998 0.3600000000000005 36.798344893501856 123.66293145390095
9.99999999999998 0.3700000000000005 48.27251344822711 162.91282138497658
9.99999999999998 0.3800000000000005 63.322689378455664 214.66748033094646
9.99999999999998 0.3900000000000005 83.0620331133185 282.92771836638906
9.99999999999998 0.4000000000000005 108.94945921245188 372.98041695533885
9.99999999999998 0.41000000000000053 142.89663775119922 491.8141026580024
9.99999999999998 0.42000000000000054 187.40791795980516 648.6695798266584
9.99999999999998 0.43000000000000055 245.7632125076358 855.7697912594621
9.99999999999998 0.44000000000000056 322.25689902499903 1129.2876184704644
9.99999999999998 0.45000000000000057 422.50970129298554 1490.6296987233598
9.99999999999998 0.4600000000000006 553.8755578085336 1968.140135789466
9.99999999999998 0.4700000000000006 725.9719889496272 2599.3623697375856
9.99999999999998 0.4800000000000006 951.3708372930219 3434.0433290757774
9.99999999999998 0.4900000000000006 1246.496981291443 4538.125171440354
9.99999999999998 0.5000000000000006 1632.7963345900696 5999.051587992292
