-2.3717082451262845 3.69437045899821e-13 7.537577833256441e-14 8.245001120232034e-15 4.0867060970901e-16 2.36195149980635e-16 4.060775847532954e-16 3.664469938129315e-16 2.1299440134494593e-16 9.765027979631881e-17 -6.705143705478933e-18 7.867443768905754e-18 4.7351803038779904e-17 1.8964763654921013e-16 1.2468941020106008e-15 9.158111362872594e-15 6.86400618045496e-14 3.919159315521502e-13 1.1122613408463102e-12 1.4671321721410413e-12 9.998410284312782e-13 3.6943630319728e-13
-2.3685459674661162 4.007588799619455e-13 8.241376208165363e-14 9.142393721679468e-15 4.752881330528767e-16 2.674351682883837e-16 4.50734532559431e-16 4.057600758437179e-16 2.3555683641703997e-16 1.0569002186519997e-16 -6.950547459446886e-18 4.1672244093944055e-18 4.6531843038428484e-17 2.066228190000715e-16 1.3664620269631454e-15 9.94713011557857e-15 7.416525485822894e-14 4.2286675567089455e-13 1.1985083790299106e-12 1.5802370186322215e-12 1.0792986499436312e-12 4.007568138800053e-13
-2.365383689805948 4.346191222826323e-13 9.008608158683449e-14 1.0134969425185964e-14 5.519635902243451e-16 3.026627099914318e-16 4.99830836839095e-16 4.485977828860485e-16 2.598993796710514e-16 1.1428123469453672e-16 -7.009952221839973e-18 5.372425433664525e-19 4.593643753197964e-17 2.254696877239285e-16 1.4972631713640796e-15 1.0800586694354899e-14 8.01103156856691e-14 4.56144688009084e-13 1.2911130767943546e-12 1.701598502706292e-12 1.164751049233575e-12 4.3461558552702666e-13
-2.362221412145779 4.712125570841982e-13 9.844735301012575e-14 1.1232473757792827e-14 6.402086385004074e-16 3.4256559521925197e-16 5.54017063910357e-16 4.955378820014965e-16 2.8643286682013416e-16 1.2364639909119332e-16 -6.735328327578936e-18 -2.83374599302737e-18 4.580159867801552e-17 2.465478176004475e-16 1.640439318506707e-15 1.1723498673584831e-14 8.650500067662403e-14 4.91914967180216e-13 1.3905169688799343e-12 1.8317808759434994e-12 1.2566230495408395e-12 4.712074822979454e-13
-2.359059134485611 5.107479436043914e-13 1.0755663563460065e-13 1.2445588011834719e-14 7.417145388801866e-16 3.8791809644030323e-16 6.140294496634519e-16 5.472409810412174e-16 3.1563101147255243e-16 1.3404014891752014e-16 -5.973135152469803e-18 -5.762700089005018e-18 4.636454837214236e-17 2.702422462430042e-16 1.7972220414951266e-15 1.2721211774311711e-14 9.33809576510926e-14 5.303537841940278e-13 1.4971901250955297e-12 1.9713838684801554e-12 1.3553672994330591e-12 5.107413444310491e-13
-2.3558968568254426 5.534489549475887e-13 1.1747778123015645e-13 1.3786015166889553e-14 8.58365407119458e-16 4.395819450995842e-16 6.806891973839045e-16 6.044464154278001e-16 3.480237347745628e-16 1.457433806563429e-16 -4.570516251802421e-18 -8.081492900402758e-18 4.7853849227960494e-17 2.9695730853475737e-16 1.9689320364453603e-15 1.379941099524657e-14 1.0077182665148435e-13 5.716489550773034e-13 1.6116328472233515e-12 2.121044699386258e-12 1.4614659313808756e-12 5.534409224457573e-13
-2.3527345791652743 5.995551749451517e-13 1.2827980973054612e-13 1.5266573960309293e-14 9.922532034323085e-16 4.985073700802992e-16 7.549010280684186e-16 6.679668490901485e-16 3.8418920487758987e-16 1.5905664372927628e-16 -2.3813752809633356e-18 -9.645417163152407e-18 5.048015511910194e-17 3.271107386383624e-16 2.156978890176602e-15 1.4964132936210846e-14 1.087133462231293e-13 6.160006317994008e-13 1.7343774564505964e-12 2.2814401849466083e-12 1.5754323076909567e-12 5.995458697256697e-13
-2.3495723015051055 6.493231553077084e-13 1.400373125097622e-13 1.6901301772029553e-14 1.1456949601809343e-15 5.657345954664308e-16 8.376513978839952e-16 7.386821202485084e-16 4.2474515387580555e-16 1.7429323686555408e-16 7.280299201163939e-19 -1.0340514414503483e-17 5.442812093702454e-17 3.6112848731366537e-16 2.3628616773541542e-15 1.6221779691338166e-14 1.1724346552616988e-13 6.636220532275343e-13 1.865990174820536e-12 2.4532889475623227e-12 1.6978128566686651e-12 6.493127960058985e-13
-2.3464100238449372 7.030275353436598e-13 1.5283088456667495e-13 1.8705567016889335e-14 1.321252777172463e-15 6.423962660120841e-16 9.300068587092637e-16 8.17532935113056e-16 4.703401002787572e-16 1.9177246508760247e-16 4.8743223001019696e-18 -1.0089297660935531e-17 5.984996218022396e-17 3.99440680927619e-16 2.5881707654461473e-15 1.7579134643152658e-14 1.264024625560992e-13 7.147403378502071e-13 2.007073104232244e-12 2.637353727874575e-12 1.8291890017891796e-12 7.030163842385481e-13
-2.343247746184769 7.60962226540953e-13 1.6674758697014169e-13 2.0696191767944218e-14 1.5217571317643683e-15 7.297212927221587e-16 1.033113079387344e-15 9.055150571953552e-16 5.216451349796793e-16 2.1181351785044465e-16 1.0153382488325726e-17 -8.854512317836053e-18 6.68610792418044e-17 4.4247910489363207e-16 2.8345911702714103e-15 1.904338042369673e-14 1.3623306867255253e-13 7.695973200289665e-13 2.158266306578411e-12 2.8344438026222255e-12 1.9701791865842213e-12 7.609505732805832e-13
-2.3400854685246006 8.234416643662825e-13 1.8188144098443406e-13 2.2891585367775946e-14 1.75033405526514e-15 8.290406166293777e-16 1.148195064957049e-15 1.0036746542728408e-15 5.793469259106273e-16 2.347304110884813e-16 1.6638128746132522e-17 -6.6406757877682284e-18 7.553806259089758e-17 4.906765305562792e-16 3.103907752046719e-15 2.062211922818288e-14 1.467805995500712e-13 8.284504315716475e-13 2.320249988698146e-12 3.045417510678538e-12 2.12144099790736e-12 8.234298088452312e-13
-2.336923190864432 8.908021297293804e-13 1.9833395538801374e-13 2.531188982214065e-14 2.0104367185376205e-15 9.417953757996897e-16 1.2765591073955313e-15 1.1131054478152214e-15 6.441425611939221e-16 2.6082839489759484e-16 2.437789433868183e-17 -3.493247202235962e-18 8.591927825647066e-17 5.444681239891684e-16 3.398012474424495e-15 2.2323395573916223e-14 1.5809309257394463e-13 8.915736304678091e-13 2.4937467959364047e-12 3.2711848896721733e-12 2.2836733902268546e-12 8.907903651871846e-13
-2.3337609132042636 9.634031426895146e-13 2.1621468861710585e-13 2.7979137811795952e-14 2.305881949009502e-15 1.0695479293166806e-15 1.4195969742287532e-15 1.2349482616199886e-15 7.167367839271803e-16 2.904021664231086e-16 3.339951845827141e-17 5.046002017754699e-19 9.800810421668808e-17 6.042950819277214e-16 3.718913870378999e-15 2.4155721496907765e-14 1.7022145061330178e-13 9.592583786898667e-13 2.6795242182461574e-12 3.51271042558873e-12 2.457619013613977e-12 9.633917400565772e-13
-2.3305986355440953 1.041628931144229e-12 2.356418475077823e-13 3.091742420430817e-14 2.6408921703807987e-15 1.2139961439434822e-15 1.5787927918252291e-15 1.3703934895231826e-15 7.978420769732039e-16 3.237361471497791e-16 4.371018098179594e-17 5.237507085655009e-18 1.1177875412815925e-16 6.706105390696696e-16 4.068748773131826e-15 2.6128104075347278e-14 1.8321959201592704e-13 1.0318146710445484e-12 2.8783971129405673e-12 3.771015917762128e-12 2.6440666481460497e-12 1.0416181255583902e-12
-2.327436357883927 1.1258899774331035e-12 2.567429245739161e-13 3.4153091998558174e-14 3.020143217290669e-15 1.3769912868254256e-15 1.755733010527805e-15 1.5206869000256784e-15 8.881819380830006e-16 3.6110698945422576e-16 5.530192260157463e-17 1.0565537922371373e-17 1.2718449245846508e-16 7.438876875661641e-16 4.449796281929975e-15 2.8250075067939224e-14 1.9714460658883147e-13 1.1095721171571477e-12 3.0912303483977194e-12 4.04718346170057e-12 2.8438537475239023e-12 1.125879957692544e-12
-2.3242740802237587 1.2166246460055444e-12 2.7965537594009884e-13 3.771493369058451e-14 3.4488184332107694e-15 1.5605597942126205e-15 1.9521197525792315e-15 1.687139073736273e-15 9.8849755015019e-16 4.0278837378039435e-16 6.815770494158493e-17 1.6333542657944885e-17 1.4416792171107844e-16 8.246299493507533e-16 4.86449384617772e-15 3.053172236068601e-14 2.1205691725850982e-13 1.1928810787872629e-12 3.318941573236672e-12 4.342358552244618e-12 3.0578690948091873e-12 1.216615547522317e-12
-2.3211118025635904 1.3143008955342036e-12 3.045273422440312e-13 4.1634409110841587e-14 3.932669414141956e-15 1.766929105846344e-15 2.1697877453391535e-15 1.8711386337645875e-15 1.0995579055890052e-15 4.490580508093619e-16 8.225878500406203e-17 2.2381844106434478e-17 1.6267291484083228e-16 9.133829504984843e-16 5.315455271579878e-15 3.298372283256623e-14 2.2802044704764414e-13 1.2821138648067782e-12 3.5625041157128597e-12 4.657753309607608e-12 3.2870555733094466e-12 1.3142927971202344e-12
-2.317949524903422 1.4194180790964227e-12 3.315184150274389e-13 4.594588085009948e-14 4.478083717190144e-15 1.9985576718828314e-15 2.4107249368659504e-15 2.0741692868143928e-15 1.222173295389041e-15 5.002069781150738e-16 9.759310929064948e-17 2.855775065634e-17 1.8265768020313266e-16 1.0107479690820817e-15 5.805490382989737e-15 3.561737618235455e-14 2.451027909627277e-13 1.3776659863177673e-12 3.822950018318978e-12 4.994649830907101e-12 3.5324130557712206e-12 1.419411003664877e-12
-2.314787247243254 1.532508836285717e-12 3.6080045134314426e-13 5.0686868464444305e-14 5.0921598156348685e-15 2.2581691590234883e-15 2.6770967842850067e-15 2.297830551251968e-15 1.3572119301790309e-15 5.565503039383137e-16 1.1416437911435983e-16 3.472734528185767e-17 2.0410838760876188e-16 1.1173964686953298e-15 6.33762602410604e-15 3.8444639208638036e-14 2.633753923603925e-13 1.4799574745460952e-12 4.101373212815478e-12 5.354403669830291e-12 3.79500141517114e-12 1.5325027553006141e-12
-2.311624969583085 1.6541410813447944e-12 3.925584395134791e-13 5.589832272958764e-14 5.782789554759253e-15 2.5487908099214227e-15 2.9712741034926753e-15 2.543861915711726e-15 1.5056193306627287e-15 6.18439867326322e-16 1.3200140347855776e-16 4.0786982328788286e-17 2.270527557637503e-16 1.2340852921127511e-15 6.9151280371409886e-15 4.1478160004876284e-14 2.8291372334928044e-13 1.589434264314616e-12 4.398932841144643e-12 5.738447447092257e-12 4.075943660513795e-12 1.6541359226160167e-12
-2.3084626919229168 1.784920091621439e-12 4.2699141917694267e-13 6.162492130124076e-14 6.558748349141536e-15 2.873795849829791e-15 3.295864277646149e-15 2.814170055175547e-15 1.6684400152263299e-15 6.862778186599497e-16 1.5116734158499243e-16 4.6673934678385565e-17 2.515730058010553e-16 1.3616720761879164e-15 7.541523847980528e-15 4.4731311521974197e-14 3.0379746878788636e-13 1.706569646072308e-12 4.7168567278991104e-12 6.14829459432236e-12 4.3764292011383925e-12 1.7849157498353115e-12
-2.3053004142627485 1.9254907008313295e-12 4.643134589513707e-13 6.791538723223424e-14 7.429793365733814e-15 3.2369497914760565e-15 3.653745547175134e-15 3.1108586378072003e-15 1.846840929684624e-15 7.605309217285477e-16 1.717684450784935e-16 5.2375675785179435e-17 2.778176232016104e-16 1.5011304610882324e-15 8.22062528533443e-15 4.821822396202715e-14 3.2611071345526135e-13 1.8318657896308273e-12 5.056445010208301e-12 6.585543233938617e-12 4.697717243096813e-12 1.925487050041193e-12
-2.30213813660258 2.0765396017581753e-12 5.047546952195907e-13 7.482283189861159e-14 8.406769960812615e-15 3.642460467083719e-15 4.048104050765676e-15 3.4362601909311315e-15 2.042136013236877e-15 8.417450804712649e-16 1.939619404397488e-16 5.793735214011858e-17 3.0601143948867126e-16 1.6535647040340232e-15 8.956551285740384e-15 5.1953815497339494e-14 3.4994213199765434e-13 1.965855342933293e-12 5.419073931071538e-12 7.051880197443187e-12 5.0411403211772085e-12 2.0765365089448827e-12
-2.2989758589424114 2.2387977631283196e-12 5.485624357041228e-13 8.240512399642716e-14 9.501726684654057e-15 4.095031618522598e-15 4.482473258853985e-15 3.792969462670524e-15 2.255811279175693e-15 9.305596424340869e-16 2.1796274363600885e-16 6.346709878753212e-17 3.3646364309653507e-16 1.8202233685797072e-15 9.753750178948391e-15 5.595382085582517e-14 3.753851812870512e-13 2.1091031093483394e-12 5.806199802297881e-12 7.549085184371086e-12 5.408107970107465e-12 2.2387951018840635e-12
-2.295813581282243 2.4130429654565984e-12 5.960023316396327e-13 9.072528638895167e-14 1.0728039237030666e-14 4.599919904639938e-15 4.960775441662512e-15 4.183877719922244e-15 2.489549810252648e-15 1.0277210661322158e-15 2.440487698086551e-16 6.913896893200128e-17 3.6957345050899833e-16 2.002511842033541e-15 1.0617021307841353e-14 6.023481737415555e-14 4.0253829486274745e-13 2.26220780714379e-12 6.2193631433058055e-12 8.079035063853123e-12 5.800110538367277e-12 2.4130406288501347e-12
-2.292651303622075 2.600102460673128e-12 6.473596224744839e-13 9.985192271009894e-14 1.2100543849474475e-14 5.162995239873881e-15 5.487364844209175e-15 4.61220746435804e-15 2.7452561270544954e-15 1.1340956008447835e-15 2.7256468730356055e-16 7.51933827251262e-17 4.058333087622911e-16 2.2020035322515996e-15 1.1551535810639189e-14 6.481424818912253e-14 4.31505079160699e-13 2.4258039149454147e-12 6.660193002090782e-12 8.643708320408847e-12 6.218723147866373e-12 2.6001003724195657e-12
-2.2894890259619065 2.800855760303666e-12 7.02940457135753e-13 1.0985967576455792e-13 1.3635680686083778e-14 5.790804459806176e-15 6.06707230099929e-15 5.0815471252179674e-15 3.025079480735127e-15 1.250680710929025e-15 3.0392406326753994e-16 8.193514297556701e-17 4.458296509187519e-16 2.420449705333637e-15 1.2562856476457362e-14 6.971044231087113e-14 4.623945112624674e-13 2.600563607125856e-12 7.130411464680356e-12 9.24518964514594e-12 6.6656098025009105e-12 2.8008538834832856e-12
-2.286326748301738 3.0162375568924423e-12 7.630732959771148e-13 1.208297199076754e-13 1.5351647991606897e-14 6.490638415762942e-15 6.705251112154097e-15 5.595885398103982e-15 3.3314357453584646e-15 1.3786150798399198e-15 3.386099527367237e-16 8.972920973593525e-17 4.90241380270844e-16 2.6597880428395984e-15 1.3656956674077708e-14 7.494263139362962e-14 4.953211379124943e-13 2.7871987831983403e-12 7.631838359370847e-12 9.885674673043082e-12 7.1425276482851586e-12 3.0162358996324807e-12
-2.2831644706415695 3.2472407832279e-12 8.28110397597772e-13 1.3285028973848905e-13 1.7268567871091896e-14 7.270602728891765e-15 7.407824117318771e-15 6.1596450381401586e-15 3.6670277340000024e-15 1.5191871458960287e-15 3.771740889742178e-16 9.899456363806332e-17 5.398364078637672e-16 2.9221501141293464e-15 1.4840238442984136e-14 8.05309630851981e-14 5.304052755547454e-13 2.986463195405289e-12 8.166396161978402e-12 1.0567474866395251e-11 7.651331387365905e-12 3.2472394009680863e-12
-2.280002192981401 3.494919813762145e-12 8.984293947754214e-13 1.4601724759625027e-13 1.940866475574203e-14 8.139692580538894e-15 8.181332039740788e-15 6.7777160778628085e-15 4.034863929914457e-15 1.6738422471350544e-15 4.202349344587641e-16 1.1019661224572235e-16 5.954667042561865e-16 3.2098680708884047e-15 1.6119549920198387e-14 8.649651089049042e-14 5.67773211124313e-13 3.199154678801353e-12 8.736115108239404e-12 1.1293022543841817e-11 8.19397784777508e-12 3.494918807955757e-12
-2.276839915321233 3.760393812412462e-12 9.744349638014348e-13 1.6043469251385954e-13 2.179645779074055e-14 9.10787207474852e-15 9.032983325121266e-15 7.455488617468623e-15 4.4382758010854765e-15 1.8441885797051474e-15 4.684749438603816e-16 1.238386977649385e-16 6.580624426290612e-16 3.5254809706538695e-15 1.7502202351675696e-14 9.286128052257459e-14 6.075574032938339e-13 3.4261174882278964e-12 9.343138519377224e-12 1.2064876053672742e-11 8.772530710257601e-12 3.760393325754974e-12
-2.2736776376610646 4.044850230700316e-12 1.056560591543718e-12 1.7621561344904367e-13 2.4458968567740543e-14 1.018615887540959e-14 9.970705861556422e-15 8.198885519589167e-15 4.880934044898989e-15 2.032002297205186e-15 5.226374677029831e-16 1.4045334240157711e-16 7.286258999770693e-16 3.871741218821909e-15 1.8995986998241482e-14 9.964821273262934e-14 6.498966838163853e-13 3.668244746672386e-12 9.989728346707688e-12 1.2885725089307291e-11 9.389165392942812e-12 4.044850439212049e-12
-2.2705153600008963 4.349548459930651e-12 1.1452704445971742e-12 1.9348258978490113e-13 2.7425945812353786e-14 1.1386714987873088e-14 1.1003201131442361e-14 9.014395523541796e-15 5.3668642804917315e-15 2.2392321900780703e-15 5.835237838311659e-16 1.6059391498073052e-16 8.08225841452718e-16 4.2516216798247545e-15 2.0609192289581167e-14 1.0688118260557807e-13 6.949364585255368e-13 3.926481009599765e-12 1.0678270941001588e-11 1.3758396144012097e-11 1.0046174094012899e-11 4.349549562433054e-12
-2.267353082340728 4.675823640845793e-12 1.2410613449155774e-12 2.1236854226379105e-13 3.0730108820437156e-14 1.2722944717273681e-14 1.2140001506369447e-14 9.909107466422456e-15 5.900462860793918e-15 2.468004479489105e-15 6.519907799722369e-16 1.8482741632324037e-16 8.979931362400174e-16 4.668324044665427e-15 2.2350621602969717e-14 1.1458499527861526e-13 7.428289074493273e-13 4.201824949938787e-12 1.1411283052160626e-11 1.4685858101031914e-11 1.0745970991870205e-11 4.675825846549377e-12
-2.2641908046805597 5.02509063391178e-12 1.3444648563551128e-12 2.3301753769074136e-13 3.4407411611019933e-14 1.4209600986988708e-14 1.3391531544445708e-14 1.0890746452202517e-14 6.486513606872644e-15 2.720628333663382e-15 7.289498227098577e-16 2.1372905995541348e-16 9.991183403714289e-16 5.1252890511121174e-15 2.4229612043682714e-14 1.2278537798463535e-13 7.937331833692652e-13 4.495332168513955e-12 1.2191418064602605e-11 1.5671227954390638e-11 1.149109760162794e-11 5.025094148965552e-12
-2.2610285270203914 5.398848153114103e-12 1.4560494866005454e-12 2.5558565091309005e-13 3.849732992447555e-14 1.586290133476777e-14 1.4769174280028443e-14 1.1967712937164285e-14 7.130206366758802e-15 2.99960276247442e-15 8.153673346171066e-16 2.4787927004151936e-16 1.112851932774174e-15 5.626209134896469e-15 2.6256054581441312e-14 1.3150896824289426e-13 8.478156080102045e-13 4.808118134827214e-12 1.3021472473594126e-11 1.6717776654677844e-11 1.228422828605399e-11 5.398853167042955e-12
-2.2578662493602226 5.79868306586002e-12 1.576423008992203e-12 2.802418877503638e-13 4.304317333778707e-14 1.7700655017103134e-14 1.6285343602488533e-14 1.3149125795186405e-14 7.837158364995055e-15 3.3076255658600107e-15 9.122675633707381e-16 2.8786363220722383e-16 1.2405078082428783e-15 6.1750440449452936e-15 2.844041585141541e-14 1.4078329791585738e-13 9.052498648850666e-13 5.141361263229867e-12 1.3904392607629307e-11 1.7828935073158752e-11 1.3128175918390188e-11 5.798689738832384e-12
-2.2547039717000543 6.226274861307483e-12 1.7062349088242156e-12 3.0716917271078106e-13 4.8092424892710706e-14 1.974240274017558e-14 1.79535638987682e-14 1.444487048427007e-14 8.613439333518744e-15 3.647605002026457e-15 1.0207379657139438e-15 3.342762197695571e-16 1.383470518748917e-15 6.776039886056029e-15 3.0793761861206536e-14 1.5063677272758527e-13 9.66217187643152e-13 5.49630612967854e-12 1.484328160181637e-11 1.9008300076572198e-11 1.4025897693761561e-11 6.2262833131293345e-12
-2.251541694039886 6.6834002891672634e-12 1.846178958743961e-12 3.365654054873677e-13 5.369711073502568e-14 2.2009570596394783e-14 1.9788558181869112e-14 1.5865653454278527e-14 9.465601399376957e-15 4.022674803288203e-15 1.1419375482641254e-15 3.8772658352790594e-16 1.5432066189349744e-15 7.433751961944581e-15 3.332778375957427e-14 1.610986466993174e-13 1.0309065425867184e-12 5.874266834447724e-12 1.584140662712763e-11 2.025964070396808e-11 1.4980501085177888e-11 6.683410590792518e-12
-2.2483794163797177 7.171938170750219e-12 1.9969959279432966e-12 3.6864459037672233e-13 5.991420234437606e-14 2.4525639818549433e-14 2.180634594150204e-14 1.7423063914320953e-14 1.040071464972438e-14 4.436213102282072e-15 1.2771084115118115e-15 4.488505447962599e-16 1.7212803196631317e-15 8.153071684533488e-15 3.6054825721286554e-14 1.7219899080517286e-13 1.0995148038309337e-12 6.2766305163768885e-12 1.690220638026368e-11 2.1586904435922247e-11 1.599524993942133e-11 7.1719503389379595e-12
-2.245217138719549 7.693874383760219e-12 2.1594764298966095e-12 4.0363804290605526e-13 6.680605399556126e-14 2.7316333969526658e-14 2.4024351935804437e-14 1.91296440184806e-14 1.1426409203768298e-14 4.891865743759762e-15 1.4275906371341715e-15 5.183247771280482e-16 1.919373493552166e-15 8.939257698265814e-15 3.898791489118473e-14 1.8396865499279412e-13 1.172246919392948e-12 6.704861024465518e-12 1.8029298838799124e-11 2.299422354542849e-11 1.7073570707405243e-11 7.693888379305812e-12
-2.2420548610593807 8.251307022049414e-12 2.334463913460028e-12 4.4179567809019563e-13 7.444087813606681e-14 3.04098251677209e-14 2.6461527095478408e-14 2.0998968434605017e-14 1.2550924499806417e-14 5.39357435109029e-15 1.5948405483918163e-15 5.968850104020943e-16 2.1393099176910223e-15 9.797971246796383e-15 4.214079321240082e-14 1.964392225530476e-13 1.2493160663092391e-12 7.16050275289434e-12 1.9226489286203116e-11 2.4485921518690532e-11 1.821905880287798e-11 8.251322751781865e-12
-2.2388925833992124 8.846451731259151e-12 2.5228578022001606e-12 4.833873848693199e-13 8.289326139502424e-14 3.383696091031674e-14 2.913848263884565e-14 2.3045734138361383e-14 1.378316636016417e-14 5.945609399390984e-15 1.7804522657132608e-15 6.853475503331607e-16 2.3830834893658807e-15 1.0735315690587635e-14 4.5527950845396243e-14 2.09642955666981e-13 1.3309437927012715e-12 7.645184645846965e-12 2.0497778611252575e-11 2.6066519532948902e-11 1.9435485082618713e-11 8.846469053745974e-12
-2.235730305739044 9.481647220949377e-12 2.7256167868610555e-12 5.28704491402015e-13 9.224472396109063e-14 3.7631513004648876e-14 3.207763840373379e-14 2.5285861131627863e-14 1.5132772236203683e-14 6.5526084243175715e-15 1.986182380022978e-15 7.846336853599952e-16 2.65289002052898e-15 1.1757879974053554e-14 4.916466077042052e-14 2.236127308112488e-13 1.4173601445403055e-12 8.160624378830759e-12 2.184737188628008e-11 2.7740742977313875e-11 2.0726802440539196e-11 9.481665955598744e-12
-2.2325680280788753 1.01593609534725e-11 2.9437622759024836e-12 5.780613260075741e-13 1.025843250861531e-13 4.1830450058098367e-14 3.530338629658998e-14 2.7736604629176793e-14 1.6610184869508683e-14 7.21961937565033e-15 2.2139774819167015e-15 8.957964584544465e-16 2.9511621123580366e-15 1.2872785746789115e-14 5.306701406125685e-14 2.3838196257011796e-13 1.5088037747057494e-12 8.708632723552662e-12 2.3279687228607453e-11 2.9513528001375664e-11 2.209715250733165e-11 1.0159380892486583e-11
-2.229405750418707 1.0882195009453044e-11 3.1783820090419056e-12 6.317968786687711e-13 1.1400931749620298e-13 4.6474234918269546e-14 3.884226964939349e-14 3.041667910096397e-14 1.822673444340577e-14 7.952149014658552e-15 2.4660042199879114e-15 1.020049219398829e-15 3.2806065400419955e-15 1.40877377692851e-14 5.725195522725312e-14 2.539845142865888e-13 1.6055220317881874e-12 9.291118103783423e-12 2.4799364949404027e-11 3.139002807508235e-11 2.3550872446498454e-11 1.0882215931882268e-11
-2.2262434727585387 1.1652892129294044e-11 3.4306338387054935e-12 6.90276568122256e-13 1.2662585352528137e-13 5.1607148403952417e-14 4.272317916953632e-14 3.334639440898959e-14 1.9994729152300414e-14 8.756216160678502e-15 2.744681522506012e-15 1.158795348906142e-15 3.644243544796607e-15 1.541107718538192e-14 6.173731694698742e-14 2.7045459389011397e-13 1.7077710259598755e-12 9.910091350052045e-12 2.6411276994070863e-11 3.337562054200502e-11 2.5092501836737053e-11 1.1652913816282651e-11
-2.2230811950983704 1.2474341929621817e-11 3.701749684229469e-12 7.538941196814967e-13 1.4054974584170975e-13 5.727764063370876e-14 4.6977566075224907e-14 3.654780414825536e-14 2.1927553992807724e-14 9.638409522985376e-15 3.052714604331224e-15 1.3136585607749203e-15 4.045447436641421e-15 1.6851837222807764e-14 6.654185346288275e-14 2.8782663316548955e-13 1.815815669119489e-12 1.0567670661437284e-11 2.8120536678053614e-11 3.5475913146648676e-11 2.672678962973252e-11 1.2474364179832237e-11
-2.219918917438202 1.3349587293006876e-11 3.993039663552449e-12 8.230735590582319e-13 1.5590728571354013e-13 6.353871124909495e-14 5.1639672938815213e-14 4.0044866200003894e-14 2.4039777491161413e-14 1.060594981206357e-14 3.393130399746435e-15 1.4865132438498917e-15 4.4879879610427914e-15 1.841980089275766e-14 7.168527187448239e-14 3.061351486768243e-13 1.929929686415485e-12 1.1266086783169479e-11 2.99325087217635e-11 3.769675051488037e-11 2.845870117140592e-11 1.3349609937171628e-11
-2.216756639778034 1.4281830928641486e-11 4.305896406993513e-12 8.98271327573119e-13 1.728361218671134e-13 7.044831985159307e-14 5.674678271965049e-14 4.38636154412975e-14 2.634726603087829e-14 1.1666755816460977e-14 3.7693141105991025e-15 1.6795143994239404e-15 4.976071970630927e-15 2.012556029776505e-14 7.718826055624757e-14 3.2541458253196434e-13 2.0503955961574824e-12 1.2007688409217413e-11 3.1852819587987216e-11 4.0044220564850264e-11 3.0293425273580507e-11 1.4281853842220205e-11
-2.2135943621178655 1.5274442100912814e-11 4.6417995575180956e-12 9.799785242786617e-13 1.914862031353659e-13 7.806982803209322e-14 6.23394864640802e-14 4.80323485331065e-14 2.88673054395277e-14 1.2829514156762786e-14 4.185046637084098e-15 1.895126858745269e-15 5.514385069761203e-15 2.1980577224731264e-14 8.307251393724937e-14 3.456991211642858e-13 2.1775046550387794e-12 1.2794947819513546e-11 3.3887368124806276e-11 4.2524660823935913e-11 3.223638132185063e-11 1.5274465213928712e-11
-2.2104320844576972 1.6330963521977052e-11 5.002320461650507e-12 1.0687232806540283e-12 2.120207882715638e-13 8.647247447224264e-14 6.846197018731989e-14 5.258182073680016e-14 3.161872953609232e-14 1.4103752490773299e-14 4.644542763401874e-15 2.1361536232643995e-15 6.108133054984321e-15 2.3997244790708685e-14 8.936075290655532e-14 3.6702249031592824e-13 2.311556765507332e-12 1.3630466761957554e-11 3.6042336516617096e-11 4.514466462526136e-11 3.4293226404136885e-11 1.6330986825266217e-11
-2.207269806797529 1.745511840351424e-11 5.389127054894681e-12 1.1650732736761068e-12 2.3461752652298077e-13 9.573188474329113e-14 7.516232153476887e-14 5.754545478518294e-14 3.462205543180296e-14 1.549991603867317e-14 5.152490097529458e-15 2.405763351075023e-15 6.763083156890464e-15 2.618895002107829e-14 9.607674015347998e-14 3.894177244284022e-13 2.452860342036786e-12 1.4516982589843765e-11 3.8324201545343775e-11 4.791108715521985e-11 3.64698624430394e-11 1.7455141950834728e-11
-2.20410752913736 1.865081766182095e-11 5.803988945173607e-12 1.2696383832191108e-12 2.5946961281548714e-13 1.0593061761731292e-13 8.249285694746693e-14 6.295956196170344e-14 3.789962551438186e-14 1.7029447424587857e-14 5.714088908859577e-15 2.7075172066209845e-15 7.485605282852028e-15 2.8570137365861185e-14 1.0324528980453727e-13 4.129169086743451e-13 2.6017321329572607e-12 1.5457374665870138e-11 4.0739746163365956e-11 5.083105132115436e-11 3.877244331358952e-11 1.8650841567523464e-11
-2.200945251477192 1.99221672692824e-11 6.248782697390081e-12 1.3830734998872886e-12 2.8678702169329666e-13 1.171587499393529e-13 9.051047022975805e-14 6.886357571564249e-14 4.1475756225114647e-14 1.870486998311647e-14 6.3350931619751046e-15 3.0453954895688948e-15 8.282713662895718e-15 3.1156373292665546e-14 1.1089227077927227e-13 4.375508918976347e-13 2.7584969944040677e-12 1.6454671044419935e-11 4.3296071379018114e-11 5.391195340593133e-11 4.1207381926399434e-11 1.9922191701525757e-11
-2.1977829738170236 2.1273475744054174e-11 6.725497321744874e-12 1.5060814895350863e-12 3.167978244815549e-13 1.295145023806767e-13 9.927700363027838e-14 7.530029835722336e-14 4.537689395291849e-14 2.053987485355214e-14 7.02185320500929e-15 3.4238246522344237e-15 9.16210949832521e-15 3.396441222923627e-14 1.190446033482805e-13 4.633489687578367e-13 2.9234876128275554e-12 1.7512055444352753e-11 4.600060845482919e-11 5.716146847359087e-11 4.378135725451727e-11 2.1273500913839154e-11
-2.194620696156855 2.2709261768493594e-11 7.236239967926645e-12 1.6394163208768175e-12 3.4974959448992873e-13 1.4310490869964886e-13 1.0885964279714371e-13 8.231616162736213e-14 4.9631778610231615e-14 2.2549412369544126e-14 7.781360725602346e-15 3.847705492960508e-15 1.0132225395189766e-14 3.7012264254500476e-14 1.2773024842905126e-13 4.903385293992347e-13 3.0970441723762516e-12 1.863287452510966e-11 4.8861131417867056e-11 6.058755548755868e-11 4.650132128049284e-11 2.270928791506992e-11
-2.1914584184966865 2.4234261925492606e-11 7.783241826704903e-12 1.783886362722739e-12 3.8591090544243366e-13 1.580465314677779e-13 1.1933133724511833e-13 8.996150221206522e-14 5.4271615713349225e-14 2.474978844361895e-14 8.621296733422955e-15 4.322443469290751e-15 1.1202272525967903e-14 4.0319265049721895e-14 1.3697818920202438e-13 5.18544674975501e-13 3.2795139633146294e-12 1.982064547953509e-11 5.188576988072465e-11 6.419846210009026e-11 4.9374505838295305e-11 2.4234289298947772e-11
-2.1882961408365182 2.585343854041532e-11 8.36886423981655e-12 1.940357857499787e-12 4.2557292869464496e-13 1.7446622756740525e-13 1.3077124826938796e-13 9.829085356212304e-14 5.933025805308857e-14 2.7158766832856576e-14 9.55008345702959e-15 4.853982198660337e-15 1.2382291591260763e-14 4.390614871203974e-14 1.4681840465363708e-13 5.47989797357258e-13 3.4712509274663617e-12 2.107906395744211e-11 5.508302217079736e-11 6.800272906870476e-11 5.2408429322801186e-11 2.585346738246372e-11
-2.18513386317635 2.7571987614811818e-11 8.995605018336247e-12 2.1097585778119985e-12 4.690511351764633e-13 1.925019671239184e-13 1.4326522654611063e-13 1.0736325567107069e-13 6.484439829800568e-14 2.9795678347893685e-14 1.0576941147859954e-14 5.448841302211429e-15 1.3683208744857538e-14 4.7795124098170555e-14 1.57281834662356e-13 5.786931213282107e-13 3.6726151364819085e-12 2.2412012334615126e-11 5.846176876456505e-11 7.200919425231734e-11 5.561090323755979e-11 2.7572018138953845e-11
-2.1819715855161816 2.939534683649116e-11 9.66610496895563e-12 2.29308167286229e-12 5.16687108360685e-13 2.1230370988654357e-13 1.5690632196396108e-13 1.1724258474763526e-13 7.085377411313193e-14 3.268153822434944e-14 1.1711950864132997e-14 6.114159795291279e-15 1.5116897695084857e-14 5.2009955399383634e-14 1.6840033622451215e-13 6.106702075330556e-13 3.883972198516885e-12 2.3823568342651668e-11 6.203128602262799e-11 7.622699613668516e-11 5.899003854955843e-11 2.93953792087933e-11
-2.1788093078560133 3.132920364888731e-11 1.0383154626774874e-11 2.4913897115877064e-12 5.688504749033683e-13 2.3403434341380697e-13 1.7179532852367068e-13 1.2799790498344341e-13 7.740138758902834e-14 3.583917300565392e-14 1.2966124355493944e-14 6.8577462320073305e-15 1.6696249200789373e-14 5.65760476489537e-14 1.8020663037384962e-13 6.439324143791277e-13 4.1056925886762665e-12 2.531801407581533e-11 6.580126022024052e-11 8.06655768355831e-11 6.25542518176518e-11 3.1329237970639246e-11
-2.1756470301958446 3.337950336095496e-11 1.1149701192314806e-11 2.705818929342609e-12 6.259409599132899e-13 2.5787068773331687e-13 1.8804136741227094e-13 1.3970384484728585e-13 8.453374095271244e-14 3.9293358387077073e-14 1.4351482187017692e-14 7.688136775242722e-15 1.843524914178551e-14 6.152053782954342e-14 1.927342392760775e-13 6.784863170124602e-13 4.338150898332182e-12 2.689984539188537e-11 6.97818018670863e-11 8.533468451087658e-11 6.63122710592886e-11 3.3379539654384907e-11
-2.1724847525356763 3.5552457277078576e-11 1.1968855669501438e-11 2.93758368489653e-12 6.883905740821299e-13 2.8400457143254255e-13 2.057625115979424e-13 1.524410005309817e-13 9.230109066393518e-14 4.307096953495899e-14 1.588114122929522e-14 8.614662288397537e-15 2.0349066264390652e-14 6.687239217809032e-14 2.0601741288120885e-13 7.143330813922578e-13 4.5817249981616194e-12 2.8573781724892185e-11 7.398346030898287e-11 9.024437515136863e-11 7.027314131816032e-11 3.555249547515721e-11
-2.169322474875508 3.7854550824695407e-11 1.2843900200341077e-11 3.1879811343836202e-12 7.566659401338186e-13 3.1264398438202997e-13 2.2508645549421822e-13 1.6629636931893788e-13 1.0075772208795755e-13 4.7201145426974214e-14 1.7569412597368776e-14 9.647525435111753e-15 2.2454150586428796e-14 7.266251018616656e-14 2.2009104439061417e-13 7.514677913769563e-13 4.836795109481576e-12 3.034477632858507e-11 7.84172386031621e-11 9.540501364693042e-11 7.444622989337879e-11 3.785459076583796e-11
-2.1661601972153397 4.029255165549664e-11 1.3778295590897565e-11 3.4583961286473803e-12 8.312707662289382e-13 3.4401431249671226e-13 2.461512333989958e-13 1.8136381574876284e-13 1.0996224696839783e-13 5.1715468750723016e-14 1.9431911058589096e-14 1.0797888640267656e-14 2.476834330240935e-14 7.892383566535658e-14 2.349905736488625e-13 7.89878726619479e-13 5.103742778185086e-12 3.22180269705314e-11 8.309460865770664e-11 1.0082727409106652e-10 7.884123118886065e-11 4.029259308369495e-11
-2.1629979195551714 4.2873517694200005e-11 1.477568902199606e-11 3.7503063401589255e-12 9.127484740800967e-13 3.7835966009612784e-13 2.6910599052751765e-13 1.9774457347675595e-13 1.1997792591503568e-13 5.664816286329042e-14 2.1485676841914452e-14 1.2077973612400688e-14 2.731099886321267e-14 8.569147509650581e-14 2.50751877401991e-13 8.295465889485311e-13 5.382949745308934e-12 3.4198987097878504e-11 8.802752662463501e-11 1.0652213924162669e-10 8.346817113967385e-11 4.2873560264795826e-11
-2.159835641895003 4.560480510698003e-11 1.5839921936804016e-11 4.065287625347738e-12 1.0016849896010895e-12 4.159442655366995e-13 2.941118105251185e-13 2.1554778575735942e-13 1.3087301806068895e-13 6.203630724610401e-14 2.3749310687597965e-14 1.3501172969846607e-14 3.010311973207729e-14 9.300282331533707e-14 2.674111451856926e-13 8.704436748018001e-13 5.674796707997798e-12 3.6293377497038325e-11 9.32284485350436e-11 1.1250089906595746e-10 8.833741117026519e-11 4.5604848397948376e-11
-2.156673364234835 4.849407615968129e-11 1.69750380960743e-11 4.405019627766404e-12 1.0987117039236788e-12 4.570540158551248e-13 3.213426033698423e-13 2.348910873974536e-13 1.4272115994922065e-13 6.79200728051282e-14 2.62431228726225e-14 1.508217435744443e-14 3.316750414139435e-14 1.0089769641277551e-13 2.8500473941632283e-13 9.125329911745276e-13 5.979661964372288e-12 3.850719847087211e-11 9.871034616355855e-11 1.1877514829326982e-10 9.345965163769925e-11 4.849411968794676e-11
-2.1535110865746665 5.154930693395099e-11 1.818529179038235e-11 4.771291627016468e-12 1.20450861257748e-12 5.019980661893181e-13 3.509860575592181e-13 2.559012309594057e-13 1.5560177558881012e-13 7.43429782633909e-14 2.8989296854878243e-14 1.6837097301873405e-14 3.652890701529854e-14 1.0941847155246962e-13 3.035690380701025e-13 9.557673124683708e-13 6.297919935570049e-12 4.084674255838647e-11 1.0448672310822849e-10 1.2535678289350621e-10 9.884593471131965e-11 5.1549350175933075e-11
-2.1503488089144978 5.477879486738461e-11 1.9475156197125805e-11 5.166008637786172e-12 1.3198076405419253e-12 5.511105697409763e-13 3.832446604335139e-13 2.7871475987460563e-13 1.696005194663346e-13 8.135216879188527e-14 3.201206809195657e-14 1.8783642936627655e-14 4.021421408037969e-14 1.1861023324009875e-13 3.2314025814907125e-13 1.0000881755731576e-12 6.629939558006956e-12 4.3318607823457456e-11 1.10571631070759e-10 1.32257995398427e-10 1.0450764663859917e-10 5.477883728268156e-11
-2.1471865312543295 5.819116608167965e-11 2.0849331868394818e-11 5.59119776269883e-12 1.4453961607566073e-12 6.047525240150993e-13 4.1833679042099424e-13 3.034787309997274e-13 1.84809754165393e-13 8.899871792404609e-14 3.533791853132221e-14 2.0941256650833712e-14 4.4252629079670244e-14 1.285209254245412e-13 3.437542579612878e-13 1.0454248104959867e-12 6.976082538708429e-12 4.5929711740743707e-11 1.1697968632074503e-10 1.3949126897701992e-10 1.104565193453508e-10 5.819120713857124e-11
-2.144024253594161 6.179538246067205e-11 2.2312755334055158e-11 6.049014801941213e-12 1.5821207135215813e-12 6.633137390334794e-13 4.564978849165414e-13 3.303514890168231e-13 2.0132906409282793e-13 9.733795371521074e-14 3.8995787232779164e-14 2.3331303675173798e-14 4.86758739352507e-14 1.3920150867847034e-13 3.6544631608359785e-13 1.0916930038780783e-12 7.336701466388154e-12 4.8687305708681875e-11 1.2372608632626063e-10 1.47069370173685e-10 1.1670463131697118e-10 6.179542166196777e-11
-2.1408619759339924 6.56007484379094e-11 2.3870607802497926e-11 6.541751121834241e-12 1.7308909340402673e-12 7.27214933176077e-13 4.979816874323981e-13 3.5950349495779964e-13 2.1926580669466023e-13 1.0642981005217823e-13 4.301729758565624e-14 2.5977257630640684e-14 5.3518401682043225e-14 1.5070612159731082e-13 3.882508847431e-13 1.138793892807709e-12 7.712137770804597e-12 5.159899022128464e-11 1.3082662653173386e-10 1.5500534021392241e-10 1.2326440770592316e-10 6.560078534559984e-11
-2.137699698273824 6.961691745119674e-11 2.5528323939525795e-11 7.071840783634185e-12 1.8926836951685286e-12 7.969099622728757e-13 5.430615776033741e-13 3.9111821103837224e-13 2.387357024542334e-13 1.1633920398763094e-13 4.74370016213231e-14 2.890490212731621e-14 5.881762202002694e-14 1.6309224547772163e-13 4.122013152447701e-13 1.1866126864619962e-12 8.102719522806947e-12 5.467273073242778e-11 1.382977172626015e-10 1.6331248477845842e-10 1.301486196093131e-10 6.961695170839026e-11
-2.134537420613656 7.385389801924066e-11 2.7291600703733302e-11 7.641867932904632e-12 2.0685474722340335e-12 8.728881875554055e-13 5.920319875955217e-13 4.2539304392815257e-13 2.5986346492029563e-13 1.2713643999248311e-13 5.229264200620921e-14 3.2142545614776076e-14 6.461413940969549e-14 1.7642087128932143e-13 4.3732955299293667e-13 1.2350173132850138e-12 8.508759067388484e-12 5.79168742483646e-11 1.4615640073462182e-10 1.7200436214292068e-10 1.3737038245907858e-10 7.385392936798507e-11
-2.1313751429534875 7.832205939317677e-11 2.9166406214517725e-11 8.254574448781396e-12 2.2596069365908446e-12 9.556769880917998e-13 6.452099084745005e-13 4.625403485721491e-13 2.827834720180532e-13 1.3889764207402946e-13 5.762543242047553e-14 3.5721249849910403e-14 7.095200375627674e-14 1.907566679361078e-13 4.636657996058632e-13 1.2838569916397718e-12 8.93055048199538e-12 6.134016668637623e-11 1.5442036814408403e-10 1.8109476957620261e-10 1.4494315346611105e-10 7.832208768697246e-11
-2.128212865293319 8.303213673337875e-11 3.115898862652438e-11 8.912867851372854e-12 2.4670677843842197e-12 1.0458444233838561e-12 7.029364901403328e-13 5.027884947256669e-13 3.0764047996420425e-13 1.5170521481669205e-13 6.348035719714207e-14 3.967507256106236e-14 7.787897390007944e-14 2.061681508196963e-13 4.912381396063771e-13 1.3329607221627093e-12 9.368366852293146e-12 6.49517710397551e-11 1.6310797681333383e-10 1.9059772788672612e-10 1.5288072805846518e-10 8.303216194347556e-11
-2.125050587633151 8.79952357595282e-11 3.3275884981880896e-11 9.61982946438455e-12 2.6922218068083676e-12 1.1440020518932918e-12 7.655787385387547e-13 5.463829984727854e-13 3.3459038123376033e-13 1.6564833455434956e-13 6.990649129795868e-14 4.404132513560617e-14 8.544679433025006e-14 2.2272784974780642e-13 5.200721291803065e-13 1.3821357003911146e-12 9.82245735756242e-12 6.87612863917239e-11 1.7223826736411933e-10 2.005274640017242e-10 1.6119723525277935e-10 8.799525797444819e-11
-2.1218883099729826 9.322283681946684e-11 3.5523930009016124e-11 1.03787228288349e-11 2.9364522079621265e-12 1.2508079114033978e-12 8.33531314017854e-13 5.935877211714294e-13 3.6380100821720014e-13 1.808234720893506e-13 7.695734194050246e-14 4.886084643945159e-14 9.37114857761584e-14 2.4051247529610887e-13 5.501903445373117e-13 1.4311656486322932e-12 1.0293044157882746e-11 7.277876782341799e-11 1.818309808892758e-10 2.1089839146057804e-10 1.699071318970931e-10 9.322285623758788e-11
-2.118726032312814 9.872679831990862e-11 3.791026483419277e-11 1.1193002362436045e-11 3.201239176224563e-12 1.366969667294069e-12 9.072184349124286e-13 6.446861385043661e-13 3.954529844586198e-13 1.9733494861010399e-13 8.46912134528554e-14 5.4178294177947545e-14 1.0273365057582942e-13 2.5960308279427207e-13 5.81611887466894e-13 1.4798090664947363e-12 1.0780319075259292e-11 7.701474726372071e-11 1.9190657609105126e-10 2.217250886991496e-10 1.7902519572245732e-10 9.872681523535944e-11
-2.1155637546526456 1.0451935945959901e-10 4.0442345569116315e-11 1.2066322257838577e-11 3.48816571489013e-12 1.4932479350272136e-12 9.87095890708266e-13 6.999826826154147e-13 4.2974062566802857e-13 2.1529552674591515e-13 9.317159721385488e-14 6.004245551655188e-14 1.1257879398008008e-13 2.80085233184151e-13 6.143518457681849e-13 1.527797399999412e-12 1.1284440060849903e-11 8.148025533152287e-11 2.0248624635214574e-10 2.330222749978291e-10 1.8856651714005783e-10 1.0451937424212827e-10
-2.1124014769924773 1.1061314220308569e-10 4.3127951735100635e-11 1.3002545611478467e-11 3.798923737600391e-12 1.6304597833731297e-12 1.0736531694475667e-12 7.598041606530673e-13 4.668728930483287e-13 2.348270389995431e-13 1.0246758882883684e-13 6.650657898404564e-14 1.2331766279633497e-13 3.020491500671834e-13 6.484207063283917e-13 1.5748331297337582e-12 1.1805527440455987e-11 8.618684422392914e-11 2.1359193670310977e-10 2.448047839619592e-10 1.9854648972015444e-10 1.1061315527294997e-10
-2.109239199332309 1.1702115243084686e-10 4.5975194481316614e-11 1.4005753773211255e-11 4.135320433881586e-12 1.7794824251748172e-12 1.1674157043908442e-12 8.24501253437326e-13 5.070744018598622e-13 2.560610561264966e-13 1.1265433497660016e-13 7.362872997107547e-14 1.3502660300612918e-13 3.255898723121079e-13 6.838237187272302e-13 1.6205877791008426e-12 1.2343659930443695e-11 9.114661170700929e-11 2.2524636064729095e-10 2.5708753439909714e-10 2.0898079928886648e-10 1.1702116423009448e-10
-2.1060769216721407 1.237567801991498e-10 4.8992524551568795e-11 1.5080255905259903e-11 4.499284909827608e-12 1.9412571027015982e-12 1.2689472453245589e-12 8.944500983800273e-13 5.505864885432734e-13 2.791395983595484e-13 1.238135126488e-13 8.147217240235995e-14 1.4778793819002776e-13 3.50807401632369e-13 7.205602073632638e-13 1.6646998443413092e-12 1.2898870416261856e-11 9.637222626895004e-11 2.3747301680181273e-10 2.6988549845361707e-10 2.198854115788362e-10 1.2375679116093428e-10
-2.1029146440119724 1.3083379904074328e-10 5.218873995091159e-11 1.6230598737222034e-11 4.892875108631495e-12 2.116793174898988e-12 1.3788523602865409e-12 9.700539612168617e-13 5.97668340123339e-13 3.0421589270808326e-13 1.3603384376131633e-13 9.010577938583269e-14 1.616903707526966e-13 3.7780684454275253e-13 7.586228302013904e-13 1.706772648673211e-12 1.3471141485714154e-11 1.0187695349889156e-10 2.5029620531040423e-10 2.832136668550848e-10 2.3127655837009898e-10 1.3083380955846424e-10
-2.0997523663518036 1.3826636423528897e-10 5.5572993260171035e-11 1.7461576501983494e-11 5.318285015260909e-12 2.3071724140562308e-12 1.4977790738645435e-12 1.0517450015361473e-12 6.485981900111974e-13 3.314551798726235e-13 1.4941164835743068e-13 9.960447583087948e-14 1.7682940805141055e-13 4.0669854807770717e-13 7.979967823558154e-13 1.7463721235988111e-12 1.4060400709125978e-11 1.076746837583376e-10 2.6374104398108633e-10 2.970870111330644e-10 2.4317072205810876e-10 1.3826637463342205e-10
-2.0965900886916353 1.460690099763471e-10 5.915479854312547e-11 1.87782410353319e-11 5.7778521490583745e-12 2.5135535195834924e-12 1.626421648576823e-12 1.1399861374884498e-12 7.036745846833349e-13 3.610355746021223e-13 1.640514398253424e-13 1.1004971616045112e-13 1.9330781558961982e-13 4.3759822857871883e-13 8.386589428207973e-13 1.7830245211660475e-12 1.4666515658516977e-11 1.13779961215842e-10 2.7783348409871494e-10 3.1152044264727866e-10 2.555846185868016e-10 1.4606902048477338e-10
-2.093427811031467 1.5425664535982978e-10 6.294403778771592e-11 2.0185912019873197e-11 6.274065347424227e-12 2.7371768566956963e-12 1.765523516161946e-12 1.2352730154336927e-12 7.632177260443251e-13 3.931489835804371e-13 1.8006656572643226e-13 1.2153000033482429e-13 2.1123609944156146e-13 4.706270927424345e-13 8.805769627617895e-13 1.816214061756121e-12 1.528928865785625e-11 1.2020801431969514e-10 2.9260032585947395e-10 3.265287682785416e-10 2.6853517868602227e-10 1.542566560933169e-10
-2.0902655333712987 1.628445491170094e-10 6.695096681919197e-11 2.1690187351482202e-11 6.809572842973362e-12 2.979369427817531e-12 1.915880365872213e-12 1.3381360905937417e-12 8.275708945538376e-13 4.2800208513880854e-13 1.975798979595563e-13 1.3414143144064977e-13 2.30733020016604e-13 5.059119499566649e-13 9.23708293864489e-13 1.845380522785938e-12 1.5928451256418902e-11 1.2697478778755815e-10 3.0806923337120026e-10 3.421266426225914e-10 2.8203952735439047e-10 1.6284456006123248e-10
-2.08710325571113 1.7184836301360505e-10 7.118622061959472e-11 2.329695360398466e-11 7.387190635645473e-12 3.2415500844397513e-12 2.078343397050803e-12 1.4491428250317082e-12 8.971019584062765e-13 4.658173752570971e-13 2.1672457608836663e-13 1.479883180894952e-13 2.519261391696926e-13 5.435853147473815e-13 9.679991553292573e-13 1.869916774589047e-12 1.658365841721384e-11 1.340969761964924e-10 3.242687491603113e-10 3.5832851652585975e-10 2.9611496153102047e-10 1.7184837401874204e-10
-2.0839409780509617 1.812840838350639e-10 7.566081798439341e-11 2.5012396565049373e-11 8.009911160170404e-12 3.525234986969497e-12 2.2538227433970673e-12 1.5689000094595287e-12 9.722049742062258e-13 5.06834284448155e-13 2.376448077177218e-13 1.6318382483244302e-13 2.749524025137423e-13 5.837854979073197e-13 1.0133834381822912e-12 1.889166270655184e-12 1.725448241238247e-11 1.4159205926150788e-10 3.412283081227465e-10 3.7514858179945705e-10 3.107789259022759e-10 1.8128409461757461e-10
-2.0807787003907934 1.9116805387698296e-10 8.038616544349715e-11 2.6843011813361838e-11 8.680912248037846e-12 3.8320433197899906e-12 2.4432910763386464e-12 1.6980562154768047e-12 1.0533018846492436e-12 5.513103701817195e-13 2.604967298416015e-13 1.7985067371170113e-13 2.9995875859466763e-13 6.266566845939632e-13 1.059781545664854e-12 1.902420500393819e-12 1.794040641739127e-11 1.4947833889578544e-10 3.589782508529831e-10 3.9260071194519496e-10 3.260489867931806e-10 1.9116806402970653e-10
-2.077616422730625 2.0151694985866555e-10 8.537406037019946e-11 2.879561530404947e-11 9.403566381688352e-12 4.1637032683055526e-12 2.647787394868185e-12 1.8373043848646167e-12 1.140844318734842e-12 5.995225895516752e-13 2.8544933509981896e-13 1.981218999895884e-13 3.271028163804469e-13 6.723489973680962e-13 1.1070991685653811e-12 1.908916413633891e-12 1.8640817795773795e-11 1.577749781508928e-10 3.7754983628164485e-10 4.106983987251901e-10 3.4194280409691615e-10 2.0151695886887885e-10
-2.074454145070457 2.123477701771735e-10 9.063669319795344e-11 3.087735392606e-11 1.0181450237021716e-11 4.522058264158666e-12 2.8684210090313257e-12 1.9873845625003596e-12 1.2353154999791513e-12 6.517686568740094e-13 3.1268546687750585e-13 2.1814166498128977e-13 3.565535422773849e-13 7.210185418102537e-13 1.1552259944822911e-12 1.9078338272018366e-12 1.9355001066090307e-11 1.665020421408912e-10 3.9697525354863905e-10 4.2945468440495277e-10 3.58478101200486e-10 2.1234777745176547e-10
-2.0712918674102885 2.2367782041880832e-10 9.618664866120187e-11 3.3095715991705695e-11 1.10183545085262e-11 4.909073504098282e-12 3.106375723994039e-12 2.1490867793323506e-12 1.3372322679893047e-12 7.083684908816539e-13 3.4240288718306425e-13 2.4006612883867844e-13 3.8849199765806083e-13 7.728274319988426e-13 1.2040343501607113e-12 1.8982928251287134e-12 2.008213054269978e-11 1.7568054105997678e-10 4.172876330349055e-10 4.4888208949821596e-10 3.756726328697274e-10 2.2367782531527906e-10
-2.06812958975012 2.355246970448994e-10 1.0203690597281644e-10 3.5458541614957814e-11 1.1918294009342705e-11 5.326842747129598e-12 3.3629142312760284e-12 2.323254091660304e-12 1.4471472186058379e-12 7.696657561251411e-13 3.7481542124530583e-13 2.640643860493843e-13 4.2311211765714685e-13 8.279437927882845e-13 1.2533777762300588e-12 1.8793511653483406e-12 2.0821262641855957e-11 1.853324754094215e-10 4.385210564720808e-10 4.689925358408081e-10 3.935441510626888e-10 2.35524698906511e-10
-2.064967312089952 2.4790626916898215e-10 1.0820083784707539e-10 3.7974032931264956e-11 1.2885518036442727e-11 5.777595393618682e-12 3.639382713303211e-12 2.5107857827230833e-12 1.5656509676405584e-12 8.360295031389149e-13 4.1015418279261916e-13 2.903194663843471e-13 4.606215317931019e-13 8.865417354778223e-13 1.3030895339273241e-12 1.8500017071637248e-12 2.1571327844558362e-11 1.9548088355593323e-10 4.6071056604514166e-10 4.897972648201874e-10 4.121103686469195e-10 2.479062673620956e-10
-2.061805034429783 2.6084065834306856e-10 1.1469220827350501e-10 4.0650764107689634e-11 1.3924520988775792e-11 6.263703848943439e-12 3.937215666944123e-12 2.712640732322331e-12 1.6933745430402924e-12 9.078559118740781e-13 4.486688840351312e-13 3.1902940402452823e-13 5.012424268065286e-13 9.488013031355302e-13 1.3529810436747762e-12 1.8091698752828035e-12 2.2331122307513692e-11 2.0614989175026093e-10 4.838921723989339e-10 5.113067505868843e-10 4.3138892100333456e-10 2.608406522945218e-10
-2.058642756769615 2.743462162715907e-10 1.2152516894342603e-10 4.349769108808485e-11 1.5040053223800732e-11 6.7876911731144685e-12 4.25794095114664e-12 2.9298409599052436e-12 1.8309919101074467e-12 9.855701428750441e-13 4.906292344574681e-13 3.5040837766173467e-13 5.452124519804059e-13 1.01490838153821e-12 1.4028402557665992e-12 1.7557111778729599e-12 2.3099299113465175e-11 2.1736476674186242e-10 5.081028614548772e-10 5.335306080744325e-10 4.513973255072436e-10 2.74346205503913e-10
-2.0554804791094465 2.8844150037297936e-10 1.287142542276116e-10 4.6524161013797504e-11 1.623713213521743e-11 7.352239016523055e-12 4.603185063200275e-12 3.163475346235348e-12 1.979222634237166e-12 1.069628300665695e-12 5.363264326713266e-13 3.8468792448187077e-13 5.927856671324936e-13 1.085054571419723e-12 1.4524299538619484e-12 1.688408797861955e-12 2.387435915206775e-11 2.2915197113280073e-10 5.33380599939601e-10 5.564774956548871e-10 4.721529388858046e-10 2.884414845353108e-10
-2.0523182014492782 3.031452471105419e-10 1.36274374600197e-10 4.973992125607373e-11 1.7521053432014893e-11 7.960195840642082e-12 4.9746786475397964e-12 3.414703538486494e-12 2.1388346854726615e-12 1.160519513845365e-12 5.860747557598106e-13 4.2211823112151186e-13 6.442335334491864e-13 1.1594370174825738e-12 1.5014859925219127e-12 1.6059712786182433e-12 2.465464162236974e-11 2.41539221621626e-10 5.59764339522034e-10 5.801550122580565e-10 4.936729124604324e-10 3.0314522600332837e-10
-2.04915592378911 3.1847634301646134e-10 1.4422080840084965e-10 5.315512799196501e-11 1.8897402596136857e-11 8.614585421104257e-12 5.374262240367518e-12 3.68476004333486e-12 2.310647389084852e-12 1.258768136477144e-12 6.402132507874686e-13 4.629695049324049e-13 6.99845947355197e-13 1.2382581894334801e-12 1.5497154706513887e-12 1.5070303271775108e-12 2.5438314147838748e-11 2.545555502960516e-10 5.872940194504325e-10 6.045695887844095e-10 5.159741452928648e-10 3.1847631660831445e-10
-2.045993646128941 3.344537933353733e-10 1.5256919182428721e-10 5.678035425105646e-11 2.037206649316846e-11 9.318615629129248e-12 5.8038922527558006e-12 3.9749585123971875e-12 2.4955345263218836e-12 1.3649360754807997e-12 6.991075334575489e-13 5.075334291998468e-13 7.599323177050409e-13 1.3217256101537938e-12 1.5967948434417057e-12 1.3901387603727973e-12 2.622336249471276e-11 2.682313691415006e-10 6.160105675752187e-10 6.297263736433858e-10 5.390732352645144e-10 3.3445376177091223e-10
-2.042831368468773 3.5109668821708674e-10 1.613355070234978e-10 6.062659735588565e-11 2.195124510745901e-11 1.0075687485778517e-11 6.2656471942461325e-12 4.286696224189784e-12 2.694427589483007e-12 1.4796252489173649e-12 7.631516992213082e-13 5.561247063077574e-13 8.248226866932959e-13 1.4100515259952133e-12 1.6423679762270706e-12 1.2537686215132789e-12 2.700757988426792e-11 2.825985379413097e-10 6.459558996375568e-10 6.556291122518215e-10 5.629864281303943e-10 3.5109665181508193e-10
-2.0396690908086046 3.6842416639156775e-10 1.705360682106078e-10 6.47052856743951e-11 2.3641463370035644e-11 1.0889404481964454e-11 6.761734138361728e-12 4.621458766649805e-12 2.908319195530777e-12 1.6034801802978382e-12 8.327703525619286e-13 6.090826932645421e-13 8.948688950528469e-13 1.5034525141175301e-12 1.686044144600064e-12 1.0963094977163962e-12 2.7788555889343027e-11 2.9769043575341917e-10 6.771729166975703e-10 6.822800203302654e-10 5.877295646014767e-10 3.6842412563326433e-10
-2.036506813148436 3.864553762635241e-10 1.8018750563713132e-10 6.902828459825752e-11 2.5449583044545687e-11 1.176358215556338e-11 7.294495430825264e-12 4.980824924181729e-12 3.1382666625762163e-12 1.7371907343151828e-12 9.084207605943164e-13 6.667731344305239e-13 9.70445792287803e-13 1.6021490217378905e-12 1.7273959861663264e-12 9.160670705416618e-13 2.8563664905167806e-11 3.135420361577449e-10 7.097055005694468e-10 7.096796508387781e-10 6.133180255226485e-10 3.8645533177160245e-10
-2.0333445354882675 4.052094343685581e-10 1.9030674733356273e-10 7.36079016564541e-11 2.7382814633246673e-11 1.2702257915335956e-11 7.866415640686573e-12 5.366471773167477e-12 3.385395753738734e-12 1.88149499972774e-12 9.905951375868068e-13 7.29589996756787e-13 1.051952492889292e-12 1.7063648321320524e-12 1.765957410432866e-12 7.112619352684329e-13 2.933005418415261e-11 3.301899864782945e-10 7.435985071238619e-10 7.378267543986278e-10 6.397666752278055e-10 4.0520938687774847e-10
-2.0301822578280992 4.247053811381969e-10 2.009109984867562e-10 7.84568906689937e-11 2.944872926181827e-11 1.3709701099663338e-11 8.48012875394253e-12 5.780179989865513e-12 3.65090459308547e-12 2.0371823254581544e-12 1.079823067494811e-12 7.979574133056029e-13 1.1398136796717447e-12 1.8163264522352494e-12 1.8012214745684958e-12 4.800287269406042e-13 3.0084631423843965e-11 3.4767269119425983e-10 7.788977573108676e-10 7.667181330511698e-10 6.670898031685924e-10 4.247053314590859e-10
-2.027019980167931 4.4496213392696686e-10 2.1201771833252394e-10 8.3588454841294e-11 3.16552704984013e-11 1.4790423256340396e-11 9.138425608612006e-12 6.223839374654768e-12 3.936067758576092e-12 2.2050965163321133e-12 1.1766740720672548e-12 8.723317412766452e-13 1.2344809555409864e-12 1.932262416671937e-12 1.83263823407737e-12 2.2041559419027442e-13 3.08240518966648e-11 3.660303997648774e-10 8.156500257488215e-10 7.963484872115112e-10 6.953010639295147e-10 4.449620829049636e-10
-2.0238577025077626 4.659984372612242e-10 2.2364459444021435e-10 8.90162486953815e-11 3.40107660588523e-11 1.594918862779194e-11 9.844261569564556e-12 6.699454596601754e-12 4.242240557171928e-12 2.3861391952462347e-12 1.2817603325840319e-12 9.5320374120969e-13 1.3364342451605455e-12 2.0544025030678114e-12 1.8596125788444542e-12 -6.961593517016217e-14 3.154470510939465e-11 3.8530529910400126e-10 8.539030267168222e-10 8.267102556812378e-10 7.244134157591039e-10 4.65998385732988e-10
-2.0206954248475943 4.878328102766405e-10 2.358095142658987e-10 9.475437872977366e-11 3.652393934665902e-11 1.7191024824113366e-11 1.060076444068286e-11 7.2091511623312924e-12 4.570863487473361e-12 2.5812733388873058e-12 1.3957395737154305e-12 1.0411008844130985e-12 1.44618324806678e-12 2.18297685347051e-12 1.8815020664874544e-12 -3.921906497553014e-13 3.2242700979501196e-11 4.0554161095171086e-10 8.937053973797825e-10 8.57793448592148e-10 7.544390577647706e-10 4.878327590264659e-10
-2.017533147187426 5.104834913190806e-10 2.4853053385114764e-10 1.0081740269576121e-10 3.920392077232908e-11 1.8521233664208702e-11 1.1411242611132438e-11 7.755181613140449e-12 4.923466895416961e-12 2.7915269944277554e-12 1.5193181184313488e-12 1.1365897960257136e-12 1.5642689448454072e-12 2.3182149966940448e-12 1.897614766531749e-12 -7.495188612548267e-13 3.291385551449811e-11 4.2678569440230993e-10 9.351066780663398e-10 8.895854731617061e-10 7.853893659380327e-10 5.104834410377922e-10
-2.0143708695272577 5.33968379692206e-10 2.618258435452613e-10 1.072203273736655e-10 4.2060258793322606e-11 1.9945402163045e-11 1.227919343161932e-11 8.339931954204667e-12 5.3016758286764334e-12 3.0179971848940582e-12 1.653254123263462e-12 1.2402788414137313e-12 1.6912651579496517e-12 2.4603447663629297e-12 1.907207130556495e-12 -1.143895068806558e-12 3.3553675979363226e-11 4.4908615386042107e-10 9.781572894106408e-10 9.220709521503053e-10 8.172748281968139e-10 5.339683309410192e-10
-2.0112085918670894 5.583049745442956e-10 2.7571373063030004e-10 1.139786047286813e-10 4.510293061167912e-11 2.146941364056321e-11 1.3208311815465129e-11 8.965928319516132e-12 5.707215095425321e-12 3.2618540110736807e-12 1.7983610035479905e-12 1.3528208638181345e-12 1.8277801686670295e-12 2.609591109351688e-12 1.9094819051657493e-12 -1.5776960245658146e-12 3.4157345535763035e-11 4.724939527099318e-10 1.0229085061592353e-9 9.55231534921182e-10 8.501049786524204e-10 5.583049277258553e-10
-2.0080463142069207 5.835103108968278e-10 2.9021253873035486e-10 1.2110812632206972e-10 4.8342352462514284e-11 2.3099458925140075e-11 1.4202499058152642e-11 9.635843875901436e-12 6.141914533049432e-12 3.524344957962873e-12 1.955511058549419e-12 1.4749160813496348e-12 1.9744583915767984e-12 2.766174779239454e-12 1.9035861064295615e-12 -2.053378140717652e-12 3.471970733534497e-11 4.970625329938179e-10 1.0694124274341383e-9 9.890457010155595e-10 8.83888331331033e-10 5.835102662352533e-10
-2.0048840365467524 6.096008928279563e-10 3.053406238892185e-10 1.2862521584971103e-10 5.178938942236461e-11 2.4842047621601735e-11 1.5265871867620462e-11 1.0352505969027346e-11 6.6077144921896234e-12 3.80679941375185e-12 2.1256393065687057e-12 1.6073151515120715e-12 2.131982107617415e-12 2.9303109092720625e-12 1.888609076264958e-12 -2.573474174907786e-12 3.523524804767087e-11 5.228479414170116e-10 1.1177219432324588e-9 1.0234885561681792e-9 9.18632313602548e-10 6.096008503592299e-10
-2.001721758886584 6.365926238355001e-10 3.2111630720407786e-10 1.3654661967655118e-10 5.5455364662107294e-11 2.6704019410662487e-11 1.6402771596025675e-11 1.1118903513720341e-11 7.106671541173411e-12 4.1106334093099095e-12 2.3097475402978166e-12 1.7508224114924885e-12 2.3010732566128702e-12 3.10220745920845e-12 1.8635806431556596e-12 -3.1405891278391508e-12 3.5698080801495944e-11 5.499089619989735e-10 1.1678906969319362e-9 1.0585316207027882e-9 9.54343199593852e-10 6.365925834089401e-10
-1.9985594812264158 6.64500734416007e-10 3.375578239069647e-10 1.44889495232065e-10 5.935206806471643e-11 2.869255534327751e-11 1.76177736619288e-11 1.1938194630183402e-11 7.640964395419298e-12 4.437354585922992e-12 2.5089086127557592e-12 1.906299302435992e-12 2.4824952897430845e-12 3.2820635302531e-12 1.827469411551128e-12 -3.7573952835025506e-12 3.610192751594744e-11 5.783072557176332e-10 1.2199730435597457e-9 1.0941426102619697e-9 9.910260438886114e-10 6.64500695706935e-10
-1.9953972035662475 6.933397069094479e-10 3.5468326879067435e-10 1.5367139712879507e-10 6.349176412363114e-11 3.08151890897811e-11 1.8915697149850045e-11 1.2813714526798882e-11 8.212900075786228e-12 4.78856739880337e-12 2.724270964192926e-12 2.0746679858860734e-12 2.6770550820923777e-12 3.470067542161619e-12 1.7791812063644126e-12 -4.4266263192916124e-12 3.6440100595849413e-11 6.081075075021796e-10 1.2740240035698836e-9 1.1302852088424852e-9 1.02868461584209e-9 6.933396694424844e-10
-1.9922349259060788 7.231231976723929e-10 3.7251053788155614e-10 1.629102608632138e-10 6.788719903287437e-11 3.307981809977381e-11 2.0301614571956023e-11 1.374898362912022e-11 8.824920299090567e-12 5.165978563489914e-12 2.9570634003323407e-12 2.2569151605008867e-12 2.8856049049791848e-12 3.666395266428805e-12 1.7175577010591312e-12 -5.151070410039428e-12 3.670548396283205e-11 6.393775809484758e-10 1.3300992118614792e-9 1.1669188341250623e-9 1.0673213348663808e-9 7.231231608541865e-10
-1.9890726482459105 7.538639566568298e-10 3.9105726626816467e-10 1.7262438395554022e-10 7.255160687536507e-11 3.5494714624600784e-11 2.1780861774176127e-11 1.4747715953438133e-11 9.4796081031162e-12 5.571402751835035e-12 3.2086001322759695e-12 2.454096087074909e-12 3.1090444573867075e-12 3.871207709380706e-12 1.6413752600294838e-12 -5.933562246848572e-12 3.6890513391036154e-11 6.721886811476954e-10 1.3882548617567616e-9 1.2039983951064817e-9 1.1069372070697293e-9 7.538639198164334e-10
-1.9859103705857422 7.855737444865053e-10 4.1034076200230185e-10 1.828324043831472e-10 7.749871481121184e-11 3.806853654988544e-11 2.335904796642013e-11 1.5813827721921127e-11 1.0179694707438517e-11 6.006768543707617e-12 3.480286088346054e-12 2.667338829821839e-12 3.34832295536352e-12 4.084648838866561e-12 1.5493440282119801e-12 -6.776973888453485e-12 3.698715611312096e-11 7.06615526036527e-10 1.4485476436434077e-9 1.2414740420627207e-9 1.1475317636625048e-9 7.855737069211295e-10
-1.9827480929255736 8.182632471381261e-10 4.3037793599729457e-10 1.9355327616034322e-10 8.274274716306487e-11 4.081033798102805e-11 2.5042065853695145e-11 1.6951446214807003e-11 1.0928066610246823e-11 6.474124639954841e-12 3.773622508037458e-12 2.8978487218357788e-12 3.6044412779224015e-12 4.306843148236246e-12 1.4401073032292078e-12 -7.684204359830416e-12 3.6986889658920735e-11 7.427365266953817e-10 1.5110346779707583e-9 1.2792909088934813e-9 1.1891030015721085e-9 8.182632081616372e-10
-1.9795858152654053 8.519419883507259e-10 4.5118522785786305e-10 2.0480624191614568e-10 8.829842829101208e-11 4.3729579519768105e-11 2.6836101841896737e-11 1.8164918853486462e-11 1.1727772920135017e-11 6.975646341504068e-12 4.09021282820101e-12 3.146913062624857e-12 3.8784541675880084e-12 4.5378930512866155e-12 1.3122412277500397e-12 -8.658167909753285e-12 3.688067988545922e-11 7.8063397704007e-10 1.5757734422740325e-9 1.3173888479219329e-9 1.2316473267397645e-9 8.519419473420418e-10
-1.976423537605237 8.866182399031598e-10 4.727785275863013e-10 2.166108023209866e-10 9.418098414505609e-11 4.68361381650486e-11 2.8747646288831814e-11 1.9458822506586082e-11 1.2582032920528092e-11 7.51364229874551e-12 4.431768871488514e-12 3.4159060556537777e-12 4.171472483462961e-12 4.777876101962487e-12 1.1642548422910796e-12 -9.701780836165291e-12 3.665895815308326e-11 8.20394253372129e-10 1.6428216918839634e-9 1.3557021572483869e-9 1.275159500603366e-9 8.866181963516565e-10
-1.9732612599450687 9.222989299166265e-10 4.951730931212532e-10 2.2898668221317823e-10 1.0040614237890214e-10 5.0140316766310675e-11 3.078350376767344e-11 2.0837973009329795e-11 1.3494243863040692e-11 8.090561534644596e-12 4.800117347067466e-12 3.70629399394735e-12 4.484665504462332e-12 5.02684203277741e-12 9.945905412200586e-13 -1.0817946785437948e-11 3.6311597598263166e-11 8.621080242731302e-10 1.7122373739618607e-9 1.3941593007827369e-9 1.3196325903022912e-9 9.222988834617851e-10
-1.9700989822849004 9.589895493566953e-10 5.183834636779426e-10 2.4195379327662785e-10 1.0699013090479273e-10 5.365285295226379e-11 3.295080330659334e-11 2.2307434884605268e-11 1.4467988984680333e-11 8.709000744221941e-12 5.1972066735816715e-12 4.01964070194769e-12 4.819263280205289e-12 5.284809606172916e-12 8.016249774034881e-13 -1.2009540428995684e-11 3.5827888449071427e-11 9.058704713497529e-10 1.7840785344821865e-9 1.4326826211084451e-9 1.3650579231725492e-9 9.589894998195206e-10
-1.9669367046247317 9.96694056927221e-10 5.424233688725949e-10 2.555321931226449e-10 1.1394967476539411e-10 5.738492745295333e-11 3.5257008564704256e-11 2.3872531252238464e-11 1.5507045742349906e-11 9.371711872282724e-12 5.625114134351335e-12 4.357613242095729e-12 5.176559026985058e-12 5.551763273458243e-12 5.836704636486764e-13 -1.3279389418320842e-11 3.5196512324509056e-11 9.517815213581174e-10 1.8584032177651695e-9 1.4711880453602713e-9 1.4114250461334276e-9 9.966940043314004e-10
-1.9637744269645634 1.0354147825667347e-9 5.673056336286477e-10 2.6974204063085356e-10 1.2130199119543693e-10 6.134817172774488e-11 3.770992790083611e-11 2.5538853911049007e-11 1.6615394256652502e-11 1.008160997048219e-11 6.086053374839517e-12 4.72198789487806e-12 5.557911566248497e-12 5.827649636382459e-12 3.389769218545702e-13 -1.4630254517110535e-11 3.440551545364624e-11 9.999460902586813e-10 1.935269358142097e-9 1.5095847843287175e-9 1.4587216905997543e-9 1.0354147271480827e-9
-1.960612149304395 1.0751523297764588e-9 5.930420788787597e-10 2.8460354740734095e-10 1.2906478274295713e-10 6.5554674806675e-11 4.031772428791031e-11 2.731227357636808e-11 1.779722595555188e-11 1.084178133400194e-11 6.5823822525263834e-12 5.114656421498243e-12 5.964747803118512e-12 6.112373707049117e-12 6.573443362595926e-14 -1.6064807807326817e-11 3.344228074510336e-11 1.0504743397766582e-9 2.014734663314683e-9 1.547775025036911e-9 1.5069337435874337e-9 1.075152271979868e-9
-1.9574498716442266 1.11590547702765e-9 6.196434180939074e-10 3.00136925222123e-10 1.3725622831756063e-10 7.001698924741367e-11 4.308892502195242e-11 2.919895025372059e-11 1.9056952406933914e-11 1.1655491917313251e-11 7.11661104936519e-12 5.537632618746833e-12 6.398565242638418e-12 6.405794962541987e-12 -2.3792355107491327e-13 -1.758560886413152e-11 3.2293498631458037e-11 1.1034819470673503e-9 2.096856488947704e-9 1.5856536170698057e-9 1.556045225712979e-9 1.1159054174914941e-9
-1.9542875939840583 1.1576710785148769e-9 6.471191496897696e-10 3.163623292930506e-10 1.458949720314227e-10 7.474813610504431e-11 4.603243117095846e-11 3.12053437275045e-11 2.0399214327641763e-11 1.252619602764406e-11 7.691411057168638e-12 5.99305917613135e-12 6.860934541677152e-12 6.7077231914244734e-12 -5.739162878267968e-13 -1.9195078793256337e-11 3.0945136607051745e-11 1.1590903881110744e-9 2.181691704010753e-9 1.623107752971398e-9 1.6060382768214395e-9 1.1576710180435549e-9
-1.95112531632389 1.200443964540578e-9 6.754774453806666e-10 3.332997972893614e-10 1.550001096974968e-10 7.976160880685318e-11 4.915752670502662e-11 3.333822414157973e-11 2.1828890755023e-11 1.34575452939165e-11 8.309623546334001e-12 6.483214845866265e-12 7.353502094698165e-12 7.017914130197194e-12 -9.44211031955011e-13 -2.0895472023258326e-11 2.9382407371045234e-11 1.2174272354889121e-9 2.269296546360692e-9 1.660016643063584e-9 1.6568931500101789e-9 1.2004439040666147e-9
-1.9479630386637217 1.2442168418348225e-9 7.047250345725994e-10 3.509691839351557e-10 1.6459117284892903e-10 8.50713758194256e-11 5.247388724528478e-11 3.5604682646769904e-11 2.335110836546632e-11 1.4453397907985252e-11 8.974269128452064e-12 7.010521936817416e-12 7.877992651960152e-12 7.336064888741366e-12 -1.350817488084149e-12 -2.2688845744443055e-11 2.758973548067975e-11 1.2786264712176363e-9 2.3597264680307603e-9 1.696251185079367e-9 1.7085882148487577e-9 1.2442167823725804e-9
-1.9448007610035534 1.2889801941327278e-9 7.348670849097699e-10 3.693900911014043e-10 1.746881101438998e-10 9.069188199058325e-11 5.5991588365273954e-11 3.801214208837739e-11 2.4971250922811858e-11 1.5517828134017598e-11 9.688557523359091e-12 7.577554144101207e-12 8.436211969056333e-12 7.661809164851983e-12 -1.7957813473862803e-12 -2.4577026885969863e-11 2.5550722412397384e-11 1.3428288153507051e-9 2.4530359696655635e-9 1.7316736290447103e-9 1.7610999706278637e-9 1.2889801367263145e-9
-1.9416384833433846 1.33472218335011e-9 7.659070791128785e-10 3.885817932845137e-10 1.8531126602110587e-10 9.663804844406434e-11 5.972111337450361e-11 4.056836770487524e-11 2.6694968837754484e-11 1.665513608076739e-11 1.0455897741252275e-11 8.187044726479444e-12 9.030049487102984e-12 7.994712249064374e-12 -2.28117684237513e-12 -2.656157652295877e-11 2.3248109920815255e-11 1.410182071081426e-9 2.5492784235133083e-9 1.7661372378862768e-9 1.8144030705018772e-9 1.3347221290184672e-9
-1.9384762056832163 1.3814285517154361e-9 7.978466882727823e-10 4.0856315838003186e-10 1.9648135647285874e-10 1.0292527090033067e-10 6.367336050988112e-11 4.328147780693436e-11 2.8528188817622814e-11 1.7869857730299917e-11 1.127990869037977e-11 8.84189504427035e-12 9.66148104327205e-12 8.334265822153308e-12 -2.8090982467383788e-12 -2.864375160622905e-11 2.0663741577498103e-11 1.4808414871152426e-9 2.6485058843575104e-9 1.7994859442874006e-9 1.868470357420943e-9 1.3814285013978004e-9
-1.935313928023048 1.4290825252332192e-9 8.30685641789764e-10 4.2935256367197034e-10 2.0821944180546814e-10 1.0956941629253753e-10 6.785964945669457e-11 4.615995440394089e-11 3.047712358391054e-11 1.916677521538736e-11 1.2164430220713274e-11 9.545183470864733e-12 1.0332571611764398e-11 8.679882548867184e-12 -3.3816502455812807e-12 -3.082446390872658e-11 1.7778522363088538e-11 1.5549701381095875e-9 2.7507688877400985e-9 1.8315540043617893e-9 1.9232729127784286e-9 1.4290824797381765e-9
-1.9321516503628797 1.477664718870288e-9 8.644215941763252e-10 4.509678069711085e-10 2.2054689626003696e-10 1.1658681754247515e-10 7.229172711664925e-11 4.921265374296036e-11 3.25482816328346e-11 2.055092733625343e-11 1.3113534613710795e-11 1.0300174691392598e-11 1.104547807567578e-11 9.030890472690313e-12 -4.000937099578073e-12 -3.310423608486312e-11 1.4572376177615148e-11 1.6327393240128427e-9 2.8561162347960145e-9 1.862165648763249e-9 1.978780118728921e-9 1.4776646788314897e-9
-1.9289893727027112 1.5271530438713657e-9 8.990499889705121e-10 4.734260128499762e-10 2.334853743713142e-10 1.2399426635723565e-10 7.698177253619757e-11 5.2448816722913817e-11 3.474847701189751e-11 2.2027620305686136e-11 1.4131538527946989e-11 1.1110329402377582e-11 1.1802452030606948e-11 9.386527217675353e-12 -4.669050525020422e-12 -3.548315474178078e-11 1.1024201124649111e-11 1.7143289891680557e-9 2.9645947629866515e-9 1.891134731901064e-9 2.0349597351594435e-9 1.5271530097126153e-9
-1.925827095042543 1.5775226176248034e-9 9.345639200368559e-10 4.967435339375541e-10 2.4705677394762317e-10 1.318090039034599e-10 8.19424009040887e-11 5.5878079144329945e-11 3.708483908290825e-11 2.36024387095999e-11 1.5223015409862577e-11 1.1979314426511829e-11 1.26058426211991e-11 9.745934004584299e-12 -5.388056210549535e-12 -3.796082042521605e-11 7.11182241561332e-12 1.7999281620827662e-9 3.0762491019851633e-9 1.9182643799837013e-9 2.091777992323101e-9 1.5775225895367122e-9
-1.9226648173823746 1.62874567651196e-9 9.70953990563396e-10 5.209358472534846e-10 2.6128319556135745e-10 1.400487092123059e-10 8.718666652253485e-11 5.951048175253862e-11 3.956482223911434e-11 2.5281256668010687e-11 1.6392808378251118e-11 1.2911013256875503e-11 1.3458099412151541e-11 1.0108149489859896e-11 -6.159978890629485e-12 -4.0536294427128496e-11 2.8119427307756798e-12 1.889735416803159e-9 3.191121413931183e-9 1.9433466386688805e-9 2.1491997001686173e-9 1.6287456544417163e-9
-1.9195025397222063 1.6807914921851181e-9 1.0082081700952973e-9 5.460174455793166e-10 2.761868984470474e-10 1.4873148516474957e-10 9.272806465181423e-11 6.335648002952048e-11 4.219621554117117e-11 2.7070249179003786e-11 1.7646043590314645e-11 1.3909537045069893e-11 1.4361775295587184e-11 1.0472103437110107e-11 -6.986785895539416e-12 -4.320804232755183e-11 -1.899910136481894e-12 1.983959356869075e-9 3.3092511172351165e-9 1.966162121155474e-9 2.20718837542202e-9 1.6807914758401525e-9
-1.916340262062038 1.7336262917283566e-9 1.0463116499790674e-9 5.720017238834821e-10 2.9179025271261537e-10 1.5787584190353773e-10 9.8580532123414e-11 6.742695368680133e-11 4.498715223331789e-11 2.8975903625640893e-11 1.8988144096212688e-11 1.4979236047868226e-11 1.5319529437052116e-11 1.0836610232043178e-11 -7.870369097930484e-12 -4.597387418953842e-11 -7.049438535852062e-12 2.0828191228664313e-9 3.4306745930745283e-9 1.9864796576123776e-9 2.265706387497023e-9 1.7336262805938724e-9
-1.9131779844018693 1.7872131821636455e-9 1.085246697625347e-9 5.989008608368937e-10 3.081156877793137e-10 1.6750067751512457e-10 1.0475844661199952e-10 7.173321580889344e-11 4.7946119097650735e-11 3.100503142292416e-11 2.042484418795504e-11 1.6124711547036534e-11 1.633413026280217e-11 1.1200362252939624e-11 -8.812525176824616e-12 -4.8830881333282254e-11 -1.2663633310784922e-11 2.186544924635137e-9 3.5554248736847287e-9 2.004055946901333e-9 2.3247151243284633e-9 1.7872131755331587e-9
-1.910015706741701 1.8415120797697633e-9 1.1249925100332877e-9 6.267256954774637e-10 3.251856369768909e-10 1.7762525582212754e-10 1.1127662445158318e-10 7.628702159366285e-11 5.108196560061919e-11 3.316477977875551e-11 2.1962204247321384e-11 1.7350828257049842e-11 1.7408458491490082e-11 1.1561923109895594e-11 -9.81493412143936e-12 -5.177536962392031e-11 -1.8770835448399654e-11 2.2953785992332577e-9 3.6835313115046476e-9 2.0186352116147326e-9 2.3841751792385335e-9 1.8415120767870005e-9
-1.9068534290815327 1.8964796446850514e-9 1.1655250670552062e-9 6.554855991045367e-10 3.4302247823306074e-10 1.8826918112460897e-10 1.1815031687634045e-10 8.110057663289706e-11 5.4403912781790825e-11 3.546264353950674e-11 2.360662609616297e-11 1.8662727235521792e-11 1.8545510213916247e-11 1.1919720767266826e-11 -1.0879135899408239e-11 -5.480278921691953e-11 -2.5400801243891332e-11 2.4095741958036053e-9 3.815019228196805e-9 2.029948857515794e-9 2.444046559957591e-9 1.8964796443948665e-9
-1.9036911514213641 1.9520692212655132e-9 1.2068169849165043e-9 6.851883425077999e-10 3.6164847081009576e-10 1.9945236972643695e-10 1.253952045615275e-10 8.618654467308975e-11 5.7921561830746926e-11 3.790647708722218e-11 2.5364868851059326e-11 2.006583931123757e-11 1.9748400025110283e-11 1.2272040564777798e-11 -1.2006505216933503e-11 -5.7907660715568296e-11 -3.2584771205518646e-11 2.529398588535015e-9 3.949909542515325e-9 2.0377151385369124e-9 2.504288920930192e-9 1.9520692226709034e-9
-1.9005288737611958 2.0082307846675452e-9 1.2488373705427732e-9 7.158399586602193e-10 3.810856880568702e-10 2.1119501808168056e-10 1.3302739033508e-10 9.155805479323402e-11 6.164490229349679e-11 4.050450625164932e-11 2.7244065282798044e-11 2.1565899044890353e-11 2.1020364213819693e-11 1.2617018153927426e-11 -1.3198224302164332e-11 -6.108349770677289e-11 -4.035554293675424e-11 2.655132118959022e-9 4.088218375950842e-9 2.041638828562903e-9 2.5648618200423562e-9 2.0082307867894447e-9
-1.8973665961010275 2.06491089411951e-9 1.291551677283263e-9 7.474446010304688e-10 4.01355946161614e-10 2.2351756739507205e-10 1.4106338992556867e-10 9.72287079331958e-11 6.558431984518641e-11 4.326534019628634e-11 2.925173867958533e-11 2.3168959237822002e-11 2.236476401535297e-11 1.2952632367349639e-11 -1.4455253647795723e-11 -6.432272565440728e-11 -4.874754824279464e-11 2.787069268873452e-9 4.229956635033789e-9 2.0414109012988545e-9 2.625725000907419e-9 2.0649108960558344e-9
-1.8942043184408592 2.1220526533374733e-9 1.3349215626576286e-9 7.800043976972226e-10 4.2248072890933875e-10 2.364406645104242e-10 1.4952012060756575e-10 1.032125827030534e-10 6.975060356114254e-11 4.619798323347797e-11 3.139582021122343e-11 2.4881406004418346e-11 2.3785088934815956e-11 1.3276698039826543e-11 -1.5778300654495138e-11 -6.761659714360755e-11 -5.7796934718874725e-11 2.9255193652359247e-9 4.375129569128912e-9 2.036708219597492e-9 2.686838701844878e-9 2.1220526543178896e-9
-1.891042040780691 2.1795956785287344e-9 1.3789047487906416e-9 8.135193014757225e-10 4.444811084683508e-10 2.4998511892145156e-10 1.584148876009747e-10 1.0952424040082193e-10 7.415495261341417e-11 4.9311846519171144e-11 3.368466678991107e-11 2.6709974424277718e-11 2.5284960149084732e-11 1.3586858800677701e-11 -1.71677861233963e-11 -7.095510348490965e-11 -6.75416520878642e-11 3.070807318425625e-9 4.523736302503601e-9 2.0271932356986222e-9 2.7481639926793517e-9 2.1795956779618245e-9
-1.8878797631205222 2.2374760744105813e-9 1.4234548862376512e-9 8.479869362959381e-10 4.67377662252711e-10 2.6417185574081e-10 1.6776536807664836e-10 1.1617872916308274e-10 7.880898231505985e-11 5.261675957351707e-11 3.612707942151803e-11 2.866176479083965e-11 2.6868133997324002e-11 1.3880579858183472e-11 -1.8623808553692756e-11 -7.432688270395265e-11 -7.802154356416963e-11 3.223274395327513e-9 4.675769339400681e-9 2.0125137039129353e-9 2.8096631404744203e-9 2.237476071920509e-9
-1.884717485460354 2.2956264186520224e-9 1.468521421941457e-9 8.834024401013689e-10 4.911903859316999e-10 2.79021864465554e-10 1.775895926168548e-10 1.231915871705192e-10 8.37247294294691e-11 5.612298156881499e-11 3.873232203952988e-11 3.074425947388264e-11 2.8538505571573957e-11 1.4155140797617363e-11 -2.0146106210231346e-11 -7.771912396058779e-11 -8.927844253012372e-11 3.3832790287521967e-9 4.831214040793747e-9 1.9923024073644748e-9 2.8713000052986595e-9 2.2956264141023776e-9
-1.8815552078001856 2.353975755122103e-9 1.514049472099083e-9 9.197583045681107e-10 5.159386026837834e-10 2.94556143380414e-10 1.879059239756128e-10 1.30578844827988e-10 8.891465665696572e-11 5.98412123215503e-11 4.1510140812060944e-11 3.2965340414194906e-11 3.030011242085623e-11 1.440762841526053e-11 -2.1734016936273645e-11 -8.111746846076891e-11 -1.0135627481948346e-10 3.551197664766225e-9 4.990048071447402e-9 1.9661769004903777e-9 2.9330404670980406e-9 2.3539757486253595e-9
-1.878392930140017 2.4124495962996106e-9 1.5599797007543301e-9 9.57044211974893e-10 5.416408688209873e-10 3.1079563944478073e-10 1.987330329810062e-10 1.3835702583684558e-10 9.439165620604013e-11 6.37826029204434e-11 4.44707839106144e-11 3.533330726969874e-11 3.2157138384469953e-11 1.463492961151689e-11 -2.3386435697996103e-11 -8.450590694551415e-11 -1.143011669103189e-10 3.727425649570552e-9 5.152240815849466e-9 1.9337392690829775e-9 2.994852884720203e-9 2.41244958821147e-9
-1.8752306524798488 2.470969935165775e-9 1.6062482049691163e-9 9.952468695865455e-10 5.683148759401364e-10 3.277611835147363e-10 2.1008987141914245e-10 1.4654314707570148e-10 1.0016905235152105e-10 6.7958765917384e-11 4.762502172739649e-11 3.785689623349919e-11 3.4113917572426767e-11 1.4833724366774087e-11 -2.510176986043017e-11 -8.786667386353543e-11 -1.2816156033655293e-10 3.912378157631075e-9 5.317752761523527e-9 1.89457590974829e-9 3.056708588100757e-9 2.4709699260645684e-9
-1.8720683748196805 2.529455266863252e-9 1.6527864074628691e-9 1.0343498419454024e-9 5.959773497902629e-10 3.4547342075826383e-10 2.2199564173755724e-10 1.5515471720465798e-10 1.0626060287716184e-10 7.23817850031065e-11 5.098416752631191e-11 4.054529954561811e-11 3.617493851381566e-11 1.5000478824204327e-11 -2.6877892208836822e-11 -9.118013835790681e-11 -1.429883326331635e-10 4.106491162834649e-9 5.4865348481725806e-9 1.848257330745647e-9 3.1185824045803155e-9 2.529455257515474e-9
-1.8689060971595122 2.5878206203609193e-9 1.6995209576448262e-9 1.0743333814972744e-9 6.246439460802927e-10 3.6395273612965927e-10 2.34469763404578e-10 1.6420973390742265e-10 1.1268049929522149e-10 7.706422408417988e-11 5.456009851069353e-11 4.3408185721541455e-11 3.834484849644646e-11 1.513143850376454e-11 -2.8712091745797736e-11 -9.44246922223516e-11 -1.5883492513473464e-10 4.310222454514124e-9 5.658527781042338e-9 1.7943379762667994e-9 3.1804532202723765e-9 2.587820611674816e-9
-1.8657438194993439 2.6459776003153354e-9 1.74637364199865e-9 1.1151742580109205e-9 6.543291434884449e-10 3.832191747785294e-10 2.4753183576067765e-10 1.7372667968560524e-10 1.1944336573074485e-10 8.201913567258627e-11 5.836527728912777e-11 4.645572052228734e-11 4.0628458124424095e-11 1.522262167175334e-11 -3.060102231203812e-11 -9.757663500935863e-11 -1.7575747795055598e-10 4.524052700261386e-9 5.833661306832386e-9 1.7323560763083032e-9 3.242304577346617e-9 2.645977593285207e-9
-1.8625815418391751 2.7038344392649488e-9 1.7932613048121584e-9 1.1568455872818063e-9 6.850461341739473e-10 4.0329235727928874e-10 2.612015971978964e-10 1.8372451611989676e-10 1.2656425635360888e-10 8.726006849369271e-11 6.241277371857069e-11 4.9698588692274414e-11 4.303074612339752e-11 1.5269812889986628e-11 -3.254064909865649e-11 -1.0061005650051145e-10 -1.9381497244122696e-10 4.7484865575233575e-9 6.011853450419942e-9 1.6618335243885352e-9 3.304125308028944e-9 2.703834434909431e-9
-1.8594192641790068 2.7612960602327812e-9 1.8400957802769073e-9 1.1993166596423858e-9 7.16806712133204e-10 4.241913895789908e-10 2.7549888050425324e-10 1.9422267651379108e-10 1.3405865123650834e-10 9.280107421271309e-11 6.671628710195811e-11 5.314801649293846e-11 4.5556864426659884e-11 1.526855676795183e-11 -3.452619314008715e-11 -1.0349671677888364e-10 -2.1306938152212283e-10 4.984053836057355e-9 6.193009710596648e-9 1.582275785461122e-9 3.3659102060486574e-9 2.7612960595307514e-9
-1.8562569865188385 2.8182641497469814e-9 1.8867838370129616e-9 1.242552768831934e-9 7.4962115978616e-10 4.4593476757464924e-10 2.9044356421169645e-10 2.052410568370619e-10 1.419424505124839e-10 9.865671317402365e-11 7.129016871527645e-11 5.681579506179782e-11 4.8212143578886264e-11 1.5214151940359397e-11 -3.655207390068307e-11 -1.0620592417446994e-10 -2.3358582811759583e-10 5.231310713403769e-9 6.3770222129537545e-9 1.493171836478482e-9 3.42766073618429e-9 2.818264153574941e-9
-1.8530947088586702 2.8746372412157438e-9 1.9332271361024697e-9 1.2865150418082907e-9 7.834981332240809e-10 4.685402762457081e-10 3.060555197883565e-10 2.168000048883562e-10 1.502319667008082e-10 1.0484205904159384e-10 7.614944463678137e-11 6.071430462841665e-11 5.100209849797204e-11 1.510164529107537e-11 -3.861185009356608e-11 -1.087044113859336e-10 -2.554327520860782e-10 5.490841005621902e-9 6.563768817985309e-9 1.3939941421638545e-9 3.489385782471852e-9 2.8746372502904664e-9
-1.8499324311985017 2.9303108085144313e-9 1.9793222037427735e-9 1.331160270112389e-9 8.18444546597644e-10 4.920248832833848e-10 3.223545545191007e-10 2.2892030759905816e-10 1.5894391506542566e-10 1.1137270222266112e-10 8.13098388485399e-11 6.48565396205346e-11 5.39324346393506e-11 1.4925826442544395e-11 -4.069815889837499e-11 -1.1095621011581126e-10 -2.7868208593076823e-10 5.763257495623286e-9 6.753112182410565e-9 1.284198668656973e-9 3.5511024355434164e-9 2.9303108233444115e-9
-1.8467701535383334 2.9851773695569524e-9 2.024960419653827e-9 1.376440743422676e-9 8.544654561734452e-10 5.164046271757149e-10 3.393603499221023e-10 2.416231764038918e-10 1.680954018654432e-10 1.1826475195026118e-10 8.678779657792859e-11 6.925613469538768e-11 5.700905461109577e-11 1.46812225273056e-11 -4.280265377486826e-11 -1.1292252459143744e-10 -3.034094396023719e-10 6.0492033215304744e-9 6.944898771650562e-9 1.1632249378072157e-9 3.612836819458722e-9 2.9851773904056787e-9
-1.843607875878165 3.0391265995316576e-9 2.0700280223971045e-9 1.4223040859612776e-9 8.915639446384329e-10 5.416944997258386e-10 3.570923955539417e-10 2.549302306079728e-10 1.7770391035251164e-10 1.2553483689362884e-10 9.26005078438927e-11 7.392739173311404e-11 6.023806529230512e-11 1.4362093255411289e-11 -4.491594110194117e-11 -1.1456160438016506e-10 -3.296942946895643e-10 6.3493534275855326e-9 7.138957821323647e-9 1.0304961249991833e-9 3.674624958278266e-9 3.039126626395069e-9
-1.8404455982179968 3.092045453382846e-9 2.114406132782447e-9 1.4686930964353729e-9 9.297410062842817e-10 5.679083230007455e-10 3.7556991806108423e-10 2.688634786846459e-10 1.8778728436528584e-10 1.332001041584922e-10 9.876593116986769e-11 7.888530783092741e-11 6.362578551149915e-11 1.39624262878232e-11 -4.702751590700649e-11 -1.1582861694526414e-10 -3.5762020827947224e-10 6.664416080232072e-9 7.3351002455567875e-9 8.854192035092362e-10 3.736513682502357e-9 3.0920454859824924e-9
-1.8372833205578285 3.1438182970138415e-9 2.1579707965562635e-9 1.5155455922168664e-9 9.68995433758122e-10 5.950586207288479e-10 3.9481180534197723e-10 2.834452974440688e-10 1.983637093664898e-10 1.4127821653231655e-10 1.053028174221692e-10 8.41456043385611e-11 6.71787543461406e-11 1.3475932921790318e-11 -4.912569698820929e-11 -1.16675520427318e-10 -3.8727502675356215e-10 6.995134452098571e-9 7.533117489838726e-9 7.27385138505762e-10 3.798561575367449e-9 3.1438183348063377e-9
-1.8341210428976598 3.1943270465749883e-9 2.2005930475782694e-9 1.5627942584792432e-9 1.0093237071218517e-9 6.231564841869987e-10 4.1483652569106827e-10 2.9869840901882686e-10 2.0945169076355615e-10 1.4978734782205437e-10 1.1223073372944794e-10 8.972475697738691e-11 7.090374010900444e-11 1.289604408935005e-11 -5.1197561772546085e-11 -1.1705093717587216e-10 -4.1875110976467555e-10 7.342288276718426e-9 7.732780326071643e-9 5.557691339244551e-10 3.860839958847183e-9 3.194327088777377e-9
-1.8309587652374915 3.2434513150808513e-9 2.242138992704765e-9 1.610366503022966e-9 1.0507198860188552e-9 6.522114326410934e-10 4.356620418041377e-10 3.146458556200642e-10 2.2107002934934412e-10 1.5874617612458075e-10 1.195700874353759e-10 9.564002708739573e-11 7.48077500917702e-11 1.2215906664498054e-11 -5.3228881295913615e-11 -1.1690002859664426e-10 -4.5214556461705816e-10 7.70669557693147e-9 7.93383758740818e-9 3.6993093556812446e-10 3.923433919052391e-9 3.2434513607105174e-9
-1.8277964875773232 3.2910685654753174e-9 2.2824699196040993e-9 1.658184317529409e-9 1.0931755058052972e-9 6.822312684289858e-10 4.5730571953319547e-10 3.3131097202575146e-10 2.3323779369495313e-10 1.6817387486227915e-10 1.2734215003330158e-10 1.0190949404825219e-10 7.889804114118115e-11 1.1428380068490904e-11 -5.5204055736845965e-11 -1.1616437192083797e-10 -4.875604912441262e-10 8.089214470029123e-9 8.136014840389293e-9 1.6921519390155955e-10 3.986443370560002e-9 3.29106861340221e-9
-1.8246342099171546 3.33705426913046e-9 2.321442428734335e-9 1.7061641459871857e-9 1.1366794785618808e-9 7.132219268002641e-10 4.797842312891262e-10 3.4871735577185595e-10 2.4597428932257404e-10 1.7809010140844532e-10 1.3556908102799938e-10 1.0855208892251701e-10 8.318213114823623e-11 1.0526033155685976e-11 -5.710605098434643e-11 -1.1478183954520862e-10 -5.251032379470016e-10 8.490745052821803e-9 8.339012991829443e-9 -4.704810986410977e-11 4.049984159026771e-9 3.3370543181385967e-9
-1.8214719322569863 3.381282068626376e-9 2.358908590713994e-9 1.7542167610343532e-9 1.1812179999618442e-9 7.451873206542512e-10 5.031134540012169e-10 3.6688883502748695e-10 2.5929902448225636e-10 1.8851498311932969e-10 1.4427395166601974e-10 1.1558762937122913e-10 8.7667811536195e-11 9.501141354785548e-12 -5.891633677133479e-11 -1.1268648163369466e-10 -5.648866680211679e-10 8.91223136993065e-9 8.542506827825256e-9 -2.7954317068019207e-10 4.114189201258134e-9 3.3812821174810374e-9
-1.818309654596818 3.423623943513892e-9 2.3947161303144967e-9 1.8022471489537511e-9 1.226774463031329e-9 7.781291803456896e-10 5.273083615545203e-10 3.8584943414656786e-10 2.7323167235287373e-10 1.994691005817774e-10 1.5348076847247895e-10 1.230368558941577e-10 9.236316083884383e-11 8.345684031904888e-12 -6.061482695932658e-11 -1.0980841271415511e-10 -6.070294373577068e-10 9.35466346873342e-9 8.746143482194666e-9 -5.289677957177757e-10 4.179209661707367e-9 3.4236239910304896e-9
-1.8151473769366497 3.4639503776104496e-9 2.428708638296743e-9 1.850154404047563e-9 1.2733293798990398e-9 8.120468887562994e-10 5.523829116392019e-10 4.056233369013688e-10 2.877920294842259e-10 2.109734678775414e-10 1.6321449652840717e-10 1.309214694492776e-10 9.727655946641428e-11 7.0513420329697035e-12 -6.217982261663109e-11 -1.0607370304616081e-10 -6.516562830603358e-10 9.819079544523957e-9 8.949540831584871e-9 -7.96032765601839e-10 4.245216164172973e-9 3.4639504227209627e-9
-1.8119850992764814 3.5021305262226267e-9 2.4607258123050825e-9 1.8978316330993584e-9 1.3208603126932468e-9 8.46937311860529e-10 5.783499269601444e-10 4.262348474174488e-10 3.029999702943715e-10 2.2304950965760061e-10 1.735010824192307e-10 1.3926417050835316e-10 1.024167057626294e-10 5.609495353006736e-12 -6.358795859181214e-11 -1.0140427557824363e-10 -6.988983230684544e-10 1.0306568179579059e-8 9.152285814419414e-9 -1.081461116722143e-9 4.312400037245065e-9 3.5021305680355735e-9
-1.8088228216163127 3.53803238152588e-9 2.4906037280190173e-9 1.9451658706079776e-9 1.369341814805375e-9 8.82794625044609e-10 6.052209707705352e-10 4.4770834884545174e-10 3.1887539743405666e-10 2.3571903481218304e-10 1.8436747678130789e-10 1.4808869960799464e-10 1.0779263346316227e-10 4.011220869640058e-12 -6.48141543461374e-11 -9.571780935485998e-11 -7.488933667201235e-10 1.0818270679968688e-8 9.353932670789163e-9 -1.3859873403897084e-9 4.380974591823035e-9 3.538032419376149e-9
-1.8056605439561444 3.571522934164476e-9 2.5181751417468524e-9 1.9920380054467972e-9 1.4187453838002782e-9 9.196101354695811e-10 6.330062167097307e-10 4.700682598224641e-10 3.354381878282433e-10 2.4900420651482773e-10 1.9584165636996926e-10 1.5741987945808699e-10 1.1341373067237797e-10 2.2472900669488942e-12 -6.583156987338064e-11 -8.892765027435685e-11 -8.017862361264646e-10 1.1355383514084584e-8 9.554001100324832e-9 -1.7103564944776713e-9 4.451176428787337e-9 3.571522967649932e-9
-1.802498266295976 3.6024683289622007e-9 2.543269825625866e-9 2.038322719563462e-9 1.4690394273141974e-9 9.573721008015602e-10 6.617143129437944e-10 4.933389887949286e-10 3.527081342038139e-10 2.6292750841167867e-10 2.079526455692321e-10 1.6728365867221747e-10 1.1928976048282817e-10 3.081666640815071e-13 -6.661156760236885e-11 -8.094273013960568e-11 -8.577290981610126e-10 1.191916085701431e-8 9.75197433502719e-9 -2.055323223053492e-9 4.5232667746585345e-9 3.6024683579647556e-9
-1.7993359886358076 3.630734012457988e-9 2.5657149365710956e-9 2.083888439289257e-9 1.5201892433409484e-9 9.96065544665272e-10 6.913522406260198e-10 5.175448862961161e-10 3.707048819121622e-10 2.775117067203005e-10 2.207305372600173e-10 1.7770715718737304e-10 1.2543088336937466e-10 -1.8159959491309705e-12 -6.712368124713617e-11 -7.16674949815327e-11 -9.168818067919413e-10 1.2510917245035702e-8 9.94729712396792e-9 -2.421650679375379e-9 4.597532842815511e-9 3.6307340371477395e-9
-1.7961737109756393 3.656184869800395e-9 2.585335420089036e-9 2.1285972997731112e-9 1.5721570163663445e-9 1.0356720692105931e-9 7.219251667154752e-10 5.427101952942334e-10 3.894478608558908e-10 2.927798079960396e-10 2.3420651296072894e-10 1.8871871344313507e-10 1.3184768149802726e-10 -4.135357580280576e-12 -6.733559264104799e-11 -6.100184367325322e-11 -9.794122554043115e-10 1.3132030344665402e-8 1.0139373626714629e-8 -2.810109347494724e-9 4.674289217573731e-9 3.6561848906224573e-9
-1.793011433315471 3.678685348352184e-9 2.601954450044057e-9 2.172305122992272e-9 1.6249018308684273e-9 1.0761696652154602e-9 7.534362912132322e-10 5.688589997520678e-10 4.0895621233013064e-10 3.087550123177555e-10 2.484128621511013e-10 2.0034793339319578e-10 1.3855118509785429e-10 -6.660394530230544e-12 -6.721311766520071e-11 -4.884107788767088e-11 -1.0454967386701507e-9 1.378394384085577e-8 1.0327565212277778e-8 -3.2214757575713515e-9 4.753879258142615e-9 3.6786853659968806e-9
-1.7898491556553027 3.6980995651705344e-9 2.6153939054342768e-9 2.2148614097196923e-9 1.678379703757472e-9 1.1175325201824686e-9 7.858866888988958e-10 5.960151715664349e-10 4.292487105912886e-10 3.254606616393226e-10 2.6338300068753407e-10 2.1262574142506807e-10 1.455529010532923e-10 -9.401903454452852e-12 -6.672020245669667e-11 -3.5075864484560994e-11 -1.1153203234285946e-9 1.4468170449096598e-8 1.0511188160321054e-8 -3.656531089875406e-9 4.8366765191893586e-9 3.6980995805286624e-9
-1.7866868779951344 3.714291395342142e-9 2.6254748852001084e-9 2.2561093457468273e-9 1.7325436373841726e-9 1.1597308249202856e-9 8.19275145674271e-10 6.24202316084797e-10 4.5034367896907485e-10 3.4292018304818554e-10 2.7915148821556993e-10 2.2558443326628645e-10 1.5286484388322664e-10 -1.2371005941769255e-11 -6.581893115994801e-11 -1.9592211443584616e-11 -1.1890772279345648e-9 1.5186295056349958e-8 1.0689511261327445e-8 -4.11605966231644e-9 4.92308618443473e-9 3.7142914094478936e-9
-1.7835246003349656 3.727124537964511e-9 2.632018262053237e-9 2.2958858225688015e-9 1.7873436947965563e-9 1.2027305791343895e-9 8.535979896461412e-10 6.534437164280086e-10 4.722589003418631e-10 3.611570266677428e-10 2.957540444827856e-10 2.3925773095821923e-10 1.6049956928288294e-10 -1.557915397686404e-11 -6.446954656275822e-11 -2.2714584871969284e-12 -1.2669712087229804e-9 1.593997799591863e-8 1.086175331236484e-8 -4.600847296206128e-9 5.013546509395483e-9 3.72712455192947e-9
-1.7803623226747973 3.7364625563776714e-9 2.6348452762764964e-9 2.3340214726374293e-9 1.8427270989758658e-9 1.24649339658448e-9 8.888489171065132e-10 6.837622768817908e-10 4.95011521800282e-10 3.801945979364397e-10 3.1322756445321585e-10 2.536808399807139e-10 1.6847021041444987e-10 -1.9038136467510365e-11 -6.263048503898379e-11 1.7009716438389632e-11 -1.3492159542163757e-9 1.6730958461525405e-8 1.1027080505050688e-8 -5.111679554830237e-9 5.108530269067528e-9 3.736462571319821e-9
-1.777200045014629 3.742168889064329e-9 2.6337781704066113e-9 2.3703407191745964e-9 1.8986383578282056e-9 1.290976310397768e-9 9.250188135955569e-10 7.151804656555539e-10 5.186179533301814e-10 4.000561839929546e-10 3.316101321223599e-10 2.688905086131312e-10 1.767905171427086e-10 -2.2760087032162103e-11 -6.025842730042317e-11 3.8379273635593726e-11 -1.4360354840750565e-9 1.7561058066063282e-8 1.1184603702278262e-8 -5.64933984927235e-9 5.208546206015398e-9 3.7421689060363825e-9
-1.7740377673544607 3.744106827451988e-9 2.628640865672307e-9 2.4046618404148035e-9 1.9550194167520133e-9 1.336131579158013e-9 9.620955702605637e-10 7.477202573453976e-10 5.430937603527661e-10 4.207648738943591e-10 3.50941032929945e-10 2.849250896187489e-10 1.8547489842261154e-10 -2.675749325821287e-11 -5.73083665420461e-11 6.196976987608857e-11 -1.5276645531533023e-9 1.843218455066204e-8 1.1333375600228688e-8 -6.214607405801865e-9 5.314140473996169e-9 3.744106847373399e-9
-1.7708754896942922 3.74213945666992e-9 2.619259681020198e-9 2.436797048010465e-9 2.011809840640841e-9 1.3819064944190597e-9 1.0000638957524844e-9 7.81403075478631e-10 5.684535499678592e-10 4.4234347239177397e-10 3.712607646659909e-10 3.018246043410994e-10 1.9453846805682131e-10 -3.1043207655677056e-11 -5.373369564670031e-11 8.791829715275587e-11 -1.6243490587791844e-9 1.93463356499061e-8 1.1472387772166672e-8 -6.8082550890112215e-9 5.425898071901591e-9 3.7421394802667656e-9
-1.767713212034124 3.736129555136918e-9 2.6054640955212577e-9 2.466552579185932e-9 2.06894702721624e-9 1.4282431903188053e-9 1.0389051239304997e-9 8.162497355598517e-10 5.947108507548177e-10 4.6481440698692226e-10 3.9261104676404533e-10 3.1963080930133384e-10 2.0399709405268167e-10 -3.563046054513628e-11 -4.9486315196632316e-11 1.1636640073897812e-10 -1.7263464499214278e-9 2.0305603119232575e-8 1.1600567590492026e-8 -7.431047074757253e-9 5.544444262450311e-9 3.736129582893371e-9
-1.7645509343739556 3.725939448684467e-9 2.5870875549111885e-9 2.4937288020671176e-9 2.12636645361626e-9 1.4750784559942344e-9 1.0785970176741329e-9 8.522803890837263e-10 6.218779859956433e-10 4.881996279921194e-10 4.150348278741987e-10 3.383872653860711e-10 2.138674518199753e-10 -4.053287513230496e-11 -4.451676412088496e-11 1.4745997532961784e-10 -1.8339261366433367e-9 2.131217693073723e-8 1.1716775023501256e-8 -8.083736366841357e-9 5.6704459697039885e-9 3.725939480808906e-9
-1.7613886567137873 3.711430814755458e-9 2.5639683229801263e-9 2.518120333441437e-9 2.184001958190755e-9 1.5223435515199688e-9 1.1191135691314472e-9 8.895144690267809e-10 6.499659401952292e-10 5.125205013164112e-10 4.38576291607259e-10 3.581394097146142e-10 2.2416708146310322e-10 -4.576448503439248e-11 -3.8774374887188653e-11 1.8134913804183474e-10 -1.9473698980703936e-9 2.2368349643815202e-8 1.1819799303301946e-8 -8.767062151236854e-9 5.80461314911746e-9 3.711430851163396e-9
-1.758226379053619 3.692464432062e-9 2.535950378490922e-9 2.539516168018382e-9 2.2417860594750114e-9 1.569964028111723e-9 1.160424796760757e-9 9.279706373798335e-10 6.789842187854804e-10 5.377976937015704e-10 4.63280860340304e-10 3.7893463027322923e-10 2.349144494341886e-10 -5.133975453499873e-11 -3.2207455225988705e-11 2.1818807706438905e-10 -2.066972286915988e-9 2.34765209572716e-8 1.190835546131835e-8 -9.481746981555648e-9 5.947700123464204e-9 3.692464472376991e-9
-1.7550641013934503 3.668899870938627e-9 2.5028843582718013e-9 2.5576998180635007e-9 2.299650314328209e-9 1.6178595533514572e-9 1.202496539551759e-9 9.67666735334644e-10 7.089407009123571e-10 5.640510501332258e-10 4.891951969733905e-10 4.0082234340221914e-10 2.4612901482686217e-10 -5.727360185483194e-11 -2.4763498450743062e-11 2.5813487476055393e-10 -2.1930410284172945e-9 2.4639202449744324e-8 1.1981080727829032e-8 -1.0228493789330862e-8 6.100506877605746e-9 3.6688999145111993e-9
-1.751901823733282 3.640595119491163e-9 2.4646285470989402e-9 2.5724494620684195e-9 2.357525717231491e-9 1.6659437422020194e-9 1.2452902488398583e-9 1.0086197367919126e-9 7.398414852183545e-10 5.91299463155491e-10 5.163672045261145e-10 4.238540742184041e-10 2.578313006044128e-10 -6.358142573433132e-11 -1.6389424512579968e-11 3.0135130405347674e-10 -2.3258974113312478e-9 2.5859022515491815e-8 1.2036530791988163e-8 -1.1007982712579089e-8 6.263880304697706e-9 3.640595165434757e-9
-1.7487395460731137 3.607406140517157e-9 2.4210499149585824e-9 2.5835381008961432e-9 2.4153431427434574e-9 1.7141239945865364e-9 1.2887627781544705e-9 1.0508457059137878e-9 7.716907285470937e-10 6.195607338209462e-10 5.448460234631532e-10 4.4808354005206096e-10 2.7004297007065474e-10 -7.027913563084434e-11 -7.031853998141679e-12 3.480025969543316e-10 -2.4658766684286646e-9 2.7138731502821825e-8 1.2073175918801646e-8 -1.1820867736003105e-8 6.438715396046395e-9 3.6074061877589723e-9
-1.7455772684129451 3.5691863540640205e-9 2.372025202257354e-9 2.5907337196047833e-9 2.473033833106152e-9 1.7623013403095541e-9 1.3328661715679313e-9 1.094359759502328e-9 8.044904775120082e-10 6.488514240128847e-10 5.746820266373331e-10 4.735667369720643e-10 2.8278690890704346e-10 -7.738318583804e-11 3.3625826536190484e-12 3.982571841322945e-10 -2.6133283437017492e-9 2.848120706264599e-8 1.2089396919558294e-8 -1.266777313608972e-8 6.625956366450861e-9 3.5691864014077314e-9
-1.7424149907527768 3.52578604039624e-9 2.3174420535343898e-9 2.593799452903754e-9 2.530529932984149e-9 1.810370292094533e-9 1.3775474510363815e-9 1.1391760350454135e-9 8.382404928868683e-10 6.791866998828155e-10 6.05926811739748e-10 5.003620294671084e-10 2.9608731311580906e-10 -8.491061383624317e-11 1.4846898377821603e-11 4.522864044729671e-10 -2.7686166432689696e-9 2.988945971487478e-8 1.2083480972252662e-8 -1.35492897242666e-8 6.826597706484475e-9 3.5257860865928338e-9
-1.7392527130926085 3.477051658065452e-9 2.257200200220773e-9 2.592493751934866e-9 2.5877650733015034e-9 1.8582187075033754e-9 1.4227484032469523e-9 1.1853076653342256e-9 8.729380667932083e-10 7.105801661535578e-10 6.386331911472562e-10 5.285302433437467e-10 3.099697832259275e-10 -9.287908318175686e-11 2.7473362758493197e-11 5.102641836279701e-10 -2.9321207667181137e-9 3.1366638640594523e-8 1.2053617288587289e-8 -1.4465970881190116e-8 7.04168515279173e-9 3.477051701887872e-9
-1.7360904354324402 3.4228250717186807e-9 2.1912126929915116e-9 2.586570549796709e-9 2.6446750061164262e-9 1.9057276604897725e-9 1.4684053665068195e-9 1.232766760620648e-9 9.085778326772042e-10 7.430436910474502e-10 6.72855179059047e-10 5.581347618930725e-10 3.2446142513674787e-10 -1.0130693123747407e-10 4.129307290651183e-11 5.723666806233662e-10 -3.1042352153754994e-9 3.2916037708187396e-8 1.1997892624199177e-8 -1.5418328375155354e-8 7.272316567098042e-9 3.4228251120357194e-9
-1.732928157772272 3.3629426842415145e-9 2.1194071842636682e-9 2.5757794229443836e-9 2.7011982924413245e-9 1.9527713233169866e-9 1.5144490182290043e-9 1.2815643993495172e-9 9.451515680874442e-10 7.765872216090133e-10 7.086479758161758e-10 5.892416253681829e-10 3.395909579933986e-10 -1.1021322203832656e-10 5.6355479451529424e-11 6.387719016694688e-10 -3.285370073726715e-9 3.4541101741797356e-8 1.1914286628828433e-8 -1.6406827957544903e-8 7.51964271425579e-9 3.3629427200864152e-9
-1.7297658801121036 3.297234467817251e-9 2.0417272614130598e-9 2.559865745298962e-9 2.7572770448772416e-9 1.9992168595438485e-9 1.5608041635864617e-9 1.331710628569428e-9 9.826479902846273e-10 8.112185892040929e-10 7.460679493007287e-10 6.219196338030427e-10 3.553888295084351e-10 -1.1961780457097454e-10 7.270786512331012e-11 7.09659280399199e-10 -3.4759512599409724e-9 3.6245433040775445e-8 1.1800667033228888e-8 -1.7431884728168264e-8 7.7848679292812e-9 3.2972344984467624e-9
-1.726603602451935 3.2255228884907698e-9 1.958133831310812e-9 2.538570831591968e-9 2.812857726884651e-9 2.044924328747869e-9 1.607389525920451e-9 1.3832144751957597e-9 1.0210525447343925e-9 8.469433049908432e-10 7.851726133147231e-10 6.562404531903237e-10 3.7188733916598495e-10 -1.2954137672803014e-10 9.039477337058094e-11 7.852092238565476e-10 -3.6764207411671767e-9 3.803279815897089e-8 1.1654784669718503e-8 -1.8493858263285942e-8 8.069250662970916e-9 3.2255229134309766e-9
-1.7234413247917666 3.1476217188599463e-9 1.8686065568230224e-9 2.51163206615018e-9 2.8678920104597343e-9 2.0897466036128845e-9 1.654117539500445e-9 1.4360839693725099e-9 1.0603471865560237e-9 8.837643451738074e-10 8.260206028428739e-10 6.922787250206571e-10 3.8912076976782494e-10 -1.4000555517209505e-10 1.0945738444867023e-10 8.656026236622215e-10 -3.887236708976511e-9 3.9907134952984054e-8 1.1474268323377114e-8 -1.9593047499068805e-8 8.374103895330477e-9 3.1476217379359604e-9
-1.720279047131598 3.0633347335780634e-9 1.7731453459704267e-9 2.478783012996637e-9 2.9223376939243672e-9 2.1335292999589226e-9 1.7008941452410339e-9 1.4903261812532046e-9 1.1005101550212686e-9 9.216819258699983e-10 8.686716461092197e-10 7.301121791696181e-10 4.071255278055508e-10 -1.5103295131361348e-10 1.2993283640039274e-10 9.510203318996878e-10 -4.108873710022277e-9 4.1872559908731656e-8 1.1256619411023792e-8 -2.072968536320557e-8 8.700795405698363e-9 3.0633347469256772e-9
-1.7171167694714298 2.9724542824417814e-9 1.6717718945141951e-9 2.4397535028043444e-9 2.976159681470925e-9 2.1761107202342234e-9 1.7476185899858185e-9 1.5459472725971751e-9 1.1415157412201626e-9 9.606932674354303e-10 9.131865333428138e-10 7.698217500993693e-10 4.259402931694567e-10 -1.6264725356755815e-10 1.5185348836020388e-10 1.0416426013913388e-9 -4.341822726673558e-9 4.3933375755924413e-8 1.0999206485247241e-8 -2.190393314734787e-8 9.050747888108826e-9 2.972454290500247e-9
-1.7139544918112615 2.8747597359597506e-9 1.5645312828166274e-9 2.3942696918913306e-9 3.0293310260289927e-9 2.217321810923361e-9 1.794183229969376e-9 1.6029525646547492e-9 1.1833340490337457e-9 1.0007923481226085e-9 9.596270821755211e-10 8.114916963212664e-10 4.456061787327392e-10 -1.748733160083031e-10 1.752461236291732e-10 1.1376484901735952e-9 -4.586591202056048e-9 4.60940793803067e-8 1.0699259560919386e-8 -2.311587461307437e-8 9.425438900110499e-9 2.874759739446055e-9
-1.7107922141510932 2.770015798451788e-9 1.4514936279259858e-9 2.3420540880905905e-9 3.081834036940711e-9 2.256986134250093e-9 1.840473339064396e-9 1.6613466238933872e-9 1.2259307495767072e-9 1.0419696469633993e-9 1.0080560996028873e-9 8.552097230422782e-10 4.661669003796459e-10 -1.8773725348656423e-10 2.0013109000052524e-10 1.2392152301285712e-9 -4.843703003598317e-9 4.835937004375518e-8 1.0353864261794745e-8 -2.4365509824056405e-8 9.826400632941015e-9 2.7700157983178557e-9
-1.7076299364909249 2.6579706839159378e-9 1.3327557919502966e-9 2.2828255379657185e-9 3.1336614538452427e-9 2.294919854469891e-9 1.88636692241362e-9 1.721133367196903e-9 1.26926682929652e-9 1.084211875798153e-9 1.0585373404483262e-9 9.010671078919292e-10 4.876689580782512e-10 -2.012665432089332e-10 2.2652137486193824e-10 1.346517559891658e-9 -5.113698318839611e-9 5.073415792259067e-8 9.959955784992611e-9 -2.5652748697122678e-8 1.0255219490658054e-8 2.6579706812913805e-9
-1.7044676588307566 2.538354150125429e-9 1.2084431479201972e-9 2.2162991694750978e-9 3.1848176880805208e-9 2.3309317389531875e-9 1.9317345360326803e-9 1.7823161882501392e-9 1.3132983319391237e-9 1.1275017004006135e-9 1.1111354622815267e-9 9.491588295977061e-10 5.101618286320093e-10 -2.154901327063281e-10 2.544216126629403e-10 1.4597270223268171e-9 -5.397133476901433e-9 5.322357297471681e-8 9.514312681366801e-9 -2.6977404264960443e-8 1.0713535465541955e-8 2.5383541462492146e-9
-1.701305381170588 2.4108753866784267e-9 1.0787114044933953e-9 2.142186283814342e-9 3.235320132813506e-9 2.3648231741571806e-9 1.9764391129519113e-9 1.8448981069032982e-9 1.3579760946140735e-9 1.1718174506793649e-9 1.165915976753756e-9 9.995836994451418e-10 5.336981707808193e-10 -2.3043855403356434e-10 2.8382702241598157e-10 1.579011227045417e-9 -5.6945806886625825e-9 5.5832974146452333e-8 9.013550450000976e-9 -2.8339185643232227e-8 1.1203041296817872e-8 2.4108753828237435e-9
-1.6981431035104195 2.2752207530244512e-9 9.437484910261917e-10 2.060194189789994e-9 3.2852005430078828e-9 2.396388196471055e-9 2.0203357964404375e-9 1.9088819433915184e-9 1.40324547821506e-9 1.2171328199698043e-9 1.222945197325823e-9 1.0524444953232252e-9 5.583340433597494e-10 -2.461440439459174e-10 3.1472227299662437e-10 1.7045330786401467e-9 -6.0066276983058225e-9 5.8567958930192483e-8 8.454114945318593e-9 -2.9737690694960005e-8 1.1725481399496315e-8 2.2752207504212005e-9
-1.694980825850251 2.1310513628304473e-9 8.037765047301068e-10 1.9700259736982717e-9 3.3345064862322305e-9 2.425413537795481e-9 2.0632717808260512e-9 1.9742705193671836e-9 1.449046092473014e-9 1.2634165534671243e-9 1.2822901833790358e-9 1.1078480981176246e-9 5.841291372646818e-10 -2.6264066969114557e-10 3.4708027412560473e-10 1.8364499715128183e-9 -6.3338773385238e-9 6.143437328430778e-8 7.8322755955665e-9 -3.117239838511527e-8 1.228265054990472e-8 2.1310513625903093e-9
-1.6918185481900827 1.9780005114328584e-9 6.590537218448427e-10 1.8713801973021958e-9 3.3833028652019594e-9 2.4516786855837767e-9 2.1050861603866214e-9 2.041066887784202e-9 1.4953115159400357e-9 1.3106321258885964e-9 1.3440186807153762e-9 1.1659056301712085e-9 6.111470220160891e-10 -2.7996445993383713e-10 3.8086089105221815e-10 1.9749129523920048e-9 -6.6769469812802125e-9 6.443832192693752e-8 7.144118431736416e-9 -3.2642660818452e-8 1.2876392314276069e-8 1.978000514481463e-9
-1.6886562705299144 1.8156709435447858e-9 5.098766749933837e-10 1.7639505161196746e-9 3.4316735128361725e-9 2.474955956927354e-9 2.1456097867449964e-9 2.10927459375406e-9 1.5419690112212535e-9 1.3587374084952915e-9 1.4081990584709861e-9 1.2267325954851088e-9 6.394554077578e-10 -2.9815354019469086e-10 4.160095811171538e-10 2.120065851866522e-9 -7.036467875626763e-9 6.758617901564598e-8 6.3855389262963e-9 -3.414769495375816e-8 1.3508597206581366e-8 1.8156709505652107e-9
-1.685493992869746 1.6436319588563755e-9 3.565822991409962e-10 1.6474252098564605e-9 3.479722860496131e-9 2.4950105861129753e-9 2.18466513514766e-9 2.178897968574264e-9 1.5889392357892158e-9 1.4076843256459513e-9 1.4749002424857836e-9 1.2904490212828393e-9 6.691264235744801e-10 -3.172482720377222e-10 4.5245595055343476e-10 2.2720443864992367e-9 -7.413084363665174e-9 7.088459922514655e-8 5.552234641461106e-9 -3.568657398784094e-8 1.4181200561635917e-8 1.6436319702475554e-9
-1.6823317152095778 1.4614163536777773e-9 1.9955014885732445e-10 1.521486616441631e-9 3.527577679957266e-9 2.5116008249134626e-9 2.222066179948006e-9 2.2499424592076325e-9 1.6361359487304025e-9 1.4574185011027178e-9 1.5441916451938082e-9 1.3571796005043398e-9 7.002369130616493e-10 -3.372913950738627e-10 4.901122300887467e-10 2.4309752333360383e-9 -7.807452965331245e-9 7.434052923562227e-8 4.639697687097677e-9 -3.7258218402737146e-8 1.4896180109381887e-8 1.4614163695304067e-9
-1.6791694375494095 1.268517197332412e-9 3.920468988049292e-11 1.3858104607513083e-9 3.5753888995508513e-9 2.5244780546966498e-9 2.2576182795474537e-9 2.32241499556881e-9 1.6834657137861747e-9 1.5078788943565313e-9 1.6161430921209255e-9 1.4270538347368263e-9 7.328687481345345e-10 -3.5832817066862886e-10 5.288716681407672e-10 2.596975078883578e-9 -8.220241322250829e-9 7.79612196444327e-8 3.643206988756474e-9 -3.886138666983989e-8 1.5655553236152638e-8 1.2685172174238834e-9
-1.676007159889241 1.0643844426104556e-9 -1.2398233169740544e-10 1.2400650687411417e-9 3.6233334947982925e-9 2.5333869092505017e-9 2.2911180709715875e-9 2.396324398049352e-9 1.7308275990598387e-9 1.5589974272916027e-9 1.6908247451026997e-9 1.5002061770240797e-9 7.671091621163174e-10 -3.8040652604366625e-10 5.686068406518622e-10 2.770149644898142e-9 -8.652126990486536e-9 8.175423731430373e-8 2.557820366757479e-9 -4.049466560485116e-8 1.646137391865432e-8 1.0643844664192973e-9
-1.6728448822290727 8.484213702423452e-10 -2.8948943896057326e-10 1.0839104573494664e-9 3.671616453748491e-9 2.538065407024322e-9 2.3223533741737125e-9 2.471681827785164e-9 1.778112873767765e-9 1.6106986015623976e-9 1.7683070223613713e-9 1.5767761739250983e-9 8.030511032044131e-10 -4.035771972465448e-10 6.091678768899689e-10 2.9505926936050566e-9 -9.103796071551202e-9 8.572747817140453e-8 1.3783664277073756e-9 -4.215646036772391e-8 1.7315729316365936e-8 8.484213969811716e-10
-1.669682604568904 6.199808680471408e-10 -4.5674288839027403e-10 9.169972901844287e-10 3.7204728171212587e-9 2.5382450912781035e-9 2.3511031060642423e-9 2.5485012822406933e-9 1.8252047024150404e-9 1.6628991071131158e-9 1.848660515611833e-9 1.6569086061169224e-9 8.407936094724058e-10 -4.278938692289175e-10 6.503806008506404e-10 3.1383850152527283e-9 -9.575941670616072e-9 8.9889180467012e-8 9.943627031579517e-11 -4.384498410203823e-8 1.8220736008057838e-8 6.199808967122794e-10
-1.6665203269087356 3.7836154615292483e-10 -6.251140443658457e-10 7.389656886713142e-10 3.770169793256546e-9 2.5336511764146643e-9 2.377137204161665e-9 2.6268001387510117e-9 1.871977836773732e-9 1.715507422329126e-9 1.9319559043979e-9 1.740753626754316e-9 8.80442206628371e-10 -4.5341331102031467e-10 6.920445882319574e-10 3.3335934011980314e-9 -1.0069262170381304e-8 9.424793851678671e-8 -1.2846249920941475e-9 -4.555824720855315e-8 1.9178535858162202e-8 3.7836157558758093e-10
-1.6633580492485673 1.2280369047381265e-10 -7.939166591326979e-10 5.494438880103145e-10 3.821008947772816e-9 2.5240026985415855e-9 2.4002165596479286e-9 2.706599748726504e-9 1.918298306035988e-9 1.7684234063724702e-9 2.0182638678967073e-9 1.8284668967110224e-9 9.221093298141379e-10 -4.801955037110622e-10 7.339311393192752e-10 3.536269606017543e-9 -1.0584459308610684e-8 9.881271693202073e-8 -2.7797268894446705e-9 -4.7294046248036904e-8 2.019129149880156e-8 1.228037194409003e-10
-1.660195771588399 -1.4751494253746082e-10 -9.624040530015106e-10 3.4804672698614186e-10 3.8733284677493924e-9 2.5090126680743317e-9 2.4200929594900787e-9 2.787926085285288e-9 1.964023105501712e-9 1.8215378843182786e-9 2.1076549944662934e-9 1.920209715732236e-9 9.659147707978864e-10 -5.083037586642117e-10 7.757811685123317e-10 3.746449302443905e-9 -1.1122236046855414e-8 1.0359286535753384e-7 -4.3920424295915534e-9 -4.9049952468823595e-8 2.1261181413390935e-8 -1.4751491527724568e-10
-1.6570334939282307 -4.334834859639494e-10 -1.1297661891034337e-9 1.343739603761405e-10 3.927505500169197e-9 2.488388221947234e-9 2.436509037158025e-9 2.870810447133761e-9 2.00899988414387e-9 1.8747322257770746e-9 2.2001996892552793e-9 2.0161491484277018e-9 1.0119861519808241e-9 -5.378048230612343e-10 8.173030116534733e-10 3.964151033234123e-9 -1.1683294217406797e-8 1.0859813373125795e-7 -6.128017105686037e-9 -5.082329995497512e-8 2.2390394607879333e-8 -4.3348346157380685e-10
-1.6538712162680624 -7.360624725055872e-10 -1.2951266365705524e-9 -9.199161757127043e-11 3.9839585642909136e-9 2.461830772747518e-9 2.4491982313287308e-9 2.9552902215679694e-9 2.053066631370399e-9 1.927877917759789e-9 2.295968080237713e-9 2.116458143925333e-9 1.0604594287103874e-9 -5.687689695488817e-10 8.581701527728462e-10 4.189375164390409e-9 -1.226833193502027e-8 1.1383868808090839e-7 -7.994378071388984e-9 -5.261117339135182e-8 2.3581124855891083e-8 -7.360624519987912e-10
-1.6507089386078941 -1.0562884887802008e-9 -1.4575394155415116e-9 -3.3148625037095794e-10 4.043150037565787e-9 2.429036151828263e-9 2.4578847518163956e-9 3.041409709515027e-9 2.096051363272311e-9 1.980836132614973e-9 2.3950299230875366e-9 2.221315647891408e-9 1.111479421465398e-9 -6.012700663957192e-10 8.980188723552457e-10 4.422102844466801e-9 -1.2878040759450823e-8 1.193251268735077e-7 -9.998143478405602e-9 -5.4410395442373286e-8 2.4835564504258723e-8 -1.0562884729555005e-9
-1.6475466609477256 -1.3952789670504608e-9 -1.6159857169096974e-9 -5.845675092650892e-10 4.1055887146751586e-9 2.389694743192112e-9 2.462283551810157e-9 3.129221015576033e-9 2.137771808609699e-9 2.033457291946707e-9 2.4974545053609386e-9 2.3309067054993944e-9 1.1652003795525103e-9 -6.353856241844525e-10 9.364458197553963e-10 4.6622949750127e-9 -1.351310259431925e-8 1.2506849793392132e-7 -1.214663197008281e-8 -5.6217513741777187e-8 2.6155897825723057e-8 -1.3952789564407002e-9
-1.6443843832875573 -1.7542371065345013e-9 -1.7693704892413831e-9 -8.517168081428289e-10 4.171832439243548e-9 2.343491604667452e-9 2.4621003053324034e-9 3.21878500606928e-9 2.1780350947428848e-9 2.085580627500525e-9 2.6033105505145687e-9 2.445422553799396e-9 1.2217865780295444e-9 -6.711968146607712e-10 9.730055129405183e-10 4.909891197519604e-9 -1.4174186307301674e-8 1.3108031594896347e-7 -1.4447472324005303e-8 -5.802878749121688e-8 2.7544293905898216e-8 -1.7542371013716187e-9
-1.6412221056273886 -2.134456915373893e-9 -1.9165188847910217e-9 -1.1334421558252621e-9 4.242490807778165e-9 2.2901065726256064e-9 2.457031388654796e-9 3.3101723381034623e-9 2.216637433662955e-9 2.1370337400894618e-9 2.7126661223523023e-9 2.565060701801843e-9 1.2814129496473555e-9 -7.087884569317152e-10 1.0072077693278645e-9 5.16480890255391e-9 -1.4861944056094676e-8 1.3737258057407913e-7 -1.690861323571424e-8 -5.984017366615167e-8 2.900289905197536e-8 -2.1344569155728785e-9
-1.6380598279672203 -2.5373283632098133e-9 -2.05617255603812e-9 -1.4302811582822066e-9 4.3182279454042516e-9 2.2292143462110725e-9 2.4467638642247697e-9 3.40346456273704e-9 2.2533638082132427e-9 2.1876321577178008e-9 2.825588530563091e-9 2.690024996440826e-9 1.3442657536784948e-9 -7.48248965753481e-10 1.0385150721015895e-9 5.426942267070419e-9 -1.5577007304049382e-8 1.4395779516000656e-7 -1.9538333234787927e-8 -6.164731282810069e-8 3.05338287110534e-8 -2.5373283683721242e-9
-1.634897550307052 -2.964342633165336e-9 -2.1869857936668033e-9 -1.742804283474741e-9 4.399765353005659e-9 2.160484546778952e-9 2.4309754654623648e-9 3.4987553052993994e-9 2.28798765852264e-9 2.2371788941511763e-9 2.9421442380893e-9 2.8205256724281137e-9 1.4105432835772643e-9 -7.896702561738007e-10 1.0663398770479201e-9 5.696161326212689e-9 -1.6319982508802352e-8 1.5084898611734652e-7 -2.2345250723609225e-8 -6.344551454301388e-8 3.213915888646399e-8 -2.9643426426021186e-9
-1.6317352726468837 -3.4170974608471624e-9 -2.307521496405243e-9 -2.0716184016152482e-9 4.487884825444936e-9 2.0835817479551687e-9 2.409334580587863e-9 3.5961515259640983e-9 2.320270568589828e-9 2.285464009273866e-9 3.0623987711477315e-9 2.956779383842846e-9 1.4804566154914315e-9 -8.331475982954208e-10 1.0900418656307683e-9 5.972311086209319e-9 -1.709144646664142e-8 1.580597229374059e-7 -2.5338334128170748e-8 -6.522974240623547e-8 3.382091704096459e-8 -3.4170974736205863e-9
-1.6285729949867154 -3.897302546769831e-9 -2.416246962648133e-9 -2.4173706137007994e-9 4.583431440628974e-9 1.998165471458359e-9 2.3815002334350107e-9 3.6957748636703618e-9 2.349961952864726e-9 2.33226417267042e-9 3.1864166328149663e-9 3.0990092151281426e-9 1.5542303997187446e-9 -8.787794154045736e-10 1.108925150747602e-9 6.255210685276898e-9 -1.789194129474116e-8 1.6560413888822993e-7 -2.8526912149254583e-8 -6.699459867528493e-8 3.558107247625717e-8 -3.897302561750135e-9
-1.625410717326547 -4.406785027369651e-9 -2.511529493298752e-9 -2.780752381209566e-9 4.687316619305293e-9 1.9038901435460905e-9 2.3471220589907976e-9 3.7977630664923064e-9 2.3767987425702595e-9 2.3773422319683898e-9 3.3142612211865097e-9 3.2474446689818735e-9 1.6321036972735398e-9 -9.266670181647069e-10 1.1222354423549195e-9 6.544652609727769e-9 -1.8721969032780827e-8 1.7349695240527228e-7 -3.1920684101245316e-8 -6.873430851250474e-8 3.742152617890207e-8 -4.406785043304189e-9
-1.6222484396663785 -4.947494988523812e-9 -2.591631794795533e-9 -3.1625039698455934e-9 4.800521255624923e-9 1.8004050066782311e-9 2.3058402711862073e-9 3.9022715115469695e-9 2.400505071391159e-9 2.420446787580169e-9 3.44599475322371e-9 3.402321628434065e-9 1.714330863795457e-9 -9.769142670080198e-10 1.1291571809318255e-9 6.840401972767941e-9 -1.9581985844809e-8 1.8175348919672308e-7 -3.552973032472513e-8 -7.044270384046312e-8 3.934410012337579e-8 -4.947495004113992e-9
-1.6190861620062102 -5.521511004219703e-9 -2.6547071708378726e-9 -3.563419220179376e-9 4.924098918687654e-9 1.6873539807223604e-9 2.2572856202395264e-9 4.009474817521901e-9 2.4207919600275674e-9 2.4613117755880255e-9 3.5816781955170527e-9 3.5638822902000672e-9 1.801182483095455e-9 -1.0296271542708617e-9 1.128810647562202e-9 7.142195863738724e-9 -2.0472395801555106e-8 1.9038970508413736e-7 -3.936452265779817e-8 -7.211320681390279e-8 4.1350526023744794e-8 -5.521511018200995e-9
-1.6159238843460415 -6.131045681742122e-9 -2.6987944908975235e-9 -3.984350657958153e-9 5.059179125501514e-9 1.564375467769034e-9 2.2010793366275887e-9 4.119568552881697e-9 2.4373569989689783e-9 2.499656060623836e-9 3.721371203316208e-9 3.732375066181665e-9 1.892946352692226e-9 -1.0849132970092166e-9 1.1202490602552558e-9 7.449742775819544e-9 -2.139354422268967e-8 1.9942220959963362e-7 -4.343593494989174e-8 -7.373881291298148e-8 4.34424335262152e-8 -6.131045692961928e-9
-1.6127616066858732 -6.778451193457485e-9 -2.721812923204623e-9 -4.426214956743413e-9 5.206970686037564e-9 1.431102094370907e-9 2.1368330585319496e-9 4.232771042787362e-9 2.4498840286869205e-9 2.5351830407050336e-9 3.8651320693095794e-9 3.908054449762844e-9 1.9899285237417383e-9 -1.1428813308031725e-9 1.1024556669935247e-9 7.762722120455952e-9 -2.234571055781466e-8 2.0886829036162368e-7 -4.7755253600450126e-8 -7.531207366352833e-8 4.562133783563818e-8 -6.7784512009462635e-9
-1.609599329025705 -7.46622477399363e-9 -2.72155641953542e-9 -4.889998765386388e-9 5.36876512134678e-9 1.2871603847812638e-9 2.0641487393764612e-9 4.349325277728475e-9 2.458042816272545e-9 2.5675802661023213e-9 4.013017683779472e-9 4.091180843309036e-9 2.0924543978051068e-9 -1.2036401942148999e-9 1.0743408468928634e-9 8.080783837012796e-9 -2.332910078421293e-8 2.1874593825178002e-7 -5.23341881036136e-8 -7.682507899110021e-8 4.7888626769953226e-8 -7.466224777024644e-9
-1.6064370513655366 -8.197014160326967e-9 -2.695687938808107e-9 -5.376764912657025e-9 5.545940156029899e-9 1.13217035853583e-9 1.9826185318417253e-9 4.469500926826852e-9 2.4614887273581235e-9 2.5965190744301827e-9 4.165083507910541e-9 4.282020343027632e-9 2.2008698829319305e-9 -1.267298292899457e-9 1.0347392317803075e-9 8.403548106369994e-9 -2.4343839298595003e-8 2.2907387341666715e-7 -5.718488157855362e-8 -7.826943921669918e-8 5.024554723748019e-8 -8.197014158460783e-9
-1.6032747737053683 -8.973622951024289e-9 -2.6417333962192254e-9 -5.887659001115164e-9 5.739963286712637e-9 9.657450455062435e-10 1.891824644512665e-9 4.5935964587240655e-9 2.4598623919564223e-9 2.621654244267476e-9 4.321383562195992e-9 4.480844477087594e-9 2.3155426115568134e-9 -1.3339625316941254e-9 9.824068614416726e-10 8.730605177383693e-9 -2.538996027925969e-8 2.3987157211833514e-7 -6.231992126365071e-8 -7.96362667031544e-8 5.2693191132972664e-8 -8.973622944135607e-9
-1.6001124960452 -9.799015859628505e-9 -2.557075324432818e-9 -6.423916402040414e-9 5.952395428581254e-9 7.874899113523637e-10 1.7913391670865408e-9 4.721941372909587e-9 2.4527893626313796e-9 2.642623669738395e-9 4.481970432060903e-9 4.6879298926203515e-9 2.4368632227148635e-9 -1.403737202319258e-9 9.160183867576805e-10 9.061515315320697e-9 -2.646739849422021e-8 2.5115929445900193e-7 -6.775234895117681e-8 -8.091615716236807e-8 5.523248064938869e-8 -9.799015847913055e-9
-1.5969502183850315 -1.0676323835951119e-8 -2.43894623317576e-9 -6.986869662926657e-9 6.184894642476501e-9 5.970021861142525e-10 1.6807238598457734e-9 4.8548985442873544e-9 2.4398797631731916e-9 2.659048058602734e-9 4.646895293013616e-9 4.9035579869377024e-9 2.5652467110737673e-9 -1.47672271362408e-9 8.341643359355101e-10 9.3958088815441e-9 -2.7575979529933456e-8 2.629581130059039e-7 -7.349567133752657e-8 -8.209917063484793e-8 5.7864153003435685e-8 -1.0676323819912768e-8
-1.5937879407248632 -1.1608849027830007e-8 -2.284421653499102e-9 -7.577956338695637e-9 6.439219945525833e-9 3.9387008852059553e-10 1.5595299028809694e-9 4.992866683709151e-9 2.420727925694294e-9 2.670530656531684e-9 4.816207957839052e-9 5.128014478003804e-9 2.701133845255318e-9 -1.5530141506013492e-9 7.353484600489878e-10 9.73298655387608e-9 -2.871540941432006e-8 2.752899423433242e-7 -7.9563870262367e-8 -8.317481215424524e-8 6.058874457409963e-8 -1.1608849008248332e-8
-1.5906256630646944 -1.2600069554751256e-8 -2.0904128529461846e-9 -8.198727257392842e-9 6.717235208822369e-9 1.7767193844044585e-10 1.4272976003369246e-9 5.136282917134987e-9 2.3949120137856256e-9 2.676657000368289e-9 4.989956948565953e-9 5.3615889088851224e-9 2.8449926578767254e-9 -1.6326996476805854e-9 6.179851751213196e-10 1.0072519697199374e-8 -2.988526360674255e-8 2.881775695799282e-7 -8.597141280834954e-8 -8.413201211094743e-8 6.340657445457176e-8 -1.2600069532632016e-8
-1.5874633854045261 -1.3653644063607411e-8 -1.8536592079302895e-9 -8.850855230693213e-9 7.020913146224268e-9 -5.202485021623972e-11 1.2835560347529798e-9 5.285625485997716e-9 2.3619936290767683e-9 2.676994703301157e-9 5.168189596174561e-9 5.604574080576446e-9 2.9973200096752654e-9 -1.7158585610894867e-9 4.803971190208078e-10 1.041385089396734e-8 -3.108497532655078e-8 3.0164468584054197e-7 -9.273326123118667e-8 -8.495910633014169e-8 6.631772741923802e-8 -1.365364404011861e-8
-1.5843011077443578 -1.477341603579994e-8 -1.5707202197727328e-9 -9.53614421907731e-9 7.352339398958651e-9 -2.956649039483562e-10 1.127822666376009e-9 5.441416571272543e-9 2.3215173982276854e-9 2.6710932750081324e-9 5.350952171259998e-9 5.857265407263374e-9 3.1586432299921987e-9 -1.8025594243572755e-9 3.208128424833184e-10 1.0756394644388873e-8 -3.231382319066878e-8 3.1571591877277954e-7 -9.986488268804186e-8 -8.564381588122097e-8 6.932203630870344e-8 -1.4773416012198121e-8
-1.5811388300841895 -1.5963417813878757e-8 -1.2379671610977162e-9 -1.0256538961017177e-8 7.713716721365565e-9 -5.537061593362701e-10 9.59602872145262e-10 5.604225243661658e-9 2.2730105370440363e-9 2.6584839799564746e-9 5.538290049135639e-9 6.11996018772846e-9 3.3295218357769156e-9 -1.8928576703178634e-9 1.3736465463108723e-10 1.1099538246127578e-8 -3.3570918129501766e-8 3.3041686610008174e-7 -1.0738225873020026e-7 -8.617322663684029e-8 7.241906383717139e-8 -1.596341779142952e-8
-1.5779765524240212 -1.7227874314966313e-8 -8.515743396253929e-10 -1.1014135074966074e-8 8.107369273810806e-9 -8.266212758628628e-10 7.783894188843318e-10 5.774670542219166e-9 2.2159823880507002e-9 2.6386797371792412e-9 5.730247913144463e-9 6.392956786244211e-9 3.5105493311273683e-9 -1.9867931022626203e-9 -7.19133555866264e-11 1.1442642863412432e-8 -3.485518954917412e-8 3.457741302541106e-7 -1.1530189452395594e-7 -8.65337686014774e-8 7.560808382790204e-8 -1.7227874294864256e-8
-1.574814274763853 -1.857120639733945e-8 -4.075099668590806e-10 -1.1811189642351712e-8 8.535747029528295e-9 -1.114899199828379e-9 5.83661865087023e-10 5.953424683647562e-9 2.1499239274813052e-9 2.611175064977413e-9 5.926870000253334e-9 6.676553715916621e-9 3.7023550892078723e-9 -2.084387096195404e-9 -3.0908709954240195e-10 1.178504479549255e-8 -3.61653707067635e-8 3.6181535412083383e-7 -1.2364082776155821e-7 -8.671119503089658e-8 7.888806188390664e-8 -1.8571206380632983e-8
-1.5716519971036846 -1.9998033845754863e-8 9.847338026696609e-11 -1.2650132279140636e-8 9.001430302926594e-9 -1.4190468872972498e-9 3.7488588555762763e-10 6.141216404407293e-9 2.0743072372430316e-9 2.575446074134916e-9 6.128200393327519e-9 6.971048617052288e-9 3.90560631817717e-9 -2.1856395154596075e-9 -5.763240471260297e-10 1.2126056954394319e-8 -3.749998326376481e-8 3.785692579360728e-7 -1.3241663722185423e-7 -8.669056136551088e-8 8.225763550253677e-8 -1.9998033833280016e-8
-1.5684897194435161 -2.1513177940396296e-8 6.708487160185026e-10 -1.3533576702877895e-8 9.507134407703758e-9 -1.7395911939782177e-9 1.5151251305856775e-10 6.3388344376870575e-9 1.988584936996345e-9 2.530950513363268e-9 6.334283364831618e-9 7.276737122716947e-9 4.121010112509365e-9 -2.2905253183430185e-9 -8.758945383839466e-10 1.2464970561941579e-8 -3.8857320981497784e-8 3.960656773679224e-7 -1.4164745093799713e-7 -8.645620400229508e-8 8.57150936441393e-8 -2.151317793272418e-8
-1.5653274417833478 -2.3121663573716593e-8 1.3143250311888928e-9 -1.4464332801397919e-8 1.0055714453964698e-8 -2.0770809398682017e-9 -8.70227089642288e-11 6.547131127194783e-9 1.8921895710474623e-9 2.477127870831089e-9 6.545163777070403e-9 7.593911603235371e-9 4.34931559080482e-9 -2.398990838623932e-9 -1.2101728229601327e-9 1.2801057075994825e-8 -4.02354325205573e-8 4.143356028250466e-7 -1.5135195392726344e-7 -8.599171893155344e-8 8.925835576652475e-8 -2.312166357111765e-8
-1.562165164123179 -2.4828720878953712e-8 2.0338581165828562e-9 -1.544541920866547e-8 1.065017029441089e-8 -2.432089156388159e-9 -3.413006685623025e-10 6.7670261796362174e-9 1.7845329442920823e-9 2.413399535767324e-9 6.760887544473917e-9 7.922859780955524e-9 4.5913161208570285e-9 -2.510949718411892e-9 -1.5816378006569572e-9 1.3133570355845525e-8 -4.163210330468639e-8 4.3341122003170015e-7 -1.6154939543555862e-7 -8.527994026658182e-8 9.288495033861154e-8 -2.4828720881380736e-8
-1.5590028864630108 -2.663978633370048e-8 2.8346618330144148e-9 -1.6480076392425878e-8 1.1293651630590682e-8 -2.805215523603653e-9 -6.119197283848492e-10 6.999510557669273e-9 1.6650054009625152e-9 2.3391690242614526e-9 6.9815021638491345e-9 8.263863206152683e-9 4.847851632360295e-9 -2.6262784720511624e-9 -1.9928734354191015e-9 1.3461749076672065e-8 -4.304483640762353e-8 4.5332595191203497e-7 -1.7225959564671455e-7 -8.430291869598636e-8 9.659199284820542e-8 -2.6639786340792176e-8
-1.5558406088028425 -2.8560503301650585e-8 3.7222198349311163e-9 -1.7571780257539024e-8 1.1989463291139012e-8 -3.197089004951756e-9 -8.994968757062342e-10 7.245650515036715e-9 1.5329750394292576e-9 2.253822273520631e-9 7.207057318961118e-9 8.617195584500468e-9 5.119811017218224e-9 -2.7448116593190175e-9 -2.4465688140431542e-9 1.3784819402928927e-8 -4.447083241953332e-8 4.741145018284155e-7 -1.8350295180405133e-7 -8.3041899890205e-8 1.0037616332061274e-7 -2.8560503312754717e-8
-1.5526783311426742 -3.059672197549838e-8 4.702297753373695e-9 -1.87242562680257e-8 1.2741070694899099e-8 -3.6083706866940982e-9 -1.2046689853513796e-9 7.506591775513632e-9 1.3877868557821276e-9 2.1567280089758853e-9 7.43760556627329e-9 8.983120946067484e-9 5.4081346169266476e-9 -2.8663366456437617e-9 -2.945517819938332e-9 1.4101997930505707e-8 -4.5906968247557434e-8 4.958128982203239e-7 -1.9530044368902104e-7 -8.14773028955683e-8 1.0423368336641263e-7 -3.0596721989713344e-8
-1.5495160534825059 -3.275449868397049e-8 5.780955842421046e-9 -1.9941494089979974e-8 1.3552105512814153e-8 -4.0397568290742234e-9 -1.5280942014165225e-9 7.783563857234968e-9 1.228761808371741e-9 2.0472381887646463e-9 7.673203109173258e-9 9.361891645321795e-9 5.713816795967345e-9 -2.990587926624113e-9 -3.492618391315956e-9 1.4412494907447675e-8 -4.73497748028328e-8 5.184585406927374e-7 -2.0767363839896765e-7 -7.958869855105224e-8 1.0816029277848782e-7 -3.2754498700202886e-8
-1.5463537758223376 -3.5040094526106065e-8 6.964562091549415e-9 -2.122776275659938e-8 1.442637154347849e-8 -4.491982135885346e-9 -1.8704534435718373e-9 8.077884543918813e-9 1.0551957949281577e-9 1.9246885302476055e-9 7.913910668532238e-9 9.753746181141231e-9 6.037908599545735e-9 -3.1172409937278776e-9 -4.09087133226362e-9 1.4715517743002893e-8 -4.879541352397615e-8 5.420902476051594e-7 -2.206446943631692e-7 -7.735478796472302e-8 1.1215122570014431e-7 -3.50400945431398e-8
-1.543191498162169 -3.745997329619486e-8 8.259805804445603e-9 -2.2587626355645778e-8 1.536785081826379e-8 -4.9658232488495724e-9 -2.2324520435790377e-9 8.390964504454474e-9 8.663585332885696e-10 1.7883991233476568e-9 8.15979445799994e-9 1.0158906825330803e-8 6.38152049334283e-9 -3.245905717717586e-9 -4.7433786442795926e-9 1.501027481472945e-8 -5.023965168456299e-8 5.667483052148099e-7 -2.3423636453341239e-7 -7.475338108870427e-8 1.162011863879101e-7 -3.745997331276869e-8
-1.5400292205020008 -4.002079866323235e-8 9.673711642752948e-9 -2.4025960238682254e-8 1.638070995296081e-8 -5.4621024728654145e-9 -2.614821517464392e-9 8.724312062295954e-9 6.614923361649414e-10 1.637675135629177e-9 8.410927273017335e-9 1.0577577047642233e-8 6.745825182214855e-9 -3.376119226073545e-9 -5.453341344994251e-9 1.5295979583390422e-8 -5.1677836429483935e-8 5.924745184300741e-7 -2.4847199868228345e-7 -7.176137543336936e-8 1.2030432459439468e-7 -4.0020798678119516e-8
-1.536866942841832 -4.2729430569364936e-8 1.121365413100324e-8 -2.5547967750449583e-8 1.7469306763914134e-8 -5.9816917378104e-9 -3.018321478548693e-9 9.07953811608296e-9 4.398107697619019e-10 1.4718076141558884e-9 8.667389703144702e-9 1.1009938724783366e-8 7.132060503971722e-9 -3.5073382504900978e-9 -6.22405674000313e-9 1.55718550253674e-8 -5.3104867482272124e-8 6.193122632330109e-7 -2.6337554473925844e-7 -6.835473496331765e-8 1.2445421059838328e-7 -4.272943058145075e-8
-1.5337046651816637 -4.559292081258014e-8 1.2887372616574105e-8 -2.7159197475705282e-8 1.8638197167654215e-8 -6.525516802180985e-9 -3.443741696247507e-9 9.458361212917461e-9 2.0049718541875093e-10 1.290074389293304e-9 8.929271477947097e-9 1.1456149120381718e-8 7.541532393481374e-9 -3.63893092039759e-9 -7.058915112981392e-9 1.5837138392359362e-8 -5.4515168462520246e-8 6.473065408323578e-7 -2.7897154909141706e-7 -6.45084692195507e-8 1.2864380991112615e-7 -4.5592920820932584e-8
-1.5305423875214954 -4.8618507779869453e-8 1.4702986675941038e-8 -2.8865560999821975e-8 1.98921423840576e-8 -7.094561703418197e-9 -3.891904305226278e-9 9.862612775736792e-9 -5.729688720424576e-11 1.09174108573391e-9 9.196672957353725e-9 1.1916337622347534e-8 7.975617911392453e-9 -3.770167978426329e-9 -7.961395798541103e-9 1.6091086308196166e-8 -5.59026567493773e-8 6.765040336116082e-7 -2.9528515577234856e-7 -6.019661271411404e-8 1.3286545768961032e-7 -4.8618507783797555e-8
-1.527380109861327 -5.181361029822159e-8 1.6669011955726626e-8 -3.067335117834935e-8 2.1236116464070624e-8 -7.689873459304622e-9 -4.363666169106298e-9 1.0294242486269355e-8 -3.344534975395569e-10 8.76062246139973e-10 9.469706778123909e-9 1.239060222355145e-8 8.43576833072019e-9 -3.900213393778684e-9 -8.935062601640414e-9 1.6332980212703243e-8 -5.7260711823771745e-8 7.069531629395768e-7 -3.123421044593604e-7 -5.539220464531861e-8 1.3711083288937677e-7 -5.181361029731871e-8
-1.5242178322011588 -5.5185820572147215e-8 1.8794376434125853e-8 -3.258926090964735e-8 2.2675314164021922e-8 -8.31256702433323e-9 -4.8599214024847355e-9 1.0755323825118698e-8 -6.318901949540813e-10 6.422825729049002e-10 9.748499668788543e-9 1.2879005731204503e-8 8.923512273418683e-9 -4.028114349630423e-9 -9.98355852676204e-9 1.656213216269516e-8 -5.858214201850215e-8 7.387041489142351e-7 -3.301687271956196e-7 -5.006726898345143e-8 1.4137093219126062e-7 -5.518582056631634e-8
-1.5210555545409905 -5.8742896177961713e-8 2.108843708518408e-8 -3.462040240357514e-8 2.421515918950545e-8 -8.963830504436028e-9 -5.381604054545155e-9 1.1248059770605588e-8 -9.505621265340055e-10 3.896382936368128e-10 1.0033194446223235e-8 1.3381571689797274e-8 9.440458887845047e-9 -4.1527905809261625e-9 -1.111059977954103e-8 1.6777891000389375e-8 -5.98591496016113e-8 7.718090721138482e-7 -3.4879194375026753e-7 -4.41927949787039e-8 1.456360437382102e-7 -5.874289616742062e-8
-1.517893276880822 -6.249275108676811e-8 2.3560996925126e-8 -3.6774326938049913e-8 2.586131283274255e-8 -9.644930632928632e-9 -5.92969095698753e-9 1.1774788658113898e-8 -1.2914643260348093e-9 1.1735865606284615e-10 1.0323952207812693e-8 1.3898280001928988e-8 9.98830105671376e-9 -4.273023039301487e-9 -1.2319969003056554e-8 1.697964889978768e-8 -6.108329411453274e-8 8.063219374329534e-7 -3.6823925552586814e-7 -3.773871814476907e-8 1.4989572072010622e-7 -6.249275107203507e-8
-1.5147309992206537 -6.644344569000587e-8 2.6222322416499823e-8 -3.9059045094120095e-8 2.7619683028207458e-8 -1.0357218509977098e-8 -6.505204738416451e-9 1.2337990201819794e-8 -1.6556342089216588e-9 -1.7533244185932714e-10 1.0620954734021978e-8 1.4429062230830502e-8 1.0568818623741263e-8 -4.387441862331539e-9 -1.3615507710598031e-8 1.7166848301919116e-8 -6.224545388236096e-8 8.422987400843587e-7 -3.885387379186611e-7 -3.0673901773296524e-8 1.5413875484625697e-7 -6.644344567186506e-8
-1.511568721560485 -7.060317580356697e-8 2.9083161202308444e-8 -4.148304745896979e-8 2.9496433852140398e-8 -1.1102135607331936e-8 -7.109217006666446e-9 1.2940291680860633e-8 -2.044154289145872e-9 -4.892146807547126e-10 1.0924407117068614e-8 1.4973796567869347e-8 1.1183881625682055e-8 -4.494513624904165e-9 -1.5001107876392255e-8 1.733898925024996e-8 -6.333578560923339e-8 8.797975338521633e-7 -4.097190310333953e-7 -2.2966119036036153e-8 1.5835314974697017e-7 -7.060317578301872e-8
-1.5084064439003166 -7.498026062878604e-8 3.21547601385326e-8 -4.405532578503205e-8 3.149799549233016e-8 -1.1881220039489314e-8 -7.742851699837399e-9 1.3584474292192765e-8 -2.4581551340165154e-9 -8.250694016339598e-10 1.1234540632309711e-8 1.5532302447815725e-8 1.1835453514862087e-8 -4.592527851234554e-9 -1.6480702645512362e-8 1.7495637138080932e-8 -6.434368196721405e-8 9.188785016846125e-7 -4.3180932865027587e-7 -1.4582035733126083e-8 1.6252609434727584e-7 -7.498026060698293e-8
-1.5052441662401483 -7.958312965118028e-8 3.544888358957724e-8 -4.6785394592112636e-8 3.363107471527124e-8 -1.2696113101869206e-8 -8.407288606045717e-9 1.4273479672629949e-8 -2.8988185742496923e-9 -1.1836775346850258e-9 1.155161586991357e-8 1.610433479414813e-8 1.252559435562153e-8 -4.679582766886489e-9 -1.8058256124020242e-8 1.7636430880362673e-8 -6.525772708225337e-8 9.596040287199321e-7 -4.5483936533771234e-7 -5.4871937474775064e-9 1.666439362575562e-7 -7.958312962935227e-8
-1.50208188857998 -8.4420308460524e-8 3.8977831947118885e-8 -4.96833131981056e-8 3.590266585841684e-8 -1.3548566075998152e-8 -9.103767051072654e-9 1.5010416592817876e-8 -3.3673811869925393e-9 -1.5658173690041274e-9 1.1875926145372307e-8 1.66895778761979e-8 1.32564639762815e-8 -4.75357027115709e-9 -1.9737752210284907e-8 1.7761091523087435e-8 -6.606564981570986e-8 1.0020387778422509e-6 -4.788394016001725e-7 4.354004733302336e-9 1.7069215522742706e-7 -8.442030843990062e-8
-1.4989196109198117 -8.950040347882077e-8 4.2754460328681634e-8 -5.2759708162537784e-8 3.8320062375806676e-8 -1.4440447301108297e-8 -9.83358975221137e-9 1.5798567826211335e-8 -3.865138070330125e-9 -1.9722621571779436e-9 1.2207801208439805e-8 1.7287638759464365e-8 1.4030325056345417e-8 -4.81216011130218e-9 -2.152318242840498e-8 1.786943130426078e-8 -6.675427473462549e-8 1.046249767869402e-6 -5.03840206946241e-7 1.4978312164646103e-8 1.7465533671078473e-7 -8.950040346055312e-8
-1.4957573332596434 -9.483208558587858e-8 4.6792197408005315e-8 -5.602579612578574e-8 4.089086896580235e-8 -1.5373749510973716e-8 -1.05981268356794e-8 1.664139719646627e-8 -4.393446928492528e-9 -2.4037775486003655e-9 1.2547611271135552e-8 1.7898040329988355e-8 1.4849546126651157e-8 -4.8527832413606305e-9 -2.3418532724720495e-8 1.7961363181450972e-8 -6.730947065834414e-8 1.0923064544788282e-6 -5.298730407575825e-7 2.6423649698393395e-8 1.7851714559145217e-7 -9.483208557096604e-8
-1.4925950555994751 -1.0042407263555236e-7 5.110506432488177e-8 -5.9493407025371194e-8 4.362301431002474e-8 -1.6350597434234232e-8 -1.1398820013971256e-8 1.7542556807041204e-8 -4.953732487664625e-9 -2.8611188453933635e-9 1.2895771376550985e-8 1.8520213873255186e-8 1.5716604458076507e-8 -4.8726143497513656e-9 -2.542776918855749e-8 1.803691084204255e-8 -6.771609666326043e-8 1.1402808139825678e-6 -5.569696308349173e-7 3.8729120276536273e-8 1.822603001202891e-7 -1.0042407262477973e-7
-1.4894327779393066 -1.0628511085929276e-7 5.570769361769068e-8 -6.31750076692629e-8 4.652476445283082e-8 -1.737325565589819e-8 -1.2237186918478896e-8 1.8505894457236994e-8 -5.547491262987111e-9 -3.345028074802746e-9 1.32527461313192e-8 1.9153491187705367e-8 1.663408881219531e-8 -4.868553541398288e-9 -2.7554822658566046e-8 1.8096219213625235e-8 -6.795794542136843e-8 1.1902474300673103e-6 -5.851621494926093e-7 5.193502069912074e-8 1.8586654611602784e-7 -1.0628511085318062e-7
-1.4862705002791383 -1.1242395515738467e-7 6.061534811733009e-8 -6.708372564456567e-8 4.9604736850810306e-8 -1.844413673716639e-8 -1.3114825581612626e-8 1.953546124936684e-8 -6.176296697988071e-9 -3.856230871955448e-9 1.361905482576921e-8 1.9797096212579137e-8 1.7604702024969008e-8 -4.8372071618661975e-9 -2.98035721763476e-8 1.8139565493416682e-8 -6.801768374191429e-8 1.2422835836204468e-6 -6.14483187068655e-7 6.608285259911821e-8 1.8931663148340688e-7 -1.1242395515615842e-7
-1.4831082226189696 -1.1884934828223563e-7 6.584393973666855e-8 -7.123337353840292e-8 5.287191512178862e-8 -1.9565809590209543e-8 -1.4033419061505485e-8 2.063551939227052e-8 -6.841804698326351e-9 -4.395433166894162e-9 1.3995276966973976e-8 2.0450136149497326e-8 1.863126339215256e-8 -4.7748677528874185e-9 -3.217782724946758e-8 1.8167370717286537e-8 -6.787679017883834e-8 1.296469345768511e-6 -6.449657227120201e-7 8.121533225640823e-8 1.925902811033917e-7 -1.1884934828581086e-7
-1.4799459449588013 -1.2556999892218396e-7 7.141004808502227e-8 -7.563847344611992e-8 5.633566452270245e-8 -2.074100810402808e-8 -1.4994740201185846e-8 2.1810550206938316e-8 -7.54575958233453e-9 -4.963317669858523e-9 1.4382058251118718e-8 2.111159205690782e-8 1.9716710822576165e-8 -4.677493130709712e-9 -3.4681308886445884e-8 1.8180211890809988e-8 -6.75154895597453e-8 1.3528876742595385e-6 -6.766430923043668e-7 9.737639918231418e-8 1.9566617215144376e-7 -1.2556999893017436e-7
-1.476783667298633 -1.325945586986664e-7 7.733093883254866e-8 -8.031428174023256e-8 6.000574818545359e-8 -2.19726400170813e-8 -1.6000656512863747e-8 2.3065262340624264e-8 -8.290000471424311e-9 -5.560540148845717e-9 1.4780117002868494e-8 2.1780308896297164e-8 2.086410272287001e-8 -4.54068458091439e-9 -3.731762936690177e-8 1.817883470686533e-8 -6.691268428497668e-8 1.411624513326828e-6 -7.095489533680934e-7 1.1461122340579339e-7 1.9852190990083814e-7 -1.325945587104085e-7
-1.4736213896384647 -1.3993159809403994e-7 8.362458174482463e-8 -8.527681407173542e-8 6.38923441394333e-8 -2.3263796031930638e-8 -1.7053135176686272e-8 2.4404600196466848e-8 -9.07646814396437e-9 -6.187725493573506e-9 1.5190251110671902e-8 2.2454985008892112e-8 2.207661957449404e-8 -4.3596641657422375e-9 -4.0090270710701966e-8 1.8164166876601286e-8 -6.604588223786452e-8 1.4727688971770481e-6 -7.437172468073884e-7 1.3296621139212837e-7 2.0113400406900107e-7 -1.399315981086385e-7
-1.4704591119782964 -1.475895813320528e-7 9.030966830330997e-8 -9.054287057350928e-8 6.800606314886195e-8 -2.4617759166782477e-8 -1.8154248141999748e-8 2.583375258634226e-8 -9.907212376734806e-9 -6.845463560073721e-9 1.5613345488246493e-8 2.313416100144676e-8 2.335756516116007e-8 -4.129251142502363e-9 -4.300256181071919e-8 1.8137332103167206e-8 -6.489112113949178e-8 1.5364130572518579e-6 -7.791821553237461e-7 1.5248901052488093e-7 2.0347784576570104e-7 -1.4758958134843661e-7
-1.467296834318128 -1.5557684023777085e-7 9.74056288228511e-8 -9.613006123361044e-8 7.235796739234142e-8 -2.6038014338470378e-8 -1.930617731778846e-8 2.7358161615409267e-8 -1.0784399798521133e-8 -7.534304790277856e-9 1.6050380093792025e-8 2.3816208019672912e-8 2.4710367401860388e-8 -3.8438374943703625e-9 -4.605765419465021e-8 1.8099664730412192e-8 -6.342288917324687e-8 1.602652533418119e-6 -8.159780583419129e-7 1.7322851208210947e-7 2.0552768510265902e-7 -1.5557684025476455e-7
-1.4641345566579596 -1.6390154710873683e-7 1.049326489729623e-7 -1.020568314041567e-7 7.695959001115429e-8 -2.7528258171145538e-8 -2.0511219837577278e-8 2.8983531807596396e-8 -1.1710322280812823e-8 -8.254755601108007e-9 1.650243853981666e-8 2.449931538786334e-8 2.613857874178053e-8 -3.4973625777491327e-9 -4.9258496382280715e-8 1.8052725101867036e-8 -6.161404169611277e-8 1.6715862892484067e-6 -8.541394832766006e-7 1.9523485263826498e-7 2.0725660952481558e-7 -1.6390154712513528e-7
-1.4609722789977913 -1.7257168663425853e-7 1.1291168560527766e-7 -1.0834248740936949e-7 8.182295555176095e-8 -2.9092409024709885e-8 -2.177179338265755e-8 3.071583948210678e-8 -1.2687405890915831e-8 -9.00727353776072e-9 1.697071732779746e-8 2.518147759336264e-8 2.764587605035694e-8 -3.083286893420781e-9 -5.260780680559087e-8 1.7998315668710947e-8 -5.9435713845061016e-8 1.7433168315595932e-6 -8.937010529646507e-7 2.185594138237438e-7 2.0863652292397274e-7 -1.7257168664890314e-7
-1.4578100013376225 -1.815950269049477e-7 1.2136448178536765e-7 -1.1500722221407563e-7 8.696060132670593e-8 -3.073461723687194e-8 -2.309044154606756e-8 3.2561342391900174e-8 -1.3718220433080488e-8 -9.792262186081108e-9 1.7456535743255337e-8 2.5860480594696696e-8 2.923605997266365e-8 -2.59456499192132e-9 -5.610804526018932e-8 1.7938497889113644e-8 -5.685722883797522e-8 1.8179503343845966e-6 -9.34697429081497e-7 2.4325482037516e-7 2.0963812559594897e-7 -1.8159502691680233e-7
-1.4546477236774542 -1.909790895599769e-7 1.303135809230898e-7 -1.2207214111156966e-7 9.23855997167316e-8 -3.24592755725893e-8 -2.4469839218290576e-8 3.4526589636010994e-8 -1.4805489603451307e-8 -1.0610065839150508e-8 1.796134644817782e-8 2.6533887432430918e-8 3.0913053677188734e-8 -2.0236175269463367e-9 -5.976138285775146e-8 1.7875609965379026e-8 -5.384600175938936e-8 1.895596767558559e-6 -9.77163251354696e-7 2.693749364104221e-7 2.102308951026283e-7 -1.909790895681923e-7
-1.451485446017286 -2.0073111912497866e-7 1.397823398918293e-7 -1.295592873872649e-7 9.811158143526667e-8 -3.427102987464259e-8 -2.591279797417303e-8 3.661843185853657e-8 -1.5952101784800443e-8 -1.1460963913465983e-8 1.8486746809079284e-8 2.7199023122180246e-8 3.2680900939875376e-8 -1.362302474111025e-9 -6.35696704503718e-8 1.7812285469651796e-8 -5.0367438611857907e-8 1.97637003010851e-6 -1.0211330723811896e-6 2.9697485986437647e-7 2.1038306810043182e-7 -2.0073111912894584e-7
-1.4483231683571176 -2.108580515990169e-7 1.497949410233268e-7 -1.3749166791189824e-7 1.0415275977467579e-7 -3.617478990909295e-8 -2.742227143909338e-8 3.884403174810317e-8 -1.7161121507057106e-8 -1.2345165110384494e-8 1.9034491000349263e-8 2.7852958809631203e-8 3.4543763501096144e-8 -6.018855360821699e-10 -6.753440549908511e-8 1.7751472913670293e-8 -4.6384830404057434e-8 2.060388088642248e-6 -1.0666412878486623e-6 3.2611091502243434e-7 2.1006162319670223e-7 -2.108580515984057e-7
-1.4451608906969493 -2.213664823546704e-7 1.6037640286150383e-7 -1.458932786152912e-7 1.105239558516326e-7 -3.817574039950118e-8 -2.900136061093134e-8 4.1210874852654656e-8 -1.8435801599630442e-8 -1.3262801318815358e-8 1.9606502923873544e-8 2.8492495168001653e-8 3.650591762899026e-8 2.669902410833266e-10 -7.165669736019278e-8 1.769645632311998e-8 -4.18592420367038e-8 2.147773120940159e-6 -1.1137220619549216e-6 3.5684064309189515e-7 2.0923226489536672e-7 -2.213664823494479e-7
-1.441998613036781 -2.3226263342091244e-7 1.7155258955558695e-7 -1.5478912978877613e-7 1.1724062486681644e-7 -4.027935224394744e-8 -3.065331911293173e-8 4.372678072547269e-8 -1.9779596061397034e-8 -1.4213921255492841e-8 2.0204889987242422e-8 2.9114145019024286e-8 3.857174981934411e-8 1.2543356115771724e-9 -7.5937230964506e-8 1.7650876882588284e-8 -3.674939573711042e-8 2.2386516649609833e-6 -1.1624092478124633e-6 3.892227907530757e-7 2.0785940869289262e-7 -2.3226263341134457e-7
-1.4388363353766125 -2.435523202241391e-7 1.8335021877012363e-7 -1.6420527116128475e-7 1.2431888339173494e-7 -4.2491393909123827e-8 -3.238155835109635e-8 4.639991441941015e-8 -2.119617367401135e-8 -1.5198483839543502e-8 2.0831957784168707e-8 2.9714115159325267e-8 4.0745751558941573e-8 2.3708470005340843e-9 -8.037622886615036e-8 1.7618755722985924e-8 -3.101154878267365e-8 2.33315477348068e-6 -1.2127363026187879e-6 4.2331729663531526e-7 2.0590616738515606e-7 -2.435523202107704e-7
-1.4356740577164442 -2.552409178683957e-7 1.957968679870668e-7 -1.7416881669091847e-7 1.3177553769286953e-7 -4.4817942996119705e-8 -3.418965254831202e-8 4.923879834744928e-8 -2.268943238386627e-8 -1.6216351298469414e-8 2.1490225722005876e-8 3.028828737498569e-8 4.303251307606885e-8 3.6279390646137224e-9 -8.497341163914268e-8 1.760451792954849e-8 -2.4599365242821994e-8 2.4314181745915413e-6 -1.264736197365779e-6 4.591852756661057e-7 2.033343386451671e-7 -2.552409178520148e-7
-1.4325117800562754 -2.67333327041556e-7 2.0892097907315185e-7 -1.8470796901040554e-7 1.3962811310062606e-7 -4.72653979728655e-8 -3.608134362600524e-8 5.225232452881564e-8 -2.4263514477593683e-8 -1.7267282003120128e-8 2.218244364250175e-8 3.083219862811258e-8 4.5436715998652755e-8 5.037777900936905e-9 -8.972795660163912e-8 1.761301785522864e-8 -1.7463781457870714e-8 2.5335824382971445e-6 -1.3184413208545505e-6 4.968890012454632e-7 2.0010439393087439e-7 -2.673333270231415e-7
-1.4293495023961071 -2.798339396398446e-7 2.227518609841487e-7 -1.9585204346126124e-7 1.478948844275256e-7 -4.984049006868557e-8 -3.8060545902755674e-8 5.544976724104419e-8 -2.5922822575427974e-8 -1.835092302969438e-8 2.291160948310968e-8 3.1341020400430083e-8 4.79631248373279e-8 6.6133148583658455e-9 -9.463845484939524e-8 1.7649565831401443e-8 -9.552864961992978e-9 2.639793149447038e-6 -1.3738833777744905e-6 5.364918852014694e-7 1.9617546878133456e-7 -2.798339396205017e-7
-1.4261872247359388 -2.927466042087352e-7 2.373196904765119e-7 -2.0763149164781212e-7 1.565949074369771e-7 -5.255029532691072e-8 -4.013135057795413e-8 5.8840796099535e-8 -2.7672036466064e-8 -1.9466802447335776e-8 2.3680988027329056e-8 3.180953718022984e-8 5.0616577207626235e-8 8.368320900517338e-9 -9.970286658177177e-8 1.771995637538568e-8 -8.116665460000609e-10 2.7502010872641504e-6 -1.4310932805978961e-6 5.78058455487856e-7 1.9150535455841196e-7 -2.927466041896239e-7
-1.4230249470757705 -3.0607459130381136e-7 2.5265551069625294e-7 -2.200779244382354e-7 1.6574805136059353e-7 -5.540224681208286e-8 -4.229802996730559e-8 6.24354895873307e-8 -2.9516130805807095e-8 -2.061432133041806e-8 2.449413079361873e-8 3.223212408048545e-8 5.3401972702420437e-8 1.0317421465222856e-8 -1.0491847470536314e-7 1.7830498002321e-8 8.817934856135334e-9 2.86496241172676e-6 -1.490101035033602e-6 6.216543315892613e-7 1.8605049168999885e-7 -3.060745912860713e-7
-1.4198626694156022 -3.198205588806294e-7 2.6879122751475464e-7 -2.3322413433572692e-7 1.75375032458503e-7 -5.840414696891291e-8 -4.4565041455746175e-8 6.624434905898509e-8 -3.1460393703835835e-8 -2.179274549520371e-8 2.5354897113440937e-8 3.260272357758933e-8 5.632426032282294e-8 1.2476131760361217e-8 -1.1028183670217386e-7 1.7988044757448082e-8 1.9397394785035848e-8 2.98423885707606e-6 -1.550935618774967e-6 6.673461976054647e-7 1.797659644692635e-7 -3.19820558865307e-7
-1.416700391755434 -3.3398651782800584e-7 2.8575960348167447e-7 -2.4710411713861884e-7 1.8549744861341077e-7 -6.156418013083213e-8 -4.6937031132165216e-8 7.027831324358571e-8 -3.3510446214260786e-8 -2.300119696116674e-8 2.6267476449919522e-8 3.291482136193573e-8 5.938842437287976e-8 1.4860892431148115e-8 -1.1578873475109763e-7 1.820002959385071e-8 3.0991673718124845e-8 3.108197932730049e-6 -1.6136248532694144e-6 7.152017729920355e-7 1.7260549746291746e-7 -3.339865178159871e-7
-1.4135381140952656 -3.4857379776434275e-7 3.035942492660531e-7 -2.6175309280375906e-7 1.9613781494529067e-7 -6.489092517669597e-8 -4.9418837069209234e-8 7.454877327312232e-8 -3.567226275438241e-8 -2.423864513790863e-8 2.7236412009436846e-8 3.3161421293558306e-8 6.259946872068237e-8 1.7489105529029186e-8 -1.2143412409333398e-7 1.8474499730205697e-8 4.3669415728845344e-8 3.237013131894219e-6 -1.6781952682280135e-6 7.65289780941278e-7 1.6452145357977277e-7 -3.485737977562977e-7
-1.4103758364350971 -3.635830132217088e-7 3.2232961245837296e-7 -2.7720752542288236e-7 2.0731960042957851e-7 -6.839336833493599e-8 -5.201549221040441e-8 7.906758826353378e-8 -3.79521924670639e-8 -2.5503897739280045e-8 2.8266625699227796e-8 3.333501945813666e-8 6.596239932595163e-8 2.0379170707370646e-8 -1.2721207963426747e-7 1.8820154133112722e-8 5.750313570802868e-8 3.3708641481693077e-6 -1.7446719585848594e-6 8.17679914394745e-7 1.5546483384894695e-7 -3.6358301321804926e-7
-1.4072135587749288 -3.790140303472503e-7 3.4200096360849885e-7 -2.9350514221674455e-7 2.1906726549754754e-7 -7.208091613522559e-8 -5.473222682587639e-8 8.384710147687683e-8 -4.035698154350823e-8 -2.6795591427003185e-8 2.9363444484653372e-8 3.342757732100292e-8 6.948220493172908e-8 2.3550521564086945e-8 -1.3311574077622856e-7 1.9246383279087545e-8 7.25694155252752e-8 3.509937100467337e-6 -1.8130784336069252e-6 8.724427996861927e-7 1.4538527895513675e-7 -3.7901403034810514e-7
-1.40405128111476 -3.9486593425620953e-7 3.626443793774029e-7 -3.1068495144690833e-7 2.3140630059327443e-7 -7.596340850850256e-8 -5.7574470497050085e-8 8.890015709413009e-8 -4.289379652088415e-8 -2.8112182186851976e-8 3.053262820034332e-8 3.3430493979248494e-8 7.316383581558248e-8 2.702366204633052e-8 -1.391372544784782e-7 1.9763311362393176e-8 8.894910952112847e-8 3.65442476655698e-6 -1.883436457845575e-6 9.296499578223832e-7 1.3423107257609186e-7 -3.9486593426141836e-7
-1.4008890034545918 -4.111369971752609e-7 3.8429672268405135e-7 -3.287872591397347e-7 2.4436326565709373e-7 -8.00511320369313e-8 -6.054785358992566e-8 9.424011762916713e-8 -4.5570248567220176e-8 -2.9451935441169243e-8 3.178039886974195e-8 3.333457751468885e-8 7.701218049370238e-8 3.082020282726206e-8 -1.4526771654263038e-7 2.0381841126445038e-8 1.0672755973395008e-7 3.804526825571004e-6 -1.955765883611314e-6 9.893737634180946e-7 1.2194914656527207e-7 -4.111369971843869e-7
-1.3977267257944235 -4.2782464751911954e-7 4.0699561973317263e-7 -3.4785368451183205e-7 2.5796583050099615e-7 -8.435483335614904e-8 -6.365820817582044e-8 9.988088201544639e-8 -4.839441876375478e-8 -3.0812915902302855e-8 3.311347158783023e-8 3.3130015453272424e-8 8.103204026945723e-8 3.496289755987201e-8 -1.5149711112365575e-7 2.1113701508724878e-8 1.2599482127863013e-7 3.960450109819447e-6 -2.030084474643239e-6 1.051687401311411e-6 1.0848508802012976e-7 -4.2782464753147876e-7
-1.3945644481342552 -4.4492544004721306e-7 4.307794338146346e-7 -3.6792717398065817e-7 2.722428160366444e-7 -8.888573271283369e-8 -6.69115683578332e-8 1.0583690439786466e-7 -5.137488439246546e-8 -3.219297717233651e-8 3.453908702182008e-8 3.2806344339546696e-8 8.522810151641576e-8 3.947567890772282e-8 -1.5781424846844592e-7 2.1971498301790846e-8 1.4684589830761716e-7 4.122408866263665e-6 -2.1064077206343433e-6 1.1166648208957834e-6 9.378314827396108e-8 -4.449254400619205e-7
-1.3914021704740869 -4.6243502725091807e-7 4.556872357708601e-7 -3.8905201363826114e-7 2.872242363120602e-7 -9.365553768125797e-8 -7.031416996079791e-8 1.1212321366308146e-7 -5.452074623385853e-8 -3.3589751095306786e-8 3.606504558451121e-8 3.2352418437968826e-8 8.960490558452137e-8 4.4383694247455915e-8 -1.6420670088579384e-7 2.29687680462892e-8 1.6938099099837504e-7 4.290625028018889e-6 -2.1847486422630982e-6 1.1843806882164644e-6 7.778625384663555e-8 -4.624350272669472e-7
-1.3882398928139186 -4.803481321250756e-7 4.817587710352601e-7 -4.112738400603279e-7 3.0294134130815035e-7 -9.867645704308094e-8 -7.387244954205084e-8 1.1875543374244033e-7 -5.7841656877161425e-8 -3.500063686892882e-8 3.7699743334675404e-8 3.1756377576231314e-8 9.416681621709164e-8 4.971334093287132e-8 -1.7066073695344595e-7 2.4120035385685198e-8 1.9370575402495524e-7 4.465328496264623e-6 -2.265117586370475e-6 1.2549103358906638e-6 6.043601938675922e-8 -4.803481321413241e-7
-1.38507761515375 -4.98658522480456e-7 5.090344231519234e-7 -4.346396493167506e-7 3.194266604414002e-7 -1.0396121483507689e-7 -7.75930426800157e-8 1.257498047222711e-7 -6.134785004194666e-8 -3.642278992370571e-8 3.945220965830242e-8 3.100561414930934e-8 9.891798436556286e-8 5.5492301005425304e-8 -1.7716125396964014e-7 2.544087412686262e-8 2.199315669852154e-7 4.646757432955673e-6 -2.3475220109102762e-6 1.3283297109236776e-6 4.167276263496012e-8 -4.986585224958194e-7
-1.3819153374935818 -5.173589869563875e-7 5.375551736948466e-7 -4.591978040437723e-7 3.367140467141602e-7 -1.09523064569857e-7 -8.148278149740807e-8 1.3312320479700124e-7 -6.505017090681833e-8 -3.7853110578123264e-8 4.1332146783819913e-8 3.008673930664747e-8 1.0386231028850693e-7 6.174957523106664e-8 -1.8369170865827457e-7 2.6947972265734672e-8 2.4817581726906585e-7 4.835158564738914e-6 -2.4319662592886056e-6 1.4047153205061077e-6 2.1435521435215025e-8 -5.173589869698289e-7
-1.3787530598334132 -5.364413128949095e-7 5.673625585138791e-7 -4.849980384317841e-7 3.5483872144905847e-7 -1.1537580363483297e-7 -8.554869137571569e-8 1.408931731010069e-7 -6.896010743714162e-8 -3.928823247949863e-8 4.3349971183393375e-8 2.8985548348781877e-8 1.0900340282134333e-7 6.851551633851575e-8 -1.9023404613849618e-7 2.8659201252622445e-8 2.785621958673035e-7 5.030787498495481e-6 -2.518451323695972e-6 1.4841441758923439e-6 -3.379271819528737e-10 -5.364413129055265e-7
-1.3755907821732447 -5.558962662394798e-7 5.984986202441625e-7 -5.120914609763289e-7 3.7383731953907096e-7 -1.2153378787468633e-7 -8.979798681758988e-8 1.490779334555089e-7 -7.308982269988399e-8 -4.072451084087736e-8 4.551685691120756e-8 2.7686985363721784e-8 1.1434453570344243e-7 7.582186132931122e-8 -1.9676862717104806e-7 3.059368978831076e-8 3.11221006634402e-7 5.233909048941169e-6 -2.6069745970226063e-6 1.5666937344745169e-6 -2.3711045823330485e-8 -5.558962662465621e-7
-1.3724285045130764 -5.757135736225744e-7 6.310058570262705e-7 -5.405305548338823e-7 3.9374793514001885e-7 -1.2801194636248355e-7 -9.423806641387093e-8 1.576964190671508e-7 -7.745218814947359e-8 -4.215801048520226e-8 4.784478092811289e-8 2.6175107137596772e-8 1.198886008499501e-7 8.370176272531926e-8 -2.0327415369525517e-7 3.2771902458515087e-8 3.462894895332929e-7 5.44479757873312e-6 -2.6975296129346503e-6 1.6524418401832018e-6 -4.874851344603632e-8 -5.757135736256486e-7
-1.369266226852908 -5.958819068072013e-7 6.64927167395523e-7 -5.703691756174345e-7 4.146101677272335e-7 -1.3482579636412548e-7 -9.887650687208857e-8 1.6676829821499022e-7 -8.206081786408836e-8 -4.35844937088029e-8 5.034657046025673e-8 2.443304637839078e-8 1.2563805845667017e-7 9.218981861484255e-8 -2.0972759267183944e-7 3.521572353185589e-8 3.8391215840408326e-7 5.663737351545261e-6 -2.790105773674567e-6 1.7414666623620004e-6 -7.551619994453734e-8 -5.958819068060559e-7
-1.3661039491927398 -6.163888696476894e-7 7.003057913109215e-7 -6.016625464606853e-7 4.3646516843350753e-7 -1.4199145850021272e-7 -1.0372105606356794e-7 1.7631400096269614e-7 -8.693010370705578e-8 -4.4999407976998816e-8 5.303595243722572e-8 2.244297429602315e-8 1.3159488382774853e-7 1.0132210135408924e-7 -2.161040982481135e-7 3.794854626445353e-8 4.242411538134515e-7 5.891022898591099e-6 -2.884688065135283e-6 1.8338466332816e-6 -1.0408113859949236e-7 -6.163888696423942e-7
-1.3629416715325715 -6.37220987734745e-7 7.371852473069626e-7 -6.344672501734298e-7 4.593556865805842e-7 -1.4952567210846346e-7 -1.087796250465508e-7 1.8635474693259792e-7 -9.207525138301788e-8 -4.639787346540318e-8 5.592760505283743e-8 2.018606258659139e-8 1.3776051081771826e-7 1.1113618477641895e-7 -2.2237693226317118e-7 4.099536807285117e-8 4.674366115556889e-7 6.126959399088077e-6 -2.981256758742612e-6 1.929660384477349e-6 -1.3451149637904624e-7 -6.372209877256339e-7
-1.359779393872403 -6.583637008889949e-7 7.75609265765082e-7 -6.688412183043972e-7 4.833261163119563e-7 -1.574458108085737e-7 -1.140602790231664e-7 1.9691257417795866e-7 -9.751231735311588e-8 -4.77746704611641e-8 5.903721148900021e-8 1.7642444873240033e-8 1.4413577178169026e-7 1.2167116975776913e-7 -2.2851738311175972e-7 4.4382891956229486e-8 5.136670473912734e-7 6.37186307517491e-6 -3.079787099665059e-6 2.0289866821140845e-6 -1.6687654208590902e-7 -6.583637008766506e-7
-1.3566171162122347 -6.798013586657379e-7 8.156217183158489e-7 -7.048437169217978e-7 5.084225432301782e-7 -1.6576989826978628e-7 -1.1957122718849443e-7 2.080103691893884e-7 -1.0325824656784872e-7 -4.9124226639072697e-8 6.238151583996116e-8 1.4791177660846521e-8 1.5072083393012084e-7 1.3296770798257913e-7 -2.344946829863156e-7 4.8139634568684853e-8 5.631097586233608e-7 6.62606160180975e-6 -3.180248980854152e-6 2.1319043616027693e-6 -2.0124661234597548e-7 -6.798013586509475e-7
-1.3534548385520662 -7.015172190316646e-7 8.572665433980135e-7 -7.425353289158753e-7 5.346927909376245e-7 -1.7451662417953434e-7 -1.253208114305283e-7 2.1967189807077223e-7 -1.0933091097026161e-7 -5.0440604228011384e-8 6.597838127085495e-8 1.1610200866494228e-8 1.5751513198771934e-7 1.4506802375088935e-7 -2.4027592351734905e-7 5.2296041362863816e-8 6.159512431276738e-7 6.889894532196428e-6 -3.2826066024021e-6 2.238492261715342e-6 -2.3769307543690056e-7 -7.015172190153659e-7
-1.3502925608918979 -7.23493450371528e-7 9.005876680161531e-7 -7.819779326217876e-7 5.621864673754736e-7 -1.8370536040901744e-7 -1.3131749384030721e-7 2.3192183891921034e-7 -1.1574914871582645e-7 -5.17174870837438e-8 6.98468504406225e-8 8.076297992538993e-9 1.6451729705953004e-7 1.5801593366357143e-7 -2.458259698327956e-7 5.688460924729972e-8 6.723876364660256e-7 7.163713739302518e-6 -3.386818115686004e-6 2.348829158466573e-6 -2.7628829295682064e-7 -7.234934503547507e-7
-1.3471302832317293 -7.45711136979514e-7 9.456289257551911e-7 -8.232346765558934e-7 5.90955010851729e-7 -1.9335617736883185e-7 -1.3756984299210446e-7 2.4478581544261915e-7 -1.2253280404877113e-7 -5.294816768444474e-8 7.400720821517727e-8 4.165056013902433e-9 1.717250816112486e-7 1.7185686401936387e-7 -2.511073730572311e-7 6.194001722157406e-8 7.326251677290106e-7 7.4478838740545955e-6 -3.4928352517505312e-6 2.462993699056369e-6 -3.171055793357117e-7 -7.457111369633099e-7
-1.343968005571561 -7.681502881859498e-7 9.924339711269771e-7 -8.663699500528488e-7 6.210517356454076e-7 -2.0348986054438675e-7 -1.4408651895411243e-7 2.5829043184743994e-7 -1.2970276776765866e-7 -5.4125534065709787e-8 7.848104669205242e-8 -1.4917494394352584e-10 1.791352804752514e-7 1.8663786575414818e-7 -2.5608028127183433e-7 6.749926547576048e-8 7.968806347684797e-7 7.742782840814049e-6 -3.600602933361863e-6 2.581064336190143e-6 -3.6021915919305315e-7 -7.681502881713261e-7
-1.3408057279113927 -7.907898512652874e-7 1.0410461903418158e-6 -9.114493495862121e-7 6.525318770705597e-7 -2.1412792719702883e-7 -1.5087625699060666e-7 2.724633090276142e-7 -1.3728101820573825e-7 -5.524205671194275e-8 8.329133255274308e-8 -4.893322055037285e-9 1.8674364779866002e-7 2.0240762674997633e-7 -2.607023489557372e-7 7.360182346364488e-8 8.653818994959467e-7 8.048802290758774e-6 -3.7100588701471397e-6 2.7031192631218077e-6 -4.0570412254708636e-7 -7.907898512531393e-7
-1.3376434502512244 -8.136077282658383e-7 1.0915086086159543e-6 -9.585396405503624e-7 6.854526358805302e-7 -2.2529264321237928e-7 -1.5794784991712925e-7 2.87333122084468e-7 -1.4529066264394872e-7 -5.628977542113879e-8 8.846247675344867e-8 -1.0095630285078654e-8 1.9454480985511049e-7 2.1921648133865507e-7 -2.649286449288093e-7 8.02897874828716e-8 9.383684039385273e-7 8.366348133817288e-6 -3.821133136213311e-6 2.8292363497907904e-6 -4.5363637788148397e-7 -8.136077282568935e-7
-1.3344811725910561 -8.365807968954848e-7 1.1438637941449215e-6 -1.0077087142773963e-6 7.198732218901497e-7 -2.3700704007243141e-7 -1.6531012907070923e-7 3.0292963920545275e-7 -1.5375597906651974e-7 -5.726028615995355e-8 9.402040655900432e-8 -1.578570283503632e-8 2.0253217364766185e-7 2.371164168222354e-7 -2.6871155881510104e-7 8.760804831945842e-8 1.0160917077598832e-6 8.695841069823826e-6 -3.933747729618676e-6 2.9594930804531932e-6 -5.040926030758095e-7 -8.365807968902573e-7
-1.3313188949308876 -8.596849355905747e-7 1.1981537588916125e-6 -1.05902554005882e-6 7.558548966908002e-7 -2.4929493192231816e-7 -1.729719438575362e-7 3.192837619278109e-7 -1.6270245816078736e-7 -5.8144727925756366e-8 9.999263991839435e-8 -2.1994541441138195e-8 2.106978312364188e-7 2.5616107683051546e-7 -2.7200070604487096e-7 9.560446953913032e-8 1.0988160479694566e-6 9.037717139586752e-6 -4.047816113049514e-6 3.09396649323708e-6 -5.571501942058618e-7 -8.596849355893357e-7
-1.3281566172707193 -8.828950528873871e-7 1.2544198563578416e-6 -1.1125601119383725e-6 7.934610153312346e-7 -2.621809326964532e-7 -1.8094213984085978e-7 3.364275668111308e-7 -1.721568454541538e-7 -5.893376963191994e-8 1.0640836217335723e-7 -2.875458643182025e-8 2.1903245973113938e-7 2.7640576133382876e-7 -2.747428314115435e-7 1.0433007703351444e-7 1.1868189215595397e-6 9.392428296586369e-6 -4.163242735031073e-6 3.232733122082541e-6 -6.128872122194072e-7 -8.828950528901449e-7
-1.3249943396105508 -9.061851212069095e-7 1.312702676528053e-6 -1.1683833900397712e-6 8.327570668352681e-7 -2.756904732617833e-7 -1.8922953533207068e-7 3.5439434854056286e-7 -1.8214718347220628e-7 -5.961759703202341e-8 1.1329850508425461e-7 -3.609975643807778e-8 2.2752521689607008e-7 2.979074231276727e-7 -2.7688171119783983e-7 1.1383926045559347e-7 1.2803916918262557e-6 9.760443000043063e-6 -4.2799225309803175e-6 3.3758689415601455e-6 -6.71382327491376e-7 -9.061851212134174e-7
-1.3218320619503825 -9.295282151540906e-7 1.3730419381941153e-6 -1.2265672361906002e-6 8.738107134258082e-7 -2.898498185282065e-7 -1.9784289644800086e-7 3.7321866447989824e-7 -1.9270285379254917e-7 -6.018589969778758e-8 1.206958281495352e-7 -4.406548764979031e-8 2.3616363232171766e-7 3.207246606044265e-7 -2.783580538828593e-7 1.2418998720575686e-7 1.37984021914691e-6 1.0142246830122746e-5 -4.397740403383165e-6 3.5234493150942166e-6 -7.327147622603964e-7 -9.295282151638606e-7
-1.318669784290214 -9.528965544223981e-7 1.435476378890987e-6 -1.2871843436022237e-6 9.166918283241506e-7 -3.0468608446789295e-7 -2.0679091059735504e-7 3.929363806912494e-7 -2.0385461885929037e-7 -6.062785806454136e-8 1.2863500218675594e-7 -5.268877250698615e-8 2.4493349412606845e-7 3.449177066264759e-7 -2.791093994387735e-7 1.3544402965752206e-7 1.4854855170037088e-6 1.0538343126073974e-5 -4.516570680354695e-6 3.675548947152714e-6 -7.969642309461193e-7 -9.528965544347406e-7
-1.3155075066300457 -9.762615513831389e-7 1.5000436426937295e-6 -1.3503081603644952e-6 9.614725319925284e-7 -3.2022725497596025e-7 -2.1608215835893747e-7 4.135847194351134e-7 -2.1563466341306767e-7 -6.09321305567043e-8 1.3715269513434402e-7 -6.200819771173849e-8 2.5381873115598004e-7 3.7054841331420497e-7 -2.7907001722227577e-7 1.476672063403449e-7 1.59766443406059e-6 1.09492536481176e-5 -4.63627655181541e-6 3.8322418400019995e-6 -8.642108783424823e-7 -9.762615513972039e-7
-1.3123452289698774 -9.995938634267445e-7 1.5667801661473135e-6 -1.4160128065138637e-6 1.0082272266882691e-6 -3.365021984951292e-7 -2.2572508371374334e-7 4.352023081617441e-7 -2.2807663538107767e-7 -6.108684080420032e-8 1.4628766002382746e-7 -7.206398144343485e-8 2.628012906679658e-7 3.97680232562179e-7 -2.78170802461675e-7 1.6092963782601357e-7 1.7167303631181816e-6 1.1375519263940511e-5 -4.756709482489837e-6 3.993601255661783e-6 -9.345352156779323e-7 -9.995938634415828e-7
-1.309182951309709 -1.022863450110033e-6 1.635721062621985e-6 -1.4843729844340681e-6 1.0570326291982433e-6 -3.535406843160146e-7 -2.357279625922597e-7 4.5782923000161686e-7 -2.412156860609433e-7 -6.10795649588412e-8 1.5608082506252427e-7 -8.289800965770827e-8 2.7186101147649094e-7 4.2637819209673883e-7 -2.7633917133565614e-7 1.7530601809501132e-7 1.8430539777896052e-6 1.1817700660673292e-5 -4.8777086009069315e-6 4.1596996837353245e-6 -1.0080180545278912e-6 -1.0228634501246553e-6
-1.3060206736495406 -1.0460396351492272e-6 1.7069000054078506e-6 -1.5554638823496895e-6 1.1079678016234101e-6 -3.7137339845323803e-7 -2.4609886969723055e-7 4.815070757594808e-7 -2.550885094211385e-7 -6.08973191175823e-8 1.6657538575620858e-7 -9.455387134721929e-8 2.8097549256702823e-7 4.5670886688868964e-7 -2.7349895463418566e-7 1.9087590218969775e-7 1.9770239977588018e-6 1.2276379083263582e-5 -4.999100063553478e-6 4.330608815829893e-6 -1.0847404385578346e-6 -1.0460396351626743e-6
-1.3028583959893723 -1.0690911732832456e-6 1.7803491098835903e-6 -1.6293610706753142e-6 1.161114180085027e-6 -3.9003195898495115e-7 -2.5684564356073036e-7 5.062789974131542e-7 -2.697333803293513e-7 -6.052654685700081e-8 1.778168989904744e-7 -1.0707689264091421e-7 2.901199571805615e-7 4.887403457356112e-7 -2.695702899856118e-7 2.0772401099248314e-7 2.1190479835016714e-6 1.27521571001889e-5 -5.1206963933018155e-6 4.50639952732478e-6 -1.1647835730676234e-6 -1.0690911732946441e-6
-1.2996961183292037 -1.091986322015587e-6 1.8560988151153807e-6 -1.7061403909857603e-6 1.2165556012262346e-6 -4.0954893073000263e-7 -2.679758497926911e-7 5.321897631147059e-7 -2.851901915085273e-7 -5.995310688052325e-8 1.8985337897811235e-7 -1.2051416961742444e-7 2.9926711238593443e-7 5.225421928295642e-7 -2.644695126268388e-7 2.259405539993123e-7 2.2695531613705185e-6 1.3245659397485698e-5 -5.242295791204731e-6 4.687141867287545e-6 -1.2482287522987283e-6 -1.0919863220242082e-6
-1.2965338406690354 -1.1146929182256312e-6 1.934177765262549e-6 -1.785877837376882e-6 1.274378326385723e-6 -4.299578391227247e-7 -2.794967424758335e-7 5.592858136880426e-7 -3.015004890082829e-7 -5.9162260776672065e-8 2.0273539496795762e-7 -1.3491459970775613e-7 3.083870041662656e-7 5.581854041275588e-7 -2.5810904468531953e-7 2.456215709914476e-7 2.4289872799616535e-6 1.3757533602105268e-5 -5.36368142071745e-6 4.872905057383722e-6 -1.3351572844549886e-6 -1.1146929182309374e-6
-1.2933715630088671 -1.1371784596218865e-6 2.014612691187795e-6 -1.8686494299912279e-6 1.3346710633238578e-6 -4.512931831301358e-7 -2.914152236594684e-7 5.876153206133377e-7 -3.1870750596716697e-7 -5.8138660882988344e-8 2.1651617059833736e-7 -1.5032891156271603e-7 3.1744686805581936e-7 5.957423583445948e-7 -2.50397282932481e-7 2.66869293542389e-7 2.5978194987075115e-6 1.428845113564396e-5 -5.48462066337607e-6 5.063757500672439e-6 -1.4256504143762096e-6 -1.137178459623563e-6
-1.2902092853486986 -1.1594101909898893e-6 2.097428292689638e-6 -1.9545310804885163e-6 1.3975249853857905e-6 -4.735904470402756e-7 -3.037378009015591e-7 6.172282454849276e-7 -3.368561944286636e-7 -5.686633824620581e-8 2.312516847654555e-7 -1.6680969326131723e-7 3.264109753739028e-7 6.352867623914519e-7 -2.4123848495799475e-7 2.8979252733103637e-7 2.7765413096555927e-6 1.4839108099530054e-5 -5.6048643449280895e-6 5.259766801227415e-6 -1.5197892437898174e-6 -1.1594101909878606e-6
-1.2870470076885303 -1.181355195166909e-6 2.1826471217952854e-6 -2.0435984492476347e-6 1.4630337479912817e-6 -4.968861109334132e-7 -3.1647054280498484e-7 6.481764009256487e-7 -3.5599325496100615e-7 -5.5328690664804925e-8 2.4700077386378056e-7 -1.844114187380736e-7 3.3524047511271664e-7 6.768935910829018e-7 -2.3053265370304166e-7 3.1450705626762815e-7 2.96566749341892e-6 1.541022619278918e-5 -5.7241459308767404e-6 5.460999795573015e-6 -1.6176546490509062e-6 -1.1813551951613418e-6
-1.283884730028362 -1.2029804886534096e-6 2.2702894675715225e-6 -2.135926794094467e-6 1.5312935023467647e-6 -5.212176596299527e-7 -3.2961903248987244e-7 6.805135129368162e-7 -3.761671638177976e-7 -5.3508470795047256e-8 2.6382523524181226e-7 -2.0319047230941944e-7 3.438932315465807e-7 7.206390209456841e-7 -2.1817542027804343e-7 3.4113606947499737e-7 3.165737110305293e-6 1.6002553663547023e-5 -5.842180690366115e-6 5.667522596976221e-6 -1.7193271962641362e-6 -1.2029804886447008e-6
-1.2807224523681935 -1.2242531217481028e-6 2.3603732429307215e-6 -2.231590810358444e-6 1.6024029062818139e-6 -5.466235898900628e-7 -3.4318831893928784e-7 7.142952846593467e-7 -3.9742819736314087e-7 -5.138777429621638e-8 2.817899317026125e-7 -2.232051711826744e-7 3.523236576404006e-7 7.666003579601106e-7 -2.040579249765528e-7 3.698106122048329e-7 3.377314527656833e-6 1.6616866295471157e-5 -5.958664827297734e-6 5.879400653687592e-6 -1.8248870536618307e-6 -1.2242531217368502e-6
-1.2775601747080252 -1.24514028306887e-6 2.4529138739277307e-6 -2.330664462070128e-6 1.67646313211964e-6 -5.731434156203997e-7 -3.5718286615042e-7 7.495794615178932e-7 -4.198284534714026e-7 -4.8948027984813e-8 3.0096289686391483e-7 -2.445157858349777e-7 3.60482544345807e-7 8.148559590740924e-7 -1.8806669638156827e-7 4.0067006180643064e-7 3.6009904844551266e-6 1.725396843039162e-5 -6.073274577531999e-6 6.096698822278674e-6 -1.934413901092061e-6 -1.2451402830558263e-6
-1.2743978970478567 -1.265609408295984e-6 2.5479241920619425e-6 -2.4332208041228557e-6 1.7535778714998525e-6 -6.008176708226315e-7 -3.716065000175026e-7 7.864258977163949e-7 -4.434218695980914e-7 -4.616997796093394e-8 3.21415441177976e-7 -2.671845581545171e-7 3.683168858839275e-7 8.654851473344804e-7 -1.7008352844378074e-7 4.338626299042865e-7 3.837383194273344e-6 1.7914694028385694e-5 -6.18566527099077e-6 6.319481457280608e-6 -2.047986836447761e-6 -1.2656094082820067e-6
-1.2712356193876884 -1.2856282929467935e-6 2.645414330116078e-6 -2.5393317952323045e-6 1.8338533370806792e-6 -6.296879099970821e-7 -3.864623528662924e-7 8.248966240499107e-7 -4.682642372042918e-7 -4.3033677663105996e-8 3.4322225839611264e-7 -2.912757172421278e-7 3.757697011241884e-7 9.185681204867576e-7 -1.499853553927465e-7 4.6954589198059473e-7 4.087139487682642e-6 1.859990776665428e-5 -6.295470357436455e-6 6.547812518383897e-6 -2.165684278842217e-6 -1.2856282929327975e-6
-1.26807334172752 -1.3051652089625939e-6 2.7453916220809754e-6 -2.6490681015407013e-6 1.91739826105866e-6 -6.597967056925292e-7 -4.0175280555269034e-7 8.650559169946118e-7 -4.944132122032072e-7 -3.951847580016517e-8 3.6646153224765545e-7 -3.1685549277815477e-7 3.8277985117898026e-7 9.74185852901874e-7 -1.2764412432174637e-7 5.078873455995228e-7 4.350935995248156e-6 1.9310506178561075e-5 -6.402300394664995e-6 6.7817556965213744e-6 -2.287583868309818e-6 -1.3051652089494776e-6
-1.2649110640673518 -1.3241890248580598e-6 2.8478605077317377e-6 -2.7624988907249253e-6 2.004323890454692e-6 -6.911876428700793e-7 -4.174794270301878e-7 9.069703690346527e-7 -5.219283210829849e-7 -3.5603004100653606e-8 3.9121504308739844e-7 -3.439921258670857e-7 3.8928185334436273e-7 1.032419990697058e-6 -1.0292666526518022e-7 5.490649985517085e-7 4.629480372277477e-6 2.0047418834255906e-5 -6.505741997806775e-6 7.021374560215213e-6 -2.4137623617800058e-6 -1.3241890248466585e-6
-1.2617487864071832 -1.3426693291523258e-6 2.952822442436595e-6 -2.8796916164815376e-6 2.0947439791280163e-6 -7.23905309725058e-7 -4.33642911282172e-7 9.507089601820308e-7 -5.508709623458493e-7 -3.1265164811357185e-8 4.1756827424995274e-7 -3.7275587728118263e-7 3.95205691527108e-7 1.0933527399265763e-6 -7.569455856304841e-8 5.932679882401917e-7 4.923512566514594e-6 2.081160956434481e-5 -6.6053567483887395e-6 7.266732723632929e-6 -2.54429552504087e-6 -1.3426693291433448e-6
-1.258586508747015 -1.3605765567674496e-6 3.060275812795066e-6 -3.0007117932769173e-6 2.1887747764932867e-6 -7.579952845863672e-7 -4.502430115055356e-7 9.96343130643169e-7 -5.813044028890982e-7 -2.6482117867178543e-8 4.4561051783355057e-7 -4.032190330340551e-7 4.0047662330850113e-7 1.1570667477289014e-6 -4.580399928131145e-8 6.406972336727375e-7 5.233806130003118e-6 2.1604077728123642e-5 -6.700680061766713e-6 7.517894037861405e-6 -2.679258020373135e-6 -1.3605765567614335e-6
-1.2554242310868466 -1.3778821180454646e-6 3.1702158587165737e-6 -3.1256227612647957e-6 2.2865350129303492e-6 -7.935041184872875e-7 -4.6727847142186153e-7 1.0439468545839553e-6 -6.132937689391544e-7 -2.1230267644527263e-8 4.754349796200475e-7 -4.3545590722571685e-7 4.0501498380514666e-7 1.2236449763276212e-6 -1.3105658428225147e-8 6.915661214702344e-7 5.561169576374077e-6 2.2425859527936906e-5 -6.791220011493115e-6 7.77492280697367e-6 -2.818723289497497e-6 -1.377882118042752e-6
-1.2522619534266781 -1.3945585299986478e-6 3.2826346025644218e-6 -3.2544854412901994e-6 2.3881458818925783e-6 -8.304793129756258e-7 -4.847469535811852e-7 1.093596714943411e-6 -6.469060311352839e-7 -1.5485249199579183e-8 5.07138882821919e-7 -4.6954284211251376e-7 4.087359864967512e-7 1.293170569796308e-6 2.2555459323557907e-8 7.461012273467837e-7 5.9064477848468225e-6 2.327802937127651e-5 -6.876456109139469e-6 8.037884030532398e-6 -2.962763431437566e-6 -1.3945585299993659e-6
-1.2490996757665098 -1.410579549369723e-6 3.3975207860032644e-6 -3.387358079914215e-6 2.493731018736647e-6 -8.689692927046313e-7 -5.026449645113655e-7 1.1453719792451205e-6 -6.822099833453468e-7 -9.221913881511066e-9 5.408235703313832e-7 -5.055582053678534e-7 4.115495212003803e-7 1.3657267135110037e-6 6.134016173281366e-8 8.045430745638065e-7 6.270523452266014e-6 2.4161701282285357e-5 -6.9558380380464205e-6 8.306843674242152e-6 -3.1114490748562727e-6 -1.410579549373769e-6
-1.2459373981063413 -1.425920307038678e-6 3.5148598152009387e-6 -3.5242959844107586e-6 2.60341647631544e-6 -9.09023372318645e-7 -5.209677765531077e-7 1.1993546763550042e-6 -7.192762147813386e-7 -2.41431419853475e-9 5.765946051311362e-7 -5.435823845135563e-7 4.133599493799684e-7 1.4413964862292656e-6 1.0341521926269555e-7 8.671469309090403e-7 6.654318594533533e-6 2.507803036438435e-5 -7.02878433942733e-6 8.581868970535476e-6 -3.2648492443771e-6 -1.4259203070457377e-6
-1.242775120446173 -1.440557443271286e-6 3.6346337150472067e-6 -3.6653512477032177e-6 2.7173306973954306e-6 -9.50691717119884e-7 -5.397093462068213e-7 1.2556296741342197e-6 -7.581770749682501e-7 4.964312198022748e-9 6.14561868510884e-7 -5.836977785162114e-7 4.140658969889915e-7 1.5202627047510727e-6 1.4895351992858658e-7 9.341836457998286e-7 7.058796098830705e-6 2.6028214315792796e-5 -7.094681049201556e-6 8.86302875095011e-6 -3.4230312203502674e-6 -1.4405574432808508e-6
-1.2396128427860047 -1.454469243260734e-6 3.75682109306347e-6 -3.8105724632256383e-6 2.8356044839818245e-6 -9.940252969744532e-7 -5.588622288026969e-7 1.3142847579367343e-6 -7.989866311055715e-7 1.2941559559972083e-8 6.548396557188074e-7 -6.25988786558659e-7 4.135600450531472e-7 1.602407761135266e-6 1.9813422916014265e-7 1.0059405291610876e-6 7.484961328065559e-6 2.7013494999769147e-5 -7.152880283885175e-6 9.150393812230556e-6 -3.586060391470922e-6 -1.4544692432721455e-6
-1.2364505651258364 -1.467635772368218e-6 3.881397113688378e-6 -3.960004429709579e-6 2.9583709636572892e-6 -1.0390758328870575e-6 -5.784174892895224e-7 1.3754107099026487e-6 -8.417806173465266e-7 2.1545872281350065e-8 6.97546768662565e-7 -6.705417940132512e-7 4.117289182086016e-7 1.6879134524647626e-6 2.51142955160934e-7 1.0827222737793394e-6 7.933863779018547e-6 2.8035160071451267e-5 -7.202698773815566e-6 9.44403731816306e-6 -3.754000099597806e-6 -1.4676357723807005e-6
-1.2332882874656679 -1.480039010420659e-6 4.008333483634456e-6 -4.11368784591471e-6 3.085765553065205e-6 -1.085895735645039e-6 -5.983646089210935e-7 1.4391013890008985e-6 -8.866363755064366e-7 3.0806564507758776e-8 7.428066052603959e-7 -7.174451556610533e-7 4.084526714199611e-7 1.7768608031757006e-6 3.081719202971219e-7 1.1648519228872962e-6 8.4065987957028e-6 2.9094544663235056e-5 -7.243416341934665e-6 9.744035239233383e-6 -3.926911476061065e-6 -1.4800390104333902e-6
-1.2301260098054996 -1.4916629843740854e-6 4.137598449020982e-6 -4.271658995336862e-6 3.2179259186941985e-6 -1.1345380359029944e-6 -6.186913876011457e-7 1.5054538117780693e-6 -9.336327866976305e-7 4.0753841309040614e-8 7.907472450294095e-7 -7.667891762193405e-7 4.0360487511051635e-7 1.8693298799888465e-6 3.6942013909704706e-7 1.252671884786983e-6 8.90430933949649e-6 3.0193033130681508e-5 -7.274274326303414e-6 1.0050466832275202e-5 -4.104853268681203e-6 -1.491662984386228e-6
-1.226963732145331 -1.5024938985990743e-6 4.269156804997762e-6 -4.433949420943274e-6 3.3549919351494265e-6 -1.1850563050500657e-6 -6.393838416290982e-7 1.5745682337746711e-6 -9.828501933751238e-7 5.141882162460743e-8 8.415015304855396e-7 -8.186660882588725e-7 3.970522989457127e-7 1.9653995995076444e-6 4.350936034983575e-7 1.3465449963749003e-6 9.428187817650049e-6 3.1332060861006526e-5 -7.294473944465522e-6 1.0363415162361417e-5 -4.287881658653789e-6 -1.502493898609851e-6
-1.2238014544851628 -1.5125202619906656e-6 4.402969918584034e-6 -4.600585589998859e-6 3.497105641125392e-6 -1.2375045661720953e-6 -6.604260965689474e-7 1.6465482315752876e-6 -1.034370311263868e-6 6.283356320795e-8 8.952071439177792e-7 -8.731700276121565e-7 3.886546945190164e-7 2.0651475285748825e-6 5.054054760370636e-7 1.4468556374886808e-6 9.97947797181661e-6 3.251311614625862e-5 -7.3031745977248754e-6 1.0682967669273106e-5 -4.476050066380103e-6 -1.5125202619993956e-6
-1.2206391768249942 -1.5217330110483486e-6 4.538995765455857e-6 -4.771588549062108e-6 3.6444111933274613e-6 -1.2919371943916523e-6 -6.81800274942841e-7 1.7215007854658378e-6 -1.0882761306257029e-6 7.503108981447811e-8 9.520066790884567e-7 -9.303970063941407e-7 3.782645771975701e-7 2.1686496775102797e-6 5.805762917347525e-7 1.5540108980523185e-6 1.055947682830067e-5 3.373774212335416e-5 -7.299492113344574e-6 1.1009216780968053e-5 -4.66940894524757e-6 -1.5217330110544987e-6
-1.217476899164826 -1.53012562801289e-6 4.677188981424357e-6 -4.94697356924071e-6 3.7970548186228566e-6 -1.3484088058390714e-6 -7.034863784289952e-7 1.7995363626788567e-6 -1.1446518063114459e-6 8.804542089537658e-8 1.0120477074015584e-6 -9.904448837777337e-7 3.657270073934614e-7 2.275980286384076e-6 6.608341695057415e-7 1.668441800056055e-6 1.1169536711769714e-5 3.500753878319432e-5 -7.2824969226192884e-6 1.1342260576557498e-5 -4.868005562281836e-6 -1.5301256280160997e-6
-1.2143146215046576 -1.5376942530850992e-6 4.817500929357019e-6 -5.1267497818092625e-6 3.955184764737933e-6 -1.4069741344781853e-6 -7.254621642205968e-7 1.8807690012168643e-6 -1.203582536031522e-6 1.0191160407938417e-7 1.075482838072555e-6 -1.053413334687729e-6 3.5087937153471885e-7 2.3872116045170822e-6 7.464150339756692e-7 1.7906045764664853e-6 1.1811067324223195e-5 3.6324165051149654e-5 -7.251212172715037e-6 1.1682203501390858e-5 -5.07188376450631e-6 -1.5376942530852053e-6
-1.2111523438444893 -1.5444377896874707e-6 4.959879782303127e-6 -5.31091980430009e-6 4.11895124985703e-6 -1.467687895981383e-6 -7.477030151784017e-7 1.9653163942545076e-6 -1.2651544262668351e-6 1.1666575074406828e-7 1.1424697718259927e-6 -1.1194038165981602e-6 3.3355116301885183e-7 2.5024136634360255e-6 8.375628486769344e-7 1.9209820092241624e-6 1.2485537891064905e-5 3.76893409412562e-5 -7.204611770111862e-6 1.2029157136937664e-5 -5.281083729754517e-6 -1.5444377896845167e-6
-1.2079900661843208 -1.5503580016627948e-6 5.104270623595012e-6 -5.499479357186453e-6 4.288506411517935e-6 -1.5306046378190254e-6 -7.701818033846005e-7 2.0532999751322044e-6 -1.3294543452301387e-6 1.323450749988986e-7 1.2131713476414348e-6 -1.1885195346399519e-6 3.135637634406776e-7 2.6216540435544395e-6 9.345298616642888e-7 2.060084828547884e-6 1.319447937617923e-5 3.910484978652771e-5 -7.141618353425736e-6 1.2383241028250816e-5 -5.495641700585768e-6 -1.550358001657022e-6
-1.2048277885241525 -1.5554596012340092e-6 5.250615564706788e-6 -5.692416871282639e-6 4.46400425524265e-6 -1.5957785747001026e-6 -7.928687466795709e-7 2.1448450029678315e-6 -1.3965697622775654e-6 1.4898793642340908e-7 1.2877555820642983e-6 -1.2608654052470518e-6 2.9073022439546547e-7 2.7449976348937363e-6 1.03757686467679e-6 2.2084531758288334e-6 1.3939486767964212e-5 4.057254054784819e-5 -7.0611011933249375e-6 1.2744583571889632e-5 -5.715589699853874e-6 -1.555459601225832e-6
-1.201665510863984 -1.5597503264770717e-6 5.398853881663699e-6 -5.889713085988281e-6 4.645600603387154e-6 -1.6632634084720306e-6 -8.157312577357397e-7 2.2400806489283283e-6 -1.4665885731595978e-6 1.6663388692558987e-7 1.3663957005956817e-6 -1.3365480185911195e-6 2.6485505016826415e-7 2.8725063922073417e-6 1.1469734670593872e-6 2.3666581324622478e-6 1.4722221438333611e-5 4.209433020396795e-5 -6.961874017196234e-6 1.3113322967277735e-5 -5.940955226374821e-6 -1.5597503264670579e-6
-1.1985032332038157 -1.5632410069827992e-6 5.5489221708075994e-6 -6.091340638505189e-6 4.833453044741053e-6 -1.733112131559917e-6 -8.387337851948372e-7 2.3391400832205644e-6 -1.5395989104908218e-6 1.8532372210808227e-7 1.4492701606752168e-6 -1.415675600075616e-6 2.3573398163078252e-7 3.0042390849220685e-6 1.262998385748977e-6 2.5353033170302604e-6 1.554441357675448e-5 4.367220622518589e-5 -6.842692756152764e-6 1.3489608234569587e-5 -6.1717609290287195e-6 -1.5632410069716239e-6
-1.1953409555436472 -1.5659456163050729e-6 5.700754524736739e-6 -6.297263644151577e-6 5.027720885459835e-6 -1.805376812997864e-6 -8.618376463653451e-7 2.4421605628797767e-6 -1.6156889388089647e-6 2.05099537552558e-7 1.5365626657723765e-6 -1.4983579711810866e-6 2.031537816784124e-7 3.140251042366775e-6 1.3859397527270972e-6 2.715026553316794e-6 1.6407864701448435e-5 4.53082291333622e-5 -6.702253211912989e-6 1.3873600302200143e-5 -6.408024257517654e-6 -1.5659456162934713e-6
-1.1921786778834789 -1.5678813097105811e-6 5.8542827292532785e-6 -6.5074372678932195e-6 5.228565101964203e-6 -1.880108366078271e-6 -8.850008509468314e-7 2.5492835204552546e-6 -1.6949466335845969e-6 2.2600479045640462e-7 1.6284621701058024e-6 -1.5847065099731041e-6 1.66892022552056e-7 3.280593894817075e-6 1.5160954414421824e-6 2.9065016117031073e-6 1.731445024994283e-5 4.700453515096137e-5 -6.53918864101722e-6 1.426547316739321e-5 -6.649757087879916e-6 -1.567881309699314e-6
-1.1890164002233106 -1.5690684456601065e-6 6.009436482167709e-6 -6.721807287201392e-6 5.436148296498286e-6 -1.9573562966185627e-6 -9.081779152163605e-7 2.660654653716523e-6 -1.7774595435352408e-6 2.480843670796602e-7 1.7251628735164878e-6 -1.6748341116035063e-6 1.2671687540291113e-7 3.4253153109493714e-6 1.6537734138116392e-6 3.1104400265625286e-6 1.8266122251221744e-5 4.876333894188741e-5 -6.352067253781389e-6 1.4665415133008536e-5 -6.896965320737258e-6 -1.5690684456498879e-6
-1.1858541225631423 -1.5695305893624823e-6 6.166143634827375e-6 -6.940309646333998e-6 5.650634656096614e-6 -2.0371684308191395e-6 -9.313196660799853e-7 2.7764240165283725e-6 -1.8633145355898751e-6 2.713846564848329e-7 1.8268642060295106e-6 -1.7688551491533491e-6 8.238690247262777e-8 3.5744587323646587e-6 1.7992920895252613e-6 3.327592992342235e-6 1.9264912081786708e-5 5.058693644692791e-5 -6.1393896253251065e-6 1.5073630124212922e-5 -7.149648450121232e-6 -1.5695305893539455e-6
-1.182691844902974 -1.5692944966500744e-6 6.324330457256397e-6 -7.162870002118981e-6 5.8721899157723266e-6 -2.11959062166156e-6 -9.543730343588757e-7 2.8967461110716194e-6 -1.952597521843004e-6 2.959536310769908e-7 1.9337708016506313e-6 -1.8668854351825014e-6 3.365085227733359e-8 3.7280631059160973e-6 1.952980739488629e-6 3.558753341092084e-6 2.0312933308003802e-5 5.247770781668453e-5 -5.899586015942381e-6 1.5490339088566846e-5 -7.4077991005883476e-6 -1.5692944966437316e-6
-1.1795295672428054 -1.5683900763285576e-6 6.483921927816193e-6 -7.389403261297088e-6 6.1009813268036224e-6 -2.204666432771716e-6 -9.772808366451086e-7 3.0217799816167405e-6 -2.045393167831366e-6 3.218409344772336e-7 2.046092460958439e-6 -1.9690421843655077e-6 -1.975254179831031e-8 3.8861626146512255e-6 2.115179905367305e-6 3.8047576042721978e-6 2.1412384617176233e-5 5.4438120444920554e-5 -5.6310135980178685e-6 1.591578148322797e-5 -7.671402530195008e-6 -1.5683900763247803e-6
-1.1763672895826371 -1.5668503290540554e-6 6.644842048320871e-6 -7.619813109454154e-6 6.337177631064387e-6 -2.2924367986490294e-6 -9.99981545027039e-7 3.1516893100900623e-6 -2.141784581460418e-6 3.4909797728798156e-7 2.1640441020702017e-6 -2.07544397760658e-6 -7.809475907147572e-8 4.048786408262885e-6 2.286241847320062e-6 4.06648816174385e-6 2.25655528398483e-5 5.647073210531487e-5 -5.331953586623752e-6 1.63502168530816e-5 -7.940436096753734e-6 -1.5668503290530307e-6
-1.1732050119224686 -1.5647112606869444e-6 6.807014185569293e-6 -7.853991531541648e-6 6.580949042416101e-6 -2.3829396601406036e-6 -1.0224090439474566e-6 3.2866425137088763e-6 -2.241852981902958e-6 3.777780413349967e-7 2.2878456995803635e-6 -2.1862107280370775e-6 -1.4165768484883049e-7 4.215958334030621e-6 2.4665310221426726e-6 4.3448754809229674e-6 2.3774816065914154e-5 5.8578194194665435e-5 -5.000608270862839e-6 1.6793926503720658e-5 -8.214868684644474e-6 -1.564711260688679e-6
-1.1700427342623003 -1.5620117679640442e-6 6.970361440285875e-6 -8.091818323946865e-6 6.832467236252643e-6 -2.476209574016631e-6 -1.0444923734204901e-6 3.426812844999099e-6 -2.3456773477874475e-6 4.0793639299720403e-7 2.4177222110942413e-6 -2.301463649307354e-6 -2.107337989603705e-7 4.387696669327952e-6 2.6564245941816e-6 4.6409004491489755e-6 2.5042646857170118e-5 6.076325508563732e-5 -4.635097942955666e-6 1.7247215273310404e-5 -8.494660089294143e-6 -1.5620117679683726e-6
-1.1668804566021318 -1.5587934942189044e-6 7.134807044496936e-6 -8.333160598031331e-6 7.091905348368742e-6 -2.5722772954830225e-6 -1.0661554577946964e-6 3.5723784945515726e-6 -2.4533340439901127e-6 4.396304062621068e-7 2.5539034910075546e-6 -2.42132522659045e-6 -2.85626359042065e-7 4.564013856870167e-6 2.856312981521355e-6 4.9555968023984634e-6 2.637161555901994e-5 6.302876359220648e-5 -4.233457721999649e-6 1.7710413407488064e-5 -8.779760356277544e-6 -1.5587934942254905e-6
-1.1637181789419635 -1.555100652764153e-6 7.300274788406075e-6 -8.577872275007818e-6 7.359437984403766e-6 -2.671169332446142e-6 -1.0873168192104365e-6 3.7235226969165525e-6 -2.5648964263408157e-6 4.7291969617137884e-7 2.6966241912128402e-6 -2.5459191907176224e-6 -3.6664957804042753e-7 4.744916243982438e-6 3.0666004400982252e-6 5.290053653547472e-6 2.7764393714108862e-5 6.537767255099689e-5 -3.793634269256653e-6 1.8183878541561726e-5 -9.07010907182398e-6 -1.555100652772531e-6
-1.1605559012817952 -1.5509798154291355e-6 7.466689477874872e-6 -8.825793571970382e-6 7.635241241198017e-6 -2.772907470325595e-6 -1.1078892748591422e-6 3.880433840084028e-6 -2.6804344235506513e-6 5.078662633483125e-7 2.846123648449388e-6 -2.6753704958649283e-6 -4.541287953798298e-7 4.930403827279727e-6 3.287705688548184e-6 5.645418123464793e-6 2.9223757580732818e-5 6.781304252176464e-5 -3.3134823917562347e-6 1.8667997794392133e-5 -9.36563460134038e-6 -1.5509798154387203e-6
-1.157393623621627 -1.5464796636215352e-6 7.633977423659912e-6 -9.07675047883195e-6 7.919492741487864e-6 -2.8775082661916235e-6 -1.1277796171106086e-6 4.043305579047872e-6 -2.8000140956658703e-6 5.445346503258509e-7 3.0026457580518706e-6 -2.8098053012057797e-6 -5.484006411976883e-7 5.120470004267432e-6 3.520062576756835e-6 6.022898078293438e-6 3.07525917589389e-5 7.033804561032093e-5 -2.790761530929209e-6 1.9163189978456648e-5 -9.666253272384002e-6 -1.5464796636316907e-6
-1.1542313459614584 -1.5416506991520197e-6 7.802066963608386e-6 -9.33055422585481e-6 8.212371683458014e-6 -2.9849825109857076e-6 -1.1468882755319815e-6 4.212336954005762e-6 -2.9236971683514674e-6 5.829921104212216e-7 3.1664388338959762e-6 -2.9493509569356653e-6 -6.498131930130355e-7 5.315101333496681e-6 3.764120801245428e-6 6.423764976356556e-6 3.235389292730087e-5 7.295596941724556e-5 -2.223132132914536e-6 1.966990793071629e-5 -9.971868498333165e-6 -1.5416506991620715e-6
-1.15106906830129 -1.5365449119270917e-6 7.970889019069448e-6 -9.58700074138452e-6 8.514058906765062e-6 -3.0953346585652598e-6 -1.1651089597786952e-6 4.38773251380434e-6 -3.0515405423052713e-6 6.233087899304163e-7 3.3377554543866634e-6 -3.0941359950626516e-6 -7.587261241507142e-7 5.514277305038909e-6 4.0203466706974075e-6 6.849356828200649e-6 3.4030773693424775e-5 7.567022111577243e-5 -1.6081518971106261e-6 2.0188640969024602e-5 -1.0282369838815178e-5 -1.5365449119363932e-6
-1.1479067906411216 -1.5312154014762236e-6 8.140377686839277e-6 -9.845870099315922e-6 8.824736976747409e-6 -3.208562220296114e-6 -1.1823282822929417e-6 4.569702445299827e-6 -3.183595777102776e-6 6.655579244430731e-7 3.5168522943861756e-6 -3.2442901253397425e-6 -8.755108431955548e-7 5.717970123183294e-6 4.2892239251078415e-6 7.301081273367351e-6 3.5786466561310845e-5 7.848433166228523e-5 -9.432718994681869e-7 2.071991747894014e-5 -1.0597631992756846e-5 -1.531215401484193e-6
-1.1447445129809533 -1.5257159491359545e-6 8.310470868022938e-6 -1.010692595572986e-5 9.144590288637996e-6 -3.324655123900273e-6 -1.1984253596995446e-6 4.758462709368993e-6 -3.319908548770546e-6 7.098160501055268e-7 3.7039899430352574e-6 -3.3999442366924793e-6 -1.000550623698611e-6 5.926144503405753e-6 4.571254612218037e-6 7.780418777562866e-6 3.76243280187612e-5 8.140196014289085e-5 -2.2583258695123125e-7 2.126430763592455e-5 -1.0917513719723068e-5 -1.5257159491421107e-6
-1.1415822353207847 -1.5201005375646904e-6 8.481110935269331e-6 -1.0369914974041765e-5 9.473805193705775e-6 -3.443595035249191e-6 -1.2132713917425957e-6 4.954235184373195e-6 -3.4605180803861218e-6 7.56163230687134e-7 3.899432707482106e-6 -3.561230404467698e-6 -1.1342407233004368e-6 6.138757485811323e-6 4.86696002508683e-6 8.288925953971797e-6 3.9547842748101175e-5 8.442689825958395e-5 5.469403604849453e-7 2.1822426268032118e-5 -1.1241856685004622e-5 -1.5201005375686596e-6
-1.1384199576606164 -1.5144228141082074e-6 8.652245439911816e-6 -1.063456623789892e-5 9.812570149360114e-6 -3.565354641777603e-6 -1.2267292165581646e-6 5.157247817950146e-6 -3.6054565450000087e-6 8.046833013318716e-7 4.103448402598394e-6 -3.728281903794923e-6 -1.276988491373424e-6 6.355758267412609e-6 5.176881704840412e-6 8.828239012539877e-6 4.156062796353979e-5 8.756307495954888e-5 1.377940304118282e-6 2.239493586431851e-5 -1.1570484223706538e-5 -1.514422814109793e-6
-1.1352576800004481 -1.5087354943774182e-6 8.823827860632306e-6 -1.0900590650949033e-5 1.016107589536874e-5 -3.689896896176597e-6 -1.238652841029297e-6 5.367734788084679e-6 -3.7547484401744767e-6 8.554641299045833e-7 4.316308126833303e-6 -3.9012332293129916e-6 -1.4292134642175008e-6 6.5770880557749645e-6 5.501582512840628e-6 9.40007734112896e-6 4.366643787857255e-5 9.081456121118165e-5 2.2701840606845437e-6 2.2982549734321258e-5 -1.1903200018875277e-5 -1.508735494376562e-6
-1.1320954023402798 -1.5030897022351543e-6 8.995818395357248e-6 -1.1167680322482216e-5 1.0519515658456206e-5 -3.817174219007974e-6 -1.248886944919458e-6 5.5859366744875225e-6 -3.908409933432566e-6 9.08597896867754e-7 4.538286024431194e-6 -4.080220121467601e-6 -1.59134744676875e-6 6.802679946735802e-6 5.841647776713468e-6 1.0006247222522141e-5 4.586916830688759e-5 9.41855749304443e-5 3.2268164604719767e-6 2.3586035324085607e-5 -1.223978668848344e-5 -1.5030897022319602e-6
-1.1289331246801113 -1.4975342422200862e-6 9.168184798191965e-6 -1.1435507937819055e-5 1.0888085387672698e-5 -3.947127658866868e-6 -1.2572663574287048e-6 5.81210064139758e-6 -4.066448177908026e-6 9.64181394651984e-7 4.769659034319607e-6 -4.265379599532582e-6 -1.7638345797010673e-6 7.032458829089584e-6 6.197686514885995e-6 1.0648645691337534e-5 4.8172861400309676e-5 9.768048606119506e-5 4.251115053227883e-6 2.420621769433669e-5 -1.2580004275867602e-5 -1.497534242214798e-6
-1.125770847019943 -1.4921148002606492e-6 9.340903263304654e-6 -1.1703726112179048e-5 1.1266984023046364e-5 -4.079686008701145e-6 -1.2636155047645313e-6 6.046480633007825e-6 -4.228860597485076e-6 1.022316347509694e-6 5.010706626059873e-6 -4.456850001447387e-6 -1.947131390712127e-6 7.266341319322796e-6 6.5703327444910595e-6 1.1329264534981002e-5 5.058171052737382e-5 0.00010130382181315876 5.346494965896987e-6 2.4843983166519103e-5 -1.2923588637988384e-5 -1.4921148002536487e-6
-1.1226085693597745 -1.4868730683520773e-6 9.513959357784827e-6 -1.1971966726617812e-5 1.1656413800163014e-5 -4.2147648768803585e-6 -1.2677478272643904e-6 6.289337582809451e-6 -4.395634140713169e-6 1.083109752868249e-6 5.261710523344023e-6 -4.6547710304956185e-6 -2.1417068286928386e-6 7.50423572968481e-6 6.960246877715243e-6 1.2050194442848146e-5 5.310006529619023e-5 0.00010506027206124064 6.516513916279732e-6 2.5500283142550967e-5 -1.3270249725649827e-5 -1.486873068343846e-6
-1.1194462916996062 -1.4818457886838093e-6 9.687349005620792e-6 -1.2239840244466868e-5 1.2056580593445817e-5 -4.352265711587878e-6 -1.2694651645517174e-6 6.54093963824321e-6 -4.566744502777988e-6 1.1466742452254482e-6 5.5229544156179595e-6 -4.8592838087729175e-6 -2.3480422793756985e-6 7.746042073088738e-6 7.368117211883755e-6 1.28136293080569e-5 5.573243672531508e-5 0.00010895469490988316 7.764877386777444e-6 2.6176138104260807e-5 -1.361966974957993e-5 -1.4818457886748955e-6
-1.1162840140394377 -1.477063712513734e-6 9.861079525069973e-6 -1.2506935006545789e-5 1.2467694301045714e-5 -4.49207477709081e-6 -1.2685571071498716e-6 6.801562402147761e-6 -4.742155314805175e-6 1.2131284836565674e-6 5.7947236585129655e-6 -5.0705309373096565e-6 -2.566631560949849e-6 7.991652108556395e-6 7.794661518801387e-6 1.3621870686068354e-5 5.848350256641154e-5 0.00011299212242621236 9.095443962459627e-6 2.6872641798598688e-5 -1.3971501226036435e-5 -1.4770637125047174e-6
-1.1131217363792694 -1.4725504688889405e-6 1.0035170721832778e-5 -1.277281650324545e-5 1.2889969274388089e-5 -4.634062080422227e-6 -1.2648003129194397e-6 7.071489192599377e-6 -4.921817299765897e-6 1.2825975640286052e-6 6.077304963875228e-6 -5.288656562619589e-6 -2.7979808980118793e-6 8.240949431146507e-6 8.240628739093216e-6 1.447733241462499e-5 6.135811278253165e-5 0.00011717776654571128 1.0512230837762662e-5 2.7590965614834086e-5 -1.432536489535898e-5 -1.472550468880375e-6
-1.109959458719101 -1.4683213381106489e-6 1.0209656040586352e-5 -1.3037026621400416e-5 1.3323624795565441e-5 -4.778080246987262e-6 -1.2579577866234165e-6 7.351011322845536e-6 -5.1056673942468374e-6 1.355213457044428e-6 6.370986080295814e-6 -5.5138064493453985e-6 -3.042608872095861e-6 8.493809610542139e-6 8.706800787522299e-6 1.5382545399507206e-5 6.436129518591552e-5 0.00012151702515418326 1.2019419496202925e-5 2.8332363160073742e-5 -1.468084750664458e-5 -1.468321338103079e-6
-1.1067971810589328 -1.4643819246334921e-6 1.0384583777588459e-5 -1.3299082863679686e-5 1.3768885605906618e-5 -4.923963343582103e-6 -1.247778120863467e-6 7.640428403148508e-6 -5.293627835336032e-6 1.4311154732653272e-6 6.676055465162797e-6 -5.746128058559766e-6 -3.3010463468913023e-6 8.750100382717142e-6 9.193994475492118e-6 1.6340162570679753e-5 6.749826123924689e-5 0.00012601548834977787 1.3621361567551761e-5 2.9098175039550405e-5 -1.5037499461475108e-5 -1.4643819246273693e-6
-1.1036349033987645 -1.4607267238759889e-6 1.0560018357225983e-5 -1.3558477538027721e-5 1.422598248920125e-5 -5.0715256472876575e-6 -1.2339946965641216e-6 7.940048666472121e-6 -5.4856052118664215e-6 1.5104507562882757e-6 6.992801949381212e-6 -5.985770631160786e-6 -3.5738363661129997e-6 9.009681899354583e-6 9.703063557179986e-6 1.7352964013468155e-5 7.077441202436535e-5 0.00013067894488884738 1.5322584866999575e-5 2.988983384825282e-5 -1.539483230937738e-5 -1.460726723871657e-6
-1.1004726257385962 -1.457337577200431e-6 1.0736041675554533e-5 -1.3814676914482553e-5 1.4695152913207701e-5 -5.220560358672279e-6 -1.2163248411174916e-6 8.250189320066359e-6 -5.6814894792431715e-6 1.5933748052808772e-6 7.321514396037143e-6 -6.232885275669116e-6 -3.861534021833559e-6 9.272407039952332e-6 1.0234900905986231e-5 1.842386227947251e-5 7.419534438246993e-5 0.0001355133888194168 1.7127799620893934e-5 3.070886938058035e-5 -1.575231608744038e-5 -1.4573375771981225e-6
-1.0973103480784274 -1.4541820090966764e-6 1.0912754514057303e-5 -1.40671203464838e-5 1.517664173322123e-5 -5.370838257706253e-6 -1.194468942230428e-6 8.571176925130267e-6 -5.881152937066546e-6 1.6800520281048668e-6 7.662481354417707e-6 -6.487625059593642e-6 -4.164706290925326e-6 9.53812179182205e-6 1.0790440828223488e-5 1.955590788199161e-5 7.776685722990644e-5 0.00014052502630604324 1.904190488371249e-5 3.155691406482103e-5 -1.610937649626679e-5 -1.4541820090964862e-6
-1.0941480704182591 -1.4512114403743322e-6 1.1090278027043344e-5 -1.4315219353561688e-5 1.567070196163504e-5 -5.5221063007571505e-6 -1.1681095154466157e-6 8.903347806864179e-6 -6.0844491687424305e-6 1.7706563262872113e-6 8.01599071094111e-6 -6.750145103380334e-6 -4.48393183708431e-6 9.806665703466588e-6 1.137066152121519e-5 2.0752294980793363e-5 8.149495805366102e-5 0.00014572028264983275 2.1069995150991906e-5 3.2435708629360795e-5 -1.6465391904174212e-5 -1.4512114403762052e-6
-1.0909857927580908 -1.4483592709335945e-6 1.1268755306306157e-5 -1.4558356662069186e-5 1.6177595607582024e-5 -5.674086156997715e-6 -1.136910223241386e-6 9.247048497356108e-6 -6.2912119422506315e-6 1.8653717131270697e-6 8.382329338698276e-6 -7.0206026757972094e-6 -4.819800775724533e-6 1.007787241711125e-5 1.1976587683216332e-5 2.20163672611321e-5 8.538586959072787e-5 0.0001511058095073906 2.321736717300248e-5 3.3347108007641585e-5 -1.681969017131279e-5 -1.4483592709373745e-6
-1.0878235150979225 -1.4455388254446598e-6 1.1448353026873931e-5 -1.4795885200381306e-5 1.669759459089859e-5 -5.8264726825163545e-6 -1.1005148435118254e-6 9.602636213886111e-6 -6.501254071216581e-6 1.9643929662566174e-6 8.761782747460672e-6 -7.299157289432834e-6 -5.17291439883498e-6 1.0351570286459078e-5 1.2609293282812516e-5 2.335162401196814e-5 8.944603669554574e-5 0.00015668849231244376 2.5489526974014965e-5 3.4293087488989935e-5 -1.7171545285103843e-5 -1.4455388254500636e-6
-1.084661237437754 -1.4426411550207663e-6 1.1629263177903984e-5 -1.5027127044742714e-5 1.723098173481565e-5 -5.978932330375556e-6 -1.0585461852050851e-6 9.970479375374646e-6 -6.714366235402866e-6 2.067926316004948e-6 9.154634736169684e-6 -7.585970794802892e-6 -5.543884856684929e-6 1.0627583086047983e-5 1.3269904495703743e-5 2.4761726408406898e-5 9.368213339973684e-5 0.00016247545790389067 2.7892197082071396e-5 3.5275749122538304e-5 -1.752017379815237e-5 -1.4426411550274204e-6
-1.0814989597775857 -1.4395326877195545e-6 1.18117048830034e-5 -1.5251372311690357e-5 1.7778051841934867e-5 -6.131101494814222e-6 -1.0106049487465427e-6 1.0350958159848063e-5 -6.930315759704517e-6 2.1761901709467026e-6 9.561167050086168e-6 -7.881207471359604e-6 -5.933334793044243e-6 1.090573081890118e-5 1.3959602817020381e-5 2.6250504003427746e-5 9.810107016839734e-5 0.0001684740823639814 3.0431323974224184e-5 3.6297328381560884e-5 -1.7864731059529235e-5 -1.4395326877270004e-6
-1.0783366821174174 -1.4360527204531109e-6 1.199592631449948e-5 -1.546787799272333e-5 1.8339112858215888e-5 -6.282584787734626e-6 -9.562685288441882e-7 1.0744465105945007e-5 -7.148845350695481e-6 2.289415882051592e-6 9.981659044953044e-6 -8.185034113491973e-6 -6.341896930356069e-6 1.1185830629484745e-5 1.467962835757048e-5 2.7821961434025644e-5 0.00010271000135722072 0.0001746919990703466 3.3113085742267845e-5 3.736020109563981e-5 -1.8204307230065245e-5 -1.4360527204608612e-6
-1.075174404457249 -1.4320107446269476e-6 1.2182206706432349e-5 -1.5675866726623104e-5 1.8914487129853774e-5 -6.432953245556616e-6 -8.950897571568554e-7 1.1151405761641989e-5 -7.369671789731184e-6 2.407848546885935e-6 1.0416387360697383e-5 -8.497620109382326e-6 -6.770213601054811e-6 1.1467697829317745e-5 1.543128333265769e-5 2.9480285346938568e-5 0.00010751633287474309 0.00018113710696552302 3.594389998403354e-5 3.846689065816235e-5 -1.8537923072045008e-5 -1.4320107446345266e-6
-1.0720121267970804 -1.4271835975646417e-6 1.2370858471303239e-5 -1.5874525504558252e-5 1.950451275809409e-5 -6.58174246445485e-6 -8.265955822227791e-7 1.1572199383534797e-5 -7.592484581567121e-6 2.531747855356932e-6 1.0865625607385525e-5 -8.819137510351148e-6 -7.2189362209691735e-6 1.1751147042918033e-5 1.6215935752357477e-5 3.1229851549180876e-5 0.00011252773005401992 0.0001878175790476368 3.893043192536894e-5 3.96200755167392e-5 -1.886452550344138e-5 -1.4271835975715755e-6
-1.068849849136912 -1.4213124315065896e-6 1.2562229425881041e-5 -1.606300430283096e-5 2.0109545057190324e-5 -6.728450661925585e-6 -7.502856839491387e-7 1.2007279690174213e-5 -7.816944557400305e-6 2.6613889785299734e-6 1.1329644066330897e-5 -9.149761088075665e-6 -7.68872470048051e-6 1.2035993482114444e-5 1.7035023322380318e-5 3.307523238864646e-5 0.00011775212573804014 0.00019474187108583832 4.2079602777970124e-5 4.082259695420886e-5 -1.91829829065792e-5 -1.4213124315124799e-6
-1.0656875714767438 -1.4140994916990094e-6 1.2756705131650302e-5 -1.6240414637837808e-5 2.072995812087218e-5 -6.872536662551582e-6 -6.656310198633665e-7 1.2457095673121585e-5 -8.042682431183986e-6 2.797063502093621e-6 1.180870940945237e-5 -9.489668376809246e-6 -8.180246788828303e-6 1.2322054357109793e-5 1.7890057564892075e-5 3.502120437008806e-5 0.00012319772858320754 0.00020191873056406268 4.5398598338272166e-5 4.207746716796894e-5 -1.94920801808766e-5 -1.41409949170351e-6
-1.0625252938165755 -1.4052046948141575e-6 1.2954711355771724e-5 -1.6405828037531977e-5 2.1366146502853694e-5 -7.013417805749591e-6 -5.720723002240272e-7 1.2922112469556154e-5 -8.26929730800239e-6 2.939080406093501e-6 1.2303084440179625e-5 -9.839039697454935e-6 -8.694177346657137e-6 1.2609150433039939e-5 1.8782628168899673e-5 3.707275601181513e-5 0.0001288730315851837 0.00020935720585663428 4.8894877832641026e-5 4.3387877655437004e-5 -1.9790513529068012e-5 -1.4052046948170346e-6
-1.059363016156407 -1.3942419986626087e-6 1.3156716658725708e-5 -1.6558274423379975e-5 2.20185270170715e-5 -7.150467773194068e-6 -4.690183889811141e-7 1.3402812300441361e-5 -8.49635514322177e-6 3.0877670926071057e-6 1.2813027859412311e-5 -1.0198058160062237e-5 -9.231197541596404e-6 1.2897107741143537e-5 1.9714407580045623e-5 3.923509594848736e-5 0.00013478682083140845 0.00021706665563919785 5.257618301414285e-5 4.475720791351045e-5 -2.007688496608017e-5 -1.3942419986637238e-6
-1.0562007384962386 -1.3807755538772912e-6 1.3363235115117637e-5 -1.6696740396509284e-5 2.268754066350154e-5 -7.283014333512979e-6 -3.5584462746286866e-7 1.3899695478430002e-5 -8.723387151059107e-6 3.2434704630860175e-6 1.3338794060251699e-5 -1.0566909641017014e-5 -9.79199396133968e-6 1.3185759454030368e-5 2.0687155839886907e-5 4.1513661285411724e-5 0.00014094818448457885 0.00022505675853839397 5.645054751619179e-5 4.6189034459939745e-5 -2.0349696539499606e-5 -1.380775553876604e-6
-1.0530384608360703 -1.3643156279633315e-6 1.3574829174439715e-5 -1.682016742144338e-5 2.3373654685565676e-5 -7.410337001744811e-6 -2.318910775496467e-7 1.4413281489869512e-5 -8.949888161123677e-6 3.406558047151839e-6 1.3880632955445078e-5 -1.0945782730882379e-5 -1.0377257638358815e-5 1.3474947934918928e-5 2.1702725684962283e-5 4.39141262097826e-5 0.00014736652200136562 0.00023333752302365639 6.052630646840113e-5 4.7687140184582535e-5 -2.0607344250346163e-5 -1.364315627960951e-6
-1.049876183175902 -1.3443142918209287e-6 1.3792112668910308e-5 -1.6927449900516126e-5 2.4077364765290347e-5 -7.5316646109314326e-6 -9.646068097303191e-8 1.4944110155446018e-5 -9.17531492139816e-6 3.5774191846958845e-6 1.4438789841707876e-5 -1.133486864852205e-5 -1.098768298003764e-5 1.376452697109909e-5 2.276306791617222e-5 4.644241086431689e-5 0.0001540515535905917 0.00024191929754442803 6.481210637997421e-5 4.925552403853499e-5 -2.084811166264841e-5 -1.3443142918170317e-6
-1.0467139055157333 -1.3201608585595912e-6 1.4015753975846523e-5 -1.7017433131749274e-5 2.4799197362542637e-5 -7.646172793099391e-6 5.118266874865181e-8 1.5492742874193374e-5 -9.399084346024147e-6 3.7564662632036543e-6 1.5013505305323642e-5 -1.1734361116799153e-5 -1.1623966597648912e-5 1.4054364202268868e-5 2.387023704921759e-5 4.9104690488767525e-5 0.0001610133299150947 0.0002508127809160389 6.931691529598435e-5 5.089841106917041e-5 -2.1070163190107074e-5 -1.3201608585544404e-6
-1.043551627855565 -1.2911770641315112e-6 1.42464793423669e-5 -1.7088911142669254e-5 2.553971220481603e-5 -7.75298136675022e-6 2.118161453597354e-7 1.6059763955775732e-5 -9.62057170615131e-6 3.944136012300122e-6 1.5605015173658927e-5 -1.2144456194789633e-5 -1.2286806027221559e-5 1.4344343754791383e-5 2.5026397257050122e-5 5.1907404834804856e-5 0.0001682622420414309 0.00026002903295741056 7.405003323188988e-5 5.26202628091311e-5 -2.1271537047927502e-5 -1.2911770641254865e-6
-1.0403893501953967 -1.2566119790205523e-6 1.4485076380572942e-5 -1.714062439222588e-5 2.6299504934198257e-5 -7.85115162783902e-6 3.862601036604992e-7 1.664578204614397e-5 -9.839108761992439e-6 4.14089085759665e-6 1.6213550517479197e-5 -1.2565352061082867e-5 -1.2976898334957143e-5 1.4634369093318869e-5 2.623382861550047e-5 5.485726785977023e-5 0.00017580903164154634 0.0002695794853836912 7.902110289164052e-5 5.442578802733215e-5 -2.145013785771169e-5 -1.2566119790140384e-6
-1.0372270725352284 -1.2156366399321205e-6 1.4732397741714119e-5 -1.717125733266266e-5 2.707920991829399e-5 -7.939683541071599e-6 5.75380291948217e-7 1.7251431651853016e-5 -1.0053981834100948e-5 4.347220336008427e-6 1.6839337709200752e-5 -1.2997248742361018e-5 -1.369493859944469e-5 1.4924366101636133e-5 2.7494933663438963e-5 5.796127770481056e-5 0.0001836648014504788 0.0002794759529568111 8.424012067468874e-5 5.6319953850027427e-5 -2.160372889311285e-5 -1.2156366399254888e-6
-1.0340647948750599 -1.1673383901369406e-6 1.498936497820704e-5 -1.717943582287526e-5 2.7879503232032243e-5 -8.017512828188426e-6 7.800901671575596e-7 1.7877374768520726e-5 -1.0264429811754153e-5 4.563642574812114e-6 1.7482598542477425e-5 -1.3440347781054616e-5 -1.444161826251244e-5 1.5214286404985174e-5 2.881224428902388e-5 6.122672696290052e-5 0.0001918410259840872 0.000289730644896891 8.971744797723588e-5 5.83079972599846e-5 -2.172992395378439e-5 -1.1673383901306048e-6
-1.0309025172148916 -1.11071491683243e-6 1.5256972602749097e-5 -1.7163724384477313e-5 2.8701105817426526e-5 -8.083507949735982e-6 1.0013533169096614e-6 1.852430261910233e-5 -1.046964209617893e-5 4.790705836818596e-6 1.8143550418785222e-5 -1.3894851835462812e-5 -1.5217623340116701e-5 1.5504110946541914e-5 3.0188428953769538e-5 6.466121324226031e-5 0.00020034956252074963 0.0003003561765573302 9.54638227929837e-5 6.0395436981785196e-5 -2.1826178854989186e-5 -1.110714916826777e-6
-1.0277402395547233 -1.0446679735947528e-6 1.5536292354145177e-5 -1.7122623291479267e-5 2.954478682850193e-5 -8.136466976643535e-6 1.2401859928399477e-6 1.919293750784756e-5 -1.0668756476203922e-5 5.0289901341528814e-6 1.8822406606942974e-5 -1.4360964205304962e-5 -1.602363248422584e-5 1.5793853831131302e-5 3.162630026634228e-5 6.827265003066365e-5 0.00020920266235088735 0.0003113655813663016 0.00010149037161863721 6.258808576123487e-5 -2.1889782520090335e-5 -1.044667973590116e-6
-1.024577961894555 -9.67996775708852e-7 1.5828477679847342e-5 -1.705456548417028e-5 3.0411367168742402e-5 -8.175114347733123e-6 1.4976597597443034e-6 1.9884034796003808e-5 -1.0860856933755747e-5 5.279108913259975e-6 1.9519376581787835e-5 -1.4838888275234423e-5 -1.6860314886194625e-5 1.6083566449679946e-5 3.3128822918156346e-5 7.206927786611367e-5 0.00021841298229807363 0.00032277232303727123 0.0001078086216693594 6.489206304681836e-5 -2.191784766299957e-5 -9.679967757054573e-7
-1.0214156842343867 -8.793910558786755e-7 1.6134768445594373e-5 -1.6957913297478802e-5 3.13017232285467e-5 -8.19809750908958e-6 1.7749042652569085e-6 2.059838500552506e-5 -1.1044971376441175e-5 5.541710813891943e-6 2.0234666448515104e-5 -1.532882686839448e-5 -1.772832801165513e-5 1.637334189831921e-5 3.469912199299472e-5 7.605967581934787e-5 0.0002279935965154095 0.00033459030805105787 0.00011443051340929971 6.731380808107028e-5 -2.1907301047543287e-5 -8.793910558767107e-7
-1.018253406574218 -7.774237675398918e-7 1.645649588293005e-5 -1.683095499377517e-5 3.2216790830318994e-5 -8.203983431003391e-6 2.0731101349567324e-6 2.1336816057241056e-5 -1.1220069294270282e-5 5.817481504980841e-6 2.0968479459487727e-5 -1.5830981501635167e-5 -1.8628315156459474e-5 1.666331970647014e-5 3.6340491663025527e-5 8.02527732935999e-5 0.00023795800856074722 0.0003468338984118237 0.00012136841340227677 6.98600934096638e-5 -2.185487331059193e-5 -7.774237675394566e-7
-1.0150911289140496 -6.605434227207473e-7 1.6795087785772826e-5 -1.667190108976728e-5 3.3157569388948935e-5 -8.191254997977137e-6 2.3935319979869797e-6 2.2100195650140385e-5 -1.138505933737625e-5 6.107145600462603e-6 2.1721016630626652e-5 -1.634555153353007e-5 -1.95609028127141e-5 1.6953690888649468e-5 3.8056404283713904e-5 8.465786214701719e-5 0.00024832016375420264 0.00035951792467924984 0.00012863512748759033 7.253803881592027e-5 -2.1757088335706797e-5 -6.605434227218174e-7
-1.0119288512538813 -5.270660511260324e-7 1.7152073967606286e-5 -1.6478880466832062e-5 3.41251262955646e-5 -8.158307267049117e-6 2.737491648467817e-6 2.2889433788615448e-5 -1.153878681137792e-5 6.4114686582916105e-6 2.2492477464806496e-5 -1.6872733195844486e-5 -2.0526697833431136e-5 1.7244703335152536e-5 3.9850519900249004e-5 8.928460914309186e-5 0.00025909446182132085 0.00037265769927906107 0.00013624391428585772 7.535512568834673e-5 -2.161025216398492e-5 -5.27066051128506e-7
-1.008766573593713 -3.75166766853924e-7 1.752909199126037e-5 -1.6249936253818024e-5 3.512060153256918e-5 -8.103443589443994e-6 3.1063813481868725e-6 2.3705485464715005e-5 -1.168003108680779e-5 6.731259266072822e-6 2.3283060790004114e-5 -1.741271849860086e-5 -2.1526284383798567e-5 1.753666755717375e-5 4.1726696178212924e-5 9.414306873440998e-5 0.0002702957698250814 0.0003862690300938453 0.00014420849903966433 7.831921182868191e-5 -2.1410441428715572e-5 -3.751667668576802e-7
-1.0056042959335445 -2.0287092889843916e-7 1.792789318365088e-5 -1.598302147105235e-5 3.614521252809251e-5 -8.024871590301161e-6 3.5016672762597987e-6 2.454935350264442e-5 -1.1807502918794636e-5 7.067371216941178e-6 2.4092965720278318e-5 -1.796569399837176e-5 -2.2560220666535823e-5 1.7829962802331295e-5 4.3688998771307865e-5 9.924369618497304e-5 0.00028193943538983414 0.0004003682343360622 0.0001525430877936825 8.14385467077956e-5 -2.1153491300431e-5 -2.028709289031995e-7
-1.0024420182733762 -8.04488133916084e-9 1.8350348948247344e-5 -1.5675994423983288e-5 3.720025925811084e-5 -7.920699000963624e-6 3.9248931316714575e-6 2.542209157294968e-5 -1.1919841672940896e-5 7.420705779535735e-6 2.4922392747999937e-5 -1.8531839418899952e-5 -2.3629035408251855e-5 1.8125043556963083e-5 4.5741712139038956e-5 0.00010459736103628136 0.0002940413002200622 0.0004149721527048931 0.00016126238191880576 8.472178717663342e-5 -2.0834982928903124e-5 -8.044881344636627e-9
-0.9992797406132079 2.1161374112007708e-7 1.8798457388437714e-5 -1.5326613834594877e-5 3.8287129604605505e-5 -7.788929338028862e-6 4.3776838948344645e-6 2.632480738401452e-5 -1.2015612453077046e-5 7.792214066149822e-6 2.577154497610249e-5 -1.911132611260529e-5 -2.4733224093168272e-5 1.8422446451952465e-5 4.788935082731245e-5 0.00011021536092230051 0.00030661771391676557 0.00043009816382848226 0.00017038159298468072 8.817801363922807e-5 -2.045023036864433e-5 2.1161374111421743e-7
-0.9961174629530395 4.5858615683235414e-7 1.92743502553543e-5 -1.4932533698437739e-5 3.940730497824482e-5 -7.627457423073108e-6 4.861749754530205e-6 2.72586660586919e-5 -1.209330312630049e-5 8.182899503389051e-6 2.6640629499482447e-5 -1.970431535097965e-5 -2.5873244929996516e-5 1.8722797589232003e-5 5.0136671224949004e-5 0.00011610943573834148 0.00031968554809402004 0.0004457641989929156 0.00017991645798486075 9.181674669460361e-5 -1.9994266974484985e-5 4.5858615682644566e-7
-0.992955185292871 7.355430448988265e-7 1.9780300234124373e-5 -1.4491297854832535e-5 4.0562366214188507e-5 -7.434064736657881e-6 5.378890206838824e-6 2.8224893704082455e-5 -1.215132124042154e-5 8.593820409938224e-6 2.752985894505117e-5 -2.0310956431308125e-5 -2.704951453718662e-5 1.9026820306487847e-5 5.248868380915169e-5 0.0001222917821688121 0.00033326221079814367 0.0004619887571591108 0.00018988325491863046 9.564796425420235e-5 -1.9461831253846232e-5 7.355430448932287e-7
-0.9897929076327027 1.0453556318653922e-6 2.0318728582894514e-5 -1.400033425752169e-5 4.1753999749723225e-5 -7.2064145999125444e-6 5.930998332910311e-6 2.922478118266073e-5 -1.2187990828639683e-5 9.026092686324047e-6 2.8439453180319114e-5 -2.093138458657372e-5 -2.8262403331172885e-5 1.9335343397960418e-5 5.495066589296752e-5 0.00012877506857867784 0.00034736566123167746 0.00047879092026858485 0.00020029881873334822 9.96821191412172e-5 -1.8847352162390223e-5 1.0453556318603679e-6
-0.9866306299725344 1.3911072726167643e-6 2.0892213139368936e-5 -1.3456948932766743e-5 4.2984004092548675e-5 -6.942047176664846e-6 6.520065262682482e-6 3.0259688093138945e-5 -1.2201549095960346e-5 9.480892621868672e-6 2.9369641200788926e-5 -2.1565718684814068e-5 -2.951223060165085e-5 1.964930980959224e-5 5.7528174887787495e-5 0.0001355724502733902 0.00036201442478420864 0.0004961903688389397 0.00021118055763097053 0.00010393015717798856 -1.8144933829820787e-5 1.3911072726126465e-6
-0.9834683523123661 1.7761055408374812e-6 2.1503496709978873e-5 -1.2858319611619019e-5 4.425429658863809e-5 -6.6383742887549085e-6 7.148184831910391e-6 3.133104696963939e-5 -1.2190142981538003e-5 9.959459824351947e-6 3.0320663206833274e-5 -2.2214058703596323e-5 -3.079925925731857e-5 1.9969785827120235e-5 6.022706209389068e-5 0.00014269758513188558 0.0003772276083718151 0.0005142073978495567 0.0002225464697421461 0.00010840353576733447 -1.7348339702721824e-5 1.7761055408344704e-6
-0.9803060746521974 2.203894844573699e-6 2.2155495857173417e-5 -1.2201489022826947e-5 4.556692049870768e-5 -6.292674036824156e-6 7.817558440142094e-6 3.244036770793276e-5 -1.2151825590789326e-5 1.0463100278250338e-5 3.129277288115402e-5 -2.287648296466706e-5 -3.212369022490581e-5 2.029797077604477e-5 6.305348703199891e-5 0.00015016464961715835 0.00039302491608673106 0.0005328629329179351 0.00023441516017107543 0.00011311424297340633 -1.6450976091461652e-5 2.2038948445718698e-6
-0.9771437969920291 2.67826958257766e-6 2.2851310100688436e-5 -1.1483357832584276e-5 4.6924052392429865e-5 -5.902085218515884e-6 8.530500117545832e-6 3.358924222767587e-5 -1.2084552490771508e-5 1.099318953778498e-5 3.228623987834232e-5 -2.355304511320819e-5 -3.348565648370497e-5 2.063520725272189e-5 6.601393232873997e-5 0.0001579883551687536 0.0004094266651585445 0.0005521785467667426 0.0002468058584140278 0.00011807481710734704 -1.544587510836199e-5 2.6782695825771863e-6
-0.9739815193318608 3.2032878572423008e-6 2.3594231549002104e-5 -1.0700677217074017e-5 4.832800986963468e-5 -5.463601535660037e-6 9.289441808778095e-6 3.477934937976296e-5 -1.1986177861950947e-5 1.1551176061404318e-5 3.330135253850293e-5 -2.424377082550435e-5 -3.488521671720103e-5 2.0982991906129424e-5 6.911521916882272e-5 0.0001661839649813792 0.00042645380222804385 0.0005721764759815116 0.0002597384361541515 0.00012329836682269842 -1.4325676984521616e-5 3.2032878572431482e-6
-0.9708192416716925 3.7832857600442616e-6 2.4387754977530893e-5 -9.850041053519002e-6 4.9781259617842866e-5 -4.974065581641196e-6 1.0096938882366199e-5 3.601246010807543e-5 -1.1854450499110865e-5 1.2138584694734491e-5 3.433842083735633e-5 -2.49486542281814e-5 -3.632234856277673e-5 2.134298679014141e-5 7.236452332661906e-5 0.00017476731117365806 0.0004441279199345118 0.0005928796380585753 0.0002732334254348934 0.00012879859172513776 -1.308261175291766e-5 3.7832857600464173e-6
-0.9676569640115239 4.422892245499676e-6 2.5235588370450534e-5 -8.92787771521307e-6 5.1286425815582816e-5 -4.430162599768962e-6 1.0955675874373694e-5 3.7290442875087965e-5 -1.1687009653752602e-5 1.2757020309469725e-5 3.5397779585699896e-5 -2.5667654011530747e-5 -3.7796941439855634e-5 2.1717031306406207e-5 7.57693917897068e-5 0.00018375481235087957 0.00046247127381703914 0.0006143116487426385 0.00028731203721402864 0.00013458980350075853 -1.1708480285655934e-5 4.4228922455029506e-6
-0.9644946863513556 5.127044609701663e-6 2.6141663943343337e-5 -7.930441455782149e-6 5.284629889104394e-5 -3.828414003078641e-6 1.1868472475413711e-5 3.8615269360957633e-5 -1.1481380709940155e-5 1.3408171606129646e-5 3.6479791891586546e-5 -2.6400689218774457e-5 -3.930878893621735e-5 2.2107154758172565e-5 7.933775998676565e-5 0.00019316349156539892 0.00048150679953009717 0.0006364968396530784 0.0003019961802999679 0.00014068694756669427 -1.0194634673532482e-5 5.12704460970584e-6
-0.9613324086911873 5.901004589550885e-6 2.711014966417549e-5 -6.853803367700619e-6 5.4463844645730044e-5 -3.1651706455939305e-6 1.2838289770382493e-5 3.998902044588651e-5 -1.1234970685118823e-5 1.4093815089094484e-5 3.758485289907481e-5 -2.71476346924686e-5 -4.0857580731611154e-5 2.2515589535622458e-5 8.307796963203847e-5 0.0002030109946781381 0.0005012581303733707 0.0006594602761977907 0.0003173084806716274 0.00014710562524746672 -8.531957936386783e-6 5.901004589555695e-6
-0.958170131031019 6.750375098802892e-6 2.8145461290393588e-5 -5.69384189988435e-6 5.6142213752872673e-5 -2.4366058346832298e-6 1.3868236740592389e-5 4.1413892485709764e-5 -1.094506354700887e-5 1.4815819222833631e-5 3.8713393817906895e-5 -2.7908316158565678e-5 -4.2442894037170296e-5 2.2944784953470237e-5 8.699878719833748e-5 0.0002133156091244102 0.0005217496151354593 0.0006832277757730748 0.000333272301182785 0.00015386211647997153 -6.710843053076518e-6 6.750375098808133e-6
-0.9550078533708504 7.68111761704726e-6 2.9252274940195858e-5 -4.446232918975693e-6 5.7884751640485235e-5 -1.6387080737266868e-6 1.4961577038296028e-5 4.289220389082141e-5 -1.0608815337229028e-5 1.557614877877349e-5 3.98658862589952e-5 -2.8682504927988368e-5 -4.406418452852844e-5 2.3397421761754488e-5 9.11094230303558e-5 0.00022409628308705105 0.0005430063362507939 0.000707825926247775 0.00034991176165141913 0.00016097340304955512 -4.721171300292894e-6 7.681117617052657e-6
-0.9518455757106821 8.69957024769112e-6 3.043554021628008e-5 -3.1064392987483062e-6 5.969500876903296e-5 -7.672735239042456e-7 1.6121736043916446e-5 4.4426402018702946e-5 -1.0223249091853459e-5 1.6376869382804466e-5 4.1042846891128275e-5 -2.9469912194885683e-5 -4.5720776749928716e-5 2.3876427350893063e-5 9.541955110975094e-5 0.0002353726450795862 0.0005650541282687554 0.0007332821047295537 0.0003672517593341002 0.0001684571923591121 -2.5522898898507033e-6 8.69957024769631e-6
-0.9486832980505138 9.812466460950671e-6 3.170049390059917e-5 -1.6697000218748828e-6 6.157675131381992e-5 1.8210182651014794e-7 1.735230821661471e-5 4.601907039047741e-5 -9.785249548632745e-6 1.7220152274008132e-5 4.224484243485826e-5 -3.0270182910060995e-5 -4.7411853966028016e-5 2.4384991672183775e-5 9.993932948318641e-5 0.0002471650239419137 0.0005879195966336036 0.0007596244966108314 0.00038531798978509935 0.00017633194173262914 -1.9298889454932466e-7 9.81246646095533e-6
-0.9455210203903455 1.1026954537751032e-5 3.305267423885328e-5 -1.3101877813681046e-7 6.353397226229463e-5 1.214030297376684e-6 1.86570647491524e-5 4.7672936242050894e-5 -9.291557630137264e-6 1.8108279285784407e-5 4.347249501009225e-5 -3.108288920737748e-5 -4.913644743751261e-5 2.4926583895009794e-5 0.00010467942136416939 0.0002594944692506298 0.0006116301367734981 0.0007868821148915702 0.00040413696809930616 0.00018461688325400232 2.368522546813057e-6 1.1026954537754922e-5
-0.9423587427301772 1.2350617730301082e-5 3.449793583362828e-5 1.5148479570111998e-6 6.557090293659998e-5 2.3333409688992344e-6 2.003996153833664e-5 4.939087842056184e-5 -8.738764691585669e-6 1.9043648061191608e-5 4.4726487854484524e-5 -3.1907523360262434e-5 -5.0893425096069547e-5 2.550496982206217e-5 0.00010965101691916768 0.0002723827721458976 0.0006362139534964685 0.0008150848197757438 0.00042373605053767433 0.00019333204914142064 5.14464075415364e-6 1.2350617730303972e-5
-0.9391964650700085 1.379149515493931e-5 3.604246516524314e-5 3.273403379749758e-6 6.769202495181122e-5 3.5450884636926632e-6 2.1505147482661515e-5 5.11759356369914e-5 -8.123306521626965e-6 2.002877751495995e-5 4.6007571430319744e-5 -3.274349024474741e-5 -5.2681479593706395e-5 2.6124230083896474e-5 0.0001148658557480989 0.0002858524865763714 0.0006617000806908398 0.0008442633385379008 0.0004441434565332928 0.00020249829765695354 8.148392768868116e-6 1.3791495154941021e-5
-0.9360341874098402 1.5358103432638598e-5 3.7692796759487384e-5 5.150423367443127e-6 6.990208262042127e-5 4.854562072014008e-6 2.3056973119089277e-5 5.3031315085931034e-5 -7.441457083829682e-6 2.106631355531535e-5 4.7316569938173844e-5 -3.3590099284797033e-5 -5.449911570086769e-5 2.67887791341179e-5 0.00012033625006883772 0.0002999269509633486 0.0006881184013271392 0.0008744492856558892 0.0004653882910756751 0.00021213733955036763 1.139346236234605e-5 1.535810343263913e-5
-0.9328719097496719 1.7059459092318273e-5 3.945583002153012e-5 7.151970056916482e-6 7.220609581376814e-5 6.2672952338850225e-6 2.469999961125399e-5 5.496040144364928e-5 -6.689321986115756e-6 2.2159035079452603e-5 4.865438825626155e-5 -3.444655585500535e-5 -5.634463702728184e-5 2.750338506642096e-5 0.00012607510861494626 0.00031463031028500997 0.0007154996677582054 0.000905675183205396 0.0004875005674703377 0.00022227176503552558 1.4894216797309707e-5 1.705945909231745e-5
-0.9297096320895036 1.8905101751819785e-5 4.133884675533781e-5 9.284406008054885e-6 7.460937329121546e-5 7.789075392252743e-6 2.643900810168761e-5 5.6966766255719205e-5 -5.86283166484882e-6 2.3309860257211992e-5 5.0022019325001516e-5 -3.531195211505695e-5 -5.821613203897472e-5 2.827319027460254e-5 0.00013209596125531435 0.0003299875385811174 0.0007438755223136075 0.000937974481511455 0.0005105112304700319 0.0002329250712970105 1.8665734348344657e-5 1.8905101751817668e-5
-0.926547354429335 2.090511809108583e-5 4.3349529387972384e-5 1.1554408969418435e-5 7.711752650803675e-5 9.42595423175486e-6 2.827900944101286e-5 5.905417772561487e-5 -4.957734269747904e-6 2.4521853118263453e-5 5.1420551996973174e-5 -3.618525724968976e-5 -6.0111459344409786e-5 2.9103732976514823e-5 0.0001384129843438702 0.00034602446187823646 0.0007732785181842012 0.0009713815800517652 0.0005344521797735171 0.0002441216905239177 2.2723832587269672e-5 2.0905118091082554e-5
-0.9233850767691667 2.3070166631705834e-5 4.549597991812844e-5 1.3968987262638856e-5 7.973648391308637e-5 1.1184258318067274e-5 3.0225254307365113e-5 6.122661091581032e-5 -3.969588235256689e-6 2.5798230458861707e-5 5.2851179373088735e-5 -3.706530708723307e-5 -6.202823222227697e-5 3.000096962272615e-5 0.0001450410268069471 0.00036276778153503006 0.0008037421405920563 0.0010059318486060548 0.0005593562938869999 0.0002558870184669809 2.7085097438222942e-5 2.307016663170152e-5
-0.9202227991089984 2.5411503336586364e-5 4.7786739608233856e-5 1.6535495802436508e-5 8.247250574747606e-5 1.3070600153217872e-5 3.2283243729638125e-5 6.348825837304206e-5 -2.8937545234490554e-6 2.7142369085024894e-5 5.431520764646627e-5 -3.795079306914887e-5 -6.39638023630324e-5 3.097129821041508e-5 0.00015199563697528544 0.00038024509800677883 0.0008353008282405704 0.001041661648645433 0.0005852574543428019 0.000268247443514449 3.176691300653003e-5 2.5411503336581376e-5
-0.9170605214488301 2.794100804303725e-5 5.023080943934491e-5 1.9261652769132338e-5 8.533219935561603e-5 1.5091889662648649e-5 3.445874002846422e-5 6.58435411895286e-5 -1.7253885229908753e-6 2.8557813409788748e-5 5.581406547615736e-5 -3.884025054236509e-5 -6.591524279591062e-5 3.202158252272137e-5 0.00015929309016698325 0.00039848493502775477 0.000867989995039056 0.0010786083549549986 0.0006121905702690625 0.00028123037628127295 3.6787492184554355e-5 2.7941008043031836e-5
-0.9138982437886615 3.0671211742064934e-5 5.283767134795454e-5 2.2155556950569747e-5 8.832253502012647e-5 1.7255346130196624e-5 3.675777818916537e-5 6.829712051205879e-5 -4.594315881245846e-7 3.0048283423014063e-5 5.734931391356488e-5 -3.973204634557095e-5 -6.787932997278726e-5 3.3159177313434455e-5 0.00016695041702704218 0.0004175167642095932 0.0009018460520955826 0.0011168103774826118 0.0006401916033035755 0.00029486427970538005 4.2165908036837304e-5 3.0671211742059235e-5
-0.9107359661284932 3.3615324716101964e-5 5.561731026365876e-5 2.5225705770361966e-5 9.145086233226465e-5 1.956851059754306e-5 3.918667768121295e-5 7.085390951099588e-5 9.093977989279482e-7 3.161768305305861e-5 5.892265690506836e-5 -4.062436566003899e-5 -6.9852524979964e-5 3.439195445649508e-5 0.00017498543262839538 0.00043737103005327235 0.000936906429971286 0.001156307183406132 0.0006692975928441884 0.0003091786996438911 4.7922125965892705e-5 3.361532471609649e-5
-0.9075736884683249 3.678726554680451e-5 5.858023696642414e-5 2.8481014019384646e-5 9.472492710966829e-5 2.20392587450487e-5 4.1752054739055224e-5 7.351908582136343e-5 2.3866132593171593e-6 3.3270108940482305e-5 6.0535952395068005e-5 -4.1515198094952854e-5 -7.183095384868182e-5 3.572833007932686e-5 0.00018341676633856915 0.0004580791753717709 0.0009732096011889418 0.001197139319410969 0.0006995466816273522 0.0003242042959612893 5.407703665902936e-5 3.678726554679946e-5
-0.9044114108081566 4.0201691003875617e-5 6.173751178193563e-5 3.193083330738935e-5 9.815288887335176e-5 2.46758142712378e-5 4.446083511944991e-5 7.629810446829863e-5 3.977970160408531e-6 3.500985964481538e-5 6.219122405435162e-5 -4.24023229766559e-5 -7.381038693495074e-5 3.717729269849615e-5 0.00019226389245526808 0.0004796736671198494 0.0010107951029878312 0.0012393484341691545 0.0007309781416256694 0.0003399728741005752 6.065248981553307e-5 4.02016910038713e-5
-0.9012491331479879 4.3874026825175904e-5 6.510076913320692e-5 3.558497225157482e-5 0.00010174333889605471 2.748676278854023e-5 4.732026735075079e-5 7.91967112892967e-5 5.689475688435475e-6 3.6841445306299236e-5 6.389067365938462e-5 -4.328329381069993e-5 -7.578621733911899e-5 3.874843237562414e-5 0.00020154716161335917 0.0005021880226268522 0.00104970356031655 0.0012829773010106253 0.0007636324002544889 0.0003565174171275299 6.767132865247879e-5 4.387402682517268e-5
-0.8980868554878196 4.7820499397601356e-5 6.868224296627739e-5 3.945371741887579e-5 0.00010550531883418037 3.0481066253209043e-5 5.033793648985667e-5 8.222095686577625e-5 7.5273993698427095e-6 3.8769597785394726e-5 6.563669414882388e-5 -4.415542188505458e-5 -7.775343833547694e-5 4.045197091082721e-5 0.00021128783296479647 0.0005256568362277101 0.001089976709054695 0.0013280698407768042 0.0007975510668767004 0.00037387211823719345 7.515742518629469e-5 4.782049939759933e-5
-0.8949245778276513 5.20581683473933e-5 7.249479306741916e-5 4.3547855038627115e-5 0.00010944833995571611 3.366807794764373e-5 5.352177840282079e-5 8.537721097664198e-5 9.498284060782315e-6 4.079928130374682e-5 6.743188338424772e-5 -4.501575898236825e-5 -7.970661978214684e-5 4.2298793090264754e-5 0.00022150810713210552 0.0005501158062867806 0.0011316574194538348 0.0013746711448460454 0.0008327769595941916 0.0003920724137106864 8.313571628605655e-5 5.205816834739264e-5
-0.891762300167483 5.660496004765662e-5 7.65519322888119e-5 4.7878693502142185e-5 0.00011358240297666683 3.705755803361472e-5 5.688009458535682e-5 8.867217758662331e-5 1.1608957424782687e-5 4.29357036111889e-5 6.927905864278652e-5 -4.586107916870973e-5 -8.163988348148668e-5 4.430047900359329e-5 0.0002322311599350362 0.0005756017626083187 0.0011747897197875005 0.0014228274983197097 0.0008693541323133071 0.0004111550163094243 9.163224049324677e-5 5.66049600476575e-5
-0.8886000225073144 6.14797020499237e-5 8.08678546991381e-5 5.2458086665592134e-5 0.00011791801851868292 4.06596896951561e-5 6.042156753973593e-5 9.211291038231763e-5 1.3866543919187611e-5 4.518432770427715e-5 7.118127187002566e-5 -4.6687859625817966e-5 -8.354687746131176e-5 4.646933744629338e-5 0.0002434811768889633 0.000602152694226794 0.0012194188201992856 0.001472586403357227 0.000907327902071006 0.00043115794909273755 0.00010067417560146678 6.14797020499258e-5
-0.8854377448471461 6.670215844559715e-5 8.545746467497228e-5 5.7298457972389686e-5 0.00012246622820069361 4.4485095890113156e-5 6.415527672479233e-5 9.570682886897735e-5 1.6278477311516353e-5 4.755088412273217e-5 7.314182572222311e-5 -4.749226049351069e-5 -8.542074914736131e-5 4.881844042091727e-5 0.00025528338847253726 0.0006298077775694151 0.0012655911367375969 0.00152399660264764 0.0009467448766073121 0.00045212057964379745 0.00011028987698827595 6.670215844560071e-5
-0.8822754671869778 7.229306616204887e-5 9.033640694821637e-5 6.24128254110804e-5 0.0001272386263774985 4.8544856729551086e-5 6.80907150959763e-5 9.946173504122376e-5 1.885251374745573e-5 5.0041383851079974e-5 7.51642904275527e-5 -4.827010368857672e-5 -8.725411739762718e-5 5.136165875033096e-5 0.00026766410616095647 0.0006586074049825213 0.0013133543155648174 0.0015771081030047116 0.0009876529821688403 0.00047408365468765314 0.00012050891668998101 7.229306616205357e-5
-0.8791131895268095 7.82741721970097e-5 9.552109762413687e-5 6.781482732449187e-5 0.00013224738253838353 5.2850527504400685e-5 7.223780625257767e-5 0.00010338583064099364 2.1596745392744647e-5 5.2662131853653286e-5 7.725252149672747e-5 -4.901685066618963e-5 -8.903904336943996e-5 5.4113698814959195e-5 0.0002806507592200422 0.0006885932136126379 0.0013627572573280122 0.001631972199071655 0.0010301014915271292 0.0004970893350839803 0.00013136212320878808 7.827417219701526e-5
-0.8759509118666409 8.466827179371809e-5 0.00010102875618381165 7.351874908562192e-5 0.00013750526437895363 5.741415737886544e-5 7.660692220944019e-5 0.00010748773501616335 2.4519614671746675e-5 5.541974127201161e-5 7.941067831399535e-5 -4.972757908965282e-5 -9.076700019055067e-5 5.709014042491961e-5 0.00029427193225510815 0.0007198081146321713 0.0014138501416776322 0.0016886414971212444 0.0010741410521945874 0.0005211812311760309 0.0001428816220402879 8.466827179372413e-5
-0.8727886342064726 9.14992475580156e-5 0.00010687743848397744 7.953955065543454e-5 0.00014302566155947094 6.224830877024453e-5 8.120890181063075e-5 0.00011177650359342996 2.7629929126045144e-5 5.832114831469529e-5 8.164324364009621e-5 -5.039695837410867e-5 -9.242884140587353e-5 6.030747583671183e-5 0.00030855740350729636 0.0007522963227988805 0.0014666844519199335 0.0017471699389359743 0.0011198237148198394 0.0005464044384760184 0.0001551008769077566 9.14992475580218e-5
-0.8696263565463043 9.879210951728837e-5 0.0001130860707663949 8.58928950373931e-5 0.00014882261016309115 6.73660774348984e-5 8.60550698026846e-5 0.00011626164697917317 3.093687691691177e-5 6.1373627870091e-5 8.395504405936994e-5 -5.1019224069718916e-5 -9.401476817207231e-5 6.378314992286119e-5 0.0003235381838888147 0.0007861033863373394 0.001521312999788187 0.001807612825752556 0.0011672029617433004 0.0005728055736660011 0.00016805473168821536 9.879210951729435e-5
-0.866464078886136 0.00010657303611973516 0.00011967448468788911 9.259517764314946e-5 0.00015491081786745117 7.278111328013456e-5 9.11572565851457e-5 0.00012095315070215246 3.445004299600075e-5 6.458480987400545e-5 8.635127140374374e-5 -5.158815104977238e-5 -9.551429517276486e-5 6.753560150152317e-5 0.0003392465567470467 0.0008212762171296689 0.0015777899503168868 0.001870026842254007 0.0012163337356926511 0.0006004328108920062 0.00018177945301360603 0.00010657303611974063
-0.8633018012259677 0.00011486941617102043 0.00012666345338122262 9.96635565834116e-5 0.00016130568984313882 7.850764192181271e-5 9.652781865623385e-5 0.00012586149561204585 3.81794259691258e-5 6.796269646436712e-5 8.883750518686182e-5 -5.2097025469178334e-5 -9.69162152278218e-5 7.15843058316349e-5 0.0003557161183461897 0.0008578631212018787 0.0016361708468025408 0.0019344700805920027 0.0012672724685970072 0.0006293359183279322 0.00019631277352880568 0.00011486941617102506
-0.860139523565799 0.00012370989170383447 0.00013407472855586863 0.00010711598389751142 0.0001680233553926118 8.456048700743288e-5 0.00010217965977153202 0.00013099767894798146 4.2135455678439415e-5 7.151567995624643e-5 9.14197360820997e-5 -5.2538615458884415e-5 -9.820856257101506e-5 7.594981827765255e-5 0.00037298181905357327 0.000895913829491205 0.0016965126358338594 0.0020010020644213654 0.0013200771104973422 0.000659566294984417 0.00021169393578656686 0.00012370989170383794
-0.8569772459056307 0.00013312440177429928 0.00014193107864658892 0.00011497123773469485 0.00017508069534313863 9.095509332440671e-5 0.00010812625283362806 0.000136373236091354 4.6329011528805495e-5 7.525256167114554e-5 9.410439047865284e-5 -5.2905140521911e-5 -9.937857477115753e-5 8.065381914631561e-5 0.00039108000521629195 0.0009354795288787269 0.0017588736923732817 0.0020696837729277306 0.0013748071585297742 0.0006911770077365656 0.00022796373675771213 0.00013312440177430136
-0.8538149682454624 0.0001431442271775231 0.00015025632801652457 0.00012324895549959092 0.00018249537020736725 9.770755071311176e-5 0.00011438166253068014 0.00014200026301737856 5.0771441584589626e-5 7.918257165521718e-5 9.689835615029203e-5 -5.318823959692193e-5 -0.000100412653272872 8.571915969618188e-5 0.00041004846171231214 0.0009766128934706356 0.001823313844871203 0.0021405776648287605 0.0014315236859572078 0.0007242228285431052 0.0002451645729332119 0.00014314422717752334
-0.8506526905852941 0.00015380203607285147 0.00015907539722016424 0.0001319696679736863 0.00019028584912504675 0.0001048346188041587 0.0001209605687418352 0.00014789143945997127 5.547458246350815e-5 8.331538932175546e-5 9.980900907171933e-5 -5.337893775556861e-5 -0.00010129632253420559 9.116990931888887e-5 0.0004299264551585205 0.0010193681161103074 0.001889894400393204 0.0022137477023281924 0.0014902893712236268 0.0007587602718281093 0.00026334048599291153 0.0001538020360728501
-0.8474904129251255 0.00016513193050760944 0.00016841434433023062 0.0001411548344239922 0.0001984714395994106 0.00011235375259912049 0.00012787829072742068 0.0001540600528047049 6.045078005458111e-5 8.76611650539309e-5 0.00010284424141776488 -5.346761150024196e-5 -0.00010201418773951503 9.703140388925761e-5 0.0004507547777566321 0.001063800940102353 0.0019586781697400516 0.0022892593750016093 0.0015511685270043793 0.0007948476319951482 0.0002825372090139238 0.00016513193050760638
-0.8443281352649572 0.0001771694938262471 0.0001783004073310368 0.0001508268787093389 0.0002070723180416151 0.00012028312891372129 0.00013515081212173347 0.00016052002272474013 6.571291108758986e-5 9.223054280432791e-5 0.00010601249078088972 -5.3443952629364305e-5 -0.00010254989106736528 0.00010333029527938432 0.0004725757917561444 0.0011099686911286326 0.0020297294925391944 0.002367179723591551 0.0016142271292244855 0.0008325450210422118 0.0003028022131897433 0.00017716949382624256
-0.8411658576047889 0.0001899518389499028 0.00018876204757938155 0.00016100922639399555 0.00021610956113650833 0.00012864167370219289 0.00014279480674617086 0.0001672859265747831 7.12744055818083e-5 9.703468372838814e-5 0.0001093227706426441 -5.329693063793676e-5 -0.00010288606649460213 0.00011009460202985264 0.0004954334745118183 0.0011579303093351082 0.0021031142622859158 0.0024475773636891103 0.0016795328460161023 0.0008719144062444787 0.0003241847550293291 0.00018995183894989715
-0.8380035799446206 0.0002035176575093799 0.00019982899433241804 0.00017172634287743202 0.00022560517804283217 0.00013744909028115028 0.00015082766526027774 0.0001743730255582582 7.714927020205579e-5 0.00010208529088931434 0.0001127847021348171 -5.301475362175372e-5 -0.00010300429311929964 0.00011735376116907632 0.0005193734641114046 0.001207746381567157 0.002178899951311115 0.0025305225092780216 0.0017471550665848373 0.0009130196478704049 0.00034673592400333915 0.0002035176575093732
-0.834841302284452 0.0002179072698124993 0.00021153229034028863 0.00018300377254818712 0.00023558214344076187 0.0001467258884709636 0.0001592675226681547 0.00018179729168304792 8.335211255044003e-5 0.00010739463507243768 0.00011640854712605895 -5.2584827654484603e-5 -0.0001028850469869743 0.00012513868116957523 0.0005444431055475137 0.0012594791737298569 0.002257155635652238 0.0026160869961165496 0.0018171649299537217 0.000955926536895302 0.00037050869060284186 0.00021790726981249213
-0.8316790246242837 0.0002331626756246588 0.00022390433849953185 0.00019486817896881362 0.0002460644314394248 0.00015649341467213374 0.00016813328669742274 0.0001895754355212812 8.98981664223813e-5 0.0001129755817473726 0.00012020524266968717 -5.199371460773232e-5 -0.00010250765140620212 0.00013348179602772005 0.0005706914974056825 0.0013131926632483986 0.0023379520198026937 0.0027043443049316143 0.0018896353535523783 0.0010007028326750374 0.000395557954773725 0.0002331626756246513
-0.8285167469641154 0.00024932760573925886 0.00023697894956148534 0.00020734738609788533 0.0002570770503567689 0.0001667738828937075 0.00017744466706773348 0.00019772493478880892 9.68033180557336e-5 0.00011884161921658637 0.00012418643684826726 -5.122708838519545e-5 -0.00010185022574172705 0.00014241712045110782 0.0005981695390388668 0.0013689525716027667 0.002421361461314503 0.0027953695843986625 0.001964641061617743 0.0010474183005410751 0.00042194059468805866 0.0002493276057392521
-0.8253544693039471 0.0002664475743123796 0.000250791390887953 0.00022047042055390998 0.00026864607838375244 0.00017759040675016226 0.00018722220566550217 0.00020626406376010058 0.00010408413340199847 0.00012500688798919147 0.00012836452605031622 -5.0269689543196755e-5 -0.00010088963267516224 0.00015198030613526212 0.0006269299781965302 0.0014268263969091806 0.002507457995227845 0.002889239673879814 0.0020422586133716286 0.0010961447492765168 0.0004497155158115161 0.0002664475743123734
-0.8221921916437784 0.0002845699319338096 0.0002653784362444593 0.00023426755492487994 0.0002807987001444886 0.0001889670324426285 0.0001974873076412288 0.0002152119235344646 0.00011175788644874434 0.00013148621141890882 0.0001327526937141647 -4.910527827110067e-5 -9.960142392555778e-5 0.0001622086991088616 0.0006570274590747295 0.0014868834465198658 0.0025963173583004075 0.0029860331258922514 0.002122566430939118 0.0011469560684314066 0.00047894370022394687 0.00028456993193380484
-0.8190299139836101 0.00030374391940414264 0.00028077841661931465 0.0002487703521259233 0.00029356324416344396 0.00020092877273960514 0.00020826227344541686 0.00022458847316957423 0.00011984258862245659 0.0001382951276451782 0.00013736495057356906 -4.771658570653057e-5 -9.795978442441872e-5 0.00017314139812404927 0.0006885185707514187 0.00154919486961114 0.0026880170130085352 0.0030858302282773618 0.0022056448269707667 0.0011999282654339698 0.000509688256147995 0.00030374391940413945
-0.8158676363234418 0.00032402072218524835 0.0002970312720546437 0.00026401171080625487 0.00030696922125035504 0.00021350164197162508 0.00021957033181869065 0.0002344145616984077 0.0001283570193010808 0.0001454499228763536 0.00014221617643916533 -4.608526356181197e-5 -9.593747494216661e-5 0.0001848193140657167 0.000721461895969359 0.0016138336897286636 0.002782636171291341 0.0031887130260410236 0.0022915760319304197 0.0012551395024531257 0.0005420144676386188 0.0003240207221852471
-0.8127053586632735 0.0003454535254888965 0.00031417860447321906 0.0002800259118051799 0.0003210473638128525 0.00022671269205349983 0.00023143567375124923 0.0002447119610457767 0.0001373207574655011 0.0001529676660537508 0.0001473221635491692 -4.419183203972106e-5 -9.350577316561258e-5 0.0001972852303508742 0.0007559180602268109 0.0016808748372571219 0.002880255818007926 0.003294765342833627 0.002380444221009048 0.0013126701329658464 0.0005759898443840517 0.0003454535254888973
-0.8095430810031049 0.0003680975699658307 0.0003322637314827453 0.00029684866565551877 0.00033582966610619554 0.00024059004954695332 0.00024388348742633272 0.00025550339986071065 0.0001467542145191732 0.00016086624493508753 0.0001526996615219917 -4.201562601841422e-5 -9.063441322870853e-5 0.0002105838642863821 0.0007919497811341978 0.0017503951817804439 0.002980958734077061 0.0034040728020382502 0.0024723355406243023 0.0013726027379817117 0.0006116841715667429 0.0003680975699658336
-0.8063808033429366 0.00039201020795493163 0.00035133174113679465 0.0003145171611312192 0.00035134942542877303 0.0002551629537755243 0.0002569399941618071 0.00026681259828100515 0.00015667866830497963 0.0001691644036354983 0.00015836642394253904 -3.953473948733875e-5 -8.729152370166435e-5 0.0002247619293504164 0.000829621917992825 0.0018224735642971461 0.0030848295192677376 0.003516722847434091 0.00256733813446383 0.0014350221618752979 0.0006491695597304693 0.0003920102079549364
-0.8032185256827683 0.0004172509602495447 0.0003714295476292369 0.00033307011483436693 0.0003676412842712388 0.00027046179600264834 0.0002706324853634267 0.00027866430364628506 0.0001671162983482516 0.00017788178166384708 0.0001643412566129547 -3.6725968218014706e-5 -8.344356404649154e-5 0.00023986819836005024 0.0008690015215496028 0.0018971908292540682 0.0031919546146081897 0.003632804763401576 0.002665542169029816 0.001500015547775705 0.0006885204945977549 0.00041725096024955124
-0.8000562480226 0.00044388157333526314 0.0003926059478963912 0.00035254782181503295 0.00038474127342625654 0.00028651815968278645 0.0002849893605026656 0.00029108432717593017 0.00017809022235462316 0.00018703895449147484 0.0001706440674973995 -3.356475065580583e-5 -7.905525955013106e-5 0.0002559535674842759 0.0009101578838795336 0.0019746298563602573 0.0033024223243798487 0.003752409694634354 0.00276703985864053 0.001567672372460887 0.0007298138867793529 0.00044388157333527067
-0.7968939703624314 0.0004719660770508084 0.00041491167909865335 0.0003729922072156782 0.0004026868560649156 0.0003033648617943651 0.00030004016613135906 0.0003040995816282003 0.00018962453399111966 0.00019665747568983877 0.00017729591838918027 -3.0025107021176516e-5 -7.408953474956309e-5 0.00027307112105869985 0.0009531625883456579 0.0020548755921414343 0.003416322837662063 0.0038756306653228794 0.0028719254898439462 0.001638084480703064 0.0007731291213154983 0.00047196607705081694
-0.7937316927022631 0.0005015708426208167 0.0004383994769505782 0.0003944468789299128 0.0004215169727847882 0.0003210359952621279 0.00031581563594464964 0.0003177381199568383 0.00020174434197850762 0.00020675992067265993 0.00018431907832709295 -2.6079576611480153e-5 -6.850744536666062e-5 0.0002912761971549393 0.0009980895595838358 0.002138015081193908 0.003533748249392266 0.0040025625977729825 0.002980295445197251 0.0017113461190099595 0.0008185481069862851 0.0005015708426208256
-0.7905694150420948 0.0005327646410065664 0.0004631241348658032 0.0004169571812635193 0.00044127208763357844 0.00033956697247528744 0.00033234773190297343 0.0003320291749813708 0.00021447581052250048 0.00021736993207728645 0.00019173707878627203 -2.1699153297008375e-5 -6.226810877405084e-5 0.0003106264538545566 0.001045015113457785 0.00222413749709566 0.003654792580905602 0.004133302330422343 0.003092248226365043 0.001787553968705287 0.0008661553253264568 0.0005327646410065749
-0.7874071373819265 0.0005656187015177983 0.0004891425638802798 0.00044057024958350235 0.00046199423511095807 0.0003589945699065258 0.0003496696864229689 0.0003470032000871551 0.00022784620111088717 0.0002285122668188365 0.0001995747706670724 -1.685321920790192e-5 -5.532863301688591e-5 0.0003311819361740198 0.0010940180069272548 0.0023133341729303456 0.0037795517999168644 0.004267948635216358 0.0032078844764878147 0.001866807178290183 0.0009160378792774687 0.0005656187015178058
-0.7842448597217582 0.0006002067706259109 0.0005165138533145031 0.0004653350659389267 0.0004837270681500387 0.0003793569738355791 0.00036781604564631266 0.00036269191097110866 0.00024188391570307223 0.0002402128448495306 0.00020785838310361911 -1.1509476611542002e-5 -4.7644044419186956e-5 0.00035300514358390723 0.0011451794877703697 0.0024056986313791347 0.003908123839906809 0.004406602234304594 0.0033273070017714014 0.001949207395026197 0.0009682855414077341 0.0006002067706259173
-0.7810825820615895 0.0006366051709159318 0.0005452993321324878 0.0004913025156349695 0.0005065159070784356 0.00040069382717969055 0.00038682271379457357 0.00037912832844881893 0.00025661854133783346 0.00025249879965420975 0.00021661558411159058 -5.6338779832230736e-6 -3.9167213807319505e-5 0.0003761610980621276 0.0011985833440987233 0.002501326614333371 0.004040608618874097 0.004549365816017605 0.003450620792247075 0.002034858795678766 0.0010229908016295892 0.0006366051709159359
-0.7779203044014212 0.00067489286011168 0.0005755626309522402 0.0005185254447393792 0.0005304077895574181 0.000423046277431733 0.00040672699861713933 0.00039634682233847016 0.00027208089618433725 0.00026539853051155 0.000225875543092554 8.09445723728853e-7 -2.9848781387166735e-5 0.00040071741261754303 0.0012543159536016508 0.002600316111979833 0.004177108057412979 0.004696344050083379 0.0035779330416508075 0.0021238681163588636 0.0010802489143394139 0.0006748928601116824
-0.7747580267412529 0.0007151514901056747 0.0006073697446595013 0.0005470587184981319 0.0005554515214961203 0.00044645702570525296 0.00042756765793828074 0.00041438315643673 0.00028830307706059657 0.000278941756548832 0.0002356689952097751 7.858258598721226e-6 -1.9637080315708364e-5 0.00042674436021691045 0.0013124663324540647 0.002702767391308887 0.004317726096076243 0.00484764360204177 0.003709353166369464 0.0022163446813991813 0.0011401579449052365 0.0007151514901056747
-0.7715957490810846 0.0007574654659222502 0.0006407890955733172 0.0005769592806345365 0.0005816977289359649 0.0004709703768840496 0.0004493849473082406 0.0004332745346013328 0.0003053185084425824 0.0002931595726162629 0.0002460283076478013 1.5552295072156636e-5 -8.478059012005578e-6 0.0004543149430445201 0.0013731261838197228 0.002808783023994348 0.004462568711981683 0.005003373146814093 0.0038449928234005233 0.002312400431199715 0.001202818815423914 0.000757465465922248
-0.768433471420916 0.0008019220045395161 0.0006758915971090067 0.0006082862135035489 0.0006091989108988194 0.0004966322908722327 0.00047222066876214443 0.0004530596479546864 0.0003231619929861706 0.0003080845070049301 0.0002569875477653921 2.3933336973979288e-5 3.6847977431045207e-6 0.0004835049620204477 0.001436389945879936 0.0029184679135924384 0.004611743934619824 0.005163643381384743 0.003984965927271127 0.002412149948976534 0.001268335349668009 0.0008019220045395116
-0.7652711937607477 0.0008486111934926726 0.0007127507178807655 0.0006411007990703132 0.0006380094931904113 0.0005234904349389403 0.000496118220689239 0.00047377872322229006 0.00034186976358290867 0.0003237505810302715 0.00026858255314836463 3.3045292331226364e-5 1.6910548864727477e-5 0.0005143930864997131 0.0015023548393153366 0.003031929322005827 0.004765361860819426 0.005328567036550384 0.004129388665861359 0.0025157104863460632 0.001336814317140339 0.0008486111934926661
-0.7621089161005794 0.0008976260491783806 0.0007514425461830254 0.0006754665806792915 0.0006681858831486018 0.0005515942371501118 0.0005211226488137546 0.00049547357221922 0.00036147953696936215 0.00034019337050068707 0.0002808510035658277 4.293427587914137e-5 3.126087812065324e-5 0.0005470609240711645 0.0015711209141663048 0.0031492768951574303 0.0049235346688268405 0.005498258887691914 0.004278379515075967 0.0026232019876762506 0.0014083654761522211 0.000897626049178372
-0.7589466384404111 0.0009490625747767068 0.0007920458547862702 0.0007114494255774053 0.0006997865253239768 0.0005809949408777593 0.0005472806982872479 0.00051818764249719 0.00038203056890832 0.000357450069088377 0.00029383249482987857 5.364869125601357e-5 4.680017632395557e-5 0.0005815930903712271 0.0016427910959954245 0.003270622687816964 0.0050863766314538485 0.005672835764523122 0.0044320592523074 0.0027347471131344767 0.0014831016158393666 0.0009490625747766975
-0.7557843607802425 0.0010030198177044221 0.0008346421659798438 0.0007491175881517777 0.0007328719580780265 0.000611745660375329 0.0005746408668909713 0.000541966069164045 0.0004035637109587384 0.00037555955361690744 0.00030756861455538714 6.523931484738611e-5 6.359562449356172e-5 0.0006180772788241403 0.0017174712312732596 0.0033960811875222425 0.005254004128248384 0.005852416559769666 0.004590550968633025 0.0028504712603612055 0.0015611385970275777 0.0010030198177044122
-0.7526220831200742 0.0010595999265102776 0.0008793158167908022 0.0007885417738396182 0.0007675048710818915 0.0006439014374056418 0.0006032534593452331 0.0005668557278866123 0.00042612146884953624 0.0003945624512770962 0.00032210301981267626 7.77593812405682e-5 8.171727790995894e-5 0.0006566043302166833 0.0017952701319067052 0.003525769337535541 0.005426535656641104 0.006037122236730806 0.0047539800796878315 0.0029705025846972085 0.0016425953918583773 0.0010595999265102679
-0.7494598054599059 0.0011189082071201835 0.0009261540243046166 0.0008297952036647521 0.0008037501636962442 0.0006775192989059138 0.0006331706427213084 0.000592905289086983 0.0004497480624707222 0.0004145012087798726 0.00033748151666208816 9.126467024553878e-5 0.00010123815098829422 0.0006972683020118739 0.0018762996188271379 0.003659806558774304 0.005604091842020646 0.006227075835676195 0.004922474335154116 0.003094972017891222 0.001727594122083061 0.0011189082071201748
-0.7462975277997376 0.001181053178337062 0.0009752469510099402 0.0008729536793520485 0.0008416750042102776 0.0007126583156721328 0.0006644465029496733 0.0006201652733411741 0.00047448948749329224 0.0004354201634514922 0.0003537521415551915 0.0001058135954332752 0.0001222343028859792 0.0007401665373024353 0.001960674564553422 0.003798314770653849 0.005786795446688764 0.00642240247902854 0.005096163826808156 0.003224013285213707 0.0018162600959317136 0.0011810531783370548
-0.7431352501395689 0.0012461466264975286 0.0010266877700864517 0.0009180956489678655 0.000881348889915284 0.0007493796620429263 0.0006971371024168365 0.0006486881079880321 0.0005003935786273669 0.00045736561627315387 0.00037096524458316813 0.00012146729413738919 0.0001447849237569162 0.0007853997333014211 0.0020485129346431707 0.003941418410778695 0.005974771377646579 0.006623229375283071 0.005275180995063801 0.0033577629209018568 0.0019087218434622058 0.0012461466264975245
-0.7399729724794006 0.001314303659184544 0.0010805727305511533 0.0009653022730312106 0.0009228437079853699 0.0007877466765607625 0.0007313005386411295 0.0006785281849549412 0.0005275100745258162 0.00048038590686345326 0.00038917357454831846 0.00013828971885958616 0.00016897242155914367 0.00083307200926375 0.002139935827943305 0.004089244453417854 0.006168146693161615 0.006829685821613493 0.005459660633952217 0.0034963602818596927 0.0020051111502925037 0.001314303659184542
-0.7368106948192323 0.0013856427578925804 0.0011370012221752152 0.0010146574910370717 0.0009662337971352844 0.0008278249235860138 0.0007669970040161545 0.0007097419198055574 0.0005558906843382859 0.0005045314903983937 0.0004084323658299721 0.00015634773001401377 0.00019488250931756703 0.0008832909737290017 0.002235067515549705 0.00424192242669818 0.006367050608065439 0.007041903205114047 0.005649739894476656 0.003639947559536923 0.002105563089618107 0.0013856427578925808
-0.733648417159064 0.0014602858295389334 0.0011960758400798286 0.0010662480883297009 0.0010115960100220733 0.0008696822558369736 0.0008042888466085164 0.0007423878120131922 0.0005855891559179753 0.0005298550164596181 0.00042879942701109554 0.0001757111899398812 0.00022260429273804932 0.0009361677909722903 0.002334035478383211 0.004399584428448571 0.006571614497730006 0.007260015002626109 0.0058455582862802415 0.0037886697899087445 0.0022102160524149744 0.0014602858295389364
-0.7304861394988954 0.0015383582567123184 0.0012579024489162399 0.001120163763260339 0.0010590097763544838 0.0009133888778265187 0.0008432406319946294 0.0007765265064619277 0.0006166613456809346 0.0005564114097974718 0.0004503352312268328 0.00019645305810601002 0.00025223035806388485 0.000991817246546699 0.0024369704432880977 0.004562365140627026 0.006781971900670908 0.007484156779097814 0.006047257677565138 0.00394267486147888 0.0023192117757269677 0.0015383582567123242
-0.7273238618387271 0.0016199889465471702 0.0013225902465315818 0.0011764971945601207 0.0011085571666707545 0.0009590174101635099 0.0008839192061192463 0.0008122208561756598 0.0006491652901146936 0.0005842579529910571 0.0004731030081908608 0.00021864948742501616 0.00028385686006024495 0.0010503578117973522 0.0025440064175571335 0.004730401842261045 0.006998258519724538 0.007714466184424193 0.006254982293200183 0.004102113521227082 0.002432695368935504 0.001619988946547178
-0.7241615841785588 0.001705310378109691 0.0013902518270188047 0.0012353441088553733 0.001160322956742212 0.0010066429546845737 0.0009263937591562891 0.0008495359862734554 0.0006831612789301832 0.000613454370982988 0.0004971688378499734 0.00024237992158886458 0.0003175836100068771 0.0011119117072240134 0.002655280721785788 0.004903834420831341 0.007220612221745979 0.00795108294871544 0.0064688787109550006 0.004267139378422327 0.002550815337908151 0.0017053103781097005
-0.7209993065183905 0.0017944586481790498 0.0014610032430453451 0.0012968033482487263 0.001214394692556724 0.0010563431603790626 0.0009707358903502617 0.000888539359147376 0.0007187119298475101 0.0006440629174616788 0.000522601745611512 0.0002677271933312675 0.0003535141635738321 0.0011766049645656914 0.002770934020956677 0.0050828053820272485 0.007449173035773282 0.008194148875939635 0.006689095855797033 0.00443790890622193 0.002673723606921491 0.0017944586481790613
-0.717837028858222 0.0018875735153049817 0.0015349640673521412 0.001360976937885773 0.00127086275583262 0.0011081982900674468 0.0010170196738142712 0.0009293008408568144 0.0007558822650029741 0.0006761484630591562 0.0005494737990824937 0.00029477762351624246 0.0003917559084497157 0.001244567487477822 0.002891110353653723 0.0052674598578017345 0.007684083149603622 0.008443807835886904 0.00691578499218912 0.004614581440977185 0.0028015755382530217 0.001887573515304994
-0.7146747511980536 0.0019847984420205975 0.0016122574533108897 0.0014279701534232 0.0013298204300101403 0.0011622912877905288 0.0010653217252582618 0.0009718927687309125 0.0007947397889610183 0.0007097785853271392 0.0005778602062530855 0.00032362112094567395 0.0004324201515864399 0.0013159331106693188 0.003015957159304283 0.005457945612652914 0.007925486904726053 0.008700205754400715 0.007149099714324269 0.004797319179165343 0.002934529949335747 0.0019847984420206088
-0.7115124735378853 0.0020862806350873085 0.0016930101944244234 0.00149789158831057 0.001391363966663882 0.0012187078468640753 0.001115721269618639 0.001016390020168094 0.0008353545683111089 0.0007450236604489076 0.0006078394150509198 0.0003543512827723333 0.00047562220591924333 0.0013908396573640842 0.003145625303346187 0.005654413048058117 0.008173530789555374 0.008963490601822572 0.007389195934234743 0.00498628717186836 0.00307274912736859 0.0020862806350873194
-0.708350195877717 0.002192171083646391 0.0017773527826515062 0.0015708532207938655 0.0014555926522758734 0.001277536478550479 0.0011683002095577524 0.0010628700826189846 0.0008777993128255992 0.0007819569566387399 0.0006394932141862111 0.0003870654953981811 0.0005214814764152003 0.0014694289949483549 0.0032802691002152156 0.005857015204985801 0.008428363430910583 0.009233812379595365 0.007636231867712666 0.005181653316717875 0.003216398841275035 0.0021921710836463994
-0.7051879182175487 0.002302624595150044 0.0018654194654344144 0.0016469704805452787 0.0015226088753052453 0.0013388685812961729 0.001223143194799162 0.0011114131247360285 0.000922149458150414 0.0008206547291751436 0.0006729068352010974 0.0004218650357311461 0.0005701215452983211 0.001551847088662849 0.0034200463340478032 0.006065907764409902 0.008690135583681457 0.009511323104971107 0.007890368017979096 0.005383588347227006 0.0033656483509020884 0.00230262459515005
-0.70202564055738 0.002417799828942952 0.0019573483013042943 0.0017263623148196352 0.0015925181934864558 0.0014027985104804396 0.0012803376922617725 0.0011621020686700984 0.0009684832499961478 0.0008611963170080461 0.000708169055629823 0.0004588551726669498 0.0006216702562940302 0.0016382440531958484 0.0035651182769923903 0.006281249045750761 0.008959000118626412 0.009796176793768195 0.0081517671570395 0.005592265819429066 0.003520670413351296 0.0024177998289429555
-0.6988633628972117 0.002537859327363477 0.0020532812139362746 0.0018091512540339154 0.0016654294012840788 0.001469423648618121 0.0013399740569529966 0.0012150226634909703 0.0010168818297924935 0.0009036642408739682 0.0007453723031694585 0.000498145268655637 0.0006762597977305876 0.0017287742020308293 0.0037156497050221367 0.006503200003165972 0.009235112008243843 0.010088529441123638 0.008420594304663194 0.005807862095743857 0.003681641286333228 0.0025378593273634783
-0.6957010852370434 0.0026629695442324805 0.002153364044523304 0.0018954634766626243 0.001741454597428274 0.0015388444759556889 0.001402145603578271 0.0012702635597051759 0.0010674293217642712 0.0009481443028470051 0.0007846127607537711 0.0005398488812058528 0.0007340267843300363 0.0018235960944000835 0.0038718089111410997 0.006731924219614376 0.00951862831065994 0.010388539000185507 0.00869701670492524 0.006030556325992973 0.003848740728437295 0.002662969544232478
-0.6925388075768751 0.002793300870595849 0.0022577466023346515 0.0019854288733374315 0.001820709252450618 0.001611164641396661 0.0014669486788209487 0.0013279163848408904 0.0011202129213822192 0.0009947256872467228 0.0008259904724156434 0.0005840838641728641 0.0007951123375161298 0.0019228725796932068 0.004033767715874769 0.006967587898615605 0.009809708151474477 0.0106963653586908 0.008981203800249485 0.006260530425485354 0.004022151996208189 0.002793300870595844
-0.6893765299167066 0.0029290276575860584 0.0023665827133222857 0.002079181110035944 0.0019033122761361722 0.001686491033689316 0.0015344827342435763 0.0013880758200657858 0.00117532298513663 0.0010435010628175557 0.0008696094498160694 0.0006309724686696722 0.0008596621640618899 0.002026770839167548 0.004201701474935966 0.00721035985362769 0.010108512703507001 0.011012170313374474 0.009273327202892118 0.006497969050095913 0.004202061837921315 0.0029290276575860506
-0.6862142522565382 0.0030703282362666453 0.002480030266635391 0.0021768576902402815 0.0019893860848030813 0.0017649338528060025 0.0016048503997580913 0.0014508396777995112 0.001232853121576401 0.0010945666860872993 0.0009155777793102857 0.0006806414434335055 0.0009278266328945934 0.0021354624248056072 0.004375789083956121 0.007460411494964755 0.010415205164384843 0.011336117542154902 0.009573560663805852 0.006743059568260054 0.004388660483949176 0.0030703282362666354
-0.6830519745963699 0.0032173849343229088 0.0025982512589009165 0.002278600015942433 0.0020790566683170568 0.0018466066814401816 0.0016781575576091982 0.0015163089802783397 0.0012929002835505967 0.001148022505805347 0.0009640077294140433 0.0007332221344733581 0.0009997608498714555 0.0022491232951627202 0.004556212980172221 0.007717916814177181 0.010729950731915247 0.011668372574042475 0.009882080038825989 0.006995992029808788 0.004582141633612375 0.0032173849343228975
-0.6798896969362016 0.0033703840894609995 0.00272141183612517 0.0023845534473692525 0.002172453656743339 0.0019316265565435067 0.0017545134168114515 0.0015845880390247932 0.001355564861583563 0.0012039722683539482 0.0010150158585252693 0.0007888505838171699 0.0010756247303345848 0.0023679338480467296 0.004743159140958912 0.007983052365815691 0.011052916577182832 0.012009102756716654 0.010199063252119292 0.007256959131569096 0.004782702438408512 0.003370384089460988
-0.6767274192760331 0.003529516059377406 0.0028496823330693252 0.0024948673612962733 0.002269710386534715 0.0020201140408218896 0.001834030587977026 0.0016557845351704628 0.0014209507783087961 0.0012625236240185304 0.0010687231227486465 0.0008476676271706444 0.0011555830692496823 0.00249207894986991 0.0049368170790958016 0.008255997246502033 0.011384271815314715 0.012358477221719141 0.010524690256839353 0.007526156179656444 0.004990543481514189 0.0035295160593773935
-0.6735651416158647 0.0036949752281601024 0.0029832373099492673 0.002609695207815683 0.002370963966149458 0.0021121932941056856 0.0019168251584672248 0.0017300096005752044 0.0014891655838803358 0.0013237882339954847 0.0011252549836627504 0.0009098189902928575 0.0012398056087285824 0.002621747961512254 0.00513737983465976 0.008536933071228058 0.011724187473854833 0.012716666847209613 0.01085914299293159 0.0078037810483870575 0.005205868753455753 0.003694975228160091
-0.6704028639556964 0.0038669600089829364 0.0031222555863081114 0.002729194565420017 0.002476355340988842 0.002207992144505536 0.002003016767797061 0.0018073778996808483 0.0015603205522741106 0.001387881878008235 0.0011847415158615076 0.0009754553838872877 0.001328467102731928 0.002757134760534401 0.0053450439634326954 0.008826043946806344 0.012072836458690412 0.013083844218232629 0.01120260534203338 0.008090034135739544 0.005428885623846559 0.0038669600089829286
-0.6672405862955281 0.004045672842954223 0.003266920271907696 0.0028535271942593536 0.002586029357539093 0.0023076421592613506 0.0020927286832178125 0.0018880077120319277 0.001634530778384836 0.0014549245623944234 0.0012473175140937478 0.0010447325968001241 0.0014217473787443925 0.00289843775957718 0.005560009521715108 0.00912351644239484 0.012430393517472335 0.013460183584443597 0.01155526307941538 0.00838511831529645 0.005659804809089034 0.004045672842954219
-0.6640783086353595 0.004231320193981322 0.003417418794483481 0.002982859087426312 0.002700134826598374 0.002411278715188281 0.0021860878753986374 0.0019720210153906102 0.0017119152758172417 0.0015250406285192647 0.0013131225998165863 0.001117811587311448 0.001519831396211349 0.0030458599207849094 0.005782480047437017 0.00942953955701934 0.0127970352004729 0.013845860815243161 0.011917303822911727 0.008689238884598955 0.005898840335942482 0.00423132019398132
-0.6609160309751912 0.004424112539513041 0.0035739429242056366 0.003117360520119385 0.002818824585464654 0.002519041068619324 0.0022832250941236636 0.0020595435693669412 0.0017925970752632875 0.0015983588613619226 0.001382301326970498 0.0011948585722984164 0.0016229093015226214 0.0031996087660884523 0.006012662537457899 0.00974430468401775 0.013172939818824014 0.014241053352270317 0.012288916978788401 0.00900260350984892 0.006146209500858779 0.004424112539513041
-0.6577537533150228 0.004624264357022687 0.003736688794687539 0.0032572060965320015 0.002942255558956075 0.002631072424740377 0.002384274943916784 0.0021507049994796902 0.0018767033233498267 0.0016750125981136875 0.0014550032867757386 0.0012760451140434882 0.0017311764793257881 0.0033598963831846605 0.006250767420949115 0.010068005572331468 0.013558287400080247 0.014645940159205303 0.012670293684501007 0.009325422166895712 0.006402132824990785 0.004624264357022692
-0.6545914756548545 0.004831994106095159 0.0039058569203816017 0.003402574794310769 0.0030705888191304024 0.0027475200062091866 0.0024893759595014647 0.002245638881556619 0.0019643653818333965 0.0017551398366183143 0.0015313832113419783 0.0013615482044545904 0.001844833599948809 0.003526939427048325 0.006497008528752263 0.010400838284569051 0.013953259641050902 0.015060701668834022 0.013061626748293576 0.009657907078446125 0.006666834004779982 0.0048319941060951666
-0.651429197994686 0.0050475242059828266 0.004081652210201138 0.003553650006423723 0.003203989643566096 0.0028685351209456335 0.0025986706809983094 0.0023444828263767033 0.0020557189270115667 0.0018388833434766741 0.001611601075874862 0.0014515503464583546 0.0019640866627091504 0.003700959116813554 0.006751603058609165 0.010743001151769524 0.014358039857846611 0.015485519727327422 0.013463110585593999 0.010000272647439362 0.006940539858032932 0.005047524205982837
-0.6482669203345177 0.005271081008496118 0.004264283977206033 0.0037106195802755603 0.0033426275720625917 0.002994273228976323 0.002712305728758121 0.0024473785644500254 0.0021509040492119556 0.0019263907616292846 0.001695822199255459 0.0015462396323218388 0.002089147034884355 0.0038821812278618754 0.0070147715361600005 0.011094694724792829 0.014772812933086705 0.015920577535690175 0.013874941152161173 0.010352735386530606 0.007223480265398259 0.005271081008496132
-0.6451046426743493 0.005502894766096811 0.004453965944189337 0.003873675853904475 0.0034866764616132534 0.0031248940082123796 0.0028304318777232777 0.002554472030824369 0.0022500653522125012 0.0020178147172219894 0.0017842173427606545 0.0016458098186529022 0.0022202314861171687 0.004070836078955614 0.007286737771608244 0.011456121722267195 0.015197765260214888 0.016366059588334692 0.014297315873943704 0.010715513843630354 0.007515888107159584 0.005502894766096826
-0.641942365014181 0.005743199595062986 0.004650916245001163 0.00404301568909156 0.003636314539499537 0.0032605614190344264 0.0029532041312046974 0.0026659134498001626 0.002353352052437911 0.002113312925551288 0.0018769628066848277 0.001750460397823883 0.0023575622180266125 0.004267158514255643 0.007567728811952252 0.011827486975023352 0.015633084684870582 0.016822151608737124 0.014730433573609586 0.011088828523448339 0.00781799919526184 0.005743199595063002
-0.6387800873540125 0.005992233433597697 0.0048553574214461525 0.00421884050121157 0.0037917244543508046 0.0034014437675547234 0.003080781793956762 0.002781857419428496 0.00246091807776924 0.002213048295877469 0.0019742405246155103 0.0018603966655586699 0.002501366888795199 0.004471387880064721 0.007857974888686005 0.01220899736694829 0.016078960443266205 0.017289040482134466 0.015174494393710321 0.011472901804995161 0.00813005220049286 0.005992233433597711
-0.6356178096938442 0.00625023799475499 0.0050675164155904485 0.004401356285650727 0.003953093325009583 0.0035477137674214477 0.0032133285444266675 0.0029024629956592276 0.002572922165794922 0.002317189034885002 0.0020762381551082646 0.0019758297844183455 0.002651878632501521 0.004683767996138835 0.008157709360873202 0.012600861772192199 0.016535583097520408 0.01776691418522293 0.015629699716444866 0.011867957854996742 0.008452288574744563 0.006250237994755002
-0.6324555320336759 0.006517458714060192 0.005287624557314678 0.004590773640615234 0.004120612787037893 0.00369954860002573 0.0033510125060493678 0.0030278937759987243 0.0026895279613230725 0.0024259087485612595 0.002183149170498761 0.002096976842916502 0.002809336072967064 0.004904547121411474 0.008467168653501805 0.013003290988664516 0.017003144467899925 0.01825596171281994 0.016096252079991165 0.012274222537181296 0.008784952468283102 0.006517458714060204
-0.6292932543735075 0.0067941446917034725 0.005515917546949247 0.004787307786151278 0.0042944790366956555 0.003857129972966995 0.003494006317453161 0.003158317982528835 0.0028109041129661043 0.00253938654225582 0.0022951729425826984 0.0022240609099909827 0.0029739833318855958 0.005133977913977558 0.008786592191028068 0.013416497667756364 0.017481837561922904 0.018756373001453375 0.016574355091375788 0.012691923317400367 0.00912829064195962 0.006794144691703479
-0.6261309767133392 0.00708054862918964 0.005752635432829413 0.004991178579195677 0.004474892872218285 0.004020644176627673 0.0036424872014352537 0.0032939085441308644 0.0029372243685999917 0.0026578071186744994 0.002412514824887497 0.0023573110845554863 0.003146070031004022 0.005372317385186683 0.00911622232602259 0.013840696240229636 0.0179718565002794 0.01926833884984416 0.017064213335855023 0.013121289164550739 0.009482552374298984 0.007080548629189644
-0.6229686990531706 0.00737692676033007 0.005998022583608355 0.005202610524474109 0.0046620597322161285 0.004190282138703232 0.0037966370325605656 0.0034348431777501496 0.003068667669491578 0.002781360873553562 0.0025353862312528894 0.002496962539850987 0.0033258512881241212 0.00561982684769829 0.0094563042628334 0.014276102838214537 0.018473396439525808 0.01979205083625027 0.017566032282783476 0.013562550447266676 0.009847989363407333 0.00737692676033007
-0.6198064213930023 0.00768353877646633 0.006252327655167393 0.005421832781062076 0.004856189731014459 0.0043662394765286395 0.003956642403230661 0.0035813044685285827 0.0032054182428785504 0.0029102439887513953 0.0026640047104310124 0.0026432565623139975 0.0035135877066954316 0.005876771857354359 0.009807085976184555 0.014722935213260246 0.01898665349151187 0.0203277012326421 0.018080018187949694 0.014015938826356308 0.010224855623643725 0.0076835387764663254
-0.6166441437328339 0.00800064774581949 0.006515803551964515 0.005649079164422586 0.005057497690748812 0.0045487165470374045 0.0041226946880636136 0.0037334799486240895 0.003347665692777509 0.0030446585224867696 0.002798594016410649 0.002796440584676405 0.003709545358771442 0.006143422148729149 0.010168818124632268 0.015181412650385983 0.01951182463950145 0.0208754829156822 0.01860637799236074 0.014481687142960296 0.01061340737700692 0.008000647745819486
-0.6134818660726656 0.00832852002686274 0.006788707382663394 0.005884588143732515 0.005266203170026256 0.004737918494184159 0.0042949901064188965 0.0038915621745275663 0.0034956050887868114 0.0031848124964445642 0.0029393841741640926 0.002956768213009283 0.0039139957611026305 0.006420051564218978 0.010541753958803706 0.015651755878082096 0.020049107650949652 0.021435589274483878 0.019145319217461612 0.014960029302414357 0.011013902939192003 0.008328520026862728
-0.6103195884124971 0.008667425175619782 0.007071300409887823 0.006128602834309298 0.005482530488959788 0.00493405529365681 0.004473729782894994 0.004055748802679205 0.0036494370526417197 0.003330919979462162 0.0030866115405098955 0.0031244992474216467 0.004127215844142749 0.006706937976539495 0.010926149224348057 0.01613418697421421 0.020598700986901537 0.022008214115126174 0.019697049856778146 0.015451200153802433 0.011426602600277523 0.008667425175619768
-0.6071573107523288 0.009017635846796249 0.007363847993948153 0.006381370984948 0.005706708750379094 0.0051373417946989144 0.004659119805620568 0.004226242663177378 0.0038093678422703846 0.003483201167501779 0.0032405188597792686 0.00329989969612388 0.004349487913747104 0.007004363204502248 0.011322262059533024 0.01662892926778598 0.02116080370797994 0.02259355156190554 0.02026177826397567 0.015955435365191097 0.011851768500009073 0.009017635846796233
-0.6039950330921605 0.009379427688656662 0.0076666195303897264 0.006643144959979154 0.005938971857017723 0.005347997758858304 0.004851371282153604 0.004403251831364977 0.003975609433090695 0.003641882459606913 0.0034013553139694607 0.003483241782565181 0.004581099605345459 0.007312612921947723 0.011730352887424697 0.017136207236520415 0.021735615376933096 0.023191795955307272 0.020839713037330097 0.01647297129454159 0.012289664497650813 0.009379427688656648
-0.6008327554319921 0.009753079231564108 0.007979888381215345 0.006914181715856118 0.006179558524472827 0.005566247895471864 0.005050700392795467 0.004586989697068459 0.004148379596278347 0.003807196529533149 0.00356937656706268 0.0036748039453537266 0.004822343830375299 0.007631976559716162 0.012150684302592455 0.017656246400221006 0.022323335957713925 0.023803141746681952 0.021431062900609876 0.017004044856298643 0.0127405560363818 0.009753079231564094
-0.5976704777718236 0.01013887177010625 0.008303931799637844 0.007194742772081903 0.006428712289731063 0.0057923218936922075 0.005257328441120396 0.004777675031257112 0.0043279019737286805 0.003979382392737276 0.0037448448031854264 0.0038748708306691484 0.005073518714765968 0.007962747200544247 0.012583520952286112 0.018189273209879963 0.022924165711067233 0.024427783389616445 0.02203603658037342 0.017548893383662358 0.013204710002220362 0.010138871770106238
-0.5945082001116553 0.010537089238736667 0.00863903084822189 0.007485094176284705 0.006686681515050599 0.006026454450855934 0.005471481901513653 0.004975532049880346 0.004514406149425381 0.004158685468401484 0.0039280287582794905 0.004083733276877607 0.005334927529268657 0.008305221466780558 0.013029129412036695 0.01873551493250231 0.023538305086603126 0.025065915227990523 0.022654842679688224 0.018107754486552885 0.01368239457746555 0.010537089238736657
-0.591345922451487 0.01094801808086716 0.008985470310278543 0.0077855064632525875 0.006953719386986834 0.006268885296988637 0.0056933924635045475 0.0051807904746327725 0.004708127716921334 0.00434535763616341 0.0041192037449530716 0.004301688291061469 0.0056068786114328376 0.00865969940081964 0.01348777805563803 0.019295199531620576 0.024165954611338376 0.02571773138071548 0.02328768954828419 0.018680865905283933 0.014173879088651746 0.010948018080867155
-0.5881836447913186 0.011371947111352343 0.009343538594379702 0.008096254607737835 0.007230083910346328 0.006519859215235954 0.00592329707267334 0.005393685590387396 0.0049093083426278985 0.004539657287216334 0.00431865167017755 0.0045290390171773 0.005889685279034918 0.009026484338160605 0.013959736919470927 0.01986855554347678 0.024807314774690413 0.026383425623152018 0.02393478514915547 0.019268465359965323 0.014679433849017489 0.011371947111352339
-0.58502136713115 0.011809167372315469 0.009713527631864826 0.008417617970843241 0.007516037896851251 0.00677962605800552 0.006161437967903964 0.005614458299029193 0.005118195824601392 0.004741849369438633 0.004526661045494083 0.004766094695559112 0.0061836657347718715 0.009405882773003084 0.014445277561137875 0.020455811948854156 0.025462585909912256 0.02706319126521039 0.024596336921631115 0.01987079039566113 0.015199329995497592 0.011809167372315472
-0.5818590894709817 0.012259971982270678 0.010095732767216531 0.008749880239803486 0.007811848948294261 0.0070484407585989116 0.006408062714747223 0.005843355169412294 0.005335044146507259 0.00495220542620596 0.004743526989392207 0.005013170613486666 0.0064891429620387645 0.009798204216300885 0.014944672912381362 0.021057198040544886 0.026131968071959808 0.02775722102613758 0.025272551640938102 0.0204880782233348 0.015733839320253958 0.012259971982270686
-0.5786968118108134 0.012724655978504895 0.010490452641187871 0.009093329360977299 0.008117789433962182 0.007326563338108356 0.006663424234652328 0.006080628483155869 0.0055601135264351 0.0051710036285353795 0.004969551221522535 0.0052705880465430885 0.006806444611617115 0.010203761046200925 0.015458197126266086 0.021672943286444615 0.02681566091178773 0.02846570690600235 0.025963635274285714 0.021120565556619154 0.016283234096767397 0.012724655978504903
-0.575534534150645 0.013203516152689063 0.010897989066568485 0.009448257465867015 0.008434136462104056 0.007614258907347279 0.006927780829816831 0.0063265362759851035 0.005793670460229982 0.005398528800205525 0.005205042048404696 0.0055386741904900495 0.007135902879108128 0.010622868350802762 0.015986125418609155 0.022303277188269063 0.0275138635470718 0.029188840053888873 0.026669792833503164 0.021768488444453463 0.01684778690051956 0.013203516152689079
-0.5723722564904765 0.013696850879697213 0.011318646896483986 0.009814960789985982 0.008761171845219056 0.007911797663579538 0.007201396203398661 0.00658134237431583 0.0060359877589989935 0.005635072435493997 0.005450314340292862 0.005817762083394625 0.007477854372953877 0.011055843763182749 0.016528733903651543 0.022948429135893254 0.02822677442936171 0.029926810632818504 0.027391228224268493 0.022432082099637204 0.017427770424301957 0.01369685087969723
-0.5692099788303082 0.01420495993961905 0.01175273388512814 0.010193739584395676 0.009099182058937162 0.008219454881806913 0.007484539474826486 0.006845316426773039 0.006287344580444717 0.005880932709169016 0.005705689498861754 0.006108190517747424 0.007832639972897857 0.01150300728863444 0.017086299423968238 0.023608628257318312 0.02895459120767091 0.030679807681418814 0.028128144091970234 0.023111580723354317 0.018023457288195762 0.014204959939619066
-0.5660477011701399 0.014728144332961034 0.012200560540835383 0.010584898019739202 0.009448458194265928 0.00853751090037074 0.007777485189938206 0.007118733930326418 0.0065480264536719925 0.006136414478370542 0.005971495415378495 0.006410303942318827 0.008200604678746495 0.01196468112408714 0.017659099374622997 0.024284103264277122 0.029697510588515604 0.03144801897236692 0.028880741664249723 0.023807217325730025 0.01863511984427451 0.014728144332961053
-0.5628854235099716 0.015266706089037888 0.012662439971406593 0.010988744082599606 0.009809295902974868 0.0088662511006178 0.00808051332566987 0.007401876250717515 0.006818325297107275 0.0064018292760130175 0.006248066419027521 0.006724452353506569 0.008582097449302238 0.01244118946967178 0.018247411521579385 0.024975082293493447 0.030455728192417306 0.03223163086763453 0.02964922059027382 0.024519223542485265 0.01926302997608802 0.015266706089037909
-0.559723145849803 0.01582094806756674 0.01313868772160999 0.011405589464016947 0.010181995335889373 0.009205965880377653 0.008393909289011561 0.007695030636847016 0.007098539429165712 0.006677495295341065 0.006535743215059663 0.007050991175936895 0.008977471031350062 0.01293285833241409 0.018851513814387166 0.02568179274361651 0.03122943840689023 0.033030828170570306 0.030433778776796257 0.02524782944776292 0.019907458892994858 0.015820948067566756
-0.5565608681896347 0.01639117375348396 0.013629621602785472 0.011835749440001429 0.01056686107386613 0.00955695062099371 0.00871796390993967 0.007998490228783009 0.007388973571295324 0.006963737365268322 0.006834872812440059 0.007390281132089553 0.009387081778589738 0.013440015322044403 0.01947168419317075 0.026404461107857116 0.032018834235937176 0.03384579397485653 0.031234612221067336 0.02599326336320395 0.020568676919417876 0.016391173753483975
-0.5533985905294664 0.01697768704501502 0.014135561514490094 0.012279542743885602 0.010964202051222604 0.009919505647647247 0.009052973428029413 0.008312554059045137 0.007689938843024179 0.007260886916129728 0.007145808440675051 0.007742688100727074 0.009811289460418439 0.013962989438923431 0.0201082003899543 0.02714331280235874 0.032824107146084754 0.034676709510383874 0.032051914840660126 0.02675575166335965 0.0212469532791055 0.016977687045015028
-0.5502363128692981 0.01758079203503536 0.01465682925812932 0.012737291430362535 0.011374331471393016 0.010293936182709261 0.009399239472444702 0.008637527046812886 0.008001752748631718 0.007569281935477514 0.007468909455502959 0.008108582963917898 0.010250457060478998 0.014502110854093277 0.02076133972436336 0.027898571990340675 0.03364544690899046 0.03552375398609077 0.03288587830028269 0.027535518577530164 0.02194255587448926 0.01758079203503537
-0.5470740352091297 0.01820079278577187 0.0151937483425288 0.013209320731063847 0.011797566714586049 0.010680552291852575 0.00975706903499755 0.0089737199847011 0.008324739155063066 0.007889266913553216 0.0078045412331408485 0.008488341442455057 0.01070495056490301 0.015057710681474101 0.021431378893754384 0.028670461402058374 0.03448304144066222 0.03638710442981974 0.03373669183565393 0.028332785988128245 0.022655751061235834 0.01820079278577187
-0.5439117575489612 0.01883799309690268 0.015746643781409764 0.013695958901536652 0.012234229237219603 0.01107966882265319 0.010126774435963406 0.009321449517740157 0.008659228260702314 0.008221192778069576 0.00815307505278627 0.008882343919482817 0.011175138740190011 0.015630120742237248 0.022118593757827855 0.02945920215063082 0.03533707663733421 0.03726693552524786 0.03460454207452475 0.02914777322567159 0.023386803418100996 0.018837993096902678
-0.5407494798887928 0.019492696267123584 0.01631584188274079 0.01419753705948523 0.01268464446291102 0.011491605335407681 0.010508673282333672 0.009681038114193895 0.009005556554618717 0.008565416817939268 0.008514887967081065 0.009290975252156332 0.011661392900677758 0.016219673321396944 0.022823259117791005 0.0302650135437916 0.03620773620804787 0.03816341944595252 0.03548961285493028 0.029980696860514442 0.024135975512199762 0.019492696267123574
-0.5375872022286245 0.020165204849260068 0.016901670029949075 0.014714389014150585 0.013149141664803705 0.011916686025891169 0.010903088418182822 0.010052814027844153 0.009364066765899223 0.008922302595591292 0.008890362660253804 0.00971462457117299 0.01216408666557291 0.016826700916674212 0.02354564849014428 0.031088112891627075 0.03709520150399455 0.03907672568668027 0.03639208504076666 0.030831770491435567 0.02490352765981645 0.020165204849260057
-0.5344249245684562 0.020855820399012653 0.01750445645498317 0.015246851086707341 0.013628053839013016 0.012355239639778439 0.011310347866822133 0.0104371112513669 0.009735107802679579 0.009292219847519904 0.00927988729366628 0.010153685068026797 0.01268359570552479 0.01745153597969735 0.024286033875172003 0.03192871531037009 0.0379996513446781 0.04000702089188857 0.03731213633478819 0.03170120453120489 0.025689717682885246 0.020855820399012643
-0.5312626469082876 0.021564843217435133 0.018124530003231283 0.015795261921566845 0.01412171756897944 0.012807599378449764 0.011730784764409297 0.010834269460422393 0.010119034680487311 0.009675544372717013 0.009683855338501423 0.010608553769852709 0.013220297478740978 0.01809451064961603 0.02504468552022917 0.03278703352232562 0.03892126184096422 0.040954468681639364 0.038249941089128235 0.03258920598925916 0.026494800661281792 0.021564843217435115
-0.5281003692481193 0.022292572087254887 0.018762219890308483 0.016359962288481744 0.014630472880519392 0.013274102795901958 0.012164737284679544 0.011244633948079156 0.01051620843951071 0.01007265790864476 0.010102665395340523 0.011079631301742509 0.01377457095665753 0.018755956479217222 0.02582187167792181 0.03366327765201042 0.03986020621508765 0.041919229474924276 0.03920567011345077 0.03349597825162118 0.027319028681072267 0.022292572087254874
-0.524938091587951 0.023039304003156055 0.019417855450739114 0.016941294875358965 0.015154663087370474 0.013755091686485537 0.012612548554461573 0.011668555549190723 0.010926996050410568 0.010483947994413371 0.010536721000391396 0.011567321636430237 0.01434679633919366 0.019436204153644644 0.02661785835929032 0.03455765501859684 0.040816654617694605 0.04290146031051065 0.04017949048084718 0.0344217208582068 0.028162650578878387 0.02303930400315604
-0.5217758139277827 0.023805333896155422 0.02009176587856961 0.017539604071693388 0.01569463462703073 0.014250911963187696 0.013074566559638809 0.012106390554341859 0.011351770308293247 0.010909807820835695 0.010986430418140913 0.012072031831260868 0.014937354759634777 0.02013558320183327 0.027432909082110116 0.03547036992475517 0.041790773942002105 0.043901314665398816 0.04117156533159416 0.03536662927766545 0.02902591168251974 0.023805333896155408
-0.5186135362676141 0.0245909543522136 0.020784279959961485 0.018155235742548168 0.016250736886699476 0.014761913526183506 0.013551144041215974 0.012558500612982613 0.011790909714469024 0.0113506360670412 0.011452206420221558 0.012594171752374442 0.015546627979206367 0.02085442170078596 0.028267284614436245 0.03640162344199894 0.042782727635164275 0.04491894227098919 0.04218205367489848 0.03633089467991046 0.029909053548108588 0.024590954352213593
-0.5154512586074458 0.025396455325233405 0.021495725797823783 0.018788536993014967 0.016823322019131958 0.015288450121377575 0.014042638381149447 0.013025252625367875 0.012244798345623188 0.011806836723340824 0.011934466050295231 0.013134153786054642 0.016174998071415963 0.021593045972828958 0.029121242713525456 0.037351613192641415 0.043792675506938564 0.045954488927061776 0.04321111018875567 0.03731470370649898 0.03081231369377579 0.025396455325233398
-0.5122889809472775 0.026222123844609934 0.022226430528559157 0.019439855923100387 0.017412744748227724 0.015830879188662016 0.014549411477600785 0.013507018622923077 0.012713825710034161 0.012278818900046447 0.01243363037477534 0.0136923925372108 0.016822847096259672 0.022351780275998278 0.029995037860278927 0.03832053312848182 0.04482077353575429 0.047008096313676855 0.04425888501805799 0.038318238239029176 0.03173592533021853 0.026222123844609938
-0.5091267032871092 0.027068243717505578 0.022976720031006953 0.02010954137299392 0.018019362164179938 0.016389561699617944 0.015071829609272242 0.014004175636657817 0.013198386590479118 0.01276699662195992 0.012950124219223274 0.01426930451497966 0.017490556764404155 0.023130946487719843 0.03088892098935777 0.03930857330634322 0.04586717367228794 0.04807990180110931 0.04532552357109005 0.03934167516572638 0.03268011708826477 0.02706824371750558
-0.5059644256269406 0.027935095226036814 0.023746918627683328 0.020797942658686203 0.018643533508020664 0.016964861984392704 0.01561026328848611 0.014517105553254101 0.013698880873475592 0.013271788608260825 0.013484375890275617 0.014865307805455263 0.01817850809147599 0.023930863781960122 0.031803139215132 0.04031591966059414 0.046932023640659626 0.049170038257936866 0.04641116631455606 0.040385186146397696 0.033645112743660735 0.027935095226036825
-0.5028021479667723 0.02882295481956808 0.024537348778428163 0.02150540929791744 0.01928561994540652 0.017557147547488234 0.016165087102670908 0.015046194958459262 0.01421571336451659 0.013793618037535682 0.014036816882975325 0.015480821731573521 0.018887081042605194 0.02475184830003681 0.032737935553633246 0.04134275377279103 0.048015466737367674 0.05027863385740487 0.04751594856728866 0.04144893737593877 0.03463113093929244 0.028822954819568095
-0.49963987030660395 0.029732094802321894 0.025348330766584687 0.02223229072644978 0.019945984329498897 0.018166788872202376 0.016736679543922266 0.015591834967420223 0.014749293588967396 0.01433291229770793 0.014607881573401578 0.016116266500201495 0.019616654167390626 0.025594212815292595 0.03369354864069159 0.04238925263858778 0.049117641628088335 0.05140581188219993 0.04864000029279451 0.04253308934658461 0.035638384905063686 0.02973209480232191
-0.4964775926464356 0.030662783016522317 0.026180182377848298 0.022978936004668583 0.02062499095280141 0.018794159213469525 0.017325422826308785 0.016154421041601134 0.015300035578301851 0.014890102720642633 0.01519800689651196 0.01677206283650035 0.020367604225470202 0.02645826639184652 0.03467021244644254 0.043455588432063035 0.050238682142469474 0.052551690527764316 0.04978344589079407 0.04363779660909791 0.03666708217565603 0.03066278301652234
-0.493315314986267 0.03161528252130228 0.027033218571937884 0.02374569351453367 0.021323005287830644 0.01943963437885524 0.01793170269060028 0.016734352791935393 0.01586835764137005 0.015465624301219527 0.015807632009133783 0.017448631605655084 0.02114030580290064 0.027344314037652848 0.03566815598640358 0.044541928267625555 0.051378717067056504 0.053716382704294366 0.05094640398792198 0.04476320753309873 0.03771742430640813 0.03161528252130231
-0.4901530373260987 0.03258985126761456 0.027907751147253853 0.024532910646913295 0.02204039371650559 0.02010359249746636 0.01855590819610099 0.01733203376787083 0.016454682120401555 0.016059915400684705 0.0164371979380622 0.018146393422085377 0.021935130919567107 0.028252656352107927 0.0366876030293251 0.0456484339596636 0.05253786993649379 0.054899995837566384 0.05212898722775577 0.04590946406674009 0.038789606587555196 0.03258985126761458
-0.4869907596659304 0.03358674176939893 0.028804088398704526 0.025340933479350528 0.022777523248155723 0.02078641377654783 0.019198431499278714 0.017947871231978007 0.01705943513146403 0.016673417434112856 0.01708714721324796 0.018865768246276234 0.022752448627865025 0.029183589168461317 0.03772877180203252 0.04677526178011261 0.05371625882315133 0.05610263166874335 0.053331302060348175 0.04707670149594301 0.039883817757081205 0.033586741769398944
-0.48382848200576206 0.03460620077126562 0.029722534768892497 0.026170106444324936 0.0235347612260586 0.021488480245546168 0.019859667618888365 0.01858227591980159 0.017683046289111964 0.01730657454183113 0.017757923486078662 0.019607174969388335 0.023592624602911307 0.030137403191296958 0.038791874691482243 0.04792256221412058 0.05491399612533136 0.05732438605331676 0.054553448531440396 0.04826504820340733 0.041000239712437325 0.03460620077126564
-0.4806662043455935 0.035648468912969584 0.030663390492871426 0.027020771988088853 0.02431247502243356 0.022210175487431018 0.020540014187299265 0.019235661784648115 0.018325948414978255 0.017959833244678536 0.018449971132785445 0.020371030985834544 0.02445602072456522 0.031114383629366447 0.039877117944265614 0.049090479713999616 0.05613118835421801 0.05856534875934611 0.05579552007154039 0.04947462542761947 0.04213904722139306 0.0356484689129696
-0.4775039266854252 0.03671378039095698 0.03162695123669453 0.02789327022017332 0.02511103172183167 0.02295188435707814 0.02123987118774551 0.01990844572701725 0.018988577230079302 0.01863364208299751 0.01916373484303008 0.02115775175403057 0.02534299465155477 0.03211480982406686 0.04098470136380183 0.05027915245165788 0.05736793591973639 0.059825603265162446 0.05705760328505321 0.05070554702208495 0.043300407632287846 0.036713780390956983
-0.4743416490252569 0.03780236261727895 0.032613507729993475 0.02878793855367599 0.025930797792878716 0.023713992686529718 0.021959640677232464 0.02060104730839825 0.0196713710306245 0.019328451239278645 0.019899659193755494 0.021967750345554694 0.026253899388026008 0.033138954873869864 0.04211481800547165 0.05148871206971403 0.058624332915497145 0.06110522655670874 0.05833977773965638 0.05195791921501627 0.044484480583962566 0.03780236261727896
-0.4711793713650886 0.03891443587617482 0.03362334539283803 0.029705111336458142 0.026772138748342535 0.024496886976961976 0.0226997264948436 0.02131388844917019 0.020374770347140896 0.02004471214440382 0.020658188208407948 0.022801436982973884 0.02718908284284873 0.03418708525501984 0.04326765386994907 0.05271928343150141 0.059900466903003664 0.06240428892469163 0.05964211575611499 0.05323184036971106 0.045691417715650294 0.03891443587617482
-0.46801709370492023 0.04005021297863883 0.034656743957144444 0.030645119473397413 0.027635418793514457 0.025300954077205454 0.023460533955209233 0.022047393110361968 0.021099217586747043 0.02078287706745994 0.021439764901668608 0.023659218566620368 0.028148887382033683 0.03525946043883194 0.04444338759499931 0.05397098437017799 0.06119641869531032 0.06372285376172886 0.06096468219873823 0.05452740074586071 0.04692136237711764 0.040050212978638824
-0.46485481604475165 0.04120989891529378 0.03571397708291328 0.031608290039859335 0.028521000462912546 0.02612658084867937 0.024242469526913273 0.02280198695904766 0.021845156658433028 0.02154339868912234 0.02224483080985923 0.024541498190627103 0.029133649374633235 0.03635633250593367 0.045642190146019244 0.05524392543716315 0.0625122621403217 0.06506097735967693 0.062307534266680474 0.05584468226203272 0.048174449339349175 0.04120989891529377
-0.46169253838458335 0.04239369050790372 0.03679531196959225 0.03259494588656873 0.0294292442453314 0.026974153816618923 0.025045940495632066 0.023578097017172884 0.02261303258122824 0.02232672965863492 0.02307382550721581 0.025448674648555904 0.030143698732516055 0.037477945757803874 0.04686422450560241 0.056538209650129886 0.06384806390393093 0.0664187087073309 0.06367072128629521 0.05718375825957362 0.04945080450607495 0.04239369050790371
-0.45853026072441505 0.04360177605986885 0.037901008962876064 0.03360540523608172 0.030360508197285217 0.027844058807493927 0.025871354611819178 0.024376151293630827 0.02340329107516541 0.023133322134443843 0.023927186108254592 0.026381141928978363 0.03117935844442636 0.03862453632597723 0.0481096453624224 0.057853932240787345 0.06520388325320046 0.06779608928869318 0.06505428450475419 0.058544693268184414 0.05075054462644649 0.04360177605986883
-0.4553679830642467 0.044834335006052 0.03903132115726646 0.034639981271075475 0.03131514754490813 0.028736680572535207 0.026719119722768737 0.025196578399428307 0.02421637813497506 0.023963627308570344 0.02480534675648234 0.027339288701393186 0.0322409441047536 0.039796331779290546 0.04937859879973168 0.059191180402693895 0.06657977183979323 0.06919315288201004 0.06645825688514523 0.059927542773420224 0.05207377700916926 0.04483433500605198
-0.4522057054040781 0.046091537562297676 0.040186493994734285 0.03569898171469465 0.032293514274399394 0.029652402397307997 0.02758964338891332 0.02603980714580879 0.025052739586474904 0.024818094914841094 0.025708738099736353 0.02832349779289149 0.03332876343745925 0.04099355072956119 0.050671221983784334 0.06055003303934812 0.06797577348386827 0.07060992535978121 0.06788266290326839 0.061332352986373184 0.053420599238406266 0.046091537562297655
-0.4490434277439098 0.047373544375010665 0.04136676485983591 0.03678270840321026 0.03329595671112124 0.03059160569729278 0.02848333248423465 0.02690626612522442 0.025912820625646885 0.02569717272112435 0.026637786752467404 0.02933414565600506 0.03444311581562234 0.04221640243609704 0.051987642852496026 0.06193056051281041 0.06939192395866023 0.07204642448995158 0.06932751834635056 0.06275916061579627 0.05479109889177049 0.04737354437501065
-0.4458811500837415 0.04868050617117182 0.042572362671654276 0.03789145685126949 0.03432281908748083 0.0315546695994589 0.02940059278069151 0.027796383275078298 0.02679706534042744 0.02660130600575566 0.02759291474531313 0.030371601828200014 0.035584291777085386 0.043465086409449794 0.05332797980466298 0.06333282439311534 0.07082825077596809 0.07350265973849862 0.07079283011390447 0.06420799264293214 0.056185353260728536 0.04868050617117181
-0.4427188724235732 0.05001256340917269 0.04380350747294573 0.039025515810030886 0.03537444109974982 0.03254197050983852 0.030341828516593138 0.028710585424185243 0.027705916215266788 0.02753093701836696 0.028574538962337925 0.03143622838350099 0.03675257253669617 0.044739792014830346 0.054692341390067456 0.0647568772087368 0.0722847729727805 0.07497863207363058 0.0722785960209573 0.06567886609930927 0.05760342907373987 0.050012563409172685
-0.4395565947634046 0.05136984593086205 0.04506041001688992 0.040185166818503336 0.036451157454000335 0.033553881667137186 0.031307441948876705 0.029649297821932194 0.028639813618547734 0.02848650442537045 0.02958307056634948 0.03252837937675873 0.0379482294956597 0.04604069807561861 0.056080826000804405 0.06620276219837773 0.07376150089927347 0.07647433377181775 0.07378480460387928 0.06717178784777261 0.05904538222246041 0.05136984593086205
-0.4363943171032363 0.05275247261520053 0.04634327135185257 0.04137068374842465 0.037553297401359716 0.03459077268244215 0.0322978328892744 0.030612943650149667 0.029599195272988824 0.02946844274038152 0.030618914412732613 0.033648400281096426 0.03917152374852923 0.047367972477405984 0.057493521564169356 0.06767051306435777 0.07525843600841786 0.07798974822587959 0.07531143492904292 0.06868675436701563 0.06051125749134123 0.05275247261520053
-0.433232039443068 0.05416055103393026 0.047652282404586147 0.04258233234303895 0.038681184262813986 0.03565300906512038 0.033313398224388974 0.0316019435177413 0.03058449570919299 0.03047718173990291 0.031682468452275014 0.034796627419097566 0.04042270558838255 0.04872177177302165 0.058930505237456486 0.06916015372788056 0.07677557064744196 0.0795248497553564 0.07685845640454893 0.07022375153988472 0.062001088290957185 0.05416055103393027
-0.4300697617828997 0.05559417710966772 0.048987623562303725 0.04382036975014924 0.03983513494381254 0.03674095173502467 0.03435453141972518 0.03261671493815065 0.03159614570253786 0.031513145864625704 0.032774123123489325 0.03597338738831865 0.04170201401074199 0.05010224078899772 0.06039184310501555 0.07067169808646351 0.07831288785139376 0.08107960341939507 0.07842582859525093 0.07178275444572352 0.06351489639539909 0.055594177109667735
-0.42690748412273105 0.05705343477683768 0.050349464254077464 0.04508504404984533 0.04101545943895742 0.03785495652115957 0.035421622007761444 0.033657671789783086 0.032634571693644136 0.032576753606742975 0.033894260734970656 0.03717899648173724 0.0430096762168142 0.05150951223393995 0.06187758987792896 0.07220514977381985 0.0798703611390561 0.08265396483238241 0.08001350104131884 0.07336372715702952 0.06505269168406716 0.057053434776837705
-0.42374520646256275 0.058538395645868824 0.051737962532023035 0.046376593777325927 0.042222460327083995 0.03899537364698908 0.03651505506017866 0.03472522375953671 0.033700195192695064 0.0336684168837065 0.03504325483835887 0.038413760103767056 0.04434590711663676 0.05294370630927676 0.06338778859666809 0.07376050192248605 0.08144795431146866 0.08424787998256214 0.08162141308057694 0.0749666225406932 0.06661447188820437 0.05853839564586885
-0.42058292880239445 0.06004911867107899 0.05315326465274663 0.04769524744125715 0.043456432257072075 0.04016254720260263 0.03763521064440159 0.035819775769636936 0.03479343216792279 0.034788540398898254 0.036221469592510026 0.03967797218249689 0.04571090883273542 0.05440493032286763 0.06492247033709941 0.07533773692949265 0.08304562125331687 0.08586128505387572 0.08324949367485893 0.07659138206409304 0.06820022234250879 0.060049118671079024
-0.41742065114222615 0.061585649822678105 0.05459550465953867 0.04904122303812652 0.04471766142474987 0.041356814603987054 0.038782463264643297 0.03694172738800643 0.03591469241861435 0.03593752098972235 0.03742925911950905 0.04097191457882924 0.04710487020490395 0.055893278305955564 0.06648165392020831 0.0769368262253776 0.08466330573744744 0.08749410625126501 0.08489766124061673 0.07823793560631408 0.06980991574216326 0.06158564982267813
-0.4142583734820575 0.06314802176332468 0.05606480396581477 0.05041472756307598 0.04600642504128714 0.042578506039690565 0.03995718128768465 0.038091472222447506 0.03706437893303494 0.03711574696366593 0.038666966853192215 0.04229585649321938 0.04852796629673523 0.05740883063395856 0.06806534562591837 0.0785577300468478 0.08630094123277703 0.08914625962968142 0.08656582348402592 0.07990620127476317 0.0714435119056222 0.06314802176332471
-0.4110960958218892 0.06473625352967252 0.05756127094031082 0.051815956517716213 0.04732299079349913 0.04382794390519758 0.04115972635365892 0.03926939729895236 0.03824288723170682 0.03832359742291363 0.03993492488087558 0.04365005387073507 0.04998035790453923 0.058951653651595735 0.0696735389113827 0.08020039721339431 0.08795845071585941 0.0908176509270453 0.08825387724082763 0.08159608522744854 0.0731009575434945 0.06473625352967255
-0.4079338181617209 0.06635035021934908 0.05908500049455406 0.05324509341544631 0.04866761629651653 0.04510544222537402 0.04239045277215633 0.040475882424505435 0.03945060469652676 0.03956144157814163 0.041233453279020116 0.045034748805178645 0.05146219106929833 0.06052179930285456 0.07130621413413084 0.08186476490817361 0.08963574648638464 0.09250817540140219 0.08996170832114925 0.08330748150119446 0.07478218603386039 0.06635035021934911
-0.4047715405015526 0.06799030268380478 0.06063607367313729 0.05470230928482061 0.05004054853930267 0.046411306065375066 0.04364970690400082 0.04171129953478055 0.04068790988624615 0.04082963805215347 0.04256285944359129 0.04645016894303 0.05297359659231519 0.06211930476630215 0.07296333828045305 0.08355075846346403 0.09133272998687715 0.09421771767252135 0.09168919135954191 0.08504027184605405 0.07648711720435804 0.0679903026838048
-0.40160926284138404 0.06965608722748012 0.062214557247337 0.056187762171528016 0.05144202332353287 0.04774583093045167 0.044937826529100826 0.04297601202718715 0.04195517183888523 0.04212853417406207 0.043923437415904425 0.047896526887992064 0.05451468955522225 0.06374419209625484 0.07464486469940977 0.08525829115101313 0.09304929162687099 0.09594615156818577 0.09343618967047689 0.08679432556618791 0.07821565712137438 0.06965608722748014
-0.3984469851812157 0.07134766531373254 0.06382050331262189 0.057701596639565755 0.052872264696379866 0.04910930215512701 0.04625514020081551 0.044270374079762496 0.04325274936169557 0.04345846526475918 0.04531546720477391 0.04937401960693388 0.05608556884502539 0.06539646787031789 0.07635073284285311 0.08698726397759153 0.09478531061183369 0.09769333997542054 0.09520255510953785 0.08856949936746861 0.07996769788667285 0.07134766531373254
-0.3952847075210474 0.07306498327797058 0.0654539488906094 0.05924394327221245 0.05433148437778093 0.05050199428225722 0.047601966587328196 0.045594729956456845 0.04458099030933219 0.044819753914455286 0.04673921410581623 0.05088282783804755 0.05768631668486623 0.06707612284381287 0.07808086801185073 0.08873756548607027 0.09654065477711841 0.09945913469691037 0.09698812794054928 0.09036563721207362 0.08174311744178765 0.07306498327797056
-0.3921224298608791 0.07480797204843735 0.06711491553603266 0.06081491817341984 0.05581988118279182 0.05192417043252885 0.04897861380056089 0.046949413299404545 0.04594023085093968 0.046212709253107505 0.04819492801878149 0.05242311550204669 0.059316998171188885 0.06878313161160911 0.07983518110990026 0.0905090715623392 0.09831518042721847 0.1012433763128522 0.09879273670887408 0.09218257018031978 0.08354177938051005 0.07480797204843734
-0.3889601522007108 0.07657654687508941 0.06880340894928892 0.06241462247026577 0.057337640439664474 0.05337608166498775 0.05038537871321404 0.04833474640882416 0.0473307947269046 0.04763762621459562 0.049682842763818166 0.05399502911725341 0.06097766081800598 0.07051745227787862 0.08161356840332497 0.09230164524838393 0.1001087321806027 0.10304589404849217 0.100616198121116 0.09402011633999507 0.08536353276978884 0.07657654687508941
-0.38579787454054215 0.07837060706701215 0.07051941859514717 0.06404314181712624 0.05888493340431648 0.05485796632923629 0.051822546264562966 0.04975103951124036 0.0487529924960724 0.04909478479554216 0.051203175397601323 0.05559869721943181 0.06266833410896175 0.07227902613429374 0.08341591128924024 0.09411513656184191 0.10192114282041012 0.10486650564759456 0.10245831693145999 0.09587808062343639 0.0872082119793648 0.07837060706701214
-0.38263559688037385 0.08019003573881157 0.07226291732819606 0.0657005459022424 0.060461916671889694 0.05637004940997529 0.05329038875568943 0.05119859001676821 0.05020712077427045 0.05058444930970969 0.05275612553027919 0.05723422978723884 0.06438902905789264 0.0740677773471848 0.08524207607147923 0.09594938232235195 0.10375223315127834 0.10670501725208709 0.10431888583487695 0.09775625471259809 0.08907563652045038 0.08019003573881156
-0.37947331922020555 0.08203469956642279 0.07403386102562232 0.0673868879573779 0.06206873158612862 0.05791254186461285 0.05478916513487949 0.0526776817662542 0.05169346146502944 0.052106867638947944 0.05434187464422015 0.058901717674178566 0.06613973777859121 0.07588361265417772 0.087091913744867 0.09780420598501935 0.10560181186258617 0.10856122328813093 0.10619768536742365 0.09965441693235456 0.09096561089376691 0.08203469956642277
-0.37631104156003725 0.0839044485527649 0.07583218822790737 0.0691022042712731 0.06370550364733488 0.059485639954699535 0.0563191202739623 0.05418858426911384 0.05321228098343508 0.053662270481694876 0.05596058541556075 0.060601232047949295 0.06792043306447557 0.07772642107082366 0.08896525978822574 0.09967941748130654 0.10746967539838118 0.11043490635885357 0.10809448381385697 0.10157233215226938 0.09287792444723723 0.08390444855276488
-0.3731487638998687 0.08579911580367598 0.0776578197880405 0.07084651370762422 0.06537234191968828 0.06108952457199633 0.057880484236420005 0.0557315519327608 0.05476382947409234 0.05525087060007607 0.057612401039582886 0.06233282383808945 0.06973106797887205 0.07959607360773611 0.0908619339664969 0.10157481306766897 0.10935560783426912 0.11232583714398948 0.11000903712278537 0.10350975169706521 0.0948123512436353 0.08579911580367595
-0.3699864862397003 0.08771851731455128 0.07951065852984297 0.07261981722832545 0.06706933843875139 0.06272436056001969 0.05947347153814423 0.05730682328456894 0.056348340024226756 0.05687286206667735 0.05929744456096451 0.06409652319283037 0.07157157545661419 0.08149242299874258 0.09278174014235839 0.10349017518224359 0.11125938076153533 0.11423377430666401 0.11194108882957203 0.10546641326601731 0.09676864993847949 0.08771851731455127
-0.366824208579532 0.08966245176810687 0.08139058891600529 0.07442209742273104 0.06879656762000635 0.06439029603195473 0.061098280401767735 0.058914620187363556 0.057966027872993625 0.05852841951210248 0.06101581820997198 0.06589233894607499 0.07344186791766306 0.08341530344055935 0.09472446609771645 0.10542527230990417 0.11318075317876965 0.11615846440755878 0.11389036998720357 0.1074420408614931 0.09874656366845708 0.08966245176810687
-0.3636619309193637 0.09163070034367964 0.08329747672643302 0.0762533180437015 0.07055408566929587 0.06608746168586281 0.06275509200554466 0.06055514704948188 0.059617089618105995 0.06021769737445568 0.06276760274567521 0.06772025809542159 0.07534183689344559 0.085364530344485 0.09668988336544103 0.10737985885598493 0.11511947139125861 0.11809964182668747 0.11585659910532842 0.10943634472684782 0.10074581995065081 0.09163070034367964
-0.36049965325919514 0.0936230265384735 0.08523116874750467 0.07811342355121646 0.07234192999607351 0.06781597011815683 0.0644440697278071 0.06222859003049824 0.061301702420940254 0.06194082915192376 0.06455285680728826 0.06958024529215975 0.07727135266660994 0.08733990010061117 0.09867774707171607 0.10935367502897941 0.1170752689184113 0.12005702869301331 0.11783948209767126 0.11144902129388506 0.10276613059284011 0.0936230265384735
-0.3573373755990268 0.09563917600114975 0.0871914924728371 0.08000233866434264 0.07416011863038967 0.0695759151363538 0.06616535838806964 0.06393511624375407 0.0630200232113148 0.06369792665965922 0.0663716162747495 0.07147224234416466 0.07923026392488634 0.08934118985503531 0.10068779578936428 0.11134644673250989 0.11904786640947627 0.12203033482213045 0.11983871223801672 0.11347975314008037 0.10480719161513367 0.09563917600114978
-0.3541750979388585 0.09767887637815616 0.08917825581615756 0.08191996792236172 0.07600864964457081 0.07136737107215745 0.06791908348590643 0.06567487295688444 0.06477218789318356 0.06548907929219773 0.06822389363967156 0.07339616773262021 0.08121839742974 0.09136815730055882 0.10271975140250723 0.11335788546686588 0.12103697156780913 0.12401925766223283 0.12185397012495874 0.11552820895576324 0.10686868318318718 0.09767887637815618
-0.3510128202786902 0.09974183717317388 0.0911912468368734 0.083866195255864 0.07788750058056748 0.0731903920959585 0.06970535043876638 0.06744798679157625 0.06655831055252025 0.06731435329266375 0.0701096773877994 0.0753519161434944 0.08323555770049051 0.09342054048134087 0.10477331898290679 0.11538768824039647 0.12304227908393729 0.12602348224858145 0.1238849236555976 0.1175940435214379 0.10895026955324445 0.09974183717317392
-0.3478505426185216 0.10182774962006023 0.0932302334789312 0.08584088356863005 0.07979662788397637 0.07504501153388164 0.07152424381994496 0.06925456292384247 0.0683784826687111 0.06917379103005036 0.07202893139412882 0.07733935801469502 0.0852815267145686 0.09549805761197243 0.10684818667833491 0.11743553749104352 0.12506347057767295 0.12804268116668396 0.1259312280083658 0.11967689769542371 0.11105159902923763 0.10182774962006028
-0.3446882649583533 0.1039362865696473 0.09529496332354877 0.0878438743311225 0.08173596634575918 0.076931241188543 0.07337582659797037 0.07109468428614028 0.0702327723308096 0.07106741028587604 0.07398159433184207 0.07935833909982354 0.08735606362456676 0.09760040691142333 0.10894402561330517 0.11950110101829152 0.12710021454951173 0.1300765145243887 0.12799252563515612 0.12177639841198079 0.11317230393216514 0.10393628656964733
-0.34152598729818495 0.10606710239075409 0.09738516335640102 0.08987498718642162 0.08370542855270648 0.0788490706647192 0.07526013937871202 0.0729684107727063 0.07212122346004259 0.07299520355154836 0.07596757909622709 0.08140868004944554 0.08945890449273419 0.09972726645230899 0.11106048980249683 0.12158403192580802 0.1291521663415562 0.13212462993309493 0.1300684462629193 0.12389215869008392 0.11531200058196307 0.10606710239075412
-0.33836370963801665 0.10821983288574916 0.09950053974982914 0.09193401956943657 0.0857049043477087 0.08079846670115987 0.07717719965155459 0.07487577844952029 0.07404385503998798 0.07495713733777809 0.07798677224474629 0.0834901760107811 0.0915897620435484 0.10187829402590332 0.11319721607718684 0.12368396857503587 0.13121896810818937 0.13418666249826838 0.13215860690488787 0.1260237776529927 0.1174702892920659 0.10821983288574918
-0.3352014319778481 0.11039409522099781 0.10164077766064017 0.09402074634023178 0.08773426030091938 0.08277937250981174 0.07912700104102857 0.07681679877035379 0.07600066035587874 0.07695315149740888 0.08003903345442807 0.08560259624671769 0.09374832543498889 0.10405312702332381 0.11535382402500209 0.12580053454999635 0.13330024879672334 0.13626223481945016 0.13426261188157942 0.12817084055876152 0.11964675437685038 0.11039409522099787
-0.3320391543176798 0.11258948787250816 0.10380554104405024 0.09613491943230626 0.08979333919290855 0.08479170712374995 0.08110951256532213 0.07879145780039452 0.07799160624451493 0.07898315856303978 0.08212419499775012 0.08774568377503023 0.09593426004911867 0.10625138233329062 0.11752991594328961 0.12793333863355047 0.1353956241382364 0.13835095699993633 0.13638005285172308 0.13033291884182097 0.12184096417213666 0.11258948787250818
-0.3288768766575114 0.11480559058708428 0.10599447248432009 0.09827626751666804 0.09188195951092314 0.08683536475514536 0.0831246779031421 0.0807997154489784 0.0800166323562956 0.08104704310083505 0.0842420612381858 0.08991915502868861 0.09814720730256953 0.10847265625685892 0.11972507680639721 0.13008197479536177 0.13750469664880893 0.14045242666630173 0.13851050885324562 0.13250957016575518 0.12405247106891669 0.11480559058708428
-0.3257145989973431 0.11704196435927208 0.10820719304261318 0.10044449568253618 0.09399991495937653 0.08891021416461678 0.08517241467041925 0.08284150471298837 0.08207565043090229 0.08314466108191813 0.08639240814657456 0.0921226995381091 0.10038678447750188 0.11071652443949775 0.12193887424713805 0.1322460221917876 0.13962705564135425 0.14256622899792826 0.14065354635444208 0.1347003384873841 0.12628081156045862 0.11704196435927208
-0.32255232133717454 0.11929815142437883 0.11044330212260388 0.10263928513551009 0.09614697398570951 0.09101609804335015 0.08725261370839431 0.08491673093251917 0.08416854358819373 0.08527583927276396 0.08857498283947876 0.09435597963620075 0.10265258457360271 0.11298254182088409 0.12417085855270978 0.13442504517792528 0.14176227724823845 0.1446919367666958 0.14280871931545233 0.1369047541322562 0.12852550630293202 0.11929815142437883
-0.31939004367700624 0.12157367526782369 0.11270237735434117 0.10486029291403211 0.09832287932276498 0.0931528324093805 0.08936513838464426 0.08702527106042819 0.08629516563588589 0.08744037464600123 0.09078950314067286 0.09661863018703182 0.10494417618165633 0.11527024260275737 0.12642056267531887 0.13661859333202117 0.1439099244548689 0.14682911038697957 0.14497556926014987 0.13912233388164066 0.13078606018967887 0.12157367526782369
-0.31622776601683794 0.12386804065106892 0.11498397449686786 0.10710715162497042 0.10052734754883394 0.0953202060194626 0.09150982390864354 0.08916697294742869 0.08845534039561469 0.08963803381304564 0.0930356571669074 0.09891025833892982 0.1072611033792112 0.11757914023516887 0.12868750225775571 0.13882620149244862 0.146069547144428 0.1489772979760962 0.14715362535854754 0.14135258107110257 0.13306196243924684 0.12386804065106892
-0.3130654883566696 0.12618073365435836 0.11728762736007149 0.109379469199135 0.102760068666526 0.09751797979796221 0.09368647666347182 0.0913416546443935 0.09064886104898419 0.09186855247997855 0.09531310293906964 0.10123044330280102 0.10960288564883681 0.11990872742143682 0.13097117567414418 0.14104738980744116 0.1482406821539116 0.1511360354253216 0.14934240451980557 0.14359498570072807 0.1353526866972843 0.12618073365435836
-0.3099032106965013 0.12851122173647764 0.11961284774623462 0.11167682866753506 0.10502070570162786 0.09974588628422454 0.09589487355530883 0.09354910372356913 0.09287548950522313 0.09413163492808774 0.09762146801985314 0.10357873615643776 0.11196901781944936 0.12225847614210666 0.133271064086083 0.1432816637977631 0.15042285334162708 0.15330484648160392 0.15154141149592687 0.14584902455705895 0.1376576911523843 0.12851122173647764
-0.3067409330363327 0.1308589538117331 0.12195912541173075 0.11399878795917164 0.10730889432310826 0.10200362909988377 0.09813476138237254 0.09578907662041107 0.09513495579207405 0.09642695352047943 0.09996034917902809 0.10595465967555659 0.11435897003115814 0.1246278376981918 0.13558663151437744 0.1455285144324839 0.15261557166629375 0.15548324284007858 0.15375013899620807 0.1481141613467846 0.13997641866595065 0.13085895381173307
-0.3035786553761644 0.13322336034432597 0.12432592804929393 0.11634487972114758 0.10962424248542613 0.10429088243758534 0.1004058562249726 0.09806129799776525 0.09742695747154612 0.09875414823616072 0.10232931208738236 0.10835770819228252 0.1167721877240595 0.12701624277395338 0.1379173249265455 0.14778741821801084 0.15481833527787586 0.15767072424748382 0.15596806781250674 0.15038984684222448 0.14230829691614327 0.13322336034432597
-0.30041637771599605 0.1356038534602856 0.12671270129127515 0.11871461116186328 0.11196633009429734 0.10660729057260505 0.10270784285836604 0.10036546013413719 0.09975115908216642 0.10111282623298369 0.10472789104038585 0.11078734748177231 0.11920809165138488 0.12942310151945924 0.1402625743402708 0.1500578373005256 0.15703062962027103 0.15986677861656798 0.15819466695537673 0.15267551903862714 0.14465273855594937 0.13560385346028558
-0.29725410005582775 0.13799982707710007 0.12911886873427128 0.12110746391804647 0.11433470869706149 0.10895246739884193 0.10504037419010617 0.10270122233778753 0.10210719160935644 0.10350256144082254 0.10715558871259791 0.11324301467763344 0.12166607791737548 0.13184780365313592 0.14262179294295224 0.1523392195819493 0.15925192754595924 0.16207088215156074 0.16042939380110677 0.1549706033232945 0.14700914138540555 0.13799982707710007
-0.2940918223956592 0.14041065705117028 0.13154383198549852 0.12352289394634998 0.11672890119878562 0.11132599599067121 0.10740307072358586 0.10506821038840479 0.10449465198556077 0.1059228941863415 0.10961187594381763 0.11572411821677206 0.12414551804023669 0.13428971858451322 0.14499437722748956 0.15463099884955553 0.16148168944271143 0.16428249948477985 0.1626716942496938 0.15727451265653208 0.14937688853798722 0.14041065705117028
-0.2909295447354909 0.14283570134318893 0.1339869707312543 0.12596033144022853 0.1191484016052259 0.11372742819213238 0.10979552004947363 0.10746601600810006 0.1069131026217412 0.10837333085068813 0.11209619155794125 0.11823003781426589 0.12664575904049127 0.13674819555733256 0.14737970714442464 0.15693259491933093 0.16371936337244042 0.16650108382442294 0.16492100289376532 0.15958664776441134 0.15175534868116256 0.14283570134318893
-0.2877672670753225 0.145274300201532 0.13644764282779456 0.1284191807727871 0.12159267479375498 0.11615628423492627 0.11221727636674274 0.10989419636346724 0.10936207097183977 0.11085334356142489 0.11460794221546441 0.12076012446882954 0.12916612355502696 0.13922256381317533 0.14977714627054237 0.1592434137931737 0.16596438522226728 0.1687260771135935 0.1671767431984581 0.16190639734332013 0.15414387623109674 0.145274300201532
-0.2846049894151542 0.14772577636372228 0.13892518441492152 0.13089882046626325 0.12406115631334054 0.1186120523866761 0.11466786003497989 0.11235227360043833 0.1118410491317929 0.11336236991997883 0.11714650230052498 0.12331370049939741 0.13170590997709736 0.1417121327757352 0.15218604199401453 0.16156284782999797 0.16821617886785822 0.17095691020058443 0.16943832769224504 0.16423313827625985 0.15654181158147093 0.1477257763637223
-0.28144271175498564 0.15018943527601236 0.14141891005256038 0.13339860318878813 0.1265532522146438 0.12109418863090149 0.11714675715965729 0.11483973441365611 0.11434949347466147 0.11589981276586654 0.11971121384335263 0.1258900596133211 0.13426439262251152 0.1442161922558439 0.15460572571615558 0.1638902759308066 0.17047415634908053 0.17319300302044544 0.17170515816869336 0.1665662358608424 0.15894848134636994 0.15018943527601236
-0.27828043409481734 0.152664565331107 0.14392811288057017 0.13591785577903634 0.1290683389112789 0.12360211638012834 0.11965341921202902 0.11735602965206421 0.11688682432341395 0.11846503997890885 0.1223013864789463 0.12848846700663252 0.1368408219222103 0.14673401267732963 0.15703551306983768 0.16622506373777068 0.17273771805800506 0.17543376478783448 0.1739766258991228 0.16890504404891918 0.1613631986171753 0.15266456533110706
-0.27511815643464904 0.15515043812403068 0.1464520648020159 0.1384558792993532 0.13160576307325145 0.12613522622354234 0.12218726268530081 0.11990057396239683 0.11945242566287514 0.12105738432062287 0.12491629744276525 0.13110815949679314 0.1394344246414015 0.1492648453237681 0.15947470415459727 0.16856656384734575 0.17500625293927652 0.17767859420115187 0.1762521118561256 0.17124890569777088 0.1637852632333848 0.1551504381240307
-0.2719558787744807 0.15764630872611562 0.14899001669009054 0.14101194911790782 0.1341648415535587 0.12869287571055948 0.12474766878868951 0.12247274547221831 0.12204564489231154 0.12367614331592608 0.12755519160416715 0.13374834568829844 0.1420444041253851 0.15180792260615564 0.16192258378844013 0.17091411603743148 0.1772791387028506 0.17992687965793405 0.17853098694788858 0.17359715283276375 0.1662139620672619 0.15764630872611565
-0.2687936011143121 0.16015141597707477 0.15154119861885887 0.1435853150203966 0.13674486134890676 0.13127438917166495 0.12733398318096792 0.12507188551413784 0.12466579262009685 0.12632057917625492 0.13021728153828993 0.1364082061714762 0.14466994057217517 0.1543624583515141 0.16437842177633927 0.17326704750857178 0.17955574204908945 0.18217799948147678 0.18081261226325615 0.175949106921374 0.16864856932220526 0.16015141597707483
-0.2656313234541438 0.1626649827950926 0.15410482011795612 0.14617520135178094 0.13934507959546097 0.133879057577831 0.1299455157450516 0.12769729839278326 0.12731214250185124 0.1289899187651452 0.13290174763701784 0.1390868937547644 0.1473101913319828 0.15692764811240775 0.16684147319539527 0.17562467313917068 0.1818354189061869 0.18443132215864141 0.1830963393274517 0.17830407915846283 0.1710883468447111 0.16266498279509264
-0.2624690457939755 0.16518621650485368 0.1566800704513539 0.1487808071885125 0.1419647236005103 0.13650613843979348 0.13258154040515213 0.1303482511960841 0.12998393112341078 0.1316833536072783 0.1356077382596298 0.14178353373071886 0.1499642912335986 0.15950266949733144 0.1693109786966123 0.1779862957546871 0.1841175146798859 0.1866862065887872 0.18538151036837056 0.18066137076267763 0.1735325444497881 0.1651862165048537
-0.25930676813380715 0.16771430918339886 0.15926611892026632 0.15140130654165485 0.1446029909108805 0.13915485574841527 0.13524129498797194 0.1330239736523599 0.13268035792992414 0.1344000399419357 0.13833436992366724 0.1444972241759477 0.15263135293766836 0.1620866825218958 0.17178616482321846 0.1803512064107494 0.1864013645154283 0.18894200234375508 0.18766745859333672 0.18302027328383536 0.17598040025966244 0.16771430918339889
-0.2561444904736386 0.17024843802368275 0.16186211519024551 0.154035848591277 0.14725904941889056 0.14182439995732868 0.13792398112937468 0.13572365803466932 0.13540058520232803 0.1371390988217558 0.14108072753651202 0.14722703628512945 0.15531046731682846 0.16467882998071667 0.1742662443454427 0.18271868469011768 0.18868629357166805 0.19119804993881806 0.18995350847621048 0.18538006892113643 0.17843114105560196 0.17024843802368275
-0.2529822128134703 0.17278776571568022 0.16446718964247914 0.156683557952449 0.14993203750659773 0.14451392800899043 0.14062876422790963 0.13844645911381354 0.13814373808239003 0.13989961625762068 0.143845864668103 0.14997201473922012 0.15800070386262643 0.16727823783988352 0.17675041661163712 0.18508799901340156 0.19097161730725978 0.19345368111449893 0.19223897605471674 0.18774003085204222 0.1808839826426688 0.17278776571568022
-0.24981993515330198 0.17533144084487182 0.1670804537492762 0.15934353497313386 0.15262106422902916 0.14722256340523707 0.14335477344651584 0.14119149416133503 0.14090890464744876 0.14268064341044642 0.14662880386516852 0.15273117810791223 0.16070111111912058 0.16988401564986108 0.17923786791561702 0.18745840696342778 0.19325664177882354 0.1957082191291432 0.1945231692378554 0.19009942357163961 0.18333813022719567 0.17533144084487182
-0.24665765749313365 0.17787859830790909 0.1697010004736854 0.1620148560642139 0.15532520953703993 0.149949396323361 0.14610110176366473 0.14395784300378128 0.1436951360359106 0.14548119683057195 0.14942853700728329 0.15550351928635178 0.16341071714300887 0.172495256978643 0.18172777188006134 0.1898291556231267 0.19554066395096392 0.19796097906211757 0.19680538812323764 0.1924575032422974 0.18579277880676445 0.17787859830790909
-0.24349537983296507 0.1804283597452454 0.17232790469316744 0.16469657406185922 0.15804352454038811 0.15269348377867462 0.14886680607513916 0.1467445481294405 0.14650144662449685 0.14830025874538777 0.15224402570500503 0.15828800596607756 0.166128529990109 0.17511103986495882 0.18421928985580588 0.19219948192679728 0.19782297201801285 0.20021126812749507 0.19908492532418443 0.194813518053414 0.18824711357245044 0.1804283597452454
-0.24033310217279674 0.1829798339904898 0.17496022364720135 0.16738771862238655 0.16077503181155475 0.15545384983445779 0.15165090734757447 0.14955061484868 0.14932681425815691 0.15113677739576234 0.15507420174027928 0.16108358114009097 0.16885353822796775 0.17773042729130092 0.18671157133683203 0.19456861302458664 0.20010284573734646 0.20245838599807167 0.20136106630640724 0.19716670859103805 0.19070031032308254 0.18297983399048978
-0.23717082451262844 0.1855321175362271 0.1775969974086764 0.17008729664971778 0.1635187257307813 0.1582294858601198 0.1544523908248139 0.15237501150894303 0.1521701805334914 0.15398966742175993 0.15791796754923867 0.1638891636419212 0.17158471147434712 0.18035246767651825 0.18920375439073892 0.19693576666000656 0.20237955677411246 0.20470162513954723 0.20363308973408376 0.1995163082171359 0.19315153589125292 0.18553211753622703
-0.23400854685246011 0.18808429501601345 0.18023724937888172 0.1727942927554924 0.1662735728727263 0.16101935083832722 0.1572702062880466 0.15521666976537168 0.15503045113643701 0.1568578102980582 0.16077419674745266 0.16670364871848836 0.17432100096129 0.18297619538768845 0.1916949661044601 0.19930015156028574 0.20465236905718467 0.2069402711546854 0.2059002678251209 0.20186154345826238 0.19559994858079435 0.18808429501601343
-0.23084626919229181 0.1906354397022475 0.18287998680587533 0.17550766975183923 0.16903851243508528 0.1638223717217789 0.16010326837061845 0.15807448490794498 0.15790649623489142 0.1597400548194024 0.16364173469762278 0.16952590863652753 0.17706134012443828 0.18560063127096108 0.194184323044969 0.20166096783934528 0.2069205391461511 0.20917360313725994 0.20816186671539433 0.204201634403385 0.19804469861543006 0.1906354397022475
-0.2276839915321232 0.1931846140195876 0.1855242013259794 0.17822636917676482 0.1718124567094474 0.1666374438402256 0.1629504569283159 0.16094731624592448 0.16079715092686003 0.16263521763634775 0.1665193991196479 0.17235479332227777 0.17980464521723705 0.188224783201034 0.1966709317346961 0.20401740741316293 0.2091833166091238 0.21140089403557583 0.21041714683173676 0.20653579511059708 0.20048492859828745 0.1931846140195876
-0.2245217138719549 0.19573087007356488 0.18816886952810816 0.18094931185205668 0.1745942915945884 0.1694634313582464 0.16581061746582762 0.16383398755030493 0.1637012157446148 0.16554208384145833 0.169405980742911 0.17518913103408792 0.18254981594961708 0.19084764664889617 0.19915388914135518 0.2063686544272731 0.21143994441114022 0.21362141102534213 0.2126653632734331 0.2088632340224419 0.20291977398194955 0.19573087007356488
-0.2213594362117866 0.19827325019402595 0.1908129535406106 0.18367539847355582 0.17738287715233825 0.1722991677842152 0.16868256162000111 0.16673328755487624 0.16661745721526702 0.1684594076060496 0.17230024400057928 0.178027729067546 0.18529573615072223 0.1934682052674524 0.2016322831818648 0.2087138856961379 0.21368965931291828 0.2158344158916621 0.21490576620197804 0.2111831543895663 0.2053483635487107 0.19827325019402595
-0.21819715855161828 0.20081078749300954 0.19345540164026187 0.1864035102335871 0.18017704820607347 0.17514345653078764 0.1715650677004 0.16964397051638688 0.16954460847804478 0.1713859128674663 0.1752009277656249 0.18086937449267573 0.18804127445519758 0.19608543149460678 0.20410519324001788 0.21105227115409747 0.21593169227970108 0.21803916541988666 0.21713760123882736 0.21349475470239948 0.2077698199006808 0.20081078749300954
-0.2150348808914497 0.20334250643664897 0.19609514888301455 0.189132509475293 0.18297561498182274 0.17799507152716057 0.17445688128757608 0.17256475683420683 0.17248136995847854 0.1743202940668071 0.17810674612821575 0.1837128349227033 0.19078528501253192 0.19869828717336838 0.2065716906975441 0.21338297431759973 0.21816526889992272 0.2202349117950726 0.2193601098708747 0.21579722913055382 0.21018325995937728 0.20334250643664897
-0.21187260323128138 0.20586742343066516 0.1987311177560757 0.1918612403785521 0.18577736379188625 0.1808527578832468 0.1773567158893531 0.17549433372976675 0.17542641009958257 0.17726121693691024 0.18101638921404267 0.18655685931383528 0.19352660821890105 0.20130572418850673 0.20903083947818027 0.21570515275838567 0.22038960981340272 0.2224209030097651 0.22157252986336573 0.21808976796962448 0.21258779547442613 0.20586742343066516
-0.20871032557111308 0.2083845474190027 0.20136221885085206 0.19458852967711537 0.1885810577608003 0.18371523260582465 0.18026325365531992 0.1784313559859483 0.17837836615002356 0.18020731934032852 0.1839285240430893 0.18940017879544838 0.19626407147093491 0.20390668511927 0.21148169660435204 0.21801795858729497 0.2226039311487704 0.22459638327982104 0.22377409567995749 0.22037155809506268 0.21498253354098515 0.2083845474190027
-0.20554804791094475 0.21089288049513139 0.20398735155625797 0.19731318740652906 0.19138543759338766 0.18658118536660404 0.18317514614960478 0.1813744467464719 0.18133584500914857 0.18315721215692027 0.18684179542826373 0.19224150753002686 0.19899648994078317 0.20650010390764234 0.21392331276604143 0.22032053894833364 0.22480744496979588 0.22676059346796618 0.2259640389096138 0.22264178342277918 0.21736657712548432 0.21089288049513144
-0.20238577025077617 0.21339141852552773 0.2066054047718588 0.2000340076823649 0.19418922238456526 0.18944927932206562 0.1860910151818988 0.18432219837522162 0.18429742412864347 0.18610948022059906 0.18975482691325388 0.1950795436021463 0.2017226673718329 0.2090849065416034 0.21635473290140594 0.2226120365226348 0.22699935973030003 0.22891277151477696 0.22814158870002266 0.22489962537613253 0.21973902559927377 0.2133914185255278
-0.19922349259060784 0.21587915178482234 0.2092152576402796 0.20274976950821447 0.19699111047048637 0.19231815198481045 0.1890094536965687 0.1872731733753166 0.18726165247047225 0.18906268330467974 0.19266622174888345 0.19791296993574126 0.2044413968943883 0.21166001175282068 0.21877499678868506 0.22489159004192288 0.2291788807372929 0.23105215287675804 0.23030597219720614 0.2271442633589408 0.22209897527975153 0.2158791517848224
-0.19606121493043954 0.21835506560209073 0.2118157802982831 0.20545923761285667 0.19978978032052502 0.19518641614606422 0.19192902671958756 0.19022590536762365 0.19022705152064157 0.19201535715517384 0.19557456390718536 0.2007404552388548 0.20715146186059882 0.21422433172819155 0.2211831396489243 0.22715833481108114 0.2313452106219855 0.23317797097118212 0.23245641499099126 0.22937487523415415 0.2244455199785409 0.21835506560209078
-0.19289893727027124 0.2208181410177363 0.21440583464587887 0.20816116331593978 0.2025838914695126 0.1980526608488597 0.19484827236287783 0.1931789001282691 0.19319211635820938 0.19496601457127846 0.19847841913232442 0.20356065497500822 0.20985163669787923 0.2167767728346171 0.22357819275901428 0.22941140323939874 0.2334975498182953 0.23528945762733888 0.23459214156598968 0.2315906378078077 0.2267777515562657 0.22081814101773634
-0.18973665961010264 0.2232673554504072 0.21698427513280238 0.2108542854214748 0.2053720854895644 0.20091545241132353 0.19776570288554862 0.19613063668459269 0.1961553167788491 0.19791314653221867 0.20137633602744295 0.20637221236029193 0.21254068778004453 0.21931623635637945 0.2259591840745373 0.23164992538006793 0.23563509704846344 0.23738584354383643 0.23671237575773646 0.23379072731787426 0.2290947604834726 0.22326735545040727
-0.18657438194993434 0.22570168337336516 0.21954994956166304 0.21353733113837098 0.2081529870007428 0.20377333549937512 0.200679805811373 0.1990795684688477 0.1991150984721566 0.20085522336949788 0.20426684717642213 0.20917375938522279 0.21521737431534368 0.22184161924446477 0.22832513886188954 0.2338730294774775 0.23775704981538046 0.239466358751582 0.23881634121361922 0.23597431992762283 0.2313956364072327 0.22570168337336521
-0.183412104289766 0.22812009699971453 0.2221016999070371 0.2162090170272001 0.21092520471972456 0.2066248342480435 0.20358904510173464 0.20202412452883292 0.2020698842517761 0.2037906959835246 0.20714847029949238 0.21196391786037655 0.21788044925055486 0.22435181487716066 0.23067508033913472 0.23607984252184586 0.23986260490121292 0.24153023308206503 0.2409032618582307 0.2381405922230874 0.23367946872295062 0.22812009699971458
-0.1802498266295977 0.23052156697587628 0.22463836314974 0.21886804997230797 0.2136873325455496 0.20946845343048626 0.20649186238313244 0.20496271079449752 0.2050180753372935 0.20671799710347508 0.21001970944154508 0.21474130048474732 0.22052866019026585 0.22684571383122726 0.23300803032502368 0.23826949081070978 0.24195095887190146 0.2435766966405459 0.2429723623627583 0.24028872171423452 0.23594534715089593 0.23052156697587634
-0.1770875489694291 0.2329050630826863 0.22715877212549512 0.22151312817835056 0.21643795068145177 0.2123026796736945 0.2093866782282164 0.2078937113994438 0.20795805268673692 0.2096355425891714 0.21287905619194378 0.2175045119357542 0.22316075033044702 0.22932220466293232 0.23532300989560587 0.24044110051678377 0.2440213085871002 0.24560498028375444 0.24502286861802655 0.24241788733942182 0.2381923623169681 0.2329050630826863
-0.1739252713092608 0.23526955494347504 0.22966175638717584 0.22414294219026934 0.21917562679168315 0.2151259827197492 0.21227189348918915 0.21081549005611028 0.21088817837839974 0.2125417327736479 0.21572499093455497 0.2202521499797646 0.22577545940538787 0.23178017469821408 0.23761904004783677 0.24259379826168367 0.2460728517151062 0.2476143161016855 0.24705400821079385 0.2445272699727241 0.24041960633719536 0.23526955494347504
-0.17076299364909248 0.23761401273848012 0.23214614307978038 0.2267561759356764 0.2218989171921683 0.21793681673139007 0.21514589068228887 0.21372639148329753 0.21380679704058975 0.2154349538449982 0.21855598412666516 0.22298280660196898 0.22837152464705196 0.2342185108312249 0.23989514236957943 0.24472671169500212 0.2481047872523273 0.2496039379030754 0.24906501090290403 0.24661605293370673 0.24262617340546463 0.2376140127384801
-0.16760071598892418 0.23993740792492257 0.23461075782726187 0.22935150778856034 0.22460636807373452 0.22073362164054208 0.21800703542193164 0.2166247428845576 0.21671223732778597 0.21831357926599074 0.22137049760537672 0.22569506915439624 0.23094768175587174 0.23663610033048552 0.2421503397153751 0.2468389700782062 0.25011631604681595 0.25157308170413023 0.25105510911288076 0.2486834224992114 0.2448111603839682 0.23993740792492255
-0.16443843832875557 0.2422387139620728 0.23705442563031748 0.2319276116531818 0.22729651675659296 0.2235148245383417 0.2208536779029726 0.21950885547584947 0.2196028134415739 0.22117597122986352 0.22416698592002213 0.22838752152082625 0.233502665881989 0.23903183165186864 0.24438365688735342 0.2489297048728208 0.2521066413253961 0.2535209862200724 0.2530235383995507 0.25072856841672264 0.2469736673958515 0.24223871396207278
-0.16127616066858727 0.24451690704061596 0.2394759717742109 0.2344831580669735 0.2299678929746609 0.22627884110509433 0.22368415442941436 0.22237702606072823 0.2224768266946152 0.2240204821506111 0.2269438976890716 0.23105874529731585 0.2360352126159197 0.24140459525761343 0.24659412132063577 0.25099805033234773 0.25407496922389483 0.25544689335906273 0.2549695379472745 0.25275068441887244 0.24911279841953732 0.24451690704061593
-0.15811388300841897 0.24677096681562272 0.24187422274568426 0.23701681532121896 0.232619020188245 0.229024077078493 0.2264967889877741 0.2252275386512153 0.22533256711579944 0.22684545618600083 0.22969967697995722 0.23370732098702662 0.2385440589876081 0.2437532844405617 0.2487807637725785 0.253043144097365 0.25602050931998876 0.2573500487180519 0.25689235105236163 0.25474896873864383 0.2512276618842025 0.2467709668156227
-0.15495160534825064 0.24899987714241179 0.24424800715798492 0.23952725059822963 0.23524841692352136 0.23174892975831796 0.2292898948631878 0.22805866613236656 0.22816831509460847 0.22964923079146052 0.23243276471017335 0.23633182920799894 0.2410279444728069 0.2460767961527874 0.25094261901518483 0.25506412779323484 0.2579424751681579 0.25922970208010127 0.2587912256102341 0.25672262462482087 0.25331737126587006 0.24899987714241176
-0.15178932768808234 0.2512026268145934 0.24659615668301865 0.24201313112370604 0.2378545981371853 0.23445178954574333 0.23206177629622166 0.23086867196843996 0.2309823430626269 0.23243013830290976 0.23514160006796778 0.23893085191249755 0.24348561200570978 0.2483740318377863 0.25307872653001423 0.25706014762984797 0.25984008483624244 0.2610851079127177 0.2606654146029086 0.2586708608572395 0.25538104568358605 0.2512026268145933
-0.14862705002791374 0.2533782103035666 0.2489175069896172 0.24447312533292134 0.24043607660456634 0.23713104151527298 0.23481073017823834 0.23365581194844193 0.23377291721002283 0.2351865075465228 0.23782462195088402 0.24150297361651826 0.24591580899674437 0.2506438982653776 0.2551881312049002 0.2590303550028171 0.2617125614430847 0.2629155258667319 0.2625141765863568 0.260592892261384 0.2574178104951397 0.2533782103035666
-0.14546477236774544 0.2555256284987408 0.2512108986868898 0.24690590404932575 0.24299136432943852 0.23978506701723362 0.23753504778304996 0.23641833596871686 0.23653829923472122 0.23791666547333612 0.24048027042036668 0.24404678263801902 0.24831728835441627 0.2528853083684593 0.25726988403178563 0.26097390709553187 0.26355913369673406 0.2647202212752511 0.26433677617730034 0.26248794022187455 0.2594267978917863 0.2555256284987408
-0.1423024947075771 0.2576438894477448 0.253475178271613 0.24931014167413756 0.24551897397369338 0.24241224530866337 0.24023301653248744 0.2391544898501349 0.23927674812190258 0.2406189388165478 0.24310698817060095 0.24656087234241808 0.25068880951008665 0.25509718208075516 0.2593230428049757 0.26288996748147536 0.2653790364326901 0.2664984656522135 0.2661324845390005 0.26435523319439247 0.2614071474914326 0.2576438894477448
-0.1391402170474088 0.25973200909588107 0.2557091990785931 0.251684517385444 0.24801742030497353 0.24501095521033817 0.242902921793398 0.24186251718731894 0.2419865219513558 0.24329165576927736 0.24570322200970707 0.24904384239387242 0.25302913944454647 0.2572784471746749 0.2613466728190993 0.2647777067262017 0.2671715111516498 0.26824953719006145 0.2679005798655913 0.26619400721558084 0.2633580069297365 0.25973200909588107
-0.1359779393872402 0.26178901202407934 0.2579118222329268 0.25402771634530746 0.2504852216603147 0.24757957678760073 0.24554304870349056 0.2445406612272547 0.24466587973013287 0.2459331476805002 0.24826742435138058 0.2514943000108351 0.2553370537152491 0.25942804009841325 0.2633398475660703 0.2666363029883647 0.2689358065562241 0.2699727212560561 0.26964034786451 0.26800350641046744 0.26527853244857985 0.26178901202407934
-0.1328156617270719 0.2638139321845991 0.2600819176030672 0.25633843091333813 0.2529209014237793 0.250116493052569 0.24815168402334226 0.2471871667745226 0.24731308324786438 0.24854175076680193 0.250798054715024 0.25391086122436735 0.25761133748304466 0.2615449068113972 0.2653016494303289 0.26846494261918696 0.2706711790860846 0.2716673108867472 0.27135108223657534 0.2697829834969484 0.26716788948136727 0.2638139321845991
-0.12965338406690358 0.2658058136337334 0.26221836475359794 0.258615361865171 0.2553229895160215 0.2526200916852312 0.2507271180117962 0.24980028212030253 0.24992639895201788 0.2511158078375487 0.25329358123239193 0.25629215213767204 0.2598507865372634 0.2636280036171991 0.267231170381647 0.27026282075975694 0.2723768934510001 0.27333260728011544 0.27303208515326394 0.2715317002868785 0.26902525323460913 0.2658058136337334
-0.12649110640673528 0.2677637112607553 0.26432005389659946 0.260857219614251 0.2576900238936652 0.2550887667708526 0.2532676463218789 0.2523782609922043 0.25250409984029903 0.2536536700310078 0.2557524821587305 0.25863681018528994 0.2620542083179769 0.2656762979930162 0.2691275126647714 0.27202914193553146 0.2740522231612162 0.27496792028489736 0.2746826677307333 0.2732489281833085 0.2708498092652436 0.2677637112607553
-0.12332882874656668 0.2696866915123579 0.2663858868404937 0.2630627254353156 0.2600205520563394 0.25752092055106135 0.2557715719142972 0.25491936452190206 0.25504446736733416 0.2561536985589125 0.25817324738637487 0.2609434853904013 0.2642204229342739 0.2676887694148279 0.270989789485183 0.27376312064743036 0.27569645105463714 0.2765725688866093 0.2763021505001433 0.2749339486734162 0.2726407540531579 0.26968669151235797
-0.12016655108639837 0.27157383311183364 0.26841477793523844 0.26523061268793763 0.2623131325591696 0.2599149651859109 0.25823720698548736 0.25742186322746674 0.257545793362699 0.25861426645691676 0.2605543799587417 0.263210841618658 0.2663482641773772 0.2696644101773331 0.2728171256902455 0.2754639819588992 0.2773088698202611 0.27814588168978077 0.27788986387382575 0.27658605381667817 0.27439729556836917 0.2715738331118337
-0.11700427342623006 0.27342422777224185 0.2704056550127445 0.2673596280384782 0.26456633652849126 0.262269324524165 0.2606628749071247 0.2598840390072236 0.2600063819573101 0.26103376033834985 0.26289439758263344 0.26543755782696915 0.26843658052743197 0.27160222620777646 0.27460865844502225 0.2771309620783242 0.27888878251732685 0.2796871973959134 0.2794451486068575 0.27820454672783135 0.27611865383233064 0.27342422777224185
-0.11384199576606176 0.2752369809028161 0.2723574603213822 0.269448532678781 0.2667787491785133 0.26458243587899494 0.2630469121739344 0.26230418714189363 0.2624245515151286 0.26341058214864194 0.2651918341367564 0.26762232930565694 0.2704842361527937 0.2735012378727678 0.27636353790203333 0.2787633089361774 0.2804355030896258 0.2811958652766797 0.28096735625358943 0.2797887420541771 0.2778040614728295 0.2752369809028161
-0.11067971810589315 0.27701121230786585 0.2742691514534437 0.27149610353992976 0.2689489713266376 0.26685275180623474 0.26538767035658567 0.26468061830172024 0.26479863656709307 0.26574315091776773 0.2674452411743412 0.2697638689123983 0.27249011190064976 0.275360480777209 0.27808092786423616 0.28036028275627795 0.281948356874438 0.2826712456418784 0.2824558496186907 0.2813379664467835 0.27945276427194954 0.27701121230786585
-0.10751744044572485 0.2787460568774304 0.27613970226442797 0.27350113449938085 0.27107562090511117 0.2690787418823015 0.2676835180564037 0.2670116605552313 0.26712698974414506 0.2680299045080266 0.26965318941774713 0.2718609082963701 0.2744531062778088 0.2771790065544403 0.2797600064405092 0.28192115662055284 0.28342668110555225 0.28411271030166785 0.28391000320226784 0.28285155902514647 0.2810640217065752 0.2787460568774304
-0.10435516278555654 0.28044066526895367 0.2779681037830203 0.275462437579781 0.2731573344666754 0.2712588944788528 0.26993284285858804 0.2692956613762446 0.26940798370618835 0.27026930135446436 0.2718142702429271 0.27391219911101916 0.2763721364205045 0.27895588364673013 0.2813999666929269 0.283445217026689 0.2848698254098344 0.2855196430226005 0.285329203638625 0.2843288718348746 0.28263710748091986 0.2804406652689536
-0.10119288512538822 0.28209420457924567 0.2797533651106376 0.27737884413777036 0.27519276868185505 0.27339171853122485 0.27213405328058765 0.27153098964568306 0.27164001306378444 0.27245982219522163 0.273927097151626 0.2759165142138814 0.27824613905206097 0.2806901980752327 0.2830000172751174 0.284931764438068 0.2862771522968097 0.286891439976985 0.2867128501282327 0.28576927029796634 0.28417131005056756 0.2820942045792456
-0.09803060746521963 0.2837058590060136 0.2814945143094216 0.279249206041079 0.27718060182552573 0.2754757452976749 0.27428558071225656 0.273716037644741 0.2738214962893735 0.2745999717890907 0.27599030722919216 0.27787264885188734 0.28007407142728064 0.2823810541985494 0.28455938306100015 0.286380113825383 0.2876480376407332 0.28822751018510884 0.28806035486247894 0.287172133655256 0.28566593313752126 0.2837058590060135
-0.09486832980505132 0.28527483049824576 0.2831905992775655 0.2810723968322246 0.2791195352503919 0.2775095301064371 0.2763858813443907 0.27584922303591936 0.27595087761479337 0.2766882806175581 0.27800256258588524 0.2797794218305979 0.2818549122624263 0.28402757545903895 0.28607730576320894 0.2877895951993429 0.288981871154624 0.28952727594985733 0.28937114344078235 0.2885368554006085 0.2871202962357622 0.2852748304982457
-0.091706052144883 0.2868003393947487 0.28484068861087575 0.28284731287712866 0.2810082948450106 0.2794916540875947 0.2784334380822349 0.2779289908284375 0.2780266289118649 0.2787233065686163 0.2799625517795783 0.2816356766658343 0.28358766264968155 0.2856289051160314 0.2875530445405162 0.28915955413387584 0.2902780568557494 0.2907901732832748 0.29064465527965316 0.28986284370645315 0.28853373510683045 0.28680033939474864
-0.08854377448471469 0.28828162505013843 0.28644387244947234 0.28457287449697494 0.2828456324739956 0.28142072588676437 0.28042676244053805 0.27995381532451674 0.28004725155280696 0.2807036365996284 0.28186899121775977 0.28344028271617316 0.28527134695498585 0.28718420696510993 0.28898587659357744 0.2904893522792507 0.2915360135220476 0.2920156523246138 0.2918803440132908 0.29114952184024817 0.2899056022649441 0.2882816250501383
-0.0853814968245461 0.28971794644760845 0.2879992633085548 0.2862480270816518 0.2846303273980546 0.2832953833576022 0.28236439641674327 0.2819222020430418 0.2820112782472593 0.28262788837655517 0.2837206265367676 0.28519213629480555 0.2869050136981598 0.288692666042642 0.29037509774833153 0.29177836786454453 0.292755175138988 0.2932031777494318 0.29307767788531924 0.29239632857148057 0.2912352674511856 0.28971794644760834
-0.08221921916437779 0.29110858279780094 0.2895059968921678 0.2878717421831333 0.28636118767152197 0.28511429523014764 0.28424491433890503 0.2838326896171112 0.283917274852701 0.2844947118868647 0.28551623395620407 0.28689016175927334 0.2884877364142527 0.29015348931474993 0.29172002302639916 0.2930259961888942 0.2939349913363769 0.29435222916929865 0.2942361401312645 0.29360271856881104 0.2925221180962919 0.29110858279780083
-0.07905694150420949 0.29245283412312517 0.2909632328889227 0.289443018587176 0.2880370515150746 0.28687616275204453 0.2860669246849461 0.28568385166201127 0.2857638421550784 0.2863027910234756 0.28725462160650916 0.2885333125776243 0.29001861449506283 0.2915659063499327 0.2930199872018378 0.2942316501009805 0.29507492781462286 0.2954623015216875 0.29535522935138864 0.2947681627869826 0.29376555977159713 0.29245283412312506
-0.07589466384404117 0.2937500218268797 0.29237015574864506 0.29096088336172915 0.2896567886613398 0.2885797212997019 0.28782907186989287 0.28747429861017115 0.2875496176164826 0.28805084513711243 0.28893463082769894 0.29012057236955074 0.29149677400980245 0.2929291699745575 0.2942743453436188 0.2953947604662011 0.2961744667599891 0.2965329054496307 0.2964344598735027 0.2958921488431203 0.2949650166276823 0.2937500218268796
-0.07273238618387286 0.2949994892465497 0.29372597543894435 0.2924243928804846 0.2912193016711391 0.2902237419564944 0.28953003799776217 0.28920267950969814 0.289273277086758 0.2897376305544932 0.2905551374373107 0.2916509559211053 0.2929213685039022 0.29424255691046824 0.2954824733432133 0.29651477662100645 0.2972331072483677 0.2975635676707328 0.2974733621053896 0.29697418138205994 0.2961199318203055 0.29499948924654956
-0.06957010852370427 0.2962006021906663 0.29502992818071666 0.2938326338200196 0.2927235272181445 0.2918070330551391 0.2911685445748166 0.2908676837831313 0.29093353647596293 0.2913619420598067 0.2921150529656331 0.2931235101716204 0.29429157977497333 0.2955053683939665 0.2966437684266825 0.29759116681387876 0.2982503656371241 0.29855383133514063 0.2984714828764779 0.298013782430351 0.29722976792318867 0.2962006021906662
-0.06640783086353595 0.29735274945863227 0.2962812771616215 0.29518472412902 0.2941684373397669 0.2933284416814342 0.292743354180955 0.29246804294310763 0.29252915338466007 0.29292261433698835 0.2936133258563409 0.29453731517148823 0.2956066186249694 0.2967169307754458 0.2977576496506862 0.2986234186324529 0.2992257759445701 0.2995032563720826 0.2994283857684178 0.2990104917385923 0.29829400732725636 0.2973527494586322
-0.06324555320336764 0.2984553433429355 0.2974793132265966 0.29647981396810585 0.29555304065214066 0.29478685513660063 0.29425327209606655 0.2940025322616952 0.29405892868907 0.29441852337035734 0.2950489426307021 0.29589148500949614 0.2968657255876218 0.29787659609897993 0.2988235583818411 0.2996110394162898 0.3001588902166386 0.30041141982460173 0.30034365143421954 0.2999638671117667 0.2993121526259318 0.29845534334293544
-0.060083275543199324 0.29950782011318783 0.2986233555444985 0.29771708661881935 0.29687638352711865 0.2961812023555245 0.2956971478782397 0.2954699723902143 0.29552170807818773 0.29584858780123263 0.29642092901356765 0.2971851687084475 0.29806817163024324 0.298983742661185 0.2998409587588754 0.30055355665482725 0.3010492788803427 0.30127791617211486 0.3012168779056273 0.3008734847272541 0.30028372698610645 0.29950782011318783
-0.05692099788303073 0.30050964048145085 0.299712752249991 0.2988957593603776 0.29813755122924923 0.2975104552782699 0.2970738768907978 0.2968692309264488 0.29691638354003713 0.2972117702382158 0.29772835101941325 0.2984175510878416 0.29921325882903105 0.3000377755487009 0.3008093381370462 0.301450518370051 0.301896531083621 0.3021023576404478 0.30204768088841155 0.3017389394402122 0.3012082745044181 0.30050964048145085
-0.053758720222862426 0.3014602900483219 0.3007468810598284 0.30001508431283513 0.2993356690107635 0.2987736301723019 0.2983824017752091 0.29819922392622966 0.2982418947943145 0.29850707851889063 0.2989703159967527 0.2995878535924217 0.300300321017027 0.30103812715365796 0.3017282075143038 0.3023014934834422 0.3027002550211779 0.3028843744990035 0.3028356940452736 0.302559845076026 0.3020853605484801 0.301460290048322
-0.05059644256269411 0.30235927972928556 0.30172514986271554 0.30107434924535087 0.30046990316267 0.29996978890294396 0.2996217138670186 0.2994589173564714 0.29949723066876477 0.2997335669207729 0.30014597362930645 0.3006953350854543 0.3013287244039285 0.30198425766652376 0.30259710193871037 0.3031060721667788 0.30346007824595145 0.3036236153447403 0.3035805692660729 0.30333583470954245 0.30291457208272576 0.30235927972928567
-0.0474341649025258 0.3032061461608429 0.30264699728195604 0.3020728783482994 0.3015394620201177 0.3010980401496741 0.3007908545520349 0.3006473284868344 0.3006814304167198 0.3008903373194122 0.3012545168923639 0.30173929260563775 0.30229786816697196 0.30287565554574436 0.3034155808966354 0.30386386617637995 0.3041756479658483 0.30431974737264245 0.3042819769250928 0.30406656093081263 0.3036955179785394 0.30320614616084307
-0.04427188724235721 0.30400045208596693 0.30351189321013805 0.30301003296802376 0.30254359692026556 0.3021575405659635 0.3018889165601225 0.3017635272173019 0.3017935849733346 0.30197654029164267 0.30229518296285257 0.30271906208659394 0.3032071850121523 0.3037118379636263 0.3041832286812774 0.30457450917040724 0.304846631325408 0.30497245663238876 0.3049396061250803 0.30475169609708413 0.30442782930836787 0.3040004520859671
-0.04110960958218889 0.30474178671844326 0.304319339315139 0.30388521230307675 0.30348160311097144 0.3031474958804536 0.3029150451940498 0.30280663733906676 0.3028328381481573 0.30299137616205835 0.30326725408168687 0.3036340190379431 0.3040561417050712 0.3044923512279284 0.3048996547410786 0.30523765700885 0.3054727156720705 0.3055814482709309 0.3055531649278042 0.30539093257079325 0.3051111596235156 0.30474178671844354
-0.037947331922020586 0.3054297660856876 0.3050688695167715 0.30469785406085986 0.3043528206086971 0.30406716193737604 0.3038684394909739 0.3037758377262522 0.3037983877517869 0.3039340959908909 0.30417005836704664 0.3044835791870153 0.3048442395707495 0.3052167711786649 0.30556449400762703 0.3058529880358464 0.30605360880674215 0.3061464467607168 0.3061223805708921 0.3059839829433245 0.3057451852153479 0.3054297660856879
-0.03478505426185227 0.30606403334964744 0.30576005043342513 0.3054474350736223 0.3051566350041067 0.3049158456742239 0.3047483533142545 0.30467036345611026 0.3046894866544809 0.3048040025015554 0.30500297057730485 0.3052671990803013 0.3055710149617712 0.30588470355964387 0.30617740720265757 0.30642020334400594 0.30658903921836855 0.3066671961133001 0.3066469996707183 0.3065305802443151 0.3063296053596382 0.3060640333496477
-0.03162277660168368 0.3066442591054266 0.30639248179810485 0.3061334718728509 0.30589247821392995 0.3056929060348019 0.30555409637343306 0.30548950685548243 0.305505443774707 0.3056004509462406 0.3057654128224051 0.3059843766438067 0.30623603969417235 0.3064957843643009 0.3067380811237941 0.3069390270204274 0.3070787563022452 0.30714346007810345 0.30712678841113233 0.3070304781363 0.30686414254381716 0.3066442591054269
-0.028460498941515366 0.30717014165729084 0.30696579684330005 0.3067555212211389 0.3065598291777473 0.3063977548158971 0.3062850351703396 0.3062326184714425 0.3062456249957533 0.3063228499080147 0.3064568552225628 0.3066346517015212 0.3068389214505216 0.3070496801554137 0.3072462289086933 0.30740920637411817 0.3075225305618106 0.30757502232610884 0.30756153271782816 0.3074834510945024 0.3073485426768919 0.3071701416572912
-0.025298221281347056 0.3076414072717415 0.30747966265416515 0.30731318060069196 0.30715821449845676 0.30702985744593975 0.3069405938694389 0.3068991079641888 0.306909454008649 0.3069706620380374 0.3070768165132504 0.3072176064512811 0.30737930414968395 0.30754608835831476 0.3077015902772802 0.30783051214455065 0.3079201537936897 0.3079616866182737 0.3079510384181722 0.3078892945715942 0.30778257528182773 0.3076414072717418
-0.022135943621178746 0.30805781040736757 0.30793378048953207 0.30780608865769393 0.3076872090252712 0.30758873369414735 0.30752025509066894 0.30748844492040195 0.3074964130797805 0.30754340472656994 0.30762486459550786 0.3077328658973539 0.3078568682828003 0.3079847375272531 0.30810393175178874 0.3082027386911084 0.30827143925577116 0.30830327695848253 0.3082951313863228 0.30824782514726234 0.30816603367019757 0.30805781040736785
-0.01897366596101015 0.30841913392121434 0.3083278860703165 0.3082339256018249 0.30814643637820366 0.30807395830877743 0.30802356062318137 0.3080001595854402 0.30800604374173074 0.3080406507065972 0.30810061703070274 0.3081800982391393 0.30827133121505496 0.3083653875845826 0.3084530468543461 0.30852570416319713 0.3085762218181225 0.30859963773086196 0.30859365767348684 0.30855888066243214 0.30849873509892184 0.30841913392121456
-0.01581138830084184 0.3087251892514329 0.3086617498349283 0.3085964135602951 0.3085355694130967 0.30848516158325257 0.30845011205854517 0.3084338435129042 0.3084379474060146 0.3084620285889896 0.3085037414789567 0.3085590152154399 0.3086224474528511 0.3086878300324927 0.30874875628186765 0.308799250650821 0.3088343580965695 0.30885063382130773 0.3088464836231777 0.30882232033801543 0.3087805209089438 0.3087251892514331
-0.012649110640673528 0.30897581657600204 0.308935177161336 0.3088933168858288 0.3088543306263597 0.3088220298490541 0.3087995713421391 0.3087891501302657 0.30879178589653045 0.30880722332825494 0.30883395608053926 0.30886937240381734 0.30891000887605324 0.3089518881370266 0.3089909080580562 0.3090232443154456 0.3090457265687813 0.30905615072308545 0.30905349597135273 0.309038024878066 0.3090112566456987 0.30897581657600226
-0.009486832980505216 0.3091708849473393 0.3091480085554836 0.309124442418105 0.30910249249868305 0.3090843058944256 0.3090716612416152 0.3090657952194207 0.30906728190269817 0.3090759766180495 0.30909102977962 0.30911096947461036 0.30913384493500157 0.3091574170841641 0.3091793776623214 0.30919757550099103 0.30921022767272693 0.30921609462638605 0.30921460193132444 0.3092058965572377 0.30919083216125504 0.30917088494733946
-0.0063245553203366235 0.3093102924026494 0.3093001198058018 0.30928963969823864 0.30927987777711097 0.30927178930807003 0.30926616573149074 0.3092635573112002 0.3092642193514103 0.3092680872157453 0.3092747825898662 0.30928365039925987 0.3092938228120493 0.30930430410778387 0.3093140681354713 0.30932215882482605 0.30932778388738896 0.3093303924917376 0.3093297292633562 0.3093258592924615 0.30931916169802676 0.3093102924026495
-0.0031622776601683117 0.30939396604988123 0.3093914221036034 0.3093888011359558 0.3093863596949614 0.30938433674716836 0.3093829302930851 0.3093822779930413 0.30938244369707585 0.30938341119547424 0.30938508580145857 0.30938730361264416 0.309389847547416 0.30939246858934893 0.30939491016204573 0.3093969332486523 0.30939833979563824 0.30939899210718813 0.30939882632886817 0.30939785869876735 0.3093961839539695 0.3093939660498813
-0.0 0.30942186212919687 0.30942186212919687 0.30942186212919687 0.30942186212919687 0.30942186212919687 0.30942186212919687 0.30942186212919687 0.30942186212919687 0.30942186212919687 0.30942186212919687 0.30942186212919687 0.30942186212919687 0.30942186212919687 0.30942186212919687 0.30942186212919687 0.30942186212919687 0.30942186212919687 0.30942186212919687 0.30942186212919687 0.30942186212919687 0.30942186212919687
0.0031622776601683794 0.30939396604988123 0.30939618395396945 0.3093978586987673 0.30939882632886806 0.309398992107188 0.30939833979563813 0.3093969332486522 0.3093949101620456 0.3093924685893488 0.30938984754741583 0.30938730361264405 0.30938508580145846 0.30938341119547413 0.30938244369707574 0.3093822779930412 0.309382930293085 0.30938433674716836 0.3093863596949614 0.30938880113595585 0.30939142210360343 0.3093939660498813
0.006324555320336759 0.3093102924026494 0.3093191616980266 0.3093258592924613 0.30932972926335606 0.30933039249173744 0.30932778388738874 0.30932215882482583 0.309314068135471 0.30930430410778365 0.3092938228120491 0.30928365039925965 0.30927478258986596 0.3092680872157451 0.3092642193514101 0.3092635573112001 0.3092661657314906 0.30927178930807 0.30927987777711097 0.3092896396982387 0.3093001198058019 0.3093102924026495
0.009486832980505138 0.3091708849473393 0.3091908321612548 0.3092058965572374 0.30921460193132416 0.3092160946263857 0.3092102276727266 0.30919757550099075 0.30917937766232106 0.3091574170841638 0.30913384493500123 0.30911096947461003 0.3090910297796197 0.3090759766180492 0.30906728190269794 0.3090657952194205 0.3090716612416151 0.3090843058944256 0.30910249249868305 0.309124442418105 0.3091480085554837 0.30917088494733946
0.012649110640673518 0.30897581657600204 0.30901125664569845 0.30903802487806564 0.3090534959713524 0.30905615072308507 0.3090457265687809 0.3090232443154452 0.3089909080580558 0.30895188813702623 0.30891000887605286 0.30886937240381696 0.3088339560805389 0.3088072233282546 0.30879178589653017 0.3087891501302655 0.3087995713421389 0.30882202984905405 0.3088543306263597 0.30889331688582883 0.30893517716133617 0.30897581657600226
0.015811388300841896 0.3087251892514329 0.30878052090894353 0.3088223203380151 0.3088464836231773 0.30885063382130734 0.30883435809656906 0.30879925065082053 0.3087487562818672 0.3086878300324922 0.3086224474528506 0.3085590152154395 0.3085037414789563 0.3084620285889892 0.30843794740601427 0.3084338435129039 0.308450112058545 0.30848516158325245 0.3085355694130967 0.30859641356029516 0.30866174983492844 0.3087251892514331
0.018973665961010275 0.3084191339212143 0.30849873509892145 0.3085588806624317 0.3085936576734864 0.30859963773086146 0.308576221818122 0.3085257041631966 0.30845304685434555 0.30836538758458204 0.30827133121505446 0.3081800982391387 0.30810061703070224 0.3080406507065967 0.30800604374173035 0.30800015958543986 0.3080235606231811 0.30807395830877726 0.3081464363782036 0.30823392560182494 0.30832788607031664 0.3084191339212145
0.022135943621178655 0.30805781040736757 0.30816603367019724 0.30824782514726196 0.30829513138632236 0.3083032769584821 0.30827143925577066 0.3082027386911079 0.3081039317517883 0.3079847375272526 0.3078568682827998 0.30773286589735344 0.30762486459550736 0.30754340472656955 0.30749641307978015 0.3074884449204016 0.30752025509066877 0.30758873369414724 0.3076872090252712 0.30780608865769404 0.3079337804895323 0.30805781040736785
0.025298221281347035 0.3076414072717415 0.3077825752818274 0.3078892945715938 0.30795103841817173 0.3079616866182733 0.3079201537936893 0.3078305121445502 0.3077015902772798 0.3075460883583143 0.3073793041496835 0.30721760645128066 0.3070768165132499 0.3069706620380369 0.3069094540086486 0.30689910796418846 0.30694059386943867 0.3070298574459397 0.30715821449845676 0.30731318060069207 0.3074796626541654 0.3076414072717418
0.02846049894151541 0.30717014165729084 0.3073485426768915 0.30748345109450204 0.3075615327178277 0.30757502232610845 0.3075225305618102 0.3074092063741178 0.3072462289086929 0.3070496801554133 0.30683892145052116 0.3066346517015208 0.30645685522256233 0.3063228499080143 0.3062456249957529 0.3062326184714422 0.30628503517033945 0.30639775481589704 0.3065598291777474 0.306755521221139 0.3069657968433002 0.3071701416572912
0.03162277660168379 0.30664425910542653 0.30686414254381683 0.3070304781362997 0.307126788411132 0.30714346007810306 0.3070787563022449 0.3069390270204271 0.3067380811237938 0.30649578436430064 0.30623603969417207 0.30598437664380623 0.3057654128224047 0.3056004509462401 0.30550544377470656 0.3054895068554821 0.3055540963734328 0.3056929060348018 0.30589247821392995 0.30613347187285106 0.3063924817981051 0.30664425910542686
0.03478505426185217 0.3060640333496475 0.306329605359638 0.30653058024431484 0.30664699967071807 0.30666719611329996 0.3065890392183684 0.3064202033440058 0.30617740720265746 0.3058847035596437 0.30557101496177097 0.3052671990803011 0.3050029705773046 0.30480400250155515 0.30468948665448065 0.30467036345611004 0.3047483533142543 0.3049158456742239 0.30515663500410684 0.3054474350736225 0.3057600504334254 0.30606403334964777
0.03794733192202055 0.3054297660856876 0.3057451852153476 0.30598398294332424 0.30612238057089186 0.3061464467607167 0.3060536088067421 0.3058529880358463 0.3055644940076269 0.3052167711786648 0.3048442395707494 0.3044835791870151 0.3041700583670463 0.30393409599089055 0.30379838775178664 0.303775837726252 0.30386843949097375 0.30406716193737593 0.30435282060869717 0.30469785406086003 0.3050688695167717 0.3054297660856879
0.04110960958218893 0.30474178671844326 0.3051111596235154 0.3053909325707931 0.30555316492780404 0.3055814482709309 0.30547271567207057 0.3052376570088501 0.30489965474107866 0.3044923512279284 0.3040561417050712 0.303634019037943 0.3032672540816867 0.3029913761620581 0.30283283814815704 0.3028066373390665 0.3029150451940497 0.3031474958804535 0.30348160311097144 0.3038852123030769 0.3043193393151392 0.30474178671844354
0.04427188724235731 0.30400045208596693 0.3044278293083677 0.304751696097084 0.30493960612508025 0.30497245663238876 0.3048466313254082 0.30457450917040746 0.30418322868127756 0.3037118379636264 0.3032071850121524 0.3027190620865939 0.30229518296285246 0.3019765402916425 0.3017935849733343 0.30176352721730165 0.30188891656012234 0.3021575405659634 0.3025435969202656 0.30301003296802387 0.3035118932101382 0.3040004520859671
0.04743416490252569 0.30320614616084296 0.30369551797853933 0.3040665609308126 0.30428197692509285 0.30431974737264267 0.30417564796584856 0.3038638661763803 0.30341558089663573 0.3028756555457447 0.3022978681669722 0.30173929260563787 0.3012545168923639 0.30089033731941217 0.30068143041671974 0.3006473284868343 0.30079085455203486 0.3010980401496741 0.30153946202011783 0.30207287834829954 0.3026469972819562 0.3032061461608431
0.05059644256269407 0.30235927972928556 0.30291457208272565 0.30333583470954245 0.303580569266073 0.30362361534474047 0.3034600782459518 0.30310607216677915 0.30259710193871076 0.3019842576665241 0.30132872440392877 0.30069533508545443 0.30014597362930645 0.29973356692077285 0.29949723066876466 0.29945891735647123 0.29962171386701847 0.29996978890294396 0.3004699031626701 0.3010743492453509 0.3017251498627157 0.3023592797292856
0.05375872022286245 0.3014602900483219 0.30208536054848006 0.30255984507602607 0.3028356940452737 0.3028843744990038 0.30270025502117825 0.30230149348344265 0.30172820751430424 0.30103812715365835 0.30030032101702736 0.29958785359242185 0.29897031599675283 0.29850707851889063 0.29824189479431445 0.29819922392622955 0.2983824017752091 0.2987736301723019 0.2993356690107635 0.3000150843128352 0.3007468810598285 0.301460290048322
0.05692099788303082 0.3005096404814508 0.30120827450441806 0.30173893944021224 0.3020476808884117 0.30210235764044807 0.3018965310836214 0.30145051837005143 0.30080933813704663 0.3000377755487013 0.2992132588290313 0.2984175510878418 0.2977283510194133 0.29721177023821577 0.2969163835400371 0.2968692309264486 0.2970738768907977 0.29751045527826986 0.29813755122924923 0.29889575936037766 0.29971275224999105 0.3005096404814508
0.060083275543199206 0.29950782011318794 0.30028372698610656 0.30087348472725434 0.3012168779056276 0.3012779161721153 0.3010492788803432 0.3005535566548278 0.29984095875887595 0.29898374266118555 0.29806817163024374 0.2971851687084479 0.2964209290135679 0.2958485878012328 0.2955217080781879 0.2954699723902144 0.2956971478782398 0.2961812023555246 0.2968763835271188 0.29771708661881946 0.2986233555444986 0.29950782011318794
0.06324555320336758 0.2984553433429355 0.29931215262593186 0.29996386711176687 0.30034365143421976 0.30041141982460207 0.300158890216639 0.29961103941629025 0.29882355838184155 0.2978765960989804 0.2968657255876222 0.29589148500949636 0.29504894263070236 0.2944185233703574 0.2940589286890701 0.29400253226169526 0.29425327209606655 0.2947868551366007 0.2955530406521407 0.2964798139681059 0.2974793132265967 0.29845534334293544
0.06640783086353597 0.29735274945863227 0.2982940073272564 0.2990104917385924 0.29942838576841796 0.29950325637208286 0.2992257759445705 0.29862341863245323 0.2977576496506866 0.2967169307754462 0.29560661862496973 0.2945373151714885 0.2936133258563411 0.29292261433698846 0.2925291533846601 0.29246804294310774 0.292743354180955 0.29332844168143424 0.29416843733976694 0.29518472412902 0.2962812771616215 0.2973527494586322
0.06957010852370434 0.2962006021906663 0.2972297679231888 0.29801378243035115 0.2984714828764781 0.29855383133514085 0.2982503656371244 0.2975911668138791 0.2966437684266829 0.29550536839396685 0.2942915797749736 0.29312351017162064 0.2921150529656333 0.2913619420598068 0.290933536475963 0.2908676837831314 0.29116854457481667 0.2918070330551391 0.2927235272181445 0.2938326338200196 0.2950299281807166 0.2962006021906662
0.07273238618387272 0.29499948924654973 0.2961199318203057 0.2969741813820601 0.29747336210538977 0.297563567670733 0.29723310724836793 0.2965147766210067 0.2954824733432136 0.2942425569104686 0.29292136850390255 0.29165095592110557 0.29055513743731093 0.28973763055449336 0.28927327708675815 0.2892026795096983 0.2895300379977623 0.2902237419564945 0.29121930167113913 0.29242439288048466 0.29372597543894435 0.2949994892465496
0.0758946638440411 0.29375002182687976 0.2949650166276825 0.2958921488431205 0.29643445987350286 0.29653290544963085 0.29617446675998926 0.2953947604662013 0.29427434534361896 0.29292916997455765 0.2914967740098026 0.29012057236955097 0.2889346308276991 0.2880508451371126 0.2875496176164828 0.2874742986101713 0.287829071869893 0.288579721299702 0.28965678866133987 0.2909608833617292 0.29237015574864506 0.29375002182687965
0.07905694150420949 0.29245283412312517 0.29376555977159724 0.29476816278698265 0.2953552293513887 0.2954623015216875 0.2950749278146229 0.2942316501009805 0.2930199872018378 0.29156590634993274 0.2900186144950629 0.2885333125776244 0.2872546216065092 0.2863027910234757 0.28576384215507844 0.2856838516620114 0.28606692468494616 0.2868761627520446 0.2880370515150746 0.28944301858717597 0.29096323288892256 0.29245283412312506
0.08221921916437785 0.29110858279780094 0.292522118096292 0.29360271856881104 0.2942361401312644 0.2943522291692986 0.2939349913363768 0.29302599618889413 0.2917200230263991 0.2901534893147499 0.2884877364142526 0.2868901617592733 0.28551623395620407 0.28449471188686476 0.2839172748527011 0.2838326896171113 0.284244914338905 0.28511429523014764 0.2863611876715219 0.2878717421831333 0.2895059968921677 0.2911085827978008
0.08538149682454624 0.28971794644760845 0.2912352674511856 0.2923963285714805 0.29307767788531913 0.29320317774943166 0.29275517513898786 0.2917783678645443 0.2903750977483313 0.28869266604264177 0.2869050136981596 0.2851921362948054 0.2837206265367675 0.2826278883765551 0.2820112782472593 0.2819222020430418 0.28236439641674327 0.2832953833576021 0.28463032739805455 0.2862480270816517 0.2879992633085547 0.2897179464476083
0.08854377448471462 0.28828162505013843 0.28990560226494416 0.2911495218402481 0.2918803440132907 0.2920156523246136 0.29153601352204733 0.2904893522792505 0.2889858765935772 0.28718420696510977 0.2852713469549857 0.283440282716173 0.28186899121775966 0.2807036365996284 0.280047251552807 0.2799538153245168 0.28042676244053805 0.28142072588676437 0.28284563247399563 0.2845728744969749 0.2864438724494722 0.2882816250501383
0.09170605214488299 0.2868003393947487 0.28853373510683045 0.2898628437064531 0.290644655279653 0.29079017328327456 0.29027805685574914 0.28915955413387556 0.2875530445405159 0.2856289051160311 0.2835876626496813 0.2816356766658341 0.2799625517795782 0.27872330656861627 0.2780266289118649 0.2779289908284376 0.2784334380822349 0.2794916540875947 0.2810082948450106 0.2828473128771286 0.28484068861087564 0.28680033939474864
0.09486832980505137 0.28527483049824576 0.28712029623576213 0.28853685540060836 0.28937114344078213 0.28952727594985705 0.2889818711546236 0.2877895951993425 0.28607730576320856 0.2840275754590386 0.281854912262426 0.2797794218305976 0.2780025625858851 0.27668828061755807 0.2759508776147933 0.27584922303591936 0.2763858813443907 0.27750953010643703 0.27911953525039185 0.28107239683222457 0.2831905992775654 0.2852748304982457
0.09803060746521976 0.2837058590060135 0.28566593313752114 0.28717213365525585 0.28806035486247866 0.2882275101851085 0.2876480376407329 0.2863801138253826 0.28455938306099976 0.28238105419854903 0.28007407142728025 0.27787264885188706 0.2759903072291919 0.27459997178909046 0.27382149628937336 0.2737160376447409 0.27428558071225645 0.2754757452976747 0.2771806018255257 0.27924920604107895 0.28149451430942146 0.28370585900601347
0.10119288512538814 0.2820942045792457 0.28417131005056756 0.2857692702979663 0.28671285012823255 0.2868914399769848 0.28627715229680945 0.2849317644380677 0.28300001727511714 0.28069019807523243 0.27824613905206075 0.2759165142138813 0.2739270971516259 0.2724598221952216 0.2716400130637845 0.2715309896456831 0.2721340532805877 0.27339171853122485 0.2751927686818551 0.2773788441377704 0.27975336511063764 0.28209420457924567
0.10435516278555651 0.28044066526895367 0.2826371074809198 0.28432887183487443 0.28532920363862485 0.28551964302260024 0.2848698254098341 0.28344521702668873 0.28139996669292655 0.2789558836467298 0.2763721364205043 0.27391219911101894 0.2718142702429269 0.2702693013544643 0.26940798370618835 0.2692956613762446 0.26993284285858804 0.2712588944788528 0.2731573344666754 0.27546243757978106 0.2779681037830203 0.2804406652689536
0.1075174404457249 0.27874605687743037 0.2810640217065751 0.28285155902514636 0.28391000320226767 0.2841127103016677 0.283426681105552 0.28192115662055256 0.2797600064405089 0.27717900655444 0.27445310627780856 0.27186090829636983 0.269653189417747 0.2680299045080265 0.26712698974414495 0.2670116605552312 0.2676835180564036 0.26907874188230146 0.2710756209051111 0.2735011344993809 0.27613970226442797 0.27874605687743037
0.11067971810589326 0.2770112123078658 0.2794527642719495 0.2813379664467833 0.2824558496186905 0.28267124564187823 0.2819483568744378 0.2803602827562777 0.27808092786423594 0.2753604807772087 0.27249011190064953 0.26976386891239806 0.267445241174341 0.26574315091776757 0.26479863656709296 0.2646806183017201 0.26538767035658556 0.26685275180623463 0.26894897132663753 0.27149610353992976 0.2742691514534437 0.2770112123078658
0.11384199576606165 0.2752369809028162 0.2778040614728295 0.27978874205417703 0.2809673562535894 0.28119586527667967 0.2804355030896258 0.27876330893617735 0.2763635379020332 0.27350123787276776 0.27048423615279366 0.2676223293056569 0.26519183413675634 0.263410582148642 0.26242455151512867 0.2623041871418937 0.2630469121739344 0.26458243587899494 0.2667787491785134 0.26944853267878116 0.2723574603213823 0.2752369809028162
0.11700427342623003 0.27342422777224185 0.2761186538323306 0.2782045467278313 0.27944514860685743 0.2796871973959134 0.2788887825173269 0.27713096207832416 0.27460865844502225 0.27160222620777646 0.2684365805274319 0.26543755782696915 0.26289439758263344 0.2610337603383498 0.26000638195731 0.25988403900722357 0.26066287490712464 0.262269324524165 0.26456633652849126 0.26735962803847824 0.27040565501274455 0.27342422777224185
0.12016655108639841 0.2715738331118336 0.27439729556836917 0.27658605381667817 0.27788986387382575 0.2781458816897808 0.27730886982026126 0.27546398195889926 0.2728171256902456 0.2696644101773332 0.2663482641773773 0.263210841618658 0.26055437995874164 0.25861426645691665 0.257545793362699 0.2574218632274667 0.2582372069854873 0.25991496518591073 0.26231313255916966 0.2652306126879377 0.2684147779352385 0.27157383311183364
0.1233288287465668 0.2696866915123579 0.2726407540531578 0.27493394867341614 0.27630215050014323 0.2765725688866093 0.2756964510546373 0.2737631206474304 0.27098978948518304 0.2676887694148279 0.26422042293427395 0.26094348539040135 0.2581732473863748 0.2561536985589124 0.255044467367334 0.254919364521902 0.25577157191429717 0.25752092055106124 0.26002055205633934 0.2630627254353156 0.2663858868404938 0.26968669151235797
0.12649110640673517 0.2677637112607553 0.27084980926524366 0.27324892818330854 0.2746826677307334 0.2749679202848976 0.27405222316121647 0.2720291419355317 0.2691275126647717 0.26567629799301645 0.2620542083179771 0.2586368101852901 0.2557524821587306 0.2536536700310079 0.25250409984029915 0.25237826099220434 0.2532676463218789 0.2550887667708526 0.25769002389366524 0.2608572196142511 0.26432005389659957 0.2677637112607554
0.12965338406690355 0.26580581363373346 0.2690252532346092 0.2715317002868787 0.27303208515326405 0.27333260728011577 0.2723768934510004 0.2702628207597572 0.2672311703816473 0.2636280036171994 0.2598507865372637 0.25629215213767226 0.25329358123239215 0.25111580783754883 0.24992639895201788 0.24980028212030259 0.25072711801179615 0.2526200916852312 0.25532298951602156 0.2586153618651711 0.26221836475359805 0.26580581363373346
0.13281566172707193 0.26381393218459903 0.2671678894813672 0.26978298349694846 0.2713510822365754 0.27166731088674745 0.2706711790860849 0.26846494261918724 0.2653016494303292 0.2615449068113974 0.2576113374830449 0.2539108612243675 0.25079805471502403 0.24854175076680193 0.24731308324786436 0.24718716677452254 0.2481516840233422 0.25011649305256894 0.2529209014237793 0.25633843091333813 0.26008191760306726 0.26381393218459903
0.1359779393872403 0.2617890120240792 0.26527853244857985 0.26800350641046744 0.26964034786451013 0.2699727212560563 0.2689358065562244 0.26663630298836494 0.26333984756607054 0.2594280400984134 0.2553370537152493 0.25149430001083517 0.24826742435138058 0.24593314768050017 0.24466587973013282 0.24454066122725465 0.24554304870349045 0.24757957678760065 0.25048522166031467 0.25402771634530746 0.25791182223292675 0.2617890120240792
0.13914021704740867 0.2597320090958811 0.26335800692973654 0.26619400721558095 0.26790057986559146 0.2682495371900617 0.26717151115165017 0.26477770672620204 0.2613466728190996 0.25727844717467524 0.2530291394445468 0.2490438423938727 0.24570322200970726 0.2432916557692775 0.24198652195135592 0.24186251718731902 0.24290292179339815 0.24501095521033828 0.24801742030497362 0.2516845173854441 0.25570919907859313 0.2597320090958811
0.14230249470757705 0.2576438894477448 0.2614071474914326 0.2643552331943925 0.2661324845390007 0.2664984656522137 0.26537903643269034 0.2628899674814756 0.2593230428049759 0.2550971820807554 0.2506888095100869 0.24656087234241827 0.24310698817060108 0.24061893881654786 0.2392767481219027 0.23915448985013493 0.24023301653248744 0.24241224530866337 0.24551897397369338 0.2493101416741376 0.253475178271613 0.2576438894477448
0.14546477236774544 0.2555256284987408 0.2594267978917863 0.26248794022187455 0.2643367761773004 0.2647202212752513 0.2635591336967342 0.26097390709553203 0.2572698840317858 0.2528853083684595 0.24831728835441647 0.24404678263801916 0.2404802704203668 0.23791666547333612 0.23653829923472122 0.2364183359687169 0.23753504778304999 0.2397850670172336 0.24299136432943852 0.2469059040493257 0.2512108986868898 0.2555256284987408
0.14862705002791382 0.25337821030356666 0.2574178104951397 0.26059289226138405 0.2625141765863569 0.26291552586673195 0.26171256144308486 0.25903035500281724 0.25518813120490036 0.25064389826537775 0.24591580899674445 0.24150297361651837 0.23782462195088402 0.23518650754652276 0.23377291721002286 0.23365581194844195 0.23481073017823834 0.23713104151527292 0.2404360766045663 0.24447312533292134 0.24891750698961718 0.2533782103035666
0.1517893276880822 0.25120262681459343 0.2553810456835862 0.2586708608572396 0.26066541460290876 0.2610851079127179 0.2598400848362426 0.2570601476298481 0.2530787265300144 0.2483740318377865 0.24348561200570995 0.23893085191249772 0.23514160006796794 0.2324301383029099 0.23098234306262708 0.2308686719684401 0.23206177629622182 0.23445178954574347 0.2378545981371854 0.2420131311237061 0.2465961566830187 0.25120262681459343
0.1549516053482506 0.24899987714241179 0.25331737126587006 0.25672262462482087 0.2587912256102341 0.2592297020801013 0.2579424751681579 0.2550641277932349 0.2509426190151849 0.24607679615278744 0.24102794447280695 0.23633182920799897 0.23243276471017343 0.22964923079146055 0.2281683150946085 0.22805866613236667 0.22928989486318785 0.23174892975831804 0.2352484169235214 0.2395272505982296 0.244248007157985 0.24899987714241176
0.15811388300841897 0.24677096681562272 0.2512276618842025 0.25474896873864383 0.25689235105236163 0.25735004871805184 0.2560205093199887 0.2530431440973649 0.24878076377257838 0.24375328444056166 0.23854405898760805 0.2337073209870266 0.2296996769799572 0.22684545618600083 0.22533256711579946 0.22522753865121534 0.22649678898777414 0.22902407707849304 0.23261902018824498 0.23701681532121893 0.2418742227456843 0.24677096681562266
0.16127616066858733 0.24451690704061593 0.24911279841953732 0.2527506844188724 0.25496953794727445 0.2554468933590626 0.25407496922389466 0.2509980503323475 0.24659412132063563 0.24140459525761326 0.23603521261591953 0.2310587452973157 0.2269438976890715 0.22402048215061102 0.2224768266946151 0.22237702606072818 0.22368415442941433 0.2262788411050943 0.2299678929746608 0.2344831580669734 0.2394759717742108 0.24451690704061588
0.1644384383287557 0.24223871396207264 0.2469736673958514 0.25072856841672253 0.2530235383995505 0.25352098622007213 0.2521066413253958 0.2489297048728205 0.2443836568873532 0.23903183165186837 0.23350266588198876 0.22838752152082598 0.22416698592002196 0.22117597122986335 0.21960281344157373 0.2195088554758494 0.22085367790297247 0.2235148245383416 0.22729651675659288 0.2319276116531816 0.2370544256303174 0.2422387139620726
0.1676007159889241 0.2399374079249226 0.24481116038396822 0.2486834224992114 0.2510551091128806 0.2515730817041301 0.2501163160468158 0.24683897007820602 0.2421503397153749 0.23663610033048532 0.23094768175587163 0.22569506915439616 0.2213704976053767 0.21831357926599074 0.216712237327786 0.21662474288455763 0.21800703542193173 0.2207336216405421 0.22460636807373455 0.2293515077885603 0.2346107578272619 0.23993740792492257
0.17076299364909248 0.23761401273848012 0.2426261734054646 0.24661605293370667 0.24906501090290387 0.24960393790307517 0.248104787252327 0.24472671169500185 0.23989514236957923 0.2342185108312247 0.22837152464705174 0.22298280660196884 0.21855598412666505 0.21543495384499814 0.21380679704058975 0.21372639148329753 0.2151458906822889 0.2179368167313901 0.22189891719216828 0.22675617593567635 0.23214614307978035 0.2376140127384801
0.17392527130926086 0.23526955494347496 0.24041960633719525 0.24452726997272398 0.24705400821079357 0.2476143161016852 0.24607285171510584 0.24259379826168334 0.23761904004783643 0.23178017469821377 0.22577545940538757 0.22025214997976433 0.21572499093455477 0.21254173277364777 0.21088817837839957 0.2108154900561102 0.21227189348918907 0.21512598271974914 0.21917562679168304 0.22414294219026923 0.22966175638717573 0.23526955494347496
0.17708754896942924 0.23290506308268624 0.23819236231696797 0.24241788733942168 0.2450228686180263 0.2456049802837541 0.24402130858709992 0.24044110051678347 0.23532300989560553 0.22932220466293204 0.2231607503304467 0.21750451193575399 0.21287905619194356 0.20963554258917116 0.20795805268673673 0.20789371139944363 0.20938667822821633 0.2123026796736944 0.2164379506814516 0.22151312817835037 0.22715877212549504 0.23290506308268624
0.1802498266295976 0.23052156697587636 0.23594534715089596 0.24028872171423452 0.24297236236275824 0.24357669664054576 0.24195095887190132 0.23826949081070964 0.2330080303250236 0.22684571383122715 0.22052866019026576 0.21474130048474727 0.21001970944154513 0.20671799710347513 0.20501807533729355 0.2049627107944976 0.20649186238313255 0.20946845343048637 0.2136873325455497 0.218868049972308 0.22463836314974014 0.23052156697587642
0.18341210428976598 0.22812009699971456 0.23367946872295056 0.2381405922230873 0.2409032618582306 0.2415302330820649 0.23986260490121272 0.23607984252184566 0.23067508033913459 0.2243518148771605 0.2178804492505547 0.21196391786037647 0.2071484702994923 0.20379069598352456 0.2020698842517761 0.2020241245288329 0.20358904510173464 0.20662483424804354 0.2109252047197246 0.21620901702720008 0.2221016999070371 0.2281200969997146
0.18657438194993436 0.22570168337336513 0.23139563640723257 0.23597431992762274 0.23881634121361914 0.23946635875158187 0.23775704981538032 0.23387302947747735 0.22832513886188943 0.22184161924446463 0.21521737431534355 0.20917375938522265 0.20426684717642205 0.20085522336949785 0.19911509847215647 0.19907956846884764 0.20067980581137296 0.2037733354993751 0.2081529870007428 0.21353733113837095 0.21954994956166304 0.2257016833733652
0.18973665961010275 0.2232673554504071 0.2290947604834725 0.23379072731787415 0.23671237575773635 0.23738584354383627 0.2356350970484633 0.23164992538006782 0.22595918407453722 0.21931623635637934 0.21254068778004437 0.20637221236029177 0.20137633602744284 0.19791314653221853 0.19615531677884895 0.19613063668459252 0.1977657028855485 0.20091545241132347 0.20537208548956434 0.21085428542147475 0.21698427513280233 0.22326735545040716
0.19289893727027113 0.22081814101773642 0.2267777515562657 0.23159063780780775 0.23459214156598976 0.23528945762733897 0.2334975498182954 0.2294114032393989 0.2235781927590144 0.21677677283461724 0.20985163669787935 0.20356065497500833 0.19847841913232456 0.19496601457127857 0.1931921163582094 0.19317890012826922 0.19484827236287794 0.1980526608488598 0.20258389146951267 0.20816116331593992 0.21440583464587898 0.22081814101773642
0.19606121493043951 0.21835506560209075 0.2244455199785409 0.22937487523415423 0.23245641499099126 0.2331779709711822 0.23134521062198557 0.22715833481108122 0.22118313964892444 0.21422433172819172 0.2071514618605989 0.2007404552388549 0.19557456390718542 0.19201535715517387 0.19022705152064157 0.19022590536762363 0.19192902671958756 0.19518641614606422 0.19978978032052508 0.20545923761285667 0.2118157802982832 0.2183550656020908
0.1992234925906079 0.21587915178482234 0.2220989752797515 0.22714426335894078 0.23030597219720614 0.23105215287675815 0.22917888073729306 0.22489159004192305 0.21877499678868523 0.21166001175282076 0.2044413968943884 0.19791296993574134 0.1926662217488835 0.18906268330467974 0.18726165247047222 0.18727317337531657 0.18900945369656869 0.19231815198481042 0.19699111047048637 0.20274976950821444 0.2092152576402796 0.2158791517848224
0.20238577025077628 0.21339141852552762 0.21973902559927366 0.2248996253761325 0.2281415887000226 0.22891277151477707 0.2269993597303001 0.22261203652263498 0.21635473290140603 0.20908490654160344 0.20172266737183295 0.19507954360214633 0.18975482691325385 0.18610948022059898 0.18429742412864336 0.18432219837522149 0.18609101518189866 0.18944927932206548 0.1941892223845652 0.20003400768236484 0.20660540477185876 0.21339141852552768
0.20554804791094466 0.2108928804951315 0.2173665771254844 0.22264178342277932 0.225964038909614 0.22676059346796645 0.2248074449697962 0.22032053894833398 0.21392331276604182 0.20650010390764267 0.19899648994078342 0.1922415075300271 0.1868417954282639 0.1831572121569204 0.18133584500914868 0.181374446746472 0.1831751461496048 0.18658118536660412 0.19138543759338783 0.19731318740652923 0.2039873515562581 0.2108928804951315
0.20871032557111302 0.20838454741900275 0.21498253354098515 0.2203715580950628 0.22377409567995765 0.22459638327982126 0.22260393114877067 0.2180179585872953 0.21148169660435231 0.2039066851192703 0.19626407147093514 0.1894001787954486 0.1839285240430894 0.1802073193403286 0.17837836615002364 0.17843135598594842 0.18026325365531995 0.18371523260582467 0.18858105776080036 0.19458852967711546 0.20136221885085215 0.20838454741900275
0.2118726032312814 0.20586742343066514 0.2125877954744261 0.2180897679696245 0.2215725298633658 0.22242090300976525 0.22038960981340294 0.21570515275838587 0.2090308394781805 0.20130572418850698 0.19352660821890125 0.18655685931383545 0.18101638921404276 0.17726121693691024 0.17542641009958257 0.17549433372976675 0.177356715889353 0.1808527578832468 0.18577736379188625 0.1918612403785521 0.19873111775607571 0.20586742343066514
0.2150348808914498 0.20334250643664886 0.2101832599593772 0.21579722913055382 0.21936010987087473 0.22023491179507265 0.21816526889992285 0.2133829743175998 0.20657169069754425 0.19869828717336852 0.190785285012532 0.18371283492270335 0.1781067461282157 0.17432029406680705 0.17248136995847846 0.17256475683420675 0.17445688128757594 0.17799507152716046 0.1829756149818227 0.18913250947529292 0.1960951488830145 0.20334250643664886
0.21819715855161814 0.20081078749300968 0.20776981990068086 0.21349475470239962 0.2171376012388275 0.21803916541988697 0.21593169227970135 0.21105227115409775 0.2041051932400181 0.19608543149460708 0.1880412744551979 0.180869374492676 0.1752009277656251 0.1713859128674664 0.1695446084780449 0.16964397051638705 0.17156506770040014 0.17514345653078778 0.18017704820607358 0.1864035102335872 0.19345540164026206 0.20081078749300962
0.22135943621178653 0.19827325019402597 0.20534836354871078 0.21118315438956636 0.21490576620197813 0.21583441589166225 0.21368965931291847 0.2087138856961381 0.20163228318186496 0.1934682052674526 0.1852957361507224 0.17802772906754613 0.17230024400057936 0.1684594076060497 0.16661745721526708 0.16673328755487635 0.16868256162000117 0.1722991677842152 0.1773828771523383 0.18367539847355588 0.19081295354061062 0.19827325019402597
0.2245217138719549 0.19573087007356488 0.20291977398194952 0.20886323402244192 0.21266536327343313 0.2136214110253422 0.2114399444111403 0.20636865442727317 0.19915388914135526 0.19084764664889625 0.1825498159496172 0.175189131034088 0.16940598074291102 0.16554208384145835 0.16370121574461485 0.16383398755030498 0.16581061746582762 0.1694634313582464 0.1745942915945884 0.18094931185205668 0.18816886952810818 0.19573087007356482
0.2276839915321233 0.19318461401958759 0.20048492859828743 0.20653579511059708 0.21041714683173668 0.21140089403557583 0.2091833166091238 0.2040174074131629 0.19667093173469608 0.18822478320103397 0.17980464521723707 0.1723547933222778 0.16651939911964786 0.16263521763634767 0.16079715092685992 0.16094731624592445 0.16295045692831586 0.16663744384022552 0.17181245670944734 0.1782263691767647 0.18552420132597935 0.19318461401958753
0.23084626919229168 0.1906354397022476 0.19804469861543017 0.20420163440338515 0.2081618667153944 0.20917360313726 0.2069205391461512 0.20166096783934534 0.19418432304496908 0.18560063127096119 0.17706134012443842 0.16952590863652764 0.16364173469762291 0.15974005481940248 0.15790649623489156 0.1580744849079452 0.1601032683706186 0.16382237172177905 0.16903851243508544 0.17550766975183932 0.18287998680587547 0.19063543970224758
0.23400854685246006 0.18808429501601348 0.19559994858079438 0.2018615434582624 0.20590026782512083 0.2069402711546854 0.20465236905718462 0.19930015156028566 0.19169496610446002 0.1829761953876884 0.17432100096128994 0.16670364871848836 0.16077419674745264 0.15685781029805823 0.15503045113643707 0.15521666976537174 0.15727020628804667 0.16101935083832725 0.16627357287272632 0.17279429275549243 0.18023724937888175 0.18808429501601345
0.23717082451262844 0.1855321175362271 0.1931515358912529 0.19951630821713587 0.20363308973408367 0.20470162513954718 0.20237955677411235 0.19693576666000642 0.18920375439073878 0.18035246767651814 0.171584711474347 0.16388916364192113 0.15791796754923865 0.15398966742175987 0.15217018053349138 0.15237501150894306 0.1544523908248139 0.15822948586011978 0.16351872573078133 0.17008729664971778 0.1775969974086764 0.18553211753622703
0.24033310217279683 0.18297983399048975 0.19070031032308243 0.197166708591038 0.20136106630640715 0.20245838599807153 0.20010284573734627 0.19456861302458636 0.18671157133683178 0.17773042729130076 0.1688535382279676 0.1610835811400908 0.1550742017402792 0.15113677739576223 0.1493268142581569 0.14955061484868 0.15165090734757442 0.1554538498344577 0.1607750318115547 0.16738771862238638 0.1749602236472013 0.1829798339904897
0.2434953798329652 0.18042835974524524 0.18824711357245036 0.19481351805341388 0.1990849253241842 0.2002112681274948 0.19782297201801255 0.19219948192679687 0.1842192898558056 0.17511103986495857 0.16612852999010874 0.1582880059660773 0.15224402570500484 0.14830025874538758 0.14650144662449668 0.1467445481294404 0.14886680607513905 0.15269348377867448 0.15804352454038798 0.16469657406185906 0.17232790469316736 0.1804283597452452
0.2466576574931336 0.17787859830790917 0.18579277880676442 0.19245750324229735 0.19680538812323756 0.19796097906211743 0.19554066395096376 0.18982915562312644 0.18172777188006115 0.17249525697864285 0.16341071714300873 0.15550351928635173 0.14942853700728326 0.14548119683057195 0.1436951360359106 0.14395784300378128 0.1461011017636648 0.14994939632336107 0.15532520953704 0.1620148560642139 0.1697010004736854 0.17787859830790917
0.24981993515330198 0.17533144084487182 0.18333813022719567 0.19009942357163953 0.19452316923785526 0.19570821912914307 0.19325664177882335 0.18745840696342755 0.17923786791561677 0.16988401564986091 0.16070111111912036 0.1527311781079121 0.1466288038651685 0.14268064341044634 0.14090890464744874 0.14119149416133503 0.14335477344651587 0.14722256340523707 0.15262106422902913 0.15934353497313383 0.16708045374927616 0.17533144084487182
0.25298221281347033 0.17278776571568016 0.18088398264266864 0.1877400308520421 0.1922389760547166 0.19345368111449876 0.1909716173072595 0.1850879990134013 0.17675041661163687 0.16727823783988333 0.1580007038626262 0.14997201473921992 0.1438458646681029 0.13989961625762057 0.13814373808238992 0.13844645911381345 0.14062876422790951 0.1445139280089904 0.14993203750659764 0.15668355795244898 0.16446718964247908 0.17278776571568016
0.25614449047363874 0.1702484380236827 0.17843114105560182 0.18538006892113632 0.1899535084762103 0.1911980499388178 0.18868629357166775 0.18271868469011737 0.17426624434544238 0.16467882998071645 0.15531046731682818 0.14722703628512931 0.14108072753651182 0.13713909882175557 0.13540058520232784 0.1357236580346692 0.13792398112937454 0.14182439995732857 0.14725904941889043 0.15403584859127684 0.1618621151902454 0.1702484380236827
0.2593067681338071 0.1677143091833989 0.17598040025966247 0.18302027328383544 0.1876674585933367 0.1889420023437551 0.18640136451542824 0.18035120641074942 0.17178616482321846 0.16208668252189576 0.15263135293766836 0.1444972241759477 0.13833436992366732 0.13440003994193578 0.13268035792992414 0.13302397365236002 0.13524129498797197 0.13915485574841532 0.14460299091088055 0.1514013065416549 0.15926611892026643 0.16771430918339894
0.26246904579397545 0.1651862165048537 0.1735325444497881 0.18066137076267758 0.18538151036837047 0.18668620658878718 0.18411751467988585 0.17798629575468708 0.16931097869661235 0.1595026694973314 0.14996429123359858 0.14178353373071884 0.1356077382596298 0.1316833536072783 0.12998393112341075 0.1303482511960841 0.13258154040515213 0.13650613843979348 0.14196472360051032 0.1487808071885125 0.15668007045135396 0.1651862165048537
0.26563132345414386 0.16266498279509256 0.171088346844711 0.17830407915846277 0.18309633932745167 0.18443132215864136 0.18183541890618687 0.17562467313917066 0.1668414731953953 0.15692764811240778 0.14731019133198275 0.13908689375476438 0.13290174763701781 0.12898991876514515 0.12731214250185116 0.12769729839278324 0.12994551574505156 0.133879057577831 0.1393450795954609 0.1461752013517809 0.15410482011795615 0.1626649827950926
0.2687936011143122 0.16015141597707472 0.1686485693222051 0.17594910692137394 0.1808126122632561 0.18217799948147675 0.17955574204908945 0.1732670475085718 0.16437842177633927 0.1543624583515141 0.14466994057217514 0.13640820617147617 0.1302172815382899 0.1263205791762548 0.12466579262009674 0.12507188551413773 0.1273339831809678 0.13127438917166487 0.13674486134890668 0.1435853150203965 0.15154119861885884 0.16015141597707477
0.2719558787744806 0.15764630872611568 0.16621396206726197 0.17359715283276383 0.17853098694788874 0.1799268796579341 0.17727913870285078 0.1709141160374316 0.16192258378844035 0.15180792260615586 0.14204440412538524 0.13374834568829855 0.12755519160416728 0.12367614331592615 0.12204564489231164 0.12247274547221838 0.12474766878868956 0.1286928757105596 0.1341648415535588 0.14101194911790793 0.14899001669009065 0.1576463087261157
0.275118156434649 0.15515043812403068 0.16378526323338485 0.17124890569777093 0.1762521118561257 0.177678594201152 0.17500625293927666 0.16856656384734592 0.15947470415459755 0.1492648453237683 0.1394344246414016 0.1311081594967932 0.12491629744276529 0.1210573843206229 0.11945242566287514 0.11990057396239683 0.12218726268530081 0.12613522622354237 0.13160576307325156 0.13845587929935327 0.14645206480201595 0.15515043812403068
0.27828043409481734 0.152664565331107 0.16136319861717524 0.16890504404891918 0.17397662589912288 0.17543376478783457 0.17273771805800522 0.16622506373777085 0.15703551306983793 0.14673401267732974 0.13684082192221045 0.12848846700663263 0.12230138647894637 0.11846503997890888 0.11688682432341395 0.11735602965206418 0.119653419212029 0.12360211638012836 0.1290683389112789 0.13591785577903637 0.1439281128805702 0.15266456533110706
0.28144271175498575 0.15018943527601228 0.15894848134636985 0.1665662358608424 0.1717051581686934 0.1731930030204455 0.17047415634908067 0.1638902759308067 0.15460572571615572 0.14421619225584403 0.1342643926225116 0.12589005961332111 0.11971121384335263 0.11589981276586647 0.11434949347466138 0.11483973441365604 0.11714675715965718 0.1210941886309014 0.12655325221464372 0.13339860318878807 0.14141891005256033 0.15018943527601228
0.2846049894151541 0.14772577636372233 0.15654181158147096 0.16423313827626004 0.16943832769224526 0.17095691020058462 0.16821617886785847 0.1615628478299982 0.15218604199401484 0.14171213277573544 0.1317059099770976 0.12331370049939759 0.11714650230052516 0.11336236991997896 0.11184104913179303 0.11235227360043838 0.11466786003497992 0.11861205238667617 0.12406115631334066 0.13089882046626336 0.1389251844149217 0.14772577636372233
0.2877672670753225 0.145274300201532 0.15414387623109674 0.1619063973433202 0.16717674319845816 0.16872607711359366 0.16596438522226745 0.15924341379317392 0.1497771462705426 0.13922256381317555 0.12916612355502713 0.12076012446882967 0.1146079422154645 0.11085334356142496 0.10936207097183981 0.1098941963634673 0.11221727636674272 0.11615628423492633 0.12159267479375503 0.1284191807727871 0.13644764282779462 0.145274300201532
0.2909295447354909 0.14283570134318893 0.15175534868116253 0.15958664776441137 0.16492100289376532 0.1665010838244231 0.1637193633724406 0.1569325949193311 0.14737970714442478 0.1367481955573327 0.12664575904049144 0.118230037814266 0.11209619155794132 0.10837333085068813 0.10691310262174118 0.1074660160081001 0.10979552004947361 0.11372742819213234 0.11914840160522591 0.12596033144022847 0.1339869707312543 0.1428357013431889
0.2940918223956593 0.14041065705117023 0.14937688853798717 0.15727451265653203 0.16267169424969374 0.16428249948477983 0.1614816894427115 0.15463099884955556 0.14499437722748967 0.13428971858451327 0.12414551804023675 0.11572411821677207 0.10961187594381763 0.10592289418634143 0.10449465198556071 0.10506821038840473 0.10740307072358576 0.11132599599067111 0.1167289011987856 0.12352289394634991 0.13154383198549846 0.1404106570511702
0.29725410005582764 0.13799982707710018 0.14700914138540566 0.15497060332329463 0.16042939380110688 0.1620708821515609 0.15925192754595943 0.15233921958194946 0.1426217929429524 0.13184780365313617 0.12166607791737567 0.11324301467763363 0.10715558871259806 0.10350256144082264 0.10210719160935655 0.10270122233778764 0.10504037419010627 0.108952467398842 0.1143347086970616 0.1211074639180466 0.1291188687342714 0.13799982707710015
0.300416377715996 0.13560385346028564 0.14465273855594943 0.15267551903862722 0.1581946669553768 0.15986677861656803 0.15703062962027112 0.1500578373005257 0.14026257434027092 0.12942310151945935 0.11920809165138499 0.11078734748177242 0.10472789104038592 0.10111282623298376 0.09975115908216647 0.1003654601341373 0.10270784285836608 0.10660729057260507 0.11196633009429742 0.11871461116186337 0.12671270129127518 0.1356038534602856
0.3035786553761644 0.13322336034432597 0.14230829691614325 0.15038984684222448 0.15596806781250674 0.15767072424748382 0.15481833527787586 0.14778741821801078 0.13791732492654543 0.1270162427739534 0.11677218772405952 0.10835770819228253 0.10232931208738234 0.09875414823616069 0.09742695747154613 0.09806129799776529 0.10040585622497261 0.10429088243758532 0.1096242424854261 0.11634487972114757 0.12432592804929392 0.13322336034432594
0.30674093303633276 0.13085895381173307 0.1399764186659506 0.14811416134678457 0.15375013899620799 0.15548324284007844 0.15261557166629364 0.14552851443248374 0.13558663151437736 0.12462783769819173 0.1143589700311581 0.1059546596755565 0.09996034917902803 0.09642695352047935 0.09513495579207401 0.09578907662041104 0.09813476138237247 0.1020036290998837 0.10730889432310824 0.11399878795917158 0.12195912541173069 0.13085895381173304
0.3099032106965012 0.12851122173647775 0.1376576911523844 0.14584902455705898 0.1515414114959269 0.15330484648160395 0.1504228533416271 0.1432816637977631 0.133271064086083 0.12225847614210666 0.11196901781944942 0.10357873615643784 0.0976214680198532 0.09413163492808782 0.09287548950522322 0.0935491037235693 0.09589487355530893 0.09974588628422465 0.10502070570162797 0.1116768286675351 0.11961284774623472 0.12851122173647775
0.31306548835666953 0.12618073365435842 0.1353526866972843 0.14359498570072807 0.14934240451980552 0.15113603542532153 0.14824068215391153 0.141047389807441 0.13097117567414404 0.11990872742143674 0.10960288564883675 0.10123044330280101 0.09531310293906962 0.09186855247997858 0.0906488610489842 0.09134165464439356 0.0936864766634719 0.09751797979796224 0.10276006866652602 0.10937946919913503 0.11728762736007152 0.1261807336543584
0.31622776601683794 0.12386804065106892 0.13306196243924678 0.14135258107110257 0.14715362535854742 0.14897729797609607 0.14606954714442785 0.1388262014924484 0.12868750225775555 0.11757914023516866 0.10726110337921108 0.09891025833892972 0.09303565716690732 0.08963803381304562 0.08845534039561469 0.08916697294742874 0.09150982390864354 0.09532020601946264 0.10052734754883393 0.10710715162497036 0.11498397449686787 0.12386804065106889
0.3193900436770063 0.12157367526782357 0.13078606018967875 0.13912233388164053 0.14497556926014968 0.14682911038697938 0.1439099244548686 0.13661859333202087 0.12642056267531868 0.11527024260275714 0.10494417618165613 0.09661863018703161 0.09078950314067276 0.0874403746460011 0.08629516563588584 0.08702527106042819 0.0893651383846442 0.0931528324093805 0.09832287932276496 0.104860292914032 0.11270237735434108 0.12157367526782355
0.32255232133717465 0.11929815142437873 0.1285255063029319 0.13690475413225603 0.1428087193154521 0.14469193676669553 0.14176227724823817 0.13442504517792497 0.12417085855270953 0.11298254182088384 0.10265258457360245 0.09435597963620052 0.08857498283947858 0.0852758392727638 0.0841685435881936 0.08491673093251906 0.08725261370839421 0.09101609804335004 0.09614697398570941 0.10263928513550995 0.11044330212260377 0.1192981514243787
0.32571459899734306 0.11704196435927214 0.1262808115604586 0.1347003384873841 0.14065354635444205 0.14256622899792823 0.13962705564135422 0.1322460221917875 0.121938874247138 0.11071652443949766 0.10038678447750178 0.09212269953810905 0.08639240814657453 0.08314466108191812 0.08207565043090231 0.08284150471298847 0.08517241467041935 0.08891021416461689 0.0939999149593766 0.10044449568253618 0.10820719304261321 0.11704196435927214
0.3288768766575114 0.11480559058708428 0.12405247106891665 0.13250957016575515 0.1385105088532455 0.14045242666630162 0.1375046966488088 0.13008197479536163 0.1197250768063971 0.10847265625685881 0.09814720730256941 0.08991915502868851 0.08424206123818574 0.081047043100835 0.08001663235629555 0.08079971544897842 0.08312467790314211 0.08683536475514536 0.09188195951092314 0.098276267516668 0.10599447248432009 0.11480559058708428
0.33203915431767983 0.11258948787250815 0.12184096417213659 0.1303329188418209 0.13638005285172292 0.13835095699993616 0.13539562413823625 0.1279333386335503 0.11752991594328947 0.1062513823332905 0.09593426004911858 0.08774568377503014 0.08212419499775009 0.0789831585630397 0.07799160624451482 0.07879145780039448 0.08110951256532209 0.08479170712374993 0.08979333919290851 0.09613491943230623 0.10380554104405021 0.11258948787250815
0.3352014319778482 0.1103940952209977 0.1196467543768502 0.1281708405587614 0.1342626118815793 0.13626223481945 0.13330024879672317 0.12580053454999618 0.11535382402500192 0.10405312702332367 0.09374832543498868 0.08560259624671751 0.08003903345442795 0.07695315149740876 0.07600066035587864 0.0768167987703537 0.07912700104102847 0.08277937250981166 0.08773426030091926 0.09402074634023166 0.10164077766064009 0.1103940952209977
0.3383637096380166 0.1082198328857492 0.1174702892920659 0.12602377765299277 0.13215860690488787 0.1341866624982684 0.1312189681081894 0.12368396857503594 0.11319721607718698 0.10187829402590341 0.09158976204354839 0.08349017601078113 0.07798677224474632 0.07495713733777812 0.07404385503998798 0.07487577844952033 0.07717719965155463 0.08079846670115992 0.08570490434770878 0.09193401956943664 0.09950053974982917 0.10821983288574923
0.34152598729818495 0.10606710239075409 0.11531200058196299 0.12389215869008392 0.13006844626291936 0.13212462993309493 0.12915216634155627 0.12158403192580808 0.1110604898024969 0.09972726645230902 0.0894589044927342 0.08140868004944554 0.07596757909622712 0.0729952035515484 0.07212122346004256 0.07296841077270629 0.07526013937871202 0.0788490706647192 0.08370542855270649 0.08987498718642162 0.09738516335640109 0.10606710239075412
0.34468826495835336 0.10393628656964725 0.11317230393216508 0.12177639841198072 0.1279925256351561 0.13007651452438865 0.12710021454951176 0.11950110101829152 0.10894402561330523 0.09760040691142341 0.0873560636245668 0.07935833909982352 0.0739815943318421 0.07106741028587599 0.07023277233080952 0.0710946842861402 0.0733758265979703 0.07693124118854296 0.08173596634575914 0.08784387433112242 0.09529496332354878 0.10393628656964728
0.3478505426185217 0.10182774962006012 0.1110515990292375 0.11967689769542368 0.1259312280083657 0.12804268116668396 0.12506347057767297 0.11743553749104357 0.10684818667833496 0.09549805761197244 0.0852815267145686 0.07733935801469499 0.0720289313941288 0.06917379103005032 0.068378482668711 0.06925456292384237 0.07152424381994486 0.07504501153388159 0.0797966278839763 0.08584088356863 0.0932302334789312 0.10182774962006015
0.35101282027869013 0.09974183717317392 0.10895026955324447 0.11759404352143797 0.12388492365559768 0.12602348224858162 0.12304227908393747 0.11538768824039666 0.10477331898290702 0.09342054048134106 0.08323555770049064 0.07535191614349453 0.07010967738779948 0.06731435329266383 0.06655831055252025 0.06744798679157626 0.06970535043876641 0.07319039209595854 0.07788750058056755 0.08386619525586404 0.09119124683687344 0.09974183717317395
0.3541750979388585 0.09767887637815616 0.10686868318318715 0.1155282089557633 0.12185397012495885 0.12401925766223293 0.12103697156780927 0.11335788546686601 0.10271975140250743 0.09136815730055899 0.08121839742974012 0.07339616773262032 0.06822389363967163 0.06548907929219776 0.06477218789318356 0.06567487295688444 0.06791908348590642 0.07136737107215745 0.07600864964457084 0.08191996792236172 0.08917825581615761 0.09767887637815616
0.3573373755990268 0.09563917600114975 0.10480719161513366 0.11347975314008042 0.11983871223801673 0.12203033482213058 0.11904786640947645 0.11134644673251005 0.10068779578936454 0.08934118985503547 0.07923026392488648 0.07147224234416477 0.06637161627474956 0.06369792665965929 0.06302002321131474 0.06393511624375406 0.06616535838806961 0.06957591513635379 0.07416011863038971 0.08000233866434267 0.08719149247283714 0.09563917600114975
0.3604996532591952 0.09362302653847342 0.10276613059284005 0.11144902129388504 0.11783948209767128 0.12005702869301337 0.11707526891841137 0.10935367502897954 0.09867774707171617 0.08733990010061135 0.07727135266661005 0.0695802452921598 0.0645528568072883 0.06194082915192371 0.06130170242094024 0.06222859003049821 0.06444406972780703 0.0678159701181568 0.07234192999607346 0.07811342355121641 0.08523116874750468 0.09362302653847342
0.36366193091936355 0.09163070034367972 0.10074581995065082 0.10943634472684799 0.11585659910532861 0.1180996418266877 0.11511947139125887 0.10737985885598521 0.09668988336544126 0.08536453034448525 0.07534183689344573 0.06772025809542179 0.06276760274567528 0.060217697374455766 0.059617089618106106 0.06055514704948196 0.06275509200554473 0.06608746168586284 0.07055408566929594 0.0762533180437016 0.08329747672643309 0.09163070034367972
0.36682420857953196 0.08966245176810693 0.09874656366845712 0.10744204086149317 0.11389036998720366 0.11615846440755893 0.11318075317876981 0.10542527230990431 0.0947244660977166 0.08341530344055949 0.07344186791766318 0.06589233894607514 0.06101581820997206 0.05852841951210254 0.05796602787299369 0.058914620187363605 0.061098280401767756 0.06439029603195476 0.06879656762000638 0.07442209742273104 0.08139058891600533 0.08966245176810692
0.3699864862397003 0.08771851731455128 0.09676864993847949 0.10546641326601733 0.11194108882957209 0.11423377430666408 0.11125938076153542 0.10349017518224365 0.09278174014235846 0.08149242299874268 0.07157157545661429 0.06409652319283043 0.059297444560964536 0.05687286206667735 0.05634834002422677 0.05730682328456896 0.059473471538144224 0.06272436056001968 0.06706933843875137 0.07261981722832546 0.07951065852984297 0.08771851731455127
0.37314876389986873 0.08579911580367593 0.09481235124363523 0.10350975169706517 0.11000903712278534 0.1123258371439895 0.10935560783426913 0.10157481306766895 0.09086193396649692 0.0795960736077361 0.06973106797887206 0.06233282383808946 0.05761240103958288 0.05525087060007604 0.0547638294740923 0.055731551932760796 0.057880484236419956 0.06108952457199628 0.06537234191968826 0.07084651370762415 0.07765781978804048 0.0857991158036759
0.3763110415600371 0.08390444855276497 0.09287792444723728 0.10157233215226949 0.10809448381385703 0.11043490635885367 0.10746967539838125 0.09967941748130661 0.08896525978822588 0.07772642107082381 0.06792043306447564 0.060601232047949385 0.05596058541556079 0.05366227048169493 0.05321228098343514 0.05418858426911397 0.05631912027396236 0.0594856399546996 0.06370550364733499 0.06910220427127316 0.07583218822790745 0.08390444855276494
0.3794733192202055 0.08203469956642286 0.09096561089376694 0.0996544169323546 0.10619768536742369 0.10856122328813098 0.10560181186258619 0.09780420598501932 0.08709191374486695 0.07588361265417776 0.06613973777859122 0.058901717674178615 0.05434187464422017 0.05210686763894796 0.051693461465029504 0.05267768176625426 0.05478916513487953 0.057912541864612865 0.062068731586128655 0.06738688795737793 0.07403386102562236 0.08203469956642281
0.38263559688037385 0.08019003573881157 0.08907563652045036 0.09775625471259808 0.10431888583487692 0.10670501725208706 0.10375223315127825 0.09594938232235187 0.08524207607147914 0.07406777734718473 0.06438902905789258 0.05723422978723881 0.05275612553027917 0.05058444930970967 0.05020712077427046 0.05119859001676822 0.05329038875568943 0.056370049409975274 0.06046191667188967 0.06570054590224238 0.07226291732819605 0.08019003573881155
0.38579787454054226 0.0783706070670121 0.08720821197936471 0.09587808062343633 0.10245831693145983 0.10486650564759442 0.10192114282040998 0.09411513656184171 0.08341591128924007 0.07227902613429361 0.06266833410896164 0.05559869721943171 0.05120317539760125 0.049094784795542065 0.048752992496072345 0.04975103951124037 0.051822546264562924 0.05485796632923628 0.05888493340431644 0.0640431418171262 0.07051941859514714 0.07837060706701207
0.3889601522007106 0.07657654687508951 0.08536353276978885 0.09402011633999509 0.10061619812111598 0.10304589404849217 0.10010873218060269 0.09230164524838387 0.08161356840332491 0.07051745227787856 0.06097766081800592 0.05399502911725342 0.04968284276381814 0.04763762621459564 0.04733079472690467 0.04833474640882427 0.05038537871321411 0.053376081664987814 0.05733764043966455 0.0624146224702658 0.06880340894928896 0.07657654687508947
0.39212242986087903 0.07480797204843741 0.08354177938051004 0.0921825701803198 0.09879273670887401 0.10124337631285212 0.09831518042721837 0.09050907156233903 0.07983518110990018 0.06878313161160902 0.059316998171188795 0.05242311550204664 0.04819492801878144 0.04621270925310748 0.045940230850939685 0.04694941329940459 0.04897861380056094 0.05192417043252887 0.05581988118279186 0.060814918173419844 0.0671149155360327 0.07480797204843737
0.3952847075210474 0.07306498327797058 0.08174311744178761 0.09036563721207361 0.09698812794054924 0.09945913469691024 0.09654065477711828 0.0887375654860701 0.07808086801185053 0.06707612284381272 0.05768631668486612 0.05088282783804746 0.04673921410581616 0.04481975391445525 0.044580990309332214 0.04559472995645686 0.0476019665873282 0.050501994282257226 0.054331484377780896 0.059243943272212406 0.0654539488906094 0.07306498327797056
0.3984469851812158 0.0713476653137325 0.07996769788667273 0.08856949936746851 0.0952025551095377 0.09769333997542037 0.09478531061183351 0.0869872639775913 0.0763507328428529 0.06539646787031766 0.056085568845025253 0.04937401960693378 0.04531546720477382 0.043458465264759105 0.043252749361695514 0.044270374079762496 0.04625514020081548 0.049109302155126974 0.05287226469637979 0.057701596639565665 0.06382050331262187 0.07134766531373249
0.40160926284138415 0.06965608722748003 0.0782156571213743 0.08679432556618778 0.09343618967047668 0.09594615156818559 0.09304929162687078 0.08525829115101291 0.07464486469940958 0.06374419209625468 0.054514689555222096 0.047896526887991904 0.04392343741590434 0.04212853417406195 0.04195517183888513 0.042976012027187094 0.04493782652910078 0.047745830930451615 0.051442023323532794 0.056187762171527905 0.06221455724733694 0.06965608722748003
0.40477154050155256 0.06799030268380479 0.07648711720435801 0.08504027184605405 0.09168919135954186 0.09421771767252132 0.09133272998687711 0.08355075846346394 0.07296333828045305 0.062119304766302064 0.05297359659231514 0.04645016894302994 0.042562859443591276 0.04082963805215346 0.04068790988624612 0.04171129953478057 0.04364970690400087 0.04641130606537508 0.05004054853930273 0.0547023092848206 0.06063607367313737 0.06799030268380479
0.4079338181617209 0.06635035021934908 0.07478218603386037 0.08330748150119445 0.08996170832114915 0.09250817540140213 0.08963574648638457 0.08186476490817356 0.07130621413413084 0.060521799302854534 0.051462191069298266 0.045034748805178604 0.04123345327902009 0.03956144157814161 0.03945060469652671 0.04047588242450542 0.04239045277215633 0.04510544222537403 0.04866761629651656 0.0532450934154463 0.05908500049455406 0.0663503502193491
0.41109609582188933 0.06473625352967252 0.0731009575434944 0.0815960852274485 0.08825387724082756 0.09081765092704522 0.08795845071585938 0.08020039721339423 0.06967353891138267 0.05895165365159573 0.04998035790453917 0.04365005387073504 0.03993492488087555 0.038323597422913566 0.038242887231706754 0.039269397298952326 0.041159726353658894 0.04382794390519757 0.04732299079349911 0.05181595651771618 0.05756127094031082 0.06473625352967254
0.4142583734820577 0.0631480217633246 0.07144351190562212 0.07990620127476306 0.08656582348402583 0.08914625962968134 0.08630094123277696 0.07855773004684773 0.06806534562591832 0.05740883063395849 0.048527966296735205 0.042295856493219305 0.0386669668531922 0.03711574696366588 0.03706437893303487 0.038091472222447416 0.03995718128768459 0.042578506039690524 0.04600642504128707 0.050414727563075905 0.05606480396581475 0.06314802176332461
0.41742065114222604 0.061585649822678126 0.06980991574216323 0.07823793560631415 0.08489766124061678 0.08749410625126507 0.08466330573744756 0.0769368262253777 0.0664816539202084 0.05589327830595569 0.047104870204904 0.04097191457882927 0.037429259119509097 0.035937520989722374 0.035914692418614357 0.03694172738800645 0.038782463264643324 0.04135681460398711 0.044717661424749894 0.04904122303812655 0.054595504659538746 0.06158564982267814
0.42058292880239445 0.06004911867107899 0.0682002223425088 0.07659138206409304 0.083249493674859 0.08586128505387579 0.08304562125331695 0.07533773692949274 0.06492247033709952 0.054404930322867695 0.04571090883273546 0.03967797218249694 0.036221469592510075 0.03478854039889829 0.03479343216792279 0.035819775769636915 0.037635210644401576 0.04016254720260264 0.043456432257072054 0.04769524744125716 0.05315326465274663 0.06004911867107901
0.4237452064625628 0.058538395645868796 0.0666144718882043 0.07496662254069321 0.08162141308057694 0.08424787998256218 0.0814479543114687 0.07376050192248615 0.06338778859666823 0.05294370630927688 0.044345907116636815 0.03841376010376709 0.03504325483835891 0.03366841688370648 0.03370019519269501 0.03472522375953669 0.0365150550601786 0.03899537364698905 0.042222460327083995 0.046376593777325906 0.051737962532023056 0.05853839564586881
0.4269074841227312 0.05705343477683761 0.06505269168406709 0.07336372715702948 0.08001350104131881 0.0826539648323824 0.07987036113905616 0.07220514977381991 0.061877589877929094 0.05150951223394004 0.04300967621681427 0.03717899648173725 0.03389426073497069 0.03257675360674295 0.03263457169364407 0.03365767178978302 0.03542162200776139 0.037854956521159534 0.0410154594389574 0.04508504404984528 0.05034946425407744 0.057053434776837615
0.4300697617828996 0.055594177109667756 0.06351489639539912 0.07178275444572363 0.07842582859525105 0.08107960341939519 0.07831288785139394 0.07067169808646366 0.06039184310501578 0.050102240788997915 0.041702014010742146 0.03597338738831876 0.032774123123489436 0.03151314586462579 0.03159614570253789 0.03261671493815065 0.03435453141972519 0.03674095173502471 0.0398351349438126 0.043820369750149295 0.048987623562303795 0.055594177109667756
0.433232039443068 0.05416055103393026 0.0620010882909572 0.07022375153988478 0.07685845640454904 0.07952484975535652 0.0767755706474421 0.06916015372788072 0.05893050523745662 0.04872177177302181 0.04042270558838266 0.03479662741909765 0.03168246845227508 0.030477181739902937 0.030584495709193006 0.0316019435177413 0.03331339822438896 0.03565300906512037 0.03868118426281398 0.04258233234303895 0.04765228240458616 0.05416055103393026
0.4363943171032363 0.05275247261520053 0.06051125749134119 0.06868675436701567 0.07531143492904296 0.07798974822587969 0.07525843600841799 0.06767051306435791 0.05749352156416953 0.0473679724774061 0.03917152374852935 0.03364840028109651 0.030618914412732668 0.029468442740381566 0.029599195272988828 0.030612943650149663 0.032297832889274396 0.03459077268244215 0.037553297401359736 0.04137068374842465 0.046343271351852636 0.052752472615200524
0.4395565947634047 0.05136984593086201 0.05904538222246035 0.06717178784777263 0.0737848046038793 0.07647433377181785 0.07376150089927352 0.06620276219837783 0.056080826000804496 0.04604069807561871 0.037948229495659784 0.03252837937675877 0.02958307056634951 0.028486504425370446 0.02863981361854773 0.0296492978219322 0.03130744194887666 0.03355388166713716 0.03645115745400033 0.04018516681850333 0.04506041001688992 0.051369845930861996
0.44271887242357305 0.05001256340917274 0.057603429073739935 0.06567886609930938 0.07227859602095742 0.0749786320736307 0.07228477297278067 0.06475687720873695 0.05469234139006764 0.044739792014830505 0.036752572536696296 0.03143622838350109 0.028574538962338008 0.02753093701836702 0.027705916215266843 0.028710585424185316 0.030341828516593176 0.03254197050983856 0.035374441099749895 0.03902551581003094 0.0438035074729458 0.05001256340917273
0.4458811500837414 0.04868050617117185 0.05618535326072854 0.06420799264293217 0.07079283011390453 0.07350265973849866 0.07082825077596816 0.06333282439311538 0.05332797980466307 0.04346508640944985 0.035584291777085435 0.030371601828200083 0.02759291474531315 0.02660130600575568 0.02679706534042748 0.027796383275078322 0.029400592780691504 0.0315546695994589 0.03432281908748086 0.037891456851269496 0.04257236267165429 0.04868050617117183
0.4490434277439098 0.047373544375010665 0.05479109889177047 0.06275916061579628 0.06932751834635058 0.0720464244899516 0.06939192395866026 0.06193056051281042 0.051987642852496026 0.042216402436097054 0.03444311581562237 0.029334145656005086 0.026637786752467415 0.02569717272112436 0.025912820625646912 0.02690626612522444 0.028483332484234642 0.030591605697292773 0.03329595671112124 0.03678270840321026 0.04136676485983591 0.047373544375010644
0.4522057054040782 0.046091537562297676 0.05342059923840621 0.061332352986373205 0.06788266290326839 0.07060992535978117 0.06797577348386823 0.06055003303934806 0.0506712219837843 0.040993550729561144 0.03332876343745922 0.028323497792891502 0.025708738099736325 0.02481809491484107 0.025052739586474932 0.0260398071458088 0.027589643388913305 0.029652402397307966 0.03229351427439938 0.03569898171469462 0.04018649399473427 0.04609153756229765
0.4553679830642466 0.04483433500605208 0.052073777009169306 0.05992754277342029 0.06645825688514527 0.06919315288201008 0.06657977183979327 0.05919118040269391 0.049378598799731666 0.03979633177929055 0.032240944104753644 0.02733928870139323 0.024805346756482376 0.023963627308570375 0.024216378134975125 0.025196578399428387 0.026719119722768803 0.02873668057253525 0.03131514754490817 0.034639981271075516 0.0390313211572665 0.04483433500605205
0.45853026072441494 0.043601776059868896 0.05075054462644649 0.05854469326818446 0.06505428450475413 0.06779608928869317 0.06520388325320045 0.0578539322407873 0.04810964536242233 0.038624536325977205 0.03117935844442631 0.02638114192897836 0.023927186108254554 0.02313332213444382 0.02340329107516542 0.024376151293630882 0.025871354611819216 0.02784405880749393 0.030360508197285238 0.033605405236081735 0.03790100896287608 0.04360177605986886
0.46169253838458335 0.04239369050790372 0.0494508045060749 0.05718375825957361 0.06367072128629513 0.06641870870733083 0.06384806390393084 0.05653820965012976 0.046864224505602306 0.037477945757803756 0.030143698732515965 0.02544867464855585 0.023073825507215772 0.022326729658634897 0.022613032581228237 0.02357809701717291 0.02504594049563207 0.0269741538166189 0.0294292442453314 0.032594945886568694 0.036795311969592265 0.0423936905079037
0.4648548160447517 0.04120989891529376 0.048174449339349126 0.05584468226203268 0.06230753426668037 0.0650609773596768 0.06251226214032159 0.055243925437162965 0.0456421901460191 0.03635633250593354 0.02913364937463311 0.02454149819062702 0.02224483080985915 0.021543398689122275 0.021845156658433017 0.022801986959047667 0.024242469526913276 0.02612658084867935 0.028521000462912536 0.03160829003985931 0.035713977082913254 0.04120989891529374
0.4680170937049201 0.04005021297863886 0.04692136237711768 0.054527400745860724 0.060964682198738185 0.06372285376172883 0.06119641869531023 0.05397098437017789 0.0444433875949992 0.03525946043883187 0.02814888738203361 0.02365921856662032 0.021439764901668577 0.02078287706745992 0.021099217586747054 0.022047393110362013 0.02346053395520927 0.025300954077205486 0.027635418793514475 0.030645119473397427 0.03465674395714449 0.040050212978638845
0.4711793713650885 0.03891443587617486 0.045691417715650294 0.05323184036971106 0.0596421157561149 0.062404288924691576 0.05990046690300358 0.05271928343150131 0.04326765386994896 0.03418708525501978 0.027189082842848628 0.022801436982973836 0.020658188208407896 0.02004471214440379 0.020374770347140882 0.021313888449170235 0.02269972649484363 0.024496886976962014 0.026772138748342555 0.029705111336458156 0.03362334539283804 0.038914435876174845
0.4743416490252569 0.03780236261727895 0.04448448058396251 0.05195791921501622 0.058339777739656255 0.06110522655670864 0.058624332915497034 0.05148871206971391 0.04211481800547158 0.033138954873869794 0.02625389938802592 0.02196775034555462 0.019899659193755446 0.01932845123927859 0.01967137103062446 0.020601047308398252 0.021959640677232474 0.023713992686529718 0.025930797792878733 0.028787938553675972 0.032613507729993496 0.03780236261727895
0.47750392668542524 0.03671378039095694 0.04330040763228779 0.050705547022084865 0.057057603285053125 0.05982560326516234 0.05736793591973628 0.05027915245165772 0.04098470136380172 0.032114809824066747 0.025342994651554696 0.02115775175403048 0.019163734843030043 0.018633642082997455 0.018988577230079268 0.019908445727017228 0.0212398711877455 0.02295188435707813 0.02511103172183165 0.02789327022017328 0.031626951236694525 0.03671378039095694
0.48066620434559365 0.03564846891296953 0.04213904722139297 0.04947462542761937 0.055795520071540324 0.05856534875934599 0.05613118835421788 0.049090479713999484 0.03987711794426552 0.03111438362936636 0.02445602072456514 0.02037103098583445 0.018449971132785407 0.01795983324467846 0.01832594841497822 0.019235661784648094 0.02054001418729923 0.022210175487430997 0.024312475022433527 0.027020771988088787 0.030663390492871406 0.035648468912969536
0.483828482005762 0.034606200771265645 0.04100023971243733 0.0482650482034073 0.054553448531440375 0.05732438605331676 0.05491399612533135 0.04792256221412055 0.038791874691482243 0.03013740319129696 0.023592624602911293 0.019607174969388318 0.017757923486078665 0.01730657454183112 0.01768304628911195 0.018582275919801588 0.019859667618888386 0.021488480245546178 0.023534761226058604 0.026170106444324933 0.029722534768892524 0.03460620077126565
0.4869907596659304 0.03358674176939893 0.03988381775708115 0.04707670149594303 0.05333130206034816 0.056102631668743345 0.05371625882315133 0.046775261780112605 0.037728771802032546 0.02918358916846136 0.022752448627865015 0.018865768246276216 0.017087147213247965 0.016673417434112832 0.017059435131464008 0.017947871231977996 0.019198431499278718 0.020786413776547837 0.022777523248155723 0.025340933479350514 0.02880408839870456 0.03358674176939894
0.4901530373260988 0.03258985126761456 0.038789606587555155 0.04590946406674004 0.05212898722775574 0.054899995837566336 0.05253786993649383 0.045648433959663594 0.03668760302932513 0.028252656352107976 0.02193513091956712 0.01814639342208538 0.016437197938062222 0.01605991540068469 0.016454682120401513 0.017332033767870795 0.018555908196100982 0.020103592497466356 0.022040393716505582 0.02453291064691327 0.027907751147253867 0.032589851267614565
0.4933153149862672 0.03161528252130225 0.03771742430640805 0.04476320753309871 0.05094640398792196 0.05371638270429436 0.05137871706705653 0.044541928267625576 0.035668155986403646 0.02734431403765288 0.021140305802900633 0.017448631605655088 0.015807632009133772 0.01546562430121952 0.015868357641370002 0.016734352791935345 0.017931702690600262 0.019439634378855226 0.02132300528783063 0.023745693514533657 0.027033218571937866 0.031615282521302274
0.49647759264643554 0.03066278301652234 0.03666708217565608 0.04363779660909794 0.04978344589079413 0.0525516905277644 0.050238682142469564 0.043455588432063146 0.0346702124464427 0.026458266391846636 0.02036760422547028 0.0167720628365004 0.015198006896512026 0.014890102720642659 0.015300035578301842 0.016154421041601124 0.017325422826308782 0.018794159213469535 0.02062499095280144 0.022978936004668594 0.02618018237784833 0.03066278301652236
0.49963987030660395 0.029732094802321894 0.03563838490506367 0.04253308934658465 0.04864000029279456 0.0514058118822 0.04911764162808845 0.042389252638587914 0.03369354864069174 0.02559421281529276 0.019616654167390692 0.016116266500201547 0.014607881573401637 0.014332912297707933 0.01474929358896739 0.0155918349674202 0.016736679543922255 0.018166788872202376 0.0199459843294989 0.022232290726449777 0.02534833076658471 0.029732094802321904
0.5028021479667724 0.028822954819568047 0.03463113093929241 0.0414489373759388 0.0475159485672887 0.05027863385740497 0.04801546673736774 0.04134275377279115 0.032737935553633364 0.02475184830003693 0.01888708104260528 0.015480821731573566 0.01403681688297538 0.013793618037535694 0.014215713364516575 0.015046194958459245 0.016165087102670877 0.01755714754748822 0.019285619945406507 0.02150540929791742 0.02453734877842818 0.028822954819568057
0.5059644256269407 0.027935095226036766 0.03364511274366069 0.0403851861463977 0.046411166314556065 0.04917003825793691 0.046932023640659695 0.040315919660594224 0.0318031392151321 0.023930863781960236 0.018178508091476052 0.014865307805455303 0.013484375890275657 0.01327178860826083 0.01369888087347557 0.01451710555325407 0.015610263288486064 0.016964861984392683 0.018643533508020643 0.02079794265868619 0.023746918627683314 0.02793509522603677
0.5091267032871091 0.027068243717505578 0.032680117088264814 0.03934167516572641 0.045325523571090126 0.048079901801109416 0.04586717367228807 0.039308573306343346 0.030888920989357967 0.023130946487719954 0.017490556764404273 0.014269304514979734 0.012950124219223341 0.01276699662195996 0.013198386590479132 0.014004175636657816 0.015071829609272228 0.016389561699617947 0.018019362164179972 0.020109541372993926 0.022976720031006988 0.027068243717505578
0.5122889809472775 0.026222123844609934 0.031735925330218524 0.038318238239029204 0.044258885018058025 0.04700809631367693 0.04482077353575439 0.03832053312848193 0.029995037860279062 0.022351780275998392 0.01682284709625976 0.013692392537210865 0.012433630374775392 0.012278818900046467 0.012713825710034158 0.013507018622923079 0.014549411477600777 0.015830879188662016 0.01741274474822774 0.019439855923100397 0.022226430528559174 0.026222123844609927
0.5154512586074458 0.025396455325233405 0.030812313693775777 0.03731470370649901 0.0432111101887557 0.04595448892706183 0.043792675506938654 0.037351613192641485 0.02912124271352556 0.02159304597282905 0.016174998071416032 0.0131341537860547 0.011934466050295271 0.01180683672334084 0.012244798345623201 0.013025252625367897 0.014042638381149436 0.015288450121377575 0.01682332201913197 0.01878853699301497 0.021495725797823804 0.025396455325233394
0.5186135362676142 0.02459095435221358 0.029909053548108588 0.036330894679910464 0.04218205367489849 0.04491894227098925 0.04278272763516431 0.03640162344199897 0.028267284614436273 0.020854421700786007 0.0155466279792064 0.01259417175237447 0.01145220642022157 0.011350636067041207 0.011790909714469033 0.012558500612982621 0.01355114404121595 0.014761913526183485 0.016250736886699466 0.018155235742548143 0.020784279959961467 0.024590954352213566
0.5217758139277825 0.023805333896155464 0.029025911682519775 0.035366629277665505 0.04117156533159421 0.043901314665398886 0.04179077394200218 0.035470369924755225 0.027432909082110147 0.02013558320183333 0.014937354759634827 0.012072031831260925 0.010986430418140935 0.010909807820835726 0.011351770308293282 0.0121063905543419 0.013074566559638826 0.014250911963187706 0.015694634627030742 0.017539604071693412 0.02009176587856964 0.023805333896155443
0.5249380915879509 0.02303930400315608 0.02816265057887839 0.03442172085820681 0.04017949048084719 0.04290146031051069 0.04081665461769461 0.03455765501859682 0.02661785835929034 0.019436204153644634 0.014346796339193685 0.011567321636430261 0.010536721000391403 0.010483947994413384 0.010926996050410597 0.011668555549190752 0.012612548554461582 0.013755091686485537 0.015154663087370495 0.016941294875358955 0.019417855450739138 0.02303930400315606
0.5281003692481193 0.022292572087254887 0.027319028681072253 0.033495978251621164 0.03920567011345072 0.041919229474924234 0.03986020621508764 0.033663277652010354 0.025821871677921767 0.0187559564792172 0.013774570956657513 0.0110796313017425 0.010102665395340514 0.010072657908644745 0.010516208439510724 0.011244633948079187 0.012164737284679544 0.013274102795901957 0.014630472880519399 0.016359962288481737 0.01876221989030848 0.022292572087254863
0.5312626469082877 0.02156484321743512 0.026494800661281737 0.0325892059892591 0.038249941089128145 0.0409544686816393 0.038921261840964144 0.03278703352232552 0.025044685520229083 0.018094510649615956 0.01322029747874092 0.010608553769852676 0.00968385533850138 0.009675544372716973 0.01011903468048731 0.01083426946042241 0.011730784764409297 0.012807599378449747 0.014121717568979432 0.01579526192156681 0.018124530003231262 0.021564843217435098
0.534424924568456 0.02085582039901268 0.025689717682885273 0.03170120453120493 0.03731213633478817 0.04000702089188854 0.03799965134467805 0.03192871531037002 0.02428603387517193 0.017451535979697303 0.012683595705524754 0.01015368506802677 0.00927988729366625 0.009292219847519897 0.009735107802679603 0.01043711125136695 0.011310347866822156 0.012355239639778456 0.013628053839013035 0.015246851086707366 0.01750445645498317 0.020855820399012657
0.5375872022286244 0.020165204849260092 0.024903527659816443 0.030831770491435567 0.0363920850407666 0.0390767256866802 0.03709520150399448 0.031088112891626975 0.02354564849014415 0.016826700916674132 0.012164086665572853 0.009714624571172949 0.008890362660253769 0.008922302595591272 0.009364066765899235 0.010052814027844189 0.010903088418182843 0.011916686025891186 0.013149141664803698 0.01471438901415058 0.01690167002994907 0.02016520484926007
0.5407494798887928 0.019492696267123584 0.02413597551219973 0.029980696860514404 0.03548961285493019 0.038163419445952466 0.036207736208047764 0.030265013543791467 0.02282325911779089 0.016219673321396833 0.011661392900677678 0.009290975252156271 0.008514887967081018 0.00856541681793924 0.009005556554618712 0.009681038114193916 0.01050867328233368 0.011491605335407669 0.012684644462911019 0.01419753705948522 0.016315841882740784 0.01949269626712357
0.5439117575489612 0.018837993096902667 0.023386803418100975 0.029147773225671546 0.03460454207452467 0.03726693552524772 0.035337076637334076 0.029459202150630664 0.02211859375782773 0.015630120742237137 0.011175138740189914 0.008882343919482737 0.00815307505278621 0.008221192778069526 0.008659228260702298 0.009321449517740167 0.010126774435963406 0.011079668822653188 0.012234229237219594 0.013695958901536624 0.015746643781409747 0.018837993096902657
0.5470740352091296 0.018200792785771885 0.022655751061235813 0.028332785988128235 0.03373669183565387 0.03638710442981967 0.03448304144066215 0.028670461402058284 0.02143137889375432 0.015057710681474032 0.010704950564902926 0.008488341442455003 0.007804541233140803 0.007889266913553197 0.008324739155063056 0.008973719984701128 0.009757069034997574 0.01068055229185259 0.011797566714586072 0.013209320731063852 0.015193748342528807 0.018200792785771882
0.550236312869298 0.017580792035035375 0.021942555874489254 0.02753551857753016 0.03288587830028264 0.0355237539860907 0.033645446908990385 0.027898571990340584 0.02076133972436332 0.014502110854093225 0.010250457060478927 0.00810858296391785 0.0074689094555029185 0.007569281935477484 0.008001752748631704 0.008637527046812895 0.009399239472444714 0.010293936182709273 0.011374331471393037 0.012737291430362545 0.014656829258129337 0.017580792035035375
0.5533985905294664 0.01697768704501502 0.02124695327910549 0.02675575166335962 0.0320519148406601 0.03467670951038383 0.03282410714608469 0.027143312802358665 0.020108200389954232 0.013962989438923367 0.009811289460418381 0.007742688100727027 0.00714580844067502 0.007260886916129708 0.007689938843024164 0.008312554059045138 0.009052973428029418 0.009919505647647247 0.010964202051222593 0.012279542743885595 0.014135561514490084 0.016977687045015025
0.5565608681896347 0.01639117375348396 0.02056867691941783 0.025993263363203917 0.031234612221067277 0.03384579397485644 0.032018834235937134 0.026404461107857043 0.01947168419317072 0.013440015322044349 0.009387081778589693 0.007390281132089517 0.006834872812440037 0.006963737365268296 0.007388973571295294 0.007998490228782991 0.008717963909939673 0.009556950620993711 0.010566861073866124 0.01183574944000141 0.013629621602785474 0.016391173753483968
0.5597231458498031 0.01582094806756672 0.019907458892994834 0.02524782944776286 0.03043377877679616 0.033030828170570264 0.03122943840689019 0.02568179274361649 0.01885151381438714 0.012932858332414065 0.008977471031350038 0.00705099117593686 0.006535743215059657 0.006677495295341037 0.007098539429165666 0.0076950306368469956 0.008393909289011552 0.009205965880377648 0.010181995335889352 0.011405589464016916 0.013138687721609995 0.015820948067566735
0.5628854235099715 0.015266706089037907 0.01926302997608801 0.024519223542485296 0.029649220590273823 0.03223163086763454 0.03045572819241735 0.0249750822934935 0.01824741152157944 0.012441189469671834 0.008582097449302254 0.006724452353506574 0.0062480664190275375 0.0064018292760130175 0.006818325297107257 0.007401876250717509 0.008080513325669877 0.008866251100617813 0.009809295902974875 0.01098874408259962 0.012662439971406625 0.01526670608903792
0.5660477011701399 0.014728144332961034 0.018635119844274507 0.02380721732573004 0.028880741664249705 0.031448018972366945 0.02969751058851565 0.024284103264277174 0.0176590993746231 0.011964681124087209 0.008200604678746518 0.0064103039423188376 0.005971495415378511 0.006136414478370543 0.006548026453671962 0.0071187339303264 0.007777485189938203 0.008537510900370745 0.009448458194265945 0.010584898019739202 0.012200560540835395 0.01472814433296105
0.5692099788303082 0.014204959939619033 0.018023457288195734 0.02311158072335435 0.02812814409197027 0.030679807681418838 0.02895459120767096 0.023608628257318357 0.017086299423968335 0.011503007288634513 0.00783263997289788 0.00610819051774744 0.00570568949886177 0.005880932709169019 0.006287344580444696 0.006845316426773015 0.007484539474826471 0.008219454881806917 0.009099182058937162 0.010193739584395674 0.011752733885128156 0.014204959939619047
0.5723722564904766 0.013696850879697181 0.017427770424301946 0.02243208209963721 0.027391228224268514 0.029926810632818494 0.028226774429361765 0.02294842913589331 0.016528733903651657 0.011055843763182836 0.007477854372953922 0.005817762083394644 0.005450314340292896 0.005635072435494004 0.006035987758998973 0.006581342374315793 0.0072013962033986405 0.007911797663579523 0.008761171845219056 0.009814960789985974 0.01131864689648398 0.013696850879697195
0.575534534150645 0.013203516152689063 0.01684778690051956 0.0217684884444535 0.026669792833503222 0.02918884005388897 0.0275138635470719 0.022303277188269206 0.015986125418609293 0.01062286835080288 0.007135902879108198 0.0055386741904901 0.005205042048404741 0.0053985288002055525 0.00579367046022998 0.006326536275985095 0.006927780829816823 0.0076142589073473 0.008434136462104072 0.009448257465867024 0.010897989066568517 0.013203516152689075
0.5786968118108134 0.012724655978504895 0.016283234096767404 0.021120565556619193 0.025963635274285767 0.028465706906002426 0.026815660911787845 0.02167294328644473 0.015458197126266232 0.010203761046201054 0.0068064446116171936 0.005270588046543145 0.004969551221522584 0.0051710036285354 0.005560113526435097 0.006080628483155855 0.0066634242346523195 0.007326563338108357 0.008117789433962191 0.009093329360977308 0.010490452641187881 0.012724655978504902
0.5818590894709817 0.012259971982270678 0.01573383932025395 0.02048807822333481 0.02527255164093814 0.02775722102613769 0.02613196807195992 0.021057198040545 0.014944672912381485 0.009798204216300987 0.006489142962038845 0.0050131706134867275 0.0047435269893922535 0.0049522054262059806 0.0053350441465072574 0.005843355169412284 0.006408062714747213 0.007048440758598901 0.007811848948294265 0.008749880239803482 0.010095732767216543 0.012259971982270683
0.5850213671311502 0.011809167372315459 0.015199329995497581 0.019870790395661152 0.024596336921631122 0.027063191265210403 0.025462585909912332 0.020455811948854225 0.01444527756113796 0.009405882773003178 0.00618366573477195 0.004766094695559168 0.0045266610454941245 0.004741849369438647 0.00511819582460139 0.005614458299029178 0.006161437967903944 0.006779626058005505 0.007516037896851241 0.008417617970843236 0.009713527631864833 0.011809167372315459
0.5881836447913186 0.011371947111352353 0.014679433849017496 0.019268465359965365 0.023934785149155535 0.026383425623152084 0.024807314774690517 0.019868555543476853 0.013959736919471043 0.00902648433816069 0.005889685279034993 0.004529039017177358 0.0043186516701775955 0.0045396572872163626 0.004909308342627918 0.005393685590387403 0.005923297072673339 0.0065198592152359595 0.0072300839103463434 0.008096254607737845 0.009343538594379728 0.011371947111352351
0.591345922451487 0.01094801808086716 0.014173879088651762 0.018680865905283964 0.023287689548284227 0.025717731380715536 0.024165954611338435 0.019295199531620635 0.013487778055638089 0.008659699400819707 0.005606878611432888 0.004301688291061511 0.004119203744953099 0.004345357636163425 0.004708127716921356 0.005180790474632783 0.005693392463504543 0.006268885296988631 0.0069537193869868355 0.007785506463252586 0.008985470310278538 0.010948018080867152
0.5945082001116553 0.010537089238736667 0.013682394577465546 0.018107754486552902 0.022654842679688245 0.025065915227990548 0.023538305086603168 0.018735514932502324 0.013029129412036723 0.008305221466780591 0.005334927529268689 0.004083733276877637 0.003928028758279508 0.004158685468401498 0.004514406149425405 0.004975532049880365 0.005471481901513652 0.00602645445085593 0.006686681515050599 0.007485094176284704 0.008639030848221891 0.010537089238736655
0.5976704777718236 0.010138871770106238 0.013204710002220336 0.017548893383662355 0.022036036580373407 0.024427783389616438 0.02292416571106725 0.018189273209879953 0.012583520952286098 0.007962747200544247 0.005073518714765975 0.0038748708306691583 0.003744844803185427 0.00397938239273728 0.004327901973728694 0.004777675031257128 0.005257328441120395 0.005792321893692198 0.006428712289731057 0.007194742772081894 0.008303931799637836 0.010138871770106224
0.600832755431992 0.00975307923156412 0.012740556036381821 0.01700404485629867 0.021431062900609886 0.023803141746681963 0.02232333595771393 0.017656246400220992 0.012150684302592439 0.007631976559716152 0.004822343830375306 0.0036748039453537375 0.0035693765670626824 0.00380719652953316 0.0041483795962783745 0.004586989697068489 0.005050700392795475 0.005566247895471862 0.006179558524472837 0.006914181715856129 0.007979888381215352 0.009753079231564103
0.6039950330921604 0.009379427688656673 0.012289664497650815 0.016472971294541585 0.020839713037330083 0.02319179595530724 0.021735615376933068 0.017136207236520352 0.011730352887424649 0.0073126129219476775 0.004581099605345438 0.003483241782565175 0.0034013553139694433 0.0036418824596069106 0.00397560943309072 0.004403251831365003 0.004851371282153614 0.005347997758858301 0.005938971857017731 0.006643144959979158 0.007666619530389719 0.009379427688656653
0.6071573107523288 0.009017635846796249 0.011851768500009057 0.015955435365191072 0.020261778263975624 0.02259355156190549 0.02116080370797988 0.016628929267785888 0.01132226205953293 0.007004363204502184 0.0043494879137470615 0.0032998996961238515 0.0032405188597792386 0.0034832011675017633 0.0038093678422704024 0.004226242663177406 0.004659119805620575 0.005137341794698909 0.005706708750379089 0.006381370984947992 0.007363847993948145 0.009017635846796232
0.6103195884124971 0.008667425175619772 0.0114266026002775 0.015451200153802384 0.019697049856778073 0.022008214115126098 0.02059870098690144 0.01613418697421409 0.010926149224347948 0.006706937976539406 0.004127215844142694 0.0031244992474216055 0.0030866115405098608 0.0033309199794621367 0.0036494370526417245 0.004055748802679225 0.004473729782894996 0.0049340552936568026 0.00548253048895978 0.006128602834309281 0.007071300409887807 0.008667425175619756
0.6134818660726655 0.008328520026862749 0.011013902939192006 0.014960029302414355 0.019145319217461574 0.02143558927448381 0.020049107650949572 0.015651755878082 0.01054175395880361 0.006420051564218898 0.003913995761102578 0.0029567682130092424 0.002939384174164062 0.003184812496444548 0.0034956050887868253 0.0038915621745275967 0.00429499010641891 0.004737918494184167 0.00526620317002626 0.00588458814373252 0.006788707382663394 0.008328520026862735
0.6166441437328339 0.00800064774581949 0.01061340737700691 0.014481687142960286 0.01860637799236068 0.02087548291568213 0.019511824639501362 0.015181412650385882 0.010168818124632164 0.006143422148729058 0.0037095453587713705 0.0027964405846763528 0.002798594016410605 0.003044658522486745 0.0033476656927775112 0.0037334799486241116 0.004122694688063622 0.00454871654703741 0.005057497690748813 0.0056490791644225845 0.006515803551964511 0.008000647745819482
0.6198064213930023 0.00768353877646633 0.010224855623643699 0.014015938826356272 0.01808001818794962 0.020327701232642003 0.018986653491511775 0.014722935213260133 0.00980708597618446 0.005876771857354264 0.0035135877066953597 0.002643256562313945 0.0026640047104309695 0.00291024398875137 0.0032054182428785404 0.0035813044685285935 0.003956642403230669 0.004366239476528643 0.004856189731014458 0.005421832781062068 0.006252327655167393 0.007683538776466324
0.6229686990531706 0.00737692676033007 0.0098479893634073 0.013562550447266635 0.017566032282783427 0.01979205083625019 0.018473396439525724 0.014276102838214438 0.009456304262833304 0.005619826847698208 0.0033258512881240493 0.0024969625398509345 0.002535386231252845 0.0027813608735535273 0.003068667669491568 0.0034348431777501574 0.003796637032560572 0.004190282138703233 0.00466205973221612 0.005202610524474094 0.005998022583608347 0.007376926760330068
0.6261309767133391 0.007080548629189657 0.009482552374298982 0.013121289164550727 0.01706421333585498 0.019268338849844104 0.01797185650027936 0.013840696240229563 0.009116222326022529 0.005372317385186632 0.0031460700310039728 0.0023573110845554477 0.0024125148248874684 0.0026578071186744803 0.0029372243685999756 0.0032939085441308653 0.003642487201435266 0.00402064417662768 0.004474892872218286 0.004991178579195679 0.005752635432829423 0.007080548629189658
0.6292932543735075 0.006794144691703484 0.009128290641959594 0.012691923317400357 0.016574355091375757 0.018756373001453334 0.017481837561922873 0.01341649766775633 0.008786592191028038 0.005133977913977526 0.002973983331885553 0.002224060909990952 0.002295172942582675 0.0025393865422558 0.002810904112966088 0.003158317982528832 0.003494006317453167 0.0038571299729670025 0.004294479036695659 0.00478730778615128 0.0055159175469492545 0.00679414469170349
0.6324555320336759 0.006517458714060192 0.008784952468283076 0.012274222537181289 0.016096252079991137 0.018255961712819905 0.0170031444678999 0.013003290988664493 0.008467168653501798 0.0049045471214114586 0.002809336072967037 0.0020969768429164753 0.0021831491704987467 0.0024259087485612456 0.0026895279613230495 0.0030278937759987126 0.003351012506049368 0.0036995486000257357 0.004120612787037893 0.004590773640615229 0.0052876245573146895 0.006517458714060201
0.6356178096938442 0.00625023799475499 0.008452288574744546 0.011867957854996745 0.015629699716444845 0.017766914185222908 0.016535583097520408 0.012600861772192206 0.008157709360873231 0.004683767996138841 0.00265187863250151 0.0019758297844183303 0.002076238155108261 0.002317189034884995 0.002572922165794896 0.002902462995659211 0.0032133285444266657 0.003547713767421456 0.0039530933250095865 0.0044013562856507205 0.005067516415590458 0.006250237994755001
0.6387800873540126 0.005992233433597679 0.008130052200492831 0.011472901804995135 0.015174494393710306 0.017289040482134456 0.016078960443266194 0.012208997366948306 0.007857974888686054 0.004471387880064749 0.0025013668887952033 0.00186039666555866 0.0019742405246155155 0.0022130482958774593 0.0024609180777692124 0.00278185741942847 0.003080781793956749 0.0034014437675547278 0.003791724454350803 0.004218840501211558 0.004855357421446154 0.005992233433597692
0.6419423650141809 0.005743199595062993 0.007817999195261851 0.011088828523448366 0.014730433573609618 0.016822151608737162 0.015633084684870638 0.011827486975023416 0.007567728811952336 0.0042671585142557145 0.002357562218026645 0.0017504603978239005 0.0018769628066848487 0.002113312925551296 0.002353352052437893 0.002665913449800142 0.0029532041312046948 0.003260561419034435 0.0036363145394995447 0.004043015689091568 0.004650916245001184 0.005743199595063006
0.6451046426743493 0.005502894766096811 0.007515888107159577 0.010715513843630373 0.014297315873943737 0.016366059588334744 0.015197765260214956 0.011456121722267284 0.007286737771608341 0.0040708360789556905 0.0022202314861172094 0.0016458098186529276 0.0017842173427606814 0.002017814717222001 0.0022500653522124834 0.002554472030824346 0.0028304318777232695 0.0031248940082123835 0.003486676461613257 0.003873675853904479 0.004453965944189353 0.005502894766096824
0.6482669203345177 0.005271081008496118 0.007223480265398258 0.010352735386530636 0.013874941152161206 0.01592057753569023 0.01477281293308679 0.011094694724792926 0.007014771536160116 0.0038821812278619625 0.002089147034884407 0.0015462396323218748 0.0016958221992554917 0.0019263907616293016 0.0021509040492119413 0.0024473785644500046 0.0027123057287581124 0.0029942732289763275 0.0033426275720625973 0.003710619580275564 0.0042642839772060485 0.00527108100849613
0.6514291979946861 0.005047524205982816 0.006940539858032925 0.010000272647439384 0.013463110585594025 0.015485519727327476 0.014358039857846693 0.01074300115176961 0.006751603058609266 0.0037009591168136406 0.0019640866627092133 0.001451550346458394 0.001611601075874901 0.0018388833434766925 0.0020557189270115563 0.0023444828263766795 0.0025986706809982972 0.00286853512094563 0.0032039896435660936 0.003553650006423722 0.00408165221020115 0.005047524205982826
0.6545914756548544 0.004831994106095167 0.006666834004780002 0.009657907078446161 0.013061626748293656 0.015060701668834112 0.013953259641051013 0.01040083828456916 0.006497008528752385 0.0035269394270484276 0.001844833599948881 0.0013615482044546411 0.0015313832113420204 0.0017551398366183414 0.001964365381833402 0.0022456388815566093 0.0024893759595014603 0.0027475200062091983 0.0030705888191304123 0.003402574794310779 0.0039058569203816195 0.004831994106095173
0.6577537533150228 0.004624264357022687 0.006402132824990788 0.009325422166895749 0.012670293684501049 0.014645940159205378 0.013558287400080337 0.010068005572331559 0.006250767420949223 0.0033598963831847524 0.0017311764793258534 0.0012760451140435363 0.0014550032867757779 0.0016750125981137105 0.0018767033233498321 0.002150704999479685 0.002384274943916777 0.0026310724247403773 0.0029422555589560806 0.0032572060965320054 0.0037366887946875516 0.00462426435702269
0.6609160309751912 0.004424112539513041 0.006146209500858782 0.009002603509848947 0.01228891697878845 0.01424105335227037 0.013172939818824088 0.009744304684017826 0.006012662537457981 0.003199608766088524 0.0016229093015226815 0.0011948585722984606 0.001382301326970532 0.0015983588613619469 0.0017925970752633005 0.0020595435693669412 0.002283225094123658 0.0025190410686193243 0.002818824585464657 0.003117360520119391 0.003573942924205646 0.00442411253951304
0.6640783086353597 0.004231320193981317 0.005898840335942479 0.008689238884598969 0.011917303822911732 0.013845860815243185 0.012797035200472947 0.009429539557019383 0.0057824800474370695 0.003045859920784962 0.0015198313962114006 0.0011178115873114872 0.001313122599816616 0.0015250406285192847 0.0017119152758172523 0.001972021015390614 0.0021860878753986288 0.0024112787151882777 0.002700134826598371 0.0029828590874263127 0.0034174187944834814 0.004231320193981314
0.667240586295528 0.004045672842954235 0.005659804809089045 0.008385118315296475 0.01155526307941543 0.013460183584443654 0.012430393517472394 0.009123516442394893 0.005560009521715154 0.0028984377595772156 0.001421747378744432 0.0010447325968001616 0.0012473175140937686 0.0014549245623944444 0.0016345307783848613 0.0018880077120319427 0.0020927286832178147 0.002307642159261353 0.0025860293575390996 0.0028535271942593597 0.003266920271907698 0.004045672842954228
0.6704028639556964 0.0038669600089829364 0.00542888562384656 0.008090034135739551 0.011202605342033406 0.013083844218232651 0.012072836458690435 0.008826043946806352 0.005345043963432695 0.0027571347605344133 0.0013284671027319532 0.0009754553838873106 0.0011847415158615213 0.0013878818780082508 0.001560320552274135 0.0018073778996808654 0.0020030167677970614 0.002207992144505533 0.0024763553409888417 0.0027291945654200197 0.0031222555863081106 0.0038669600089829277
0.6735651416158647 0.0036949752281601024 0.005205868753455753 0.0078037810483870635 0.01085914299293159 0.012716666847209603 0.011724187473854833 0.008536933071228036 0.00513737983465974 0.002621747961512248 0.00123980560872859 0.0009098189902928682 0.0011252549836627513 0.0013237882339954905 0.0014891655838803588 0.0017300096005752265 0.0019168251584672279 0.0021121932941056847 0.002370963966149458 0.0026096952078156804 0.002983237309949263 0.0036949752281600894
0.6767274192760332 0.0035295160593773957 0.004990543481514182 0.007526156179656434 0.010524690256839317 0.012358477221719108 0.011384271815314677 0.00825599724650198 0.004936817079095751 0.0024920789498698755 0.0011555830692496721 0.0008476676271706393 0.0010687231227486393 0.0012625236240185285 0.001420950778308815 0.001655784535170485 0.0018340305879770264 0.002020114040821883 0.002269710386534713 0.0024948673612962685 0.002849682333069316 0.0035295160593773827
0.6798896969362015 0.0033703840894610065 0.004782702438408524 0.007256959131569099 0.01019906325211927 0.012009102756716636 0.011052916577182801 0.007983052365815643 0.004743159140958849 0.0023679338480466863 0.001075624730334563 0.0007888505838171596 0.0010150158585252543 0.0012039722683539456 0.0013555648615835856 0.0015845880390248225 0.0017545134168114624 0.0019316265565435071 0.002172453656743342 0.0023845534473692542 0.0027214118361251626 0.003370384089460992
0.6830519745963699 0.0032173849343229088 0.004582141633612364 0.006995992029808761 0.009882080038825946 0.011668372574042424 0.010729950731915185 0.0077179168141770955 0.004556212980172136 0.002249123295162649 0.0009997608498714151 0.0007332221344733334 0.0009640077294140183 0.0011480225058053378 0.001292900283550613 0.0015163089802783635 0.0016781575576092069 0.0018466066814401786 0.0020790566683170546 0.0022786000159424297 0.002598251258900909 0.003217384934322896
0.6862142522565382 0.0030703282362666453 0.004388660483949161 0.006743059568260023 0.009573560663805812 0.011336117542154847 0.010415205164384767 0.007460411494964666 0.004375789083956019 0.002135462424805525 0.0009278266328945437 0.000680641443433471 0.0009155777793102545 0.0010945666860872841 0.001232853121576412 0.0014508396777995311 0.001604850399758099 0.0017649338528059986 0.001989386084803077 0.002176857690240276 0.002480030266635384 0.003070328236266634
0.6893765299167067 0.002929027657586053 0.004202061837921299 0.006497969050095864 0.009273327202892045 0.011012170313374375 0.010108512703506906 0.00721035985362757 0.0042017014749358575 0.002026770839167463 0.0008596621640618331 0.0006309724686696303 0.0008696094498160353 0.001043501062817532 0.0011753229851366321 0.0013880758200658003 0.001534482734243582 0.0016864910336893103 0.001903312276136165 0.0020791811100359307 0.002366582713322274 0.002929027657586044
0.692538807576875 0.0027933008705958574 0.004022151996208191 0.006260530425485336 0.008981203800249435 0.010696365358690748 0.009809708151474413 0.0069675878986155265 0.004033767715874687 0.0019228725796931305 0.0007951123375160748 0.0005840838641728243 0.0008259904724156101 0.0009947256872467006 0.0011202129213822194 0.0013279163848409087 0.0014669486788209604 0.0016111646413966639 0.0018207092524506212 0.001985428873337428 0.0022577466023346476 0.0027933008705958505
0.6957010852370434 0.0026629695442324805 0.0038487407284372734 0.006030556325992943 0.00869701670492519 0.010388539000185437 0.009518628310659862 0.006731924219614293 0.0038718089111410142 0.001823596094400009 0.0007340267843299782 0.0005398488812058086 0.0007846127607537364 0.0009481443028469805 0.0010674293217642636 0.0012702635597051824 0.0014021456035782766 0.0015388444759556878 0.0017414545974282702 0.0018954634766626176 0.0021533640445233005 0.002662969544232477
0.6988633628972117 0.002537859327363477 0.0036816412863332087 0.005807862095743831 0.008420594304663138 0.010088529441123574 0.009235112008243777 0.006503200003165897 0.0037156497050220695 0.001728774202030765 0.0006762597977305336 0.0004981452686555952 0.0007453723031694253 0.0009036642408739431 0.0010168818297924796 0.0012150226634909712 0.0013399740569530001 0.0014694236486181207 0.0016654294012840756 0.0018091512540339084 0.0020532812139362746 0.0025378593273634766
0.7020256405573803 0.0024177998289429447 0.003520670413351277 0.005592265819429032 0.00815176715703945 0.009796176793768136 0.008959000118626352 0.006281249045750699 0.0035651182769923383 0.0016382440531957974 0.0006216702562939862 0.0004588551726669102 0.000708169055629797 0.000861196317008021 0.000968483249996127 0.0011621020686700895 0.001280337692261772 0.0014027985104804366 0.0015925181934864489 0.0017263623148196228 0.001957348301304291 0.002417799828942947
0.7051879182175486 0.002302624595150047 0.0033656483509020858 0.005383588347226999 0.007890368017979078 0.009511323104971079 0.008690135583681436 0.006065907764409881 0.0034200463340477907 0.0015518470886628285 0.0005701215452982908 0.00042186503573111815 0.00067290683520108 0.0008206547291751262 0.0009221494581503956 0.0011114131247360207 0.0012231431947991645 0.0013388685812961755 0.0015226088753052464 0.0016469704805452774 0.0018654194654344172 0.002302624595150052
0.708350195877717 0.002192171083646391 0.003216398841275023 0.005181653316717871 0.007636231867712654 0.00923381237959535 0.00842836343091057 0.005857015204985795 0.003280269100215222 0.0014694289949483544 0.0005214814764151825 0.0003870654953981624 0.0006394932141862013 0.0007819569566387256 0.0008777993128255753 0.0010628700826189694 0.0011683002095577506 0.0012775364785504808 0.001455592652275871 0.001570853220793861 0.0017773527826515118 0.0021921710836463985
0.7115124735378853 0.0020862806350873085 0.0030727491273685797 0.004986287171868361 0.007389195934234746 0.008963490601822567 0.008173530789555385 0.005654413048058135 0.0031456253033462153 0.0013908396573641048 0.0004756222059192407 0.0003543512827723253 0.0006078394150509189 0.000745023660448899 0.0008353545683110849 0.0010163900201680752 0.0011157212696186346 0.0012187078468640792 0.0013913639666638794 0.0014978915883105675 0.0016930101944244319 0.002086280635087318
0.7146747511980536 0.0019847984420205975 0.002934529949335741 0.004797319179165352 0.0071490997143242654 0.008700205754400734 0.007925486904726083 0.0054579456126529575 0.0030159571593043467 0.001315933110669359 0.000432420151586451 0.00032362112094567476 0.0005778602062530928 0.0007097785853271367 0.0007947397889609923 0.0009718927687308895 0.0010653217252582557 0.001162291287790531 0.001329820430010142 0.0014279701534231993 0.0016122574533108992 0.001984798442020608
0.7178370288582221 0.0018875735153049795 0.002801575538253017 0.004614581440977185 0.00691578499218914 0.008443807835886932 0.007684083149603666 0.0052674598578017935 0.0028911103536537986 0.0012445674874778732 0.00039175590844973995 0.0002947776235162548 0.0005494737990825096 0.0006761484630591567 0.0007558822650029532 0.0009293008408567897 0.001017019673814263 0.001108198290067447 0.0012708627558326196 0.001360976937885769 0.0015349640673521477 0.001887573515304991
0.7209993065183904 0.0017944586481790533 0.002673723606921494 0.00443790890622196 0.006689095855797071 0.008194148875939692 0.007449173035773356 0.005082805382027338 0.0027709340209567724 0.0011766049645657657 0.0003535141635738729 0.00026772719333129064 0.0005226017456115368 0.0006440629174616888 0.0007187119298474947 0.0008885393591473551 0.0009707358903502556 0.0010563431603790654 0.0012143946925567278 0.0012968033482487317 0.0014610032430453612 0.0017944586481790637
0.7241615841785588 0.001705310378109691 0.0025508153379081473 0.004267139378422353 0.006468878710955038 0.007951082948715493 0.007220612221746053 0.004903834420831432 0.0026552807217858883 0.0011119117072240937 0.00031758361000692374 0.0002423799215888948 0.0004971688378500021 0.000613454370983002 0.0006831612789301712 0.0008495359862734349 0.0009263937591562809 0.0010066429546845765 0.0011603229567422153 0.001235344108855377 0.001390251827018818 0.0017053103781096998
0.7273238618387271 0.0016199889465471702 0.0024326953689355036 0.004102113521227112 0.006254982293200235 0.007714466184424265 0.006998258519724618 0.004730401842261137 0.00254400641755723 0.0010503578117974349 0.0002838568600602977 0.00021864948742505216 0.0004731030081908918 0.0005842579529910744 0.000649165290114689 0.0008122208561756438 0.000883919206119238 0.0009590174101635101 0.0011085571666707564 0.0011764971945601244 0.0013225902465315953 0.0016199889465471776
0.7304861394988956 0.001538358256712315 0.002319211775726966 0.003942674861478894 0.00604725767756517 0.007484156779097872 0.006781971900670975 0.004562365140627105 0.0024369704432881897 0.0009918172465467733 0.0002522303580639385 0.0001964530581060478 0.0004503352312268643 0.0005564114097974912 0.0006166613456809335 0.0007765265064619144 0.0008432406319946205 0.0009133888778265176 0.001059009776354486 0.0011201637632603408 0.0012579024489162425 0.0015383582567123203
0.7336484171590639 0.0014602858295389375 0.002210216052414983 0.0037886697899087753 0.005845558286280297 0.0072600150026261795 0.006571614497730087 0.004399584428448654 0.002334035478383293 0.0009361677909723623 0.0002226042927381042 0.00017571118993992165 0.00042879942701112784 0.0005298550164596422 0.0005855891559179851 0.0007423878120131884 0.0008042888466085129 0.0008696822558369767 0.001011596010022078 0.0010662480883297067 0.0011960758400798392 0.0014602858295389395
0.7368106948192323 0.0013856427578925804 0.0021055630896181106 0.003639947559536947 0.005649739894476684 0.007041903205114106 0.0063670506080655016 0.004241922426698244 0.0022350675155497737 0.00088329097372906 0.00019488250931761446 0.00015634773001405066 0.0004084323658300006 0.0005045314903984159 0.0005558906843382978 0.0007097419198055587 0.0007669970040161518 0.0008278249235860142 0.0009662337971352915 0.0010146574910370777 0.0011370012221752223 0.0013856427578925804
0.7399729724794006 0.001314303659184544 0.0020051111502925076 0.0034963602818597088 0.005459660633952247 0.006829685821613535 0.006168146693161664 0.004089244453417898 0.002139935827943347 0.0008330720092637919 0.00016897242155918335 0.00013828971885961812 0.00038917357454834156 0.0004803859068634744 0.0005275100745258342 0.0006785281849549487 0.0007313005386411294 0.0007877466765607627 0.0009228437079853741 0.0009653022730312168 0.0010805727305511577 0.0013143036591845411
0.7431352501395692 0.0012461466264975254 0.0019087218434622106 0.0033577629209018607 0.005275180995063812 0.006623229375283089 0.005974771377646598 0.003941418410778705 0.0020485129346431816 0.0007853997333014429 0.0001447849237569445 0.00012146729413741345 0.00037096524458318477 0.00045736561627317057 0.0005003935786273876 0.000648688107988044 0.0006971371024168363 0.000749379662042925 0.0008813488899152851 0.0009180956489678687 0.0010266877700864504 0.00124614662649752
0.7462975277997375 0.001181053178337064 0.0018162600959317167 0.0032240132852137133 0.005096163826808166 0.006422402479028559 0.005786795446688784 0.0037983147706538464 0.001960674564553421 0.0007401665373024362 0.00012223430288599597 0.00010581359543329128 0.00035375214155520103 0.0004354201634515069 0.00047448948749331636 0.0006201652733411928 0.0006644465029496786 0.0007126583156721331 0.0008416750042102838 0.0008729536793520533 0.0009752469510099423 0.0011810531783370565
0.7494598054599059 0.0011189082071201835 0.0017275941220830586 0.0030949720178912164 0.004922474335154117 0.006227075835676186 0.005604091842020634 0.0036598065587742784 0.0018762996188271036 0.0006972683020118535 0.00010123815098829551 9.126467024554546e-5 0.00033748151666208864 0.0004145012087798816 0.00044974806247074746 0.0005929052890870054 0.000633170642721314 0.0006775192989059139 0.0008037501636962455 0.000829795203664755 0.0009261540243046142 0.0011189082071201744
0.7526220831200742 0.0010595999265102776 0.0016425953918583732 0.0029705025846971976 0.004753980079687807 0.0060371222367307876 0.005426535656641074 0.003525769337535494 0.0017952701319066552 0.0006566043302166459 8.171727790994717e-5 7.775938124056478e-5 0.0003221030198126684 0.0003945624512770987 0.0004261214688495585 0.0005668557278866355 0.0006032534593452397 0.0006439014374056404 0.0007675048710818946 0.000788541773839619 0.000879315816790798 0.0010595999265102672
0.7557843607802427 0.00100301981770442 0.0015611385970275725 0.0028504712603611843 0.004590550968632983 0.005852416559769625 0.0052540041282483334 0.0033960811875221723 0.0017174712312731876 0.0006180772788240858 6.359562449353555e-5 6.523931484737337e-5 0.00030756861455537093 0.00037555955361690343 0.0004035637109587571 0.0005419660691640679 0.0005746408668909777 0.0006117456603753265 0.000732871958078026 0.000749117588151776 0.0008346421659798323 0.0010030198177044096
0.758946638440411 0.0009490625747767105 0.0014831016158393634 0.0027347471131344606 0.004432059252307375 0.005672835764523088 0.005086376631453798 0.0032706226878168937 0.0016427910959953434 0.0005815930903711649 4.6800176323919975e-5 5.364869125599327e-5 0.00029383249482985775 0.0003574500690883695 0.0003820305689083376 0.0005181876424972131 0.0005472806982872575 0.0005809949408777583 0.000699786525323977 0.0007114494255774061 0.0007920458547862645 0.0009490625747767006
0.7621089161005794 0.0008976260491783806 0.0014083654761522127 0.0026232019876762263 0.004278379515075917 0.005498258887691857 0.004923534668826771 0.003149276895157347 0.001571120914166218 0.0005470609240710919 3.126087812060951e-5 4.293427587911314e-5 0.00028085100356580134 0.0003401933705006737 0.0003614795369693721 0.0004954735722192393 0.0005211226488137625 0.0005515942371501093 0.0006681858831486009 0.0006754665806792883 0.0007514425461830184 0.0008976260491783719
0.7652711937607477 0.0008486111934926726 0.0013368143171403292 0.002515710486346036 0.0041293886658613135 0.005328567036550323 0.004765361860819355 0.0030319293220057433 0.0015023548393152467 0.0005143930864996383 1.6910548864679325e-5 3.3045292331193e-5 0.00026858255314833536 0.00032375058103025465 0.00034186976358291344 0.00047377872322230464 0.0004961182206892457 0.0005234904349389378 0.0006380094931904074 0.0006411007990703084 0.0007127507178807574 0.0008486111934926657
0.7684334714209162 0.0008019220045395128 0.0012683353496679985 0.002412149948976504 0.00398496592727107 0.005163643381384678 0.00461174393461975 0.002918467913592354 0.001436389945879853 0.00048350496202037677 3.6847977430536483e-6 2.393333697394298e-5 0.0002569875477653614 0.0003080845070049087 0.0003231619929861671 0.00045305964795469507 0.0004722206687621492 0.0004966322908722293 0.0006091989108988147 0.000608286213503542 0.0006758915971089974 0.0008019220045395077
0.7715957490810845 0.0007574654659222518 0.0012028188154239064 0.002312400431199699 0.003844992823400481 0.005003373146814043 0.004462568711981628 0.0028087830239942814 0.0013731261838196564 0.0004543149430444612 -8.478059012052947e-6 1.555229507212051e-5 0.0002460283076477724 0.0002931595726162411 0.000305318508442574 0.0004332745346013367 0.0004493849473082451 0.0004709703768840485 0.0005816977289359618 0.0005769592806345321 0.0006407890955733133 0.0007574654659222487
0.7747580267412529 0.0007151514901056747 0.0011401579449052258 0.002216344681399163 0.0037093531663694294 0.004847643602041722 0.0043177260960761904 0.002702767391308833 0.0013124663324540103 0.00042674436021686123 -1.9637080315751352e-5 7.858258598686972e-6 0.0002356689952097487 0.0002789417565488097 0.00028830307706058194 0.00041438315643672685 0.00042756765793828177 0.00044645702570525106 0.0005554515214961148 0.0005470587184981248 0.0006073697446594977 0.0007151514901056743
0.7779203044014212 0.00067489286011168 0.0010802489143394048 0.0021238681163588493 0.0035779330416507754 0.00469634405008334 0.00417710805741294 0.0026003161119797953 0.0012543159536016187 0.00040071741261750964 -2.9848781387201345e-5 8.094457236994028e-7 0.00022587554309253254 0.00026539853051152975 0.00027208089618431774 0.00039634682233846116 0.0004067269986171387 0.00042304627743173107 0.0005304077895574133 0.0005185254447393725 0.0005755626309522382 0.0006748928601116819
0.7810825820615898 0.000636605170915931 0.0010229908016295814 0.002034858795678753 0.0034506207922470515 0.004549365816017573 0.004040608618874069 0.002501326614333355 0.0011985833440987096 0.0003761610980621105 -3.9167213807345065e-5 -5.633877983246509e-6 0.00021661558411157497 0.0002524987996541915 0.0002566185413378097 0.0003791283284488045 0.0003868227137945699 0.0004006938271796884 0.0005065159070784283 0.0004913025156349612 0.0005452993321324844 0.0006366051709159346
0.7842448597217581 0.0006002067706259126 0.0009682855414077311 0.0019492073950262017 0.0033273070017713967 0.004406602234304586 0.003908123839906811 0.0024056986313791416 0.001145179487770388 0.0003530051435839127 -4.764404441919951e-5 -1.1509476611557557e-5 0.0002078583831036107 0.00024021284484951683 0.00024188391570304724 0.00036269191097109 0.0003678160456463089 0.0003793569738355787 0.00048372706815003573 0.0004653350659389223 0.0005165138533145067 0.0006002067706259186
0.7874071373819265 0.0005656187015177983 0.0009160378792774665 0.0018668071782901902 0.0032078844764878195 0.0042679486352163645 0.0037795517999168805 0.0023133341729303708 0.0010940180069272903 0.0003311819361740432 -5.5328633016885854e-5 -1.685321920790895e-5 0.0001995747706670713 0.00022851226681882682 0.00022784620111086193 0.0003470032000871332 0.0003496696864229623 0.00035899456990652536 0.0004619942351109542 0.0004405702495834979 0.0004891425638802833 0.0005656187015178054
0.7905694150420948 0.0005327646410065664 0.0008661553253264561 0.0017875539687053003 0.003092248226365062 0.004133302330422359 0.0036547925809056352 0.0022241374970957046 0.001045015113457839 0.0003106264538545964 -6.226810877403842e-5 -2.1699153297006603e-5 0.00019173707878627846 0.00021736993207728203 0.00021447581052247682 0.00033202917498134757 0.0003323477319029656 0.0003395669724752882 0.0004412720876335755 0.0004169571812635165 0.00046312413486580855 0.0005327646410065744
0.7937316927022631 0.0005015708426208167 0.0008185481069862874 0.001711346119009976 0.002980295445197273 0.004002562597773016 0.003533748249392313 0.00213801508119397 0.0009980895595839078 0.0002912761971549925 -6.850744536663695e-5 -2.6079576611469772e-5 0.00018431907832710596 0.00020675992067266142 0.0002017443419784866 0.0003177381199568145 0.0003158156359446413 0.00032103599526212874 0.0004215169727847873 0.000394446878929912 0.00043839947695058413 0.0005015708426208251
0.7968939703624316 0.0004719660770508079 0.0007731291213154974 0.0016380844807030808 0.002871925489843974 0.0038756306653229193 0.003416322837662115 0.0020548755921415023 0.0009531625883457349 0.00027307112105876187 -7.408953474953e-5 -3.0025107021158345e-5 0.00017729591838919908 0.0001966574756898451 0.000189624533991103 0.00030409958162817846 0.0003000401661313503 0.00030336486179436594 0.00040268685606491386 0.0003729922072156771 0.0004149116790986611 0.0004719660770508162
0.8000562480225999 0.00044388157333526503 0.000729813886779358 0.0015676723724609137 0.0027670398586405716 0.003752409694634409 0.0033024223243799185 0.001974629856360339 0.0009101578838796228 0.00025595356748434533 -7.90552595500909e-5 -3.3564750655781315e-5 0.00017064406749742344 0.00018703895449148704 0.0001780902223546131 0.00029108432717591255 0.00028498936050265895 0.0002865181596827892 0.00038474127342625925 0.000352547821815036 0.0003926059478964014 0.00044388157333527224
0.8032185256827683 0.0004172509602495447 0.0006885204945977606 0.0015000155477757297 0.002665542169029858 0.003632804763401633 0.0031919546146082587 0.0018971908292541467 0.0008690015215496862 0.00023986819836011955 -8.344356404644698e-5 -3.672596821798582e-5 0.00016434125661298106 0.000177881781663863 0.0001671162983482479 0.0002786643036462719 0.000270632485363421 0.00027046179600265094 0.0003676412842712416 0.0003330701148343709 0.0003714295476292446 0.00041725096024955113
0.8063808033429366 0.00039201020795493163 0.000649169559730475 0.001435022161875321 0.0025673381344638686 0.003516722847434148 0.003084829519267804 0.0018224735642972196 0.0008296219179929026 0.0002247619293504825 -8.729152370161952e-5 -3.953473948730727e-5 0.0001583664239425665 0.00016916440363551742 0.00015667866830498247 0.00026681259828099767 0.0002569399941618032 0.00025516295377552717 0.0003513494254287776 0.00031451716113122484 0.0003513317411368025 0.0003920102079549364
0.8095430810031051 0.0003680975699658294 0.0006116841715667452 0.001372602737981728 0.0024723355406243313 0.0034040728020382936 0.002980958734077118 0.0017503951817805057 0.0007919497811342615 0.00021058386428643786 -9.063441322866509e-5 -4.2015626018382244e-5 0.00015269966152201814 0.0001608662449351081 0.00014675421451918163 0.000255503399860709 0.00024388348742633066 0.00024059004954695603 0.0003358296661062004 0.000296848665655524 0.00033226373148275204 0.0003680975699658321
0.8127053586632734 0.00034545352548889715 0.0005759898443840568 0.001312670132965864 0.0023804442210090854 0.0032947653428336728 0.002880255818007979 0.0016808748372571744 0.0007559180602268596 0.00019728523035091896 -9.350577316557373e-5 -4.4191832039691e-5 0.00014732216354919328 0.00015296766605377274 0.00013732075746551717 0.00024471196104578223 0.00023143567375125013 0.00022671269205350378 0.00032104736381285916 0.000280025911805188 0.000314178604473226 0.0003454535254888978
0.8158676363234418 0.00032402072218524835 0.000542014467638623 0.0012551395024531363 0.002291576031930438 0.003188713026041056 0.0027826361712913767 0.0016138336897286944 0.0007214618959693883 0.00018481931406574647 -9.593747494213534e-5 -4.608526356178526e-5 0.00014221617643918541 0.00014544992287637384 0.00012835701930110054 0.00023441456169841864 0.00021957033181869347 0.00021350164197162836 0.0003069692212503623 0.0002640117108062624 0.00029703127205464754 0.000324020722185247
0.8190299139836101 0.00030374391940414264 0.0005096882561479975 0.0011999282654339748 0.0022056448269707814 0.0030858302282773804 0.0026880170130085543 0.0015491948696111503 0.000688518570751424 0.00017314139812406182 -9.795978442439679e-5 -4.771658570650961e-5 0.0001373649505735834 0.00013829512764519574 0.00011984258862248042 0.00022458847316959027 0.0002082622734454218 0.00020092877273960788 0.0002935632441634501 0.0002487703521259304 0.0002807784166193169 0.0003037439194041395
0.8221921916437787 0.00028456993193380924 0.0004789437002239449 0.0011469560684314024 0.0021225664309391145 0.0029860331258922492 0.0025963173583004066 0.0014868834465198515 0.0006570274590747138 0.00016220869910885604 -9.960142392554604e-5 -4.910527827108661e-5 0.00013275269371417262 0.00013148621141892273 0.00011175788644876958 0.00021521192353448463 0.0001974873076412351 0.00018896703244263005 0.0002807987001444945 0.0002342675549248858 0.00026537843624445905 0.00028456993193380436
0.825354469303947 0.0002664475743123805 0.0004497155158115157 0.0010961447492765111 0.0020422586133716216 0.002889239673879812 0.0025074579952278327 0.0014268263969091535 0.0006269299781964977 0.00015198030613523968 -0.00010088963267516205 -5.026968954319036e-5 0.00012836452605031792 0.00012500688798920158 0.00010408413340202414 0.00020626406376012424 0.00018722220566551036 0.00017759040675016403 0.00026864607838375873 0.0002204704205539157 0.00025079139088795264 0.0002664475743123743
0.8285167469641154 0.00024932760573925886 0.00042194059468805655 0.0010474183005410617 0.001964641061617727 0.0027953695843986374 0.002421361461314472 0.0013689525716027206 0.0005981695390388134 0.00014241712045107017 -0.00010185022574173812 -5.122708838519678e-5 0.00012418643684826173 0.00011884161921659129 9.680331805575768e-5 0.00019772493478883294 0.00017744466706774204 0.0001667738828937086 0.0002570770503567723 0.00020734738609788932 0.0002369789495614818 0.00024932760573925203
0.8316790246242837 0.0002331626756246588 0.00039555795477372145 0.001000702832675019 0.0018896353535523462 0.0027043443049315817 0.0023379520198026494 0.0013131926632483385 0.0005706914974056177 0.00013348179602767064 -0.00010250765140622341 -5.199371460774156e-5 0.00012020524266967547 0.00011297558174737176 8.989816642240157e-5 0.00018957543552130464 0.00016813328669743134 0.00015649341467213353 0.00024606443143942785 0.0001948681789688158 0.0002239043384995266 0.0002331626756246514
0.8348413022844521 0.00021790726981249858 0.0003705086906028353 0.0009559265368952794 0.0018171649299536848 0.002616086996116503 0.002257155635652182 0.0012594791737297849 0.000544443105547437 0.00012513868116951644 -0.00010288504698700424 -5.258482765450107e-5 0.0001164085471260416 0.0001073946350724313 8.335211255045577e-5 0.00018179729168306833 0.00015926752266816254 0.000146725888470962 0.00023558214344076217 0.0001830037725481867 0.0002115322903402824 0.00021790726981249132
0.8380035799446205 0.00020351765750938037 0.00034673592400333395 0.0009130196478703846 0.0017471550665847995 0.002530522509277973 0.0021788999513110575 0.0012077463815670878 0.0005193734641113284 0.00011735376116901378 -0.00010300429311933579 -5.301475362177605e-5 0.00011278470213479591 0.00010208529088930366 7.714927020206582e-5 0.00017437302555827562 0.00015082766526028474 0.00013744909028114865 0.00022560517804283162 0.0001717263428774311 0.00019982899433241202 0.00020351765750937375
0.8411658576047889 0.0001899518389499028 0.00032418475502932355 0.0008719144062444558 0.0016795328460160622 0.002447577363689058 0.0021031142622858533 0.001157930309335035 0.0004954334745117422 0.00011009460202978972 -0.0001028860664946419 -5.3296930637963176e-5 0.00010932277064261988 9.703468372837323e-5 7.12744055818116e-5 0.0001672859265747955 0.00014279480674617587 0.0001286416737021899 0.00021610956113650502 0.0001610092263939916 0.00018876204757937377 0.0001899518389498971
0.8443281352649572 0.0001771694938262471 0.00030280221318973807 0.0008325450210421906 0.0016142271292244462 0.002367179723591499 0.002029729492539136 0.0011099686911285659 0.00047257579175607567 0.00010333029527932519 -0.00010254989106740664 -5.34439526293932e-5 0.00010601249078086452 9.223054280430991e-5 6.571291108758635e-5 0.00016052002272474644 0.00013515081212173643 0.0001202831289137175 0.00020707231804161007 0.00015082687870933333 0.00017830040733102955 0.00017716949382624256
0.8474904129251256 0.00016513193050760923 0.00028253720901391693 0.0007948476319951292 0.0015511685270043385 0.002289259375001558 0.0019586781697399952 0.0010638009401022959 0.0004507547777565757 9.703140388920696e-5 -0.00010201418773955398 -5.34676115002715e-5 0.0001028442414177402 8.76611650539103e-5 6.0450780054570375e-5 0.00015406005280470467 0.00012787829072742065 0.00011235375259911568 0.0001984714395994039 0.00014115483442398477 0.00016841434433022387 0.00016513193050760622
0.850652690585294 0.0001538020360728519 0.0002633404859929077 0.0007587602718280984 0.0014902893712235988 0.002213747702328152 0.0018898944003931668 0.0010193681161102671 0.00042992645515848075 9.11699093188506e-5 -0.00010129632253424049 -5.3378937755596695e-5 9.980900907169707e-5 8.331538932173483e-5 5.547458246349211e-5 0.00014789143945996496 0.0001209605687418335 0.00010483461880415468 0.00019028584912503973 0.00013196966797367882 0.0001590753972201587 0.00015380203607285038
0.8538149682454624 0.0001431442271775231 0.0002451645729332092 0.000724222828543097 0.0014315236859571844 0.0021405776648287258 0.0018233138448711737 0.0009766128934706104 0.00041004846171229127 8.571915969615734e-5 -0.00010041265327290035 -5.318823959694692e-5 9.689835615027326e-5 7.918257165519703e-5 5.077144158456818e-5 0.0001420002630173662 0.00011438166253067579 9.770755071310745e-5 0.0001824953702073596 0.0001232489554995822 0.00015025632801651966 0.00014314422717752334
0.8569772459056307 0.00013312440177429928 0.00022796373675771088 0.0006911770077365629 0.0013748071585297618 0.002069683772927716 0.0017588736923732679 0.0009354795288787208 0.0003910800052162902 8.065381914630728e-5 -9.937857477117717e-5 -5.29051405219311e-5 9.410439047863873e-5 7.52525616711276e-5 4.632901152878073e-5 0.00013637323609133614 0.00010812625283362172 9.095509332440217e-5 0.0001750806953431307 0.0001149712377346864 0.00014193107864658553 0.00013312440177430142
0.8601395235657991 0.0001237098917038339 0.00021169393578656601 0.0006595662949844196 0.0013200771104973372 0.0020010020644213537 0.0016965126358338572 0.0008959138294912133 0.00037298181905359127 7.594981827765976e-5 -9.820856257102501e-5 -5.25386154588986e-5 9.141973608209123e-5 7.151567995623167e-5 4.2135455678412865e-5 0.00013099767894795964 0.00010217965977152375 8.456048700742875e-5 0.0001680233553926041 0.00010711598389750331 0.00013407472855586695 0.00012370989170383743
0.8633018012259674 0.00011486941617102104 0.0001963127735288071 0.0006293359183279426 0.0012672724685970163 0.0019344700805920135 0.00163617084680256 0.00085786312120191 0.00035571611834622676 7.15843058316582e-5 -9.691621522782198e-5 -5.2097025469185564e-5 8.883750518685969e-5 6.79626964643566e-5 3.817942596909953e-5 0.0001258614956120224 9.652781865622508e-5 7.850764192180977e-5 0.00016130568984313277 9.96635565834052e-5 0.00012666345338122368 0.00011486941617102567
0.866464078886136 0.00010657303611973516 0.00018177945301360883 0.0006004328108920201 0.0012163337356926702 0.0018700268422540303 0.001577789950316919 0.0008212762171297135 0.0003392465567470983 6.753560150156016e-5 -9.551429517275478e-5 -5.1588151049772463e-5 8.63512714037477e-5 6.458480987399986e-5 3.445004299597649e-5 0.00012095315070212816 9.11572565851367e-5 7.27811132801327e-5 0.0001549108178674461 9.259517764314443e-5 0.00011967448468789122 0.00010657303611974078
0.8696263565463043 9.879210951728837e-5 0.00016805473168821918 0.0005728055736660185 0.0011672029617433234 0.0018076128257525877 0.001521312999788231 0.0007861033863373964 0.0003235381838888792 6.378314992290881e-5 -9.401476817205298e-5 -5.101922406971186e-5 8.395504405937959e-5 6.137362787009067e-5 3.0936876916890824e-5 0.00011626164697914996 8.605506980267601e-5 6.73660774348978e-5 0.0001488226101630884 8.589289503738998e-5 0.00011308607076639858 9.879210951729443e-5
0.8727886342064726 9.14992475580156e-5 0.00015510087690775995 0.0005464044384760384 0.0011198237148198702 0.0017471699389360136 0.0014666844519199858 0.0007522963227989454 0.00030855740350736803 6.0307475836767135e-5 -9.242884140584664e-5 -5.039695837409519e-5 8.1643243640111e-5 5.83211483147001e-5 2.762992912602934e-5 0.00011177650359340948 8.120890181062331e-5 6.224830877024553e-5 0.00014302566155947012 7.953955065543383e-5 0.00010687743848398285 9.149924755802182e-5
0.875950911866641 8.466827179371767e-5 0.0001428816220402916 0.0005211812311760513 0.0010741410521946208 0.0016886414971212873 0.0014138501416776862 0.0007198081146322372 0.000294271932255181 5.709014042497818e-5 -9.076700019051809e-5 -4.972757908963382e-5 7.941067831401418e-5 5.541974127202128e-5 2.451961467173696e-5 0.0001074877350161468 7.660692220943407e-5 5.741415737886744e-5 0.0001375052643789547 7.351874908562324e-5 0.00010102875618381798 8.466827179372375e-5
0.8791131895268094 7.827417219700996e-5 0.00013136212320879242 0.000497089335084002 0.0010301014915271671 0.0016319721990717074 0.001362757257328073 0.0006885932136127056 0.0002806507592201135 5.411369881501801e-5 -8.903904336940393e-5 -4.901685066616651e-5 7.725252149674906e-5 5.2662131853667516e-5 2.1596745392741946e-5 0.00010338583064098313 7.223780625257416e-5 5.285052750440435e-5 0.0001322473825383874 6.781482732449615e-5 9.552109762414409e-5 7.827417219701559e-5
0.8822754671869778 7.229306616204887e-5 0.0001205089166899851 0.00047408365468767184 0.0009876529821688756 0.001577108103004758 0.0013133543155648734 0.0006586074049825817 0.00026766410616101924 5.13616587503851e-5 -8.725411739758993e-5 -4.827010368855112e-5 7.516429042757545e-5 5.0041383851097464e-5 1.8852513747460082e-5 9.946173504121918e-5 6.809071509597497e-5 4.8544856729555945e-5 0.00012723862637750412 6.241282541108655e-5 9.033640694822388e-5 7.229306616205378e-5
0.8854377448471461 6.670215844559715e-5 0.00011028987698827874 0.0004521205796438132 0.0009467448766073412 0.0015239966026476853 0.0012655911367376455 0.0006298077775694652 0.00025528338847258876 4.881844042096334e-5 -8.54207491473257e-5 -4.749226049348409e-5 7.314182572224577e-5 4.755088412275176e-5 1.6278477311527328e-5 9.570682886897944e-5 6.41552767247937e-5 4.448509589011867e-5 0.00012246622820070123 5.729845797239737e-5 8.545746467497968e-5 6.670215844560089e-5
0.8886000225073145 6.147970204992354e-5 0.00010067417560146855 0.0004311579490927483 0.0009073279020710298 0.0014725864033572579 0.0012194188201993215 0.0006021526942268291 0.00024348117688899887 4.646933744632811e-5 -8.354687746127987e-5 -4.668785962579226e-5 7.118127187004645e-5 4.518432770429748e-5 1.3866543919204687e-5 9.211291038232594e-5 6.0421567539739505e-5 4.0659689695162206e-5 0.00011791801851869139 5.245808666560124e-5 8.08678546991448e-5 6.14797020499258e-5
0.8917623001674828 5.6604960047656874e-5 9.163224049324757e-5 0.0004111550163094308 0.0008693541323133249 0.0014228274983197355 0.0011747897197875283 0.0005756017626083392 0.00023223115993505539 4.430047900361491e-5 -8.163988348146077e-5 -4.5861079168686716e-5 6.92790586428042e-5 4.293570361120914e-5 1.160895742480468e-5 8.867217758663756e-5 5.688009458536313e-5 3.7057558033621056e-5 0.0001135824029766765 4.787869350215224e-5 7.65519322888177e-5 5.6604960047657795e-5
0.8949245778276513 5.20581683473933e-5 8.313571628605615e-5 0.000392072413710687 0.0008327769595941989 0.0013746711448460582 0.0011316574194538483 0.0005501158062867838 0.00022150810713210544 4.229879309027162e-5 -7.970661978212865e-5 -4.501575898234926e-5 6.743188338426118e-5 4.079928130376505e-5 9.498284060807678e-6 8.537721097666095e-5 5.35217784028288e-5 3.3668077947649715e-5 0.00010944833995572565 4.354785503863715e-5 7.249479306742361e-5 5.205816834739281e-5
0.8980868554878196 4.7820499397601356e-5 7.515742518629273e-5 0.00037387211823718846 0.0007975510668766997 0.0013280698407768074 0.0010899767090546929 0.0005256568362276968 0.00021128783296477758 4.045197091081944e-5 -7.775343833546717e-5 -4.415542188504081e-5 6.563669414883247e-5 3.876959778541018e-5 7.527399369869711e-6 8.222095686579863e-5 5.033793648986589e-5 3.048106625321428e-5 0.00010550531883418929 3.945371741888521e-5 6.86822429662804e-5 4.7820499397599466e-5
0.901249133147988 4.3874026825175904e-5 6.767132865247536e-5 0.0003565174171275197 0.0007636324002544755 0.001282977301010614 0.0010497035603165318 0.0005021880226268216 0.00020154716161332358 3.874843237560207e-5 -7.578621733911819e-5 -4.328329381069209e-5 6.389067365938759e-5 3.684144530631064e-5 5.689475688462001e-6 7.91967112893208e-5 4.732026735076043e-5 2.7486762788544162e-5 0.00010174333889606226 3.5584972251582855e-5 6.510076913320795e-5 4.387402682517282e-5
0.9044114108081563 4.020169100387584e-5 6.0652489815529345e-5 0.0003399728741005627 0.0007309781416256536 0.0012393484341691361 0.0010107951029878026 0.000479673667119807 0.00019226389245521902 3.717729269846189e-5 -7.381038693495917e-5 -4.240232297665475e-5 6.219122405434909e-5 3.50098596448221e-5 3.977970160433199e-6 7.629810446832312e-5 4.4460835119459817e-5 2.4675814271240546e-5 9.815288887335768e-5 3.1930833307395805e-5 6.173751178193501e-5 4.020169100387168e-5
0.9075736884683249 3.678726554680451e-5 5.407703665902498e-5 0.0003242042959612722 0.0006995466816273258 0.0011971393194109392 0.0009732096011889011 0.0004580791753717166 0.0001834167663385092 3.572833007928256e-5 -7.183095384869859e-5 -4.1515198094957984e-5 6.0535952395060076e-5 3.32701089404838e-5 2.3866132593377727e-6 7.351908582138636e-5 4.175205473906387e-5 2.203925874504956e-5 9.472492710967215e-5 2.84810140193888e-5 5.85802369664215e-5 3.678726554679957e-5
0.9107359661284932 3.3615324716101964e-5 4.792212596588818e-5 0.0003091786996438724 0.0006692975928441565 0.0011563071834060923 0.0009369064299712375 0.0004373710300532118 0.0001749854326283293 3.4391954456444235e-5 -6.98525249799879e-5 -4.062436566005008e-5 5.892265690505561e-5 3.1617683053054994e-5 9.0939779894342e-7 7.08539095110156e-5 3.918667768122023e-5 1.9568510597542142e-5 9.145086233226599e-5 2.5225705770363443e-5 5.561731026365447e-5 3.36153247160966e-5
0.9138982437886616 3.067121174206479e-5 4.216590803683242e-5 0.00029486427970536053 0.0006401916033035405 0.0011168103774825645 0.0009018460520955296 0.00041751676420952893 0.0001669504170269743 3.31591773133805e-5 -6.787932997281619e-5 -3.973204634558714e-5 5.7349313913548146e-5 3.0048283423005318e-5 -4.5943158811558016e-7 6.829712051207355e-5 3.675777818917041e-5 1.7255346130193727e-5 8.832253502012485e-5 2.2155556950568408e-5 5.2837671347948685e-5 3.067121174205922e-5
0.9170605214488299 2.794100804303738e-5 3.678749218455026e-5 0.0002812303762812553 0.0006121905702690278 0.001078608354954955 0.0008679899950390051 0.0003984849350276951 0.0001592930901669193 3.202158252266823e-5 -6.591524279594312e-5 -3.884025054238552e-5 5.58140654761379e-5 2.855781340977572e-5 -1.7253885229887984e-6 6.584354118953814e-5 3.445874002846695e-5 1.5091889662644143e-5 8.533219935561198e-5 1.9261652769128506e-5 5.023080943933814e-5 2.7941008043032026e-5
0.9202227991089984 2.5411503336586364e-5 3.176691300652704e-5 0.0002682474435144328 0.00058525745434277 0.001041661648645387 0.000835300828240521 0.0003802450980067234 0.00015199563697522824 3.097129821036614e-5 -6.396380236306596e-5 -3.7950793069171946e-5 5.4315207646445425e-5 2.7142369085008323e-5 -2.893754523454168e-6 6.34882583730452e-5 3.228324372963801e-5 1.3070600153211928e-5 8.247250574746944e-5 1.6535495802430006e-5 4.778673960822619e-5 2.5411503336581464e-5
0.9233850767691667 2.3070166631705834e-5 2.708509743822066e-5 0.0002558870184669679 0.00055935629388697 0.0010059318486060152 0.0008037421405920132 0.0003627677815349851 0.00014504102680690188 3.0000969622684746e-5 -6.20282322223092e-5 -3.70653070872573e-5 5.2851179373067715e-5 2.579823045884266e-5 -3.969588235268756e-6 6.122661091580674e-5 3.0225254307362396e-5 1.1184258318060085e-5 7.973648391307795e-5 1.3968987262630174e-5 4.549597991812062e-5 2.307016663170169e-5
0.9265473544293351 2.0905118091085705e-5 2.2723832587268293e-5 0.00024412169052390824 0.0005344521797734917 0.0009713815800517303 0.0007732785181841671 0.0003460244618782035 0.0001384129843438392 2.9103732976483808e-5 -6.01114593444389e-5 -3.618525724971346e-5 5.1420551996953286e-5 2.4521853118243138e-5 -4.957734269765976e-6 5.9054177725604816e-5 2.827900944100726e-5 9.425954231746996e-6 7.711752650802659e-5 1.1554408969408059e-5 4.334952938796461e-5 2.090511809108256e-5
0.9297096320895034 1.8905101751819904e-5 1.8665734348345155e-5 0.00023292507129700713 0.0005105112304700167 0.0009379744815114323 0.000743875522313587 0.0003299875385811003 0.00013209596125530055 2.827319027458403e-5 -5.821613203899871e-5 -3.5311952115078925e-5 5.0022019324984236e-5 2.330986025719191e-5 -5.862831664871727e-6 5.6966766255703646e-5 2.6439008101680028e-5 7.789075392244859e-6 7.460937329120474e-5 9.284406008043757e-6 4.133884675533091e-5 1.8905101751817986e-5
0.9328719097496719 1.7059459092318273e-5 1.4894216797311398e-5 0.00022227176503552653 0.00048750056747032884 0.0009056751832053812 0.0007154996677581958 0.000314630310285008 0.0001260751086149491 2.7503385066415722e-5 -5.6344637027299266e-5 -3.4446555855024026e-5 4.865438825624789e-5 2.2159035079433952e-5 -6.6893219861420165e-6 5.49604014436292e-5 2.469999961124466e-5 6.267295233877552e-6 7.220609581375735e-5 7.151970056904996e-6 3.945583002152413e-5 1.7059459092317544e-5
0.9360341874098402 1.5358103432638598e-5 1.1393462362348665e-5 0.0002121373395503737 0.00046538829107567627 0.0008744492856558875 0.0006881184013271434 0.000299926950963363 0.00012033625006885701 2.6788779134126315e-5 -5.449911570087739e-5 -3.359009928481127e-5 4.731656993816457e-5 2.1066313555299385e-5 -7.441457083857315e-6 5.3031315085907704e-5 2.3056973119078937e-5 4.854562072007321e-6 6.990208262041092e-5 5.150423367432313e-6 3.769279675948299e-5 1.5358103432639238e-5
0.9391964650700086 1.3791495154939195e-5 8.148392768871377e-6 0.00020249829765696351 0.00044414345653330127 0.0008442633385379086 0.0006617000806908556 0.000285852486576399 0.00011486585574813338 2.6124230083917646e-5 -5.268147959370776e-5 -3.274349024475626e-5 4.600757143031536e-5 2.0028777514947725e-5 -8.123306521654211e-6 5.117593563696647e-5 2.1505147482650924e-5 3.5450884636873633e-6 6.769202495180216e-5 3.273403379740195e-6 3.6042465165240424e-5 1.3791495154941074e-5
0.942358742730177 1.2350617730301089e-5 5.144640754157935e-6 0.000193332049141435 0.0004237360505376919 0.0008150848197757661 0.000636213953496499 0.0002723827721459399 0.00010965101691921509 2.55049698220946e-5 -5.089342509606282e-5 -3.190752336026568e-5 4.472648785448546e-5 1.9043648061183998e-5 -8.738764691610579e-6 4.9390878420537494e-5 2.0039961538326766e-5 2.3333409688957866e-6 6.55709029365932e-5 1.5148479570038126e-6 3.4497935833627624e-5 1.2350617730304116e-5
0.9455210203903455 1.1026954537751032e-5 2.368522546817419e-6 0.0001846168832540191 0.00040413696809933 0.0007868821148916007 0.0006116301367735367 0.00025949446925068007 0.00010467942136422586 2.4926583895050963e-5 -4.913644743749838e-5 -3.108288920737468e-5 4.347249501009819e-5 1.8108279285781767e-5 -9.291557630158083e-6 4.767293624202832e-5 1.865706474914375e-5 1.2140302973752371e-6 6.353397226229024e-5 -1.3101877814171852e-7 3.3052674238854704e-5 1.1026954537755034e-5
0.9486832980505138 9.812466460950671e-6 -1.9298889454501503e-7 0.00017633194173264695 0.0003853179897851264 0.0007596244966108681 0.0005879195966336492 0.0002471650239419701 9.99393294832484e-5 2.4384991672230876e-5 -4.741185396600722e-5 -3.0270182910052603e-5 4.2244842434868844e-5 1.722015227401077e-5 -9.785249548648114e-6 4.601907039045847e-5 1.735230821660801e-5 1.821018265110202e-7 6.157675131381862e-5 -1.669700021876889e-6 3.170049390060258e-5 9.812466460955486e-6
0.9518455757106821 8.69957024769112e-6 -2.5522898898470518e-6 0.0001684571923591302 0.0003672517593341315 0.0007332821047295935 0.0005650541282688044 0.0002353726450796442 9.541955110981355e-5 2.387642735094283e-5 -4.5720776749902926e-5 -2.946991219487228e-5 4.1042846891142695e-5 1.637686938281222e-5 -1.0223249091862234e-5 4.442640201868893e-5 1.6121736043912336e-5 -7.672735239010601e-7 5.969500876903448e-5 -3.1064392987471018e-6 3.0435540216285228e-5 8.699570247696408e-6
0.9550078533708505 7.681117617047215e-6 -4.721171300289954e-6 0.0001609734030495714 0.00034991176165144965 0.0007078259262478169 0.0005430063362508428 0.00022409628308710586 9.110942303041498e-5 2.339742176180332e-5 -4.4064184528499364e-5 -2.868250492797077e-5 3.986588625901253e-5 1.5576148778785805e-5 -1.0608815337230552e-5 4.289220389081338e-5 1.4961577038294764e-5 -1.6387080737214252e-6 5.788475164048988e-5 -4.446232918971439e-6 2.925227494020251e-5 7.681117617052706e-6
0.9581701310310188 6.750375098802892e-6 -6.71084305307474e-6 0.0001538621164799863 0.000333272301182815 0.0006832277757731162 0.0005217496151355053 0.0002133156091244605 8.699878719838956e-5 2.2944784953515113e-5 -4.24428940371399e-5 -2.7908316158545295e-5 3.871339381792592e-5 1.4815819222849747e-5 -1.0945063547003037e-5 4.141389248570846e-5 1.3868236740594195e-5 -2.436605834676149e-6 5.614221375288028e-5 -5.693841899877018e-6 2.8145461290401482e-5 6.7503750988082785e-6
0.9613324086911873 5.901004589550885e-6 -8.531957936386193e-6 0.00014710562524747768 0.000317308480671653 0.0006594602761978279 0.0005012581303734114 0.00020301099467817863 8.307796963207945e-5 2.2515589535660256e-5 -4.085758073158151e-5 -2.7147634692446626e-5 3.758485289909429e-5 1.4093815089113273e-5 -1.1234970685105999e-5 3.9989020445891724e-5 1.2838289770387315e-5 -3.1651706455855127e-6 5.446384464573989e-5 -6.8538033676908904e-6 2.7110149664183915e-5 5.901004589555859e-6
0.9644946863513556 5.127044609701663e-6 -1.0194634673533307e-5 0.0001406869475667011 0.0003019961802999868 0.0006364968396531086 0.00048150679953012877 0.00019316349156542714 7.933775998679331e-5 2.210715475820077e-5 -3.930878893619046e-5 -2.6400689218752336e-5 3.647979189160529e-5 1.34081716061499e-5 -1.1481380709921254e-5 3.861526936096911e-5 1.1868472475421072e-5 -3.82841400306932e-6 5.284629889105565e-5 -7.930441455770534e-6 2.6141663943351974e-5 5.127044609705994e-6
0.967656964011524 4.422892245499676e-6 -1.1708480285658092e-5 0.00013458980350076037 0.0002873120372140413 0.0006143116487426582 0.0004624712738170589 0.00018375481235089397 7.57693917897188e-5 2.171703130642304e-5 -3.779694143983303e-5 -2.566765401150996e-5 3.539777958571671e-5 1.2757020309490162e-5 -1.1687009653728836e-5 3.729044287510497e-5 1.0955675874383244e-5 -4.430162599759483e-6 5.128642581559529e-5 -8.92787771520038e-6 2.5235588370458767e-5 4.422892245503072e-6
0.9708192416716923 3.7832857600442616e-6 -1.3082611752921082e-5 0.0001287985917251355 0.00027323342543489896 0.0005928796380585872 0.00044412791993452087 0.00017476731117365853 7.236452332661574e-5 2.1342986790146035e-5 -3.632234856275999e-5 -2.494865422816322e-5 3.433842083737028e-5 1.2138584694753752e-5 -1.18544504990839e-5 3.601246010809688e-5 1.0096938882377229e-5 -4.974065581632054e-6 4.978125961785563e-5 -9.850041053505897e-6 2.438775497753823e-5 3.7832857600466112e-6
0.9739815193318608 3.2032878572423008e-6 -1.432567698452605e-5 0.0001232983668226916 0.0002597384361541488 0.0005721764759815123 0.0004264538022280399 0.0001661839649813646 6.911521916880373e-5 2.0982991906121648e-5 -3.488521671719095e-5 -2.4243770825489824e-5 3.3301352538512866e-5 1.1551176061421105e-5 -1.198617786192263e-5 3.477934937978714e-5 9.28944180878969e-6 -5.463601535651982e-6 4.83280098696466e-5 -1.0700677217061577e-5 2.3594231549008013e-5 3.2032878572432986e-6
0.9771437969920291 2.67826958257766e-6 -1.544587510836699e-5 0.00011807481710733623 0.00024680585841401723 0.0005521785467667335 0.00040942666515852836 0.00015798835516872596 6.601393232870708e-5 2.0635207252702384e-5 -3.348565648370227e-5 -2.3553045113198306e-5 3.22862398783478e-5 1.0993189537798242e-5 -1.2084552490743818e-5 3.358924222770113e-5 8.530500117557318e-6 -5.902085218509521e-6 4.692405239244016e-5 -1.1483357832573285e-5 2.285131010069255e-5 2.6782695825773675e-6
0.9803060746521975 2.203894844573699e-6 -1.645097609146694e-5 0.0001131142429733919 0.00023441516017105721 0.0005328629329179138 0.0003930249160867049 0.0001501646496171188 6.305348703195453e-5 2.029797077601512e-5 -3.2123690224910434e-5 -2.287648296466234e-5 3.1292772881154765e-5 1.0463100278259086e-5 -1.2151825590764203e-5 3.2440367707957264e-5 7.817558440152653e-6 -6.2926740368199755e-6 4.5566920498715605e-5 -1.2201489022818273e-5 2.215549585717538e-5 2.203894844572059e-6
0.9834683523123658 1.776105540837491e-6 -1.734833970272685e-5 0.00010840353576731846 0.00022254646974212303 0.0005142073978495295 0.0003772276083717802 0.00014269758513183869 6.022706209383812e-5 1.9969785827082505e-5 -3.079925925733029e-5 -2.2214058703597153e-5 3.032066320682925e-5 9.959459824355786e-6 -1.2190142981517134e-5 3.133104696966164e-5 7.148184831919097e-6 -6.638374288753272e-6 4.425429658864317e-5 -1.2858319611613162e-5 2.1503496709978582e-5 1.776105540834658e-6
0.9866306299725344 1.3911072726167643e-6 -1.8144933829825378e-5 0.00010393015717797161 0.00021118055763094296 0.0004961903688389049 0.0003620144247841676 0.00013557245027333807 5.7528174887730514e-5 1.9649309809549134e-5 -2.9512230601668564e-5 -2.1565718684820095e-5 2.936964120078038e-5 9.480892621867183e-6 -1.2201549095945232e-5 3.025968809315714e-5 6.520065262688767e-6 -6.942047176665923e-6 4.2984004092550314e-5 -1.3456948932764214e-5 2.0892213139366314e-5 1.3911072726128222e-6
0.9897929076327027 1.0453556318653922e-6 -1.8847352162393855e-5 9.968211914120062e-5 0.00020029881873331903 0.0004787909202685468 0.000347365661231633 0.00012877506857862433 5.495066589290986e-5 1.933534339791512e-5 -2.8262403331195358e-5 -2.0931384586584665e-5 2.8439453180306754e-5 9.026092686317403e-6 -1.2187990828631285e-5 2.922478118267373e-5 5.930998332913677e-6 -7.206414599916335e-6 4.175399974972134e-5 -1.4000334257522729e-5 2.0318728582889645e-5 1.0453556318605644e-6
0.9929551852928711 7.355430448987869e-7 -1.9461831253848604e-5 9.564796425418714e-5 0.0001898832549186005 0.00046198875715906915 0.0003332622107980983 0.0001222917821687605 5.2488683809097416e-5 1.9026820306443195e-5 -2.704951453721241e-5 -2.0310956431323155e-5 2.752985894503574e-5 8.593820409926769e-6 -1.2151321240420572e-5 2.822489370408918e-5 5.37889020683888e-6 -7.434064736664225e-6 4.0562366214183065e-5 -1.4491297854837133e-5 1.978030023411754e-5 7.355430448933959e-7
0.9961174629530394 4.5858615683237654e-7 -1.9994266974485947e-5 9.18167466945913e-5 0.00017991645798483367 0.0004457641989928781 0.0003196855480939789 0.00011610943573829626 5.013667122490189e-5 1.8722797589191146e-5 -2.5873244930023862e-5 -1.970431535099786e-5 2.6640629499465086e-5 8.182899503373649e-6 -1.209330312630703e-5 2.7258666058691906e-5 4.861749754527053e-6 -7.627457423081609e-6 3.940730497823627e-5 -1.4932533698445645e-5 1.9274350255345966e-5 4.585861568266761e-7
0.9992797406132079 2.1161374112007708e-7 -2.0450230368643892e-5 8.817801363921916e-5 0.00017038159298465706 0.00043009816382844827 0.00030661771391672936 0.00011021536092226405 4.788935082727546e-5 1.8422446451918133e-5 -2.473322409319533e-5 -1.9111326112625487e-5 2.5771544976084152e-5 7.792214066131394e-6 -1.2015612453090653e-5 2.632480738400783e-5 4.37768389482811e-6 -7.788929338039072e-6 3.828712960459429e-5 -1.5326613834605682e-5 1.879845738842827e-5 2.1161374111441276e-7
1.0024420182733762 -8.04488133916084e-9 -2.0834982928901094e-5 8.472178717662856e-5 0.0001612623819187871 0.0004149721527048644 0.000294041300220034 0.00010459736103625587 4.5741712139014616e-5 1.812504355693736e-5 -2.362903540827696e-5 -1.853183941892084e-5 2.4922392747981814e-5 7.420705779515475e-6 -1.1919841672960617e-5 2.542209157293677e-5 3.924893131662443e-6 -7.920699000974824e-6 3.720025925809777e-5 -1.5675994423996193e-5 1.835034894823748e-5 -8.04488134442884e-9
1.0056042959335447 -2.0287092889846137e-7 -2.1153491300427508e-5 8.143854670779499e-5 0.0001525430877936705 0.00040036823433604277 0.00028193943538981495 9.924369618496039e-5 4.368899877129734e-5 1.782996280231591e-5 -2.2560220666557388e-5 -1.796569399839201e-5 2.4092965720261635e-5 7.067371216920466e-6 -1.1807502918819198e-5 2.454935350262614e-5 3.5016672762487394e-6 -8.024871590312596e-6 3.614521252807829e-5 -1.598302147106659e-5 1.7927893183641126e-5 -2.0287092890301525e-7
1.008766573593713 -3.7516676685390377e-7 -2.1410441428711008e-5 7.831921182868574e-5 0.00014420849903966013 0.00038626903009383526 0.00027029576982507493 9.414306873441098e-5 4.1726696178217376e-5 1.7536667557169485e-5 -2.1526284383815176e-5 -1.7412718498619242e-5 2.3283060789989887e-5 6.731259266053019e-6 -1.1680031086835524e-5 2.3705485464692674e-5 3.1063813481745923e-6 -8.103443589454879e-6 3.512060153255495e-5 -1.624993625383263e-5 1.7529091991251433e-5 -3.751667668574878e-7
1.0119288512538813 -5.270660511260324e-7 -2.1610252163979457e-5 7.535512568835466e-5 0.0001362439142858604 0.0003726576992790599 0.00025909446182132513 8.92846091431058e-5 3.9850519900267456e-5 1.724470333515962e-5 -2.0526697833441768e-5 -1.6872733195859793e-5 2.2492477464795603e-5 6.4114686582740295e-6 -1.1538786811406879e-5 2.2889433788590556e-5 2.7374916484550852e-6 -8.158307267058713e-6 3.41251262955512e-5 -1.6478880466845994e-5 1.715207396759868e-5 -5.270660511283344e-7
1.0150911289140496 -6.605434227207473e-7 -2.1757088335700983e-5 7.253803881593166e-5 0.00012863512748760006 0.0003595179246792591 0.0002483201637542178 8.46578621470432e-5 3.8056404283744946e-5 1.6953690888667204e-5 -1.956090281271818e-5 -1.6345551533541375e-5 2.1721016630619785e-5 6.107145600448421e-6 -1.1385059337404451e-5 2.2100195650114706e-5 2.3935319979747638e-6 -8.191254997984703e-6 3.315756938893737e-5 -1.667190108977964e-5 1.6795087785767117e-5 -6.605434227216469e-7
1.0182534065742181 -7.774237675398978e-7 -2.1854873310586168e-5 6.98600934096776e-5 0.00012136841340229273 0.0003468338984118402 0.00023795800856077145 8.025277329363578e-5 3.6340491663066896e-5 1.6663319706497136e-5 -1.8628315156456916e-5 -1.5830981501641795e-5 2.0968479459485257e-5 5.817481504970956e-6 -1.122006929429577e-5 2.13368160572164e-5 2.0731101349459497e-6 -8.203983431008395e-6 3.221679083031009e-5 -1.6830954993785078e-5 1.6456495882926623e-5 -7.774237675392762e-7
1.0214156842343864 -8.793910558786755e-7 -2.190730104753816e-5 6.731380808108582e-5 0.00011443051340932139 0.000334590308051084 0.00022799359651544266 7.605967581939169e-5 3.469912199304354e-5 1.6373341898353617e-5 -1.7728328011646192e-5 -1.5328826868396103e-5 2.023466644851718e-5 5.541710813887049e-6 -1.1044971376462209e-5 2.059838500550324e-5 1.7749042652483618e-6 -8.198097509091603e-6 3.13017232285411e-5 -1.6957913297485467e-5 1.6134768445593485e-5 -8.793910558765276e-7
1.024577961894555 -9.67996775708852e-7 -2.1917847662995287e-5 6.489206304683427e-5 0.000107808621669384 0.00032277232303730234 0.00021841298229811196 7.206927786616162e-5 3.312882291820919e-5 1.608356644971925e-5 -1.6860314886179907e-5 -1.4838888275230959e-5 1.951937658179426e-5 5.279108913260386e-6 -1.0860856933770808e-5 1.9884034795986328e-5 1.49765975973863e-6 -8.175114347732013e-6 3.0411367168740657e-5 -1.7054565484173244e-5 1.582847767984915e-5 -9.679967757052779e-7
1.0277402395547233 -1.0446679735947528e-6 -2.1889782520087363e-5 6.258808576125006e-5 0.0001014903716186635 0.0003113655813663366 0.00020920266235092895 6.827265003071259e-5 3.162630026639547e-5 1.579385383117285e-5 -1.6023632484206372e-5 -1.4360964205296661e-5 1.8822406606953314e-5 5.028990134158643e-6 -1.0668756476212003e-5 1.9192937507835624e-5 1.2401859928377245e-6 -8.136466976639249e-6 2.9544786828504197e-5 -1.7122623291478275e-5 1.553629235414956e-5 -1.044667973589926e-6
1.0309025172148916 -1.11071491683243e-6 -2.182617885498782e-5 6.0395436981798565e-5 9.546382279300993e-5 0.00030035617655736616 0.00020034956252079118 6.466121324230693e-5 3.018842895381945e-5 1.5504110946582775e-5 -1.5217623340093882e-5 -1.3894851835450252e-5 1.8143550418798805e-5 4.790705836829305e-6 -1.046964209617948e-5 1.8524302619096856e-5 1.001353316910977e-6 -8.083507949728718e-6 2.8701105817432658e-5 -1.71637243844723e-5 1.5256972602755814e-5 -1.1107149168265986e-6
1.03406479487506 -1.1673383901369406e-6 -2.1729923953784597e-5 5.8307997259995194e-5 8.971744797726011e-5 0.0002897306448969251 0.00019184102598412576 6.122672696294157e-5 2.8812244289067105e-5 1.5214286405022698e-5 -1.4441618262487696e-5 -1.3440347781038594e-5 1.7482598542493343e-5 4.563642574827087e-6 -1.0264429811747043e-5 1.7877374768522007e-5 7.800901671624241e-7 -8.017512828178616e-6 2.7879503232041912e-5 -1.7179435822866517e-5 1.498936497821574e-5 -1.1673383901304316e-6
1.0372270725352284 -1.2156366399321205e-6 -2.1603728893114922e-5 5.631995385003466e-5 8.424012067470964e-5 0.00027947595295684294 0.00018366480145051256 5.796127770484387e-5 2.7494933663472742e-5 1.4924366101667895e-5 -1.3694938599419734e-5 -1.2997248742342573e-5 1.6839337709218062e-5 4.3472203360266635e-6 -1.0053981834086674e-5 1.7251431651861134e-5 5.753802919563455e-7 -7.93968354105991e-6 2.7079209918306627e-5 -1.717125733265072e-5 1.473239774172427e-5 -1.2156366399253446e-6
1.0403893501953967 -1.2566119790205523e-6 -2.1450137857715237e-5 5.442578802733542e-5 7.902110289165609e-5 0.0002695794853837169 0.00017580903164157225 5.485726785979305e-5 2.6233828615522694e-5 1.4634369093342779e-5 -1.2976898334933476e-5 -1.2565352061063178e-5 1.621355051749673e-5 4.140890857616987e-6 -9.839108761971968e-6 1.6645782046158284e-5 3.862601036712862e-7 -7.851151627826214e-6 2.629950493421309e-5 -1.7140624392211507e-5 1.4485076380583918e-5 -1.2566119790138864e-6
1.043551627855565 -1.2911770641315112e-6 -2.127153704793252e-5 5.2620262809130125e-5 7.40500332318994e-5 0.00026002903295742894 0.0001682622420414477 5.1907404834815894e-5 2.502639725705933e-5 1.4344343754805974e-5 -1.2286806027200729e-5 -1.2144456194769961e-5 1.560501517367556e-5 3.944136012321268e-6 -9.620571706126033e-6 1.6059763955795305e-5 2.1181614537249094e-7 -7.752981366737119e-6 2.5539712204831996e-5 -1.7088911142653442e-5 1.4246479342377931e-5 -1.2911770641253283e-6
1.0467139055157335 -1.3201608585595912e-6 -2.1070163190113132e-5 5.089841106916531e-5 6.931691529598672e-5 0.00025081278091604786 0.00016101332991510175 4.9104690488766204e-5 2.3870237049213307e-5 1.4054364202273264e-5 -1.1623966597632132e-5 -1.1734361116780704e-5 1.5013505305338318e-5 3.756466263224135e-6 -9.399084345995767e-6 1.5492742874216772e-5 5.118266876255017e-8 -7.64617279308693e-6 2.4799197362558623e-5 -1.7017433131733025e-5 1.4015753975856943e-5 -1.3201608585542924e-6
1.0498761831759018 -1.3443142918209056e-6 -2.0848111662655123e-5 4.925552403852641e-5 6.481210637997054e-5 0.00024191929754442893 0.0001540515535905883 4.6442410864303626e-5 2.2763067916155168e-5 1.3764526971093202e-5 -1.0987682980026082e-5 -1.1334868648505998e-5 1.4438789841719772e-5 3.577419184714424e-6 -9.175314921368625e-6 1.4944110155471719e-5 -9.646068095905105e-8 -7.531664610920483e-6 2.4077364765305468e-5 -1.692744990050053e-5 1.3792112668919422e-5 -1.3443142918168564e-6
1.0530384608360703 -1.3643156279633315e-6 -2.060734425035292e-5 4.768714018457089e-5 6.0526306468390965e-5 0.00023333752302364812 0.00014736652200135218 4.391412620975842e-5 2.1702725684933508e-5 1.3474947934903317e-5 -1.0377257638353017e-5 -1.0945782730869712e-5 1.3880632955453381e-5 3.406558047167137e-6 -8.949888161095022e-6 1.4413281489895604e-5 -2.318910775365479e-7 -7.410337001736176e-6 2.337365468557863e-5 -1.682016742142955e-5 1.3574829174446858e-5 -1.3643156279608e-6
1.0562007384962386 -1.3807755538772912e-6 -2.0349696539506016e-5 4.618903445992597e-5 5.645054751617563e-5 0.00022505675853837692 0.00014094818448455646 4.1513661285378324e-5 2.0687155839848693e-5 1.3185759454006232e-5 -9.791993961339926e-6 -1.0566909641008519e-5 1.3338794060255949e-5 3.2434704630970916e-6 -8.7233871510333e-6 1.3899695478454697e-5 -3.558446274516254e-7 -7.283014333507302e-6 2.2687540663511538e-5 -1.6696740396498178e-5 1.3363235115122286e-5 -1.3807755538764706e-6
1.059363016156407 -1.3942419986626189e-6 -2.0076884966085715e-5 4.47572079134955e-5 5.257618301412233e-5 0.00021706665563917376 0.00013478682083137823 3.9235095948447104e-5 1.971440758000058e-5 1.2897107741112592e-5 -9.23119754160266e-6 -1.0198058160058405e-5 1.2813027859412169e-5 3.0877670926131938e-6 -8.496355143200631e-6 1.3402812300462906e-5 -4.6901838897259545e-7 -7.150467773191791e-6 2.201852701707767e-5 -1.6558274423372437e-5 1.315671665872751e-5 -1.394241998663594e-6
1.0625252938165755 -1.4052046948141698e-6 -1.979051352907228e-5 4.3387877655422184e-5 4.889487783261756e-5 0.0002093572058566056 0.00012887303158514915 3.7072756011771225e-5 1.878262816885118e-5 1.2609150433004382e-5 -8.694177346668879e-6 -9.839039697456045e-6 1.2303084440175183e-5 2.9390804060942276e-6 -8.26929730798735e-6 1.2922112469573113e-5 -5.720723002188334e-7 -7.013417805750968e-6 2.1366146502855805e-5 -1.6405828037528508e-5 1.2954711355770562e-5 -1.4052046948168985e-6
1.0656875714767438 -1.4140994916990094e-6 -1.9492080180879195e-5 4.2077467167955156e-5 4.539859833824707e-5 0.00020191873056403024 0.0001231977285831699 3.5021204370043115e-5 1.7890057564843205e-5 1.232205435707205e-5 -8.18024678884472e-6 -9.489668376815149e-6 1.1808709409443937e-5 2.797063502088887e-6 -8.042682431176148e-6 1.2457095673132642e-5 -6.656310198619522e-7 -6.872536662556585e-6 2.0729958120869696e-5 -1.6240414637838743e-5 1.2756705131646126e-5 -1.4140994917033845e-6
1.068849849136912 -1.4213124315065896e-6 -1.918298290657993e-5 4.0822596954197144e-5 4.207960277794561e-5 0.00019474187108580474 0.00011775212573800232 3.307523238860363e-5 1.703502332233446e-5 1.2035993482077112e-5 -7.688724700500507e-6 -9.149761088086007e-6 1.1329644066319018e-5 2.6613889785200855e-6 -7.816944557400189e-6 1.2007279690178643e-5 -7.502856839516592e-7 -6.728450661933936e-6 2.010954505718352e-5 -1.6063004302836284e-5 1.2562229425874086e-5 -1.4213124315123503e-6
1.0720121267970806 -1.427183597564654e-6 -1.8864525503440074e-5 3.962007551673027e-5 3.893043192534615e-5 0.00018781757904760398 0.00011252773005398417 3.122985154914301e-5 1.62159357523177e-5 1.1751147042883522e-5 -7.218936220991395e-6 -8.81913751036524e-6 1.0865625607370951e-5 2.531747855342524e-6 -7.592484581574764e-6 1.157219938353221e-5 -8.265955822290792e-7 -6.581742464466044e-6 1.9504512758083316e-5 -1.5874525504567715e-5 1.2370858471293905e-5 -1.4271835975714664e-6
1.0751744044572489 -1.4320107446269418e-6 -1.8537923072041772e-5 3.846689065815703e-5 3.5943899984014415e-5 0.00018113710696549419 0.00010751633287471295 2.9480285346908407e-5 1.5431283332626653e-5 1.1467697829288373e-5 -6.770213601077892e-6 -8.497620109399331e-6 1.0416387360681105e-5 2.4078485468679358e-6 -7.369671789746094e-6 1.1151405761632673e-5 -8.95089757166551e-7 -6.432953245570042e-6 1.8914487129839757e-5 -1.5675866726636098e-5 1.2182206706421234e-5 -1.4320107446344103e-6
1.0783366821174174 -1.4360527204531109e-6 -1.820430723006026e-5 3.736020109563827e-5 3.311308574225336e-5 0.00017469199907032293 0.00010271000135719684 2.7821961434004807e-5 1.4679628357550136e-5 1.1185830629462327e-5 -6.341896930378428e-6 -8.185034113510733e-6 9.981659044936e-6 2.2894158820311567e-6 -7.148845350716654e-6 1.0744465105929447e-5 -9.562685288566451e-7 -6.282584787749326e-6 1.833911285819951e-5 -1.546787799273906e-5 1.1995926314487239e-5 -1.4360527204607426e-6
1.0814989597775857 -1.4395326877195545e-6 -1.786473105952293e-5 3.6297328381563296e-5 3.04313239742153e-5 0.00016847408236396501 9.810107016838177e-5 2.62505040034176e-5 1.3959602817011936e-5 1.0905730818887147e-5 -5.933334793064523e-6 -7.881207471378967e-6 9.561167050069489e-6 2.1761901709252096e-6 -6.930315759730534e-6 1.0350958159827426e-5 -1.0106049487609046e-6 -6.131101494829182e-6 1.777805184191725e-5 -1.5251372311707751e-5 1.1811704882990802e-5 -1.4395326877268708e-6
1.084661237437754 -1.4426411550207725e-6 -1.7520173798145012e-5 3.527574912254439e-5 2.7892197082068713e-5 0.0001624754579038812 9.36821333997302e-5 2.47617264084079e-5 1.3269904495707566e-5 1.0627583086043152e-5 -5.543884856701852e-6 -7.5859707948216715e-6 9.154634736154397e-6 2.0679263159837817e-6 -6.714366235431923e-6 9.970479375350317e-6 -1.0585461852203235e-6 -5.978932330389831e-6 1.7230981734797876e-5 -1.5027127044760595e-5 1.162926317789188e-5 -1.4426411550272944e-6
1.0878235150979223 -1.4455388254446598e-6 -1.717154528509608e-5 3.4293087488999496e-5 2.5489526974018692e-5 0.00015668849231244302 8.944603669554894e-5 2.335162401198015e-5 1.260929328282828e-5 1.0351570286463602e-5 -5.172914398847562e-6 -7.299157289449841e-6 8.761782747447828e-6 1.9643929662372153e-6 -6.501254071246754e-6 9.602636213859858e-6 -1.1005148435269102e-6 -5.826472682528915e-6 1.6697594590882064e-5 -1.4795885200398563e-5 1.1448353026863154e-5 -1.4455388254499487e-6
1.0909857927580908 -1.4483592709335945e-6 -1.6819690171305072e-5 3.334710800765366e-5 2.3217367173012102e-5 0.00015110580950739792 8.538586959074012e-5 2.2016367261154126e-5 1.1976587683242656e-5 1.0077872417124672e-5 -4.819800775731986e-6 -7.020602675811377e-6 8.38232933868856e-6 1.8653717131106987e-6 -6.29121194227984e-6 9.247048497329685e-6 -1.1369102232552197e-6 -5.674086157007693e-6 1.6177595607567713e-5 -1.455835666208447e-5 1.1268755306297391e-5 -1.4483592709372636e-6
1.0941480704182591 -1.4512114403743322e-6 -1.6465391904167077e-5 3.24357086293745e-5 2.1069995151006485e-5 0.000145720282649848 8.149495805368162e-5 2.0752294980823754e-5 1.1370661521250282e-5 9.806665703487873e-6 -4.483931837086225e-6 -6.750145103390778e-6 8.015990710935188e-6 1.7706563262749725e-6 -6.084449168768612e-6 8.903347806839494e-6 -1.168109515458139e-6 -5.522106300763756e-6 1.5670701961624147e-5 -1.4315219353574041e-5 1.1090278027037249e-5 -1.4512114403760942e-6
1.0973103480784276 -1.4541820090966764e-6 -1.6109376496260852e-5 3.1556914064835454e-5 1.9041904883730977e-5 0.00014052502630606474 7.776685722993354e-5 1.9555907882028143e-5 1.0790440828264739e-5 9.538121791849703e-6 -4.1647062909216784e-6 -6.487625059599721e-6 7.662481354415913e-6 1.6800520280975755e-6 -5.88115293708796e-6 8.571176925109029e-6 -1.194468942238843e-6 -5.3708382577090145e-6 1.5176641733214338e-5 -1.4067120346492287e-5 1.0912754514054295e-5 -1.4541820090963695e-6
1.100472625738596 -1.457337577200436e-6 -1.5752316087436177e-5 3.070886938059445e-5 1.7127799620915384e-5 0.00013551338881944363 7.419534438250204e-5 1.842386227951274e-5 1.023490090603093e-5 9.27240703998446e-6 -3.861534021824606e-6 -6.23288527567047e-6 7.321514396039625e-6 1.5933748052790495e-6 -5.681489479258341e-6 8.250189320050089e-6 -1.216324841122129e-6 -5.2205603586709535e-6 1.4695152913205599e-5 -1.3814676914486585e-5 1.0736041675554917e-5 -1.4573375771980063e-6
1.1036349033987645 -1.4607267238759889e-6 -1.5394832309375116e-5 2.9889833848265522e-5 1.532258486702207e-5 0.00013067894488887711 7.077441202440007e-5 1.7352964013509182e-5 9.70306355722495e-6 9.009681899388893e-6 -3.573836366099368e-6 -5.985770631157312e-6 6.9928019493877865e-6 1.5104507562920477e-6 -5.485605211874266e-6 7.940048666461964e-6 -1.2339946965645974e-6 -5.071525647282229e-6 1.4225982489203977e-5 -1.3558477538026903e-5 1.0560018357229752e-5 -1.460726723871541e-6
1.1067971810589328 -1.4643819246334921e-6 -1.503749946147508e-5 2.9098175039560857e-5 1.3621361567574006e-5 0.00012601548834980885 6.749826123928195e-5 1.6340162570718832e-5 9.193994475534304e-6 8.750100382751384e-6 -3.301046346873916e-6 -5.746128058551695e-6 6.676055465173041e-6 1.4311154732744654e-6 -5.293627835336012e-6 7.640428403145203e-6 -1.2477781208596791e-6 -4.923963343572852e-6 1.3768885605914077e-5 -1.3299082863674024e-5 1.0384583777595398e-5 -1.4643819246272556e-6
1.109959458719101 -1.4683213381106489e-6 -1.4680847506646703e-5 2.8332363160081216e-5 1.201941949622303e-5 0.00012151702515421315 6.436129518594829e-5 1.5382545399541762e-5 8.706800787558994e-6 8.493809610574045e-6 -3.042608872075848e-6 -5.513806449333262e-6 6.370986080309075e-6 1.3552134570583444e-6 -5.1056673942388745e-6 7.351011322849327e-6 -1.257957786615612e-6 -4.778080246974806e-6 1.3323624795577332e-5 -1.3037026621390235e-5 1.0209656040596142e-5 -1.4683213381029705e-6
1.1131217363792694 -1.4725504688889405e-6 -1.4325364895363312e-5 2.759096561483809e-5 1.0512230837779613e-5 0.00011717776654573786 6.135811278256037e-5 1.4477332414652735e-5 8.240628739121977e-6 8.240949431174017e-6 -2.7979808979905112e-6 -5.2886565626041366e-6 6.077304963890665e-6 1.2825975640464088e-6 -4.921817299750587e-6 7.071489192610046e-6 -1.2648003129080503e-6 -4.6340620804073524e-6 1.2889969274403498e-5 -1.2772816503231355e-5 1.0035170721844745e-5 -1.472550468880269e-6
1.1162840140394377 -1.477063712513734e-6 -1.397150122604264e-5 2.6872641798598922e-5 9.095443962472054e-6 0.00011299212242623441 5.848350256643413e-5 1.3621870686087521e-5 7.794661518820425e-6 7.991652108577784e-6 -2.566631560928502e-6 -5.0705309372918646e-6 5.794723658529601e-6 1.2131284836770923e-6 -4.742155314783493e-6 6.801562402164582e-6 -1.268557107135699e-6 -4.492074777074476e-6 1.2467694301063744e-5 -1.2506935006528721e-5 9.861079525083392e-6 -1.4770637125046143e-6
1.1194462916996062 -1.4818457886838093e-6 -1.3619669749587558e-5 2.6176138104257242e-5 7.764877386784576e-6 0.00010895469490989922 5.573243672533021e-5 1.2813629308066337e-5 7.368117211891924e-6 7.746042073102658e-6 -2.3480422793557093e-6 -4.859283808753914e-6 5.522954415634743e-6 1.1466742452473567e-6 -4.5667445027514424e-6 6.540939638265034e-6 -1.2694651645356845e-6 -4.352265711571178e-6 1.205658059346526e-5 -1.2239840244447956e-5 9.687349005634804e-6 -1.4818457886747956e-6
1.1226085693597745 -1.4868730683520773e-6 -1.3270249725658343e-5 2.5500283142543946e-5 6.516513916281326e-6 0.00010506027206124945 5.310006529619702e-5 1.2050194442847365e-5 6.960246877712116e-6 7.504235729690476e-6 -2.1417068286754346e-6 -4.654771030476594e-6 5.261710523359881e-6 1.0831097528900771e-6 -4.395634140683542e-6 6.2893375828347826e-6 -1.2677478272476346e-6 -4.214764876864474e-6 1.165641380018251e-5 -1.1971966726598284e-5 9.513959357798503e-6 -1.4868730683437415e-6
1.125770847019943 -1.4921148002606492e-6 -1.2923588637997237e-5 2.4843983166509183e-5 5.346494965892779e-6 0.00010130382181315995 5.058171052737186e-5 1.132926453497018e-5 6.5703327444770276e-6 7.2663413193199945e-6 -1.9471313906983847e-6 -4.456850001429553e-6 5.010706626073808e-6 1.0223163475300008e-6 -4.228860597454396e-6 6.046480633034903e-6 -1.2636155047482403e-6 -4.079686008687148e-6 1.1266984023064611e-5 -1.1703726112160227e-5 9.340903263317084e-6 -1.4921148002535532e-6
1.1289331246801113 -1.4975342422200862e-6 -1.2580004275876147e-5 2.420621769432453e-5 4.25111505321837e-6 9.76804860611884e-5 4.8172861400299356e-5 1.0648645691317573e-5 6.197686514862168e-6 7.032458829078585e-6 -1.7638345796918056e-6 -4.265379599517059e-6 4.769659034330734e-6 9.641813946694337e-7 -4.066448177878386e-6 5.812100641424543e-6 -1.2572663574139933e-6 -3.9471276588558066e-6 1.0888085387688426e-5 -1.1435507937802263e-5 9.16818479820228e-6 -1.4975342422147057e-6
1.1320954023402798 -1.5030897022351543e-6 -1.223978668849103e-5 2.358603532407219e-5 3.2268164604576504e-6 9.418557493043072e-5 4.586916830686965e-5 1.00062472224945e-5 5.841647776681589e-6 6.802679946717506e-6 -1.5913474467645149e-6 -4.080220121455359e-6 4.538286024438821e-6 9.085978968811647e-7 -3.908409933405968e-6 5.585936674512482e-6 -1.2488869449074216e-6 -3.817174219000598e-6 1.051951565846835e-5 -1.1167680322468596e-5 8.99581839536476e-6 -1.5030897022318695e-6
1.1352576800004481 -1.5087354943774182e-6 -1.1903200018881408e-5 2.298254973430749e-5 2.2701840606666137e-6 9.081456121116202e-5 4.3666437878548353e-5 9.400077341095615e-6 5.501582512802916e-6 6.577088055750677e-6 -1.4292134642184944e-6 -3.901233229304823e-6 4.316308126836941e-6 8.554641299130651e-7 -3.754748440152793e-6 5.367734788105895e-6 -1.238652841020802e-6 -3.689896896173521e-6 1.016107589537635e-5 -1.0900590650939583e-5 8.823827860636444e-6 -1.5087354943764691e-6
1.1384199576606164 -1.5144228141082074e-6 -1.157048422371061e-5 2.2394935864305413e-5 1.3779403040979817e-6 8.756307495952431e-5 4.156062796351105e-5 8.828239012503153e-6 5.176881704799477e-6 6.3557582673840105e-6 -1.2769884913795564e-6 -3.728281903791341e-6 4.103448402597792e-6 8.046833013348299e-7 -3.6054565449847164e-6 5.157247817966166e-6 -1.2267292165538627e-6 -3.5653546417791393e-6 9.812570149362627e-6 -1.0634566237894326e-5 8.652245439912287e-6 -1.5144228141097026e-6
1.1415822353207847 -1.5201005375646904e-6 -1.1241856685006427e-5 2.182242626802062e-5 5.469403604637705e-7 8.442689825955675e-5 3.9547842748069896e-5 8.288925953934195e-6 4.866960025045453e-6 6.13875748578038e-6 -1.1342407233112618e-6 -3.5612304044689455e-6 3.899432707477327e-6 7.561632306843489e-7 -3.4605180803782918e-6 4.954235184382855e-6 -1.213271391742837e-6 -3.4435950352552642e-6 9.47380519370292e-6 -1.0369914974042413e-5 8.481110935266023e-6 -1.5201005375685704e-6
1.1447445129809533 -1.5257159491359545e-6 -1.0917513719722388e-5 2.1264307635915536e-5 -2.2583258697188668e-7 8.140196014286238e-5 3.7624328018729506e-5 7.780418777526908e-6 4.5712546121789915e-6 5.926144503374517e-6 -1.0005506237134145e-6 -3.3999442366984708e-6 3.7039899430265804e-6 7.098160500971571e-7 -3.3199085487707236e-6 4.7584627093716285e-6 -1.1984253597043782e-6 -3.3246551239105893e-6 9.14459028862994e-6 -1.0106925955735753e-5 8.310470868016007e-6 -1.5257159491420222e-6
1.1479067906411216 -1.5312154014762236e-6 -1.059763199275361e-5 2.071991747893422e-5 -9.432718994870954e-7 7.848433166225752e-5 3.5786466561280854e-5 7.30108127333542e-6 4.2892239250737256e-6 5.717970123153832e-6 -8.755108432133721e-7 -3.2442901253501165e-6 3.5168522943741507e-6 6.655579244296488e-7 -3.1835957771109826e-6 4.569702445295245e-6 -1.1823282823020877e-6 -3.208562220310035e-6 8.824736976734607e-6 -9.84587009932676e-6 8.140377686829154e-6 -1.531215401484105e-6
1.15106906830129 -1.5365449119270917e-6 -1.0282369838809598e-5 2.018864096902218e-5 -1.6081518971264281e-6 7.567022111574736e-5 3.403077369339853e-5 6.849356828174825e-6 4.020346670670407e-6 5.5142773050131096e-6 -7.587261241704082e-7 -3.094135995076763e-6 3.3377554543720474e-6 6.233087899128066e-7 -3.0515405423209753e-6 4.387732513792818e-6 -1.1651089597915623e-6 -3.0953346585819108e-6 8.514058906748318e-6 -9.587000741399609e-6 7.970889019056752e-6 -1.5365449119363056e-6
1.1542313459614584 -1.5416506991520197e-6 -9.971868498325633e-6 1.9669907930717517e-5 -2.2231321329261908e-6 7.295596941722452e-5 3.235389292728001e-5 6.4237649763384644e-6 3.7641208012272226e-6 5.315101333476218e-6 -6.498131930333527e-7 -2.9493509569526343e-6 3.1664388338797005e-6 5.829921104005671e-7 -2.923697168373604e-6 4.212336953988123e-6 -1.1468882755477109e-6 -2.984982511004007e-6 8.212371683438419e-6 -9.3305542258732e-6 7.802066963593895e-6 -1.5416506991619872e-6
1.157393623621627 -1.5464796636215352e-6 -9.666253272374919e-6 1.9163189978461472e-5 -2.7907615309360134e-6 7.033804561030562e-5 3.075259175892475e-5 6.022898078284154e-6 3.5200625767485223e-6 5.120470004253542e-6 -5.484006412173487e-7 -2.8098053012245347e-6 3.0026457580349533e-6 5.445346503035047e-7 -2.8000140956929546e-6 4.0433055790253076e-6 -1.1277796171281392e-6 -2.877508266210341e-6 7.919492741466705e-6 -9.076750478852429e-6 7.633977423644598e-6 -1.5464796636316132e-6
1.1605559012817952 -1.5509798154291355e-6 -9.365634601330374e-6 1.8667997794400224e-5 -3.3134823917577094e-6 6.781304252175596e-5 2.9223757580726248e-5 5.645418123464808e-6 3.2877056885501582e-6 4.930403827273226e-6 -4.541287953976057e-7 -2.6753704958842885e-6 2.846123648432903e-6 5.078662633257409e-7 -2.680434423580857e-6 3.8804338400580955e-6 -1.1078892748772676e-6 -2.7729074703434697e-6 7.635241241176704e-6 -8.825793571991553e-6 7.466689477859771e-6 -1.5509798154386451e-6
1.1637181789419635 -1.555100652764153e-6 -9.07010907181375e-6 1.8183878541572477e-5 -3.793634269252867e-6 6.537767255099534e-5 2.7764393714110197e-5 5.2900536535566394e-6 3.0666004401102196e-6 4.744916243983635e-6 -3.6664957805522075e-7 -2.5459191907363698e-6 2.6966241911978355e-6 4.729196961500695e-7 -2.5648964263720767e-6 3.7235226968890523e-6 -1.0873168192278898e-6 -2.6711693324619443e-6 7.3594379843837524e-6 -8.577872275028277e-6 7.300274788392172e-6 -1.5551006527724479e-6
1.1668804566021318 -1.5587934942189044e-6 -8.779760356267811e-6 1.771041340750066e-5 -4.233457721991055e-6 6.302876359221173e-5 2.637161555902901e-5 4.9555968024160106e-6 2.8563129815424264e-6 4.564013856878872e-6 -2.8562635905295864e-7 -2.421325226607396e-6 2.553903490994985e-6 4.3963040624347387e-7 -2.4533340440203137e-6 3.5723784945244206e-6 -1.06615545781024e-6 -2.5722772954956865e-6 7.091905348351433e-6 -8.333160598049707e-6 7.1348070444851724e-6 -1.5587934942254214e-6
1.1700427342623003 -1.5620117679640442e-6 -8.494660089285537e-6 1.7247215273324008e-5 -4.63509794294284e-6 6.076325508564917e-5 2.504264685718622e-5 4.6409004491736275e-6 2.656424594210202e-6 4.387696669343499e-6 -2.107337989667098e-7 -2.3014636493214186e-6 2.4177222110848998e-6 4.0793639298248355e-7 -2.345677347814527e-6 3.4268128449741882e-6 -1.04449237343301e-6 -2.476209574025226e-6 6.832467236239215e-6 -8.091818323961825e-6 6.970361440277116e-6 -1.562011767968302e-6
1.1732050119224686 -1.5647112606869444e-6 -8.214868684637664e-6 1.6793926503734254e-5 -5.000608270846733e-6 5.857819419468306e-5 2.377481606593616e-5 4.3448754809529465e-6 2.466531022176779e-6 4.215958334051888e-6 -1.41657684850246e-7 -2.18621072804736e-6 2.2878456995748514e-6 3.777780413251705e-7 -2.241852981925051e-6 3.286642513687949e-6 -1.0224090439560402e-6 -2.3829396601444885e-6 6.580949042407533e-6 -7.853991531552199e-6 6.807014185564147e-6 -1.56471126068861e-6
1.1763672895826371 -1.5668503290540554e-6 -7.94043609674917e-6 1.635021685309427e-5 -5.331953586605565e-6 5.6470732105336864e-5 2.2565552839874626e-5 4.06648816177709e-6 2.2862418473573222e-6 4.048786408288405e-6 -7.80947590678974e-8 -2.0754439776124233e-6 2.1640441020688706e-6 3.490979772837173e-7 -2.1417845814760197e-6 3.151689310074606e-6 -9.999815450310213e-7 -2.292436798647885e-6 6.337177631061303e-6 -7.619813109459476e-6 6.644842048319775e-6 -1.56685032905296e-6
1.1795295672428054 -1.5683900763285576e-6 -7.671402530193083e-6 1.5915781483238787e-5 -5.631013597998803e-6 5.443812044494557e-5 2.141238461720514e-5 3.8047576043064255e-6 2.1151799054051875e-6 3.8861626146792775e-6 -1.975254178998597e-8 -1.9690421843665254e-6 2.0460924609613836e-6 3.2184093447883506e-7 -2.0453931678393857e-6 3.0217799816078513e-6 -9.772808366441504e-7 -2.204666432765539e-6 6.1009813268062804e-6 -7.3894032612967595e-6 6.483921927819258e-6 -1.5683900763247136e-6
1.182691844902974 -1.5692944966500744e-6 -7.407799100589234e-6 1.5490339088575035e-5 -5.899586015923827e-6 5.2477707816710774e-5 2.031293330803331e-5 3.558753341125009e-6 1.952980739524605e-6 3.728063105944826e-6 3.365085228986431e-8 -1.8668854351786169e-6 1.933770801657669e-6 2.9595363108436315e-7 -1.952597521842876e-6 2.896746111069945e-6 -9.543730343529852e-7 -2.1195906216507243e-6 5.872189915780643e-6 -7.1628700021129754e-6 6.324330457263502e-6 -1.569294496643667e-6
1.1858541225631423 -1.5695305893624823e-6 -7.149648450124832e-6 1.5073630124217928e-5 -6.139389625308381e-6 5.058693644695372e-5 1.9264912081814948e-5 3.327592992371685e-6 1.7992920895569685e-6 3.5744587323921932e-6 8.238690248856558e-8 -1.7688551491447892e-6 1.8268642060401943e-6 2.713846564975066e-7 -1.8633145355815712e-6 2.776424016534066e-6 -9.313196660694944e-7 -2.037168430804301e-6 5.650634656110091e-6 -6.940309646322632e-6 6.166143634838149e-6 -1.569530589353881e-6
1.1890164002233106 -1.5690684456601065e-6 -6.896965320743448e-6 1.4665415133010024e-5 -6.352067253767626e-6 4.876333894191079e-5 1.8266122251246853e-5 3.1104400265865983e-6 1.65377341383702e-6 3.425315310973937e-6 1.2671687542125374e-7 -1.6748341115908006e-6 1.7251628735301443e-6 2.480843670968201e-7 -1.7774595435193267e-6 2.6606546537292424e-6 -9.081779152019421e-7 -1.9573562966007043e-6 5.436148296516021e-6 -6.721807287185385e-6 6.009436482181463e-6 -1.5690684456498197e-6
1.1921786778834789 -1.5678813097105811e-6 -6.649757087888226e-6 1.4265473167391048e-5 -6.539188641007268e-6 4.700453515098095e-5 1.7314450249963192e-5 2.906501611720273e-6 1.5160954414596486e-6 3.2805938948371363e-6 1.668920225716448e-7 -1.5847065099570403e-6 1.628462170121561e-6 2.2600479047692177e-7 -1.6949466335621077e-6 2.549283520474138e-6 -8.850008509294422e-7 -1.8801083660585603e-6 5.228565101985071e-6 -6.5074372678736e-6 5.8542827292691815e-6 -1.56788130969925e-6
1.1953409555436472 -1.5659456163050729e-6 -6.408024257527565e-6 1.3873600302194534e-5 -6.70225321190753e-6 4.5308229133376844e-5 1.6407864701462808e-5 2.7150265533260335e-6 1.385939752735578e-6 3.140251042381092e-6 2.031537816980285e-7 -1.49835797116268e-6 1.5365626657892408e-6 2.05099537575083e-7 -1.615688938781411e-6 2.4421605629035707e-6 -8.618376463461484e-7 -1.8053768129776199e-6 5.0277208854824365e-6 -6.297263644129607e-6 5.700754524753772e-6 -1.5659456162934141e-6
1.1985032332038157 -1.5632410069827992e-6 -6.1717609290395285e-6 1.3489608234560927e-5 -6.842692756152121e-6 4.367220622519455e-5 1.5544413576762046e-5 2.535303317031075e-6 1.262998385748044e-6 3.004239084929826e-6 2.3573398164921568e-7 -1.4156756000560194e-6 1.4492701606921022e-6 1.8532372213112898e-7 -1.5395989104600603e-6 2.339140083247647e-6 -8.3873378517514e-7 -1.7331121315405235e-6 4.83345304476387e-6 -6.091340638482342e-6 5.548922170824657e-6 -1.563241006971565e-6
1.201665510863984 -1.5597503264770717e-6 -5.940955226385782e-6 1.3113322967266673e-5 -6.96187401720045e-6 4.2094330203970226e-5 1.4722221438333968e-5 2.3666581324547206e-6 1.1469734670492355e-6 2.8725063922081252e-6 2.648550501843675e-7 -1.336548018571578e-6 1.3663957006115076e-6 1.666338869476307e-7 -1.4665885731277006e-6 2.24008064895686e-6 -8.157312577168983e-7 -1.6632634084548339e-6 4.645600603408631e-6 -5.889713085966064e-6 5.3988538816796745e-6 -1.5597503264669996e-6
1.2048277885241525 -1.5554596012340092e-6 -5.715589699864253e-6 1.2744583571876964e-5 -7.061101193333656e-6 4.0572540547844005e-5 1.3939486767957474e-5 2.20845317581359e-6 1.0375768646582134e-6 2.744997634887609e-6 2.9073022440826e-7 -1.2608654052288048e-6 1.2877555820780473e-6 1.4898793644297308e-7 -1.3965697622466917e-6 2.1448450029958555e-6 -7.928687466629016e-7 -1.5957785746863049e-6 4.464004255261285e-6 -5.692416871262558e-6 5.250615564720606e-6 -1.5554596012257752e-6
1.2079900661843208 -1.5503580016627948e-6 -5.495641700594772e-6 1.2383241028237414e-5 -7.141618353438321e-6 3.910484978651724e-5 1.3194479376165948e-5 2.060084828526059e-6 9.345298616386275e-7 2.6216540435418966e-6 3.135637634493768e-7 -1.188519534624166e-6 1.2131713476522167e-6 1.3234507501467857e-7 -1.3294543452023776e-6 2.053299975157808e-6 -7.701818033712805e-7 -1.5306046378096324e-6 4.288506411532427e-6 -5.499479357169902e-6 5.104270623605777e-6 -1.5503580016569675e-6
1.2111523438444893 -1.5444377896874707e-6 -5.281083729761491e-6 1.2029157136924522e-5 -7.20461177012741e-6 3.768934094124035e-5 1.2485537891046104e-5 1.920982009197303e-6 8.375628486459767e-7 2.5024136634179867e-6 3.3355116302294205e-7 -1.1194038165858458e-6 1.1424697718331029e-6 1.1666575075499793e-7 -1.2651544262440692e-6 1.9653163942759307e-6 -7.477030151693875e-7 -1.4676878959771054e-6 4.118951249866341e-6 -5.310919804288203e-6 4.95987978231007e-6 -1.5444377896844657e-6
1.2143146215046576 -1.5376942530850992e-6 -5.071883764510737e-6 1.168220350137893e-5 -7.251212172732418e-6 3.632416505112957e-5 1.1811067324200174e-5 1.7906045764364485e-6 7.464150339415262e-7 2.387211604494793e-6 3.508793715339658e-7 -1.0534133346796794e-6 1.0754828380755205e-6 1.0191160408471482e-7 -1.203582536015305e-6 1.8807690012326316e-6 -7.254621642165739e-7 -1.4069741344794094e-6 3.955184764741337e-6 -5.126749781802891e-6 4.817500929359659e-6 -1.5376942530851572e-6
1.217476899164826 -1.53012562801289e-6 -4.868005562283359e-6 1.1342260576547604e-5 -7.282496922637389e-6 3.500753878317134e-5 1.1169536711744081e-5 1.6684418000248894e-6 6.608341694707083e-7 2.2759802863590443e-6 3.657270073879401e-7 -9.90444883774481e-7 1.0120477074001699e-6 8.804542089472915e-8 -1.1446518063028862e-6 1.7995363626878787e-6 -7.034863784302883e-7 -1.348408805845799e-6 3.7970548186200318e-6 -4.946973569240332e-6 4.677188981422476e-6 -1.5301256280160493e-6
1.2206391768249942 -1.5217330110483486e-6 -4.669408945246009e-6 1.1009216780960918e-5 -7.299492113362177e-6 3.373774212332977e-5 1.0559476828274173e-5 1.5540108980221023e-6 5.805762917011539e-7 2.1686496774841593e-6 3.782645771876462e-7 -9.303970063959051e-7 9.520066790827792e-7 7.503108980785997e-8 -1.088276130625388e-6 1.7215007854674857e-6 -6.818002749494274e-7 -1.2919371944035304e-6 3.6444111933185374e-6 -4.771588549067805e-6 4.538995765449566e-6 -1.5217330110544521e-6
1.2238014544851628 -1.5125202619906656e-6 -4.476050066375494e-6 1.0682967669269276e-5 -7.303174597740771e-6 3.251311614623452e-5 9.979477971790996e-6 1.4468556374614057e-6 5.054054760070767e-7 2.0651475285493694e-6 3.886546945053329e-7 -8.731700276188418e-7 8.952071439081538e-7 6.283356319577189e-8 -1.034370311271833e-6 1.646548231569438e-6 -6.604260965804261e-7 -1.2375045661884047e-6 3.4971056411108715e-6 -4.600585590010288e-6 4.402969918573711e-6 -1.5125202619993496e-6
1.226963732145331 -1.5024938985990743e-6 -4.28788165864642e-6 1.0363415162361158e-5 -7.2944739444786775e-6 3.133206086098426e-5 9.428187817627018e-6 1.3465449963523345e-6 4.3509360347390287e-7 1.9653995994843866e-6 3.9705229892914734e-7 -8.186660882700712e-7 8.415015304725603e-7 5.1418821607641324e-8 -9.828501933908392e-7 1.574568233761717e-6 -6.393838416447308e-7 -1.1850563050697789e-6 3.3549919351302056e-6 -4.433949420959734e-6 4.269156804984054e-6 -1.5024938986098052e-6
1.2301260098054996 -1.4916629843740854e-6 -4.104853268671501e-6 1.0050466832278504e-5 -7.2742743263129696e-6 3.01930331306626e-5 8.90430933947753e-6 1.2526718847705393e-6 3.694201390796458e-7 1.869329879969305e-6 4.036048750921184e-7 -7.667891762343495e-7 7.907472450138835e-7 4.075384128837949e-8 -9.33632786720047e-7 1.5054538117588967e-6 -6.186913876198999e-7 -1.1345380359248453e-6 3.2179259186714997e-6 -4.271658995357289e-6 4.137598449004795e-6 -1.4916629843861844e-6
1.2332882874656679 -1.480039010420659e-6 -3.92691147604965e-6 9.744035239240049e-6 -7.2434163419400345e-6 2.9094544663220612e-5 8.406598795689118e-6 1.1648519228779835e-6 3.081719202878152e-7 1.7768608031610846e-6 4.084526714008992e-7 -7.174451556789271e-7 7.428066052432993e-7 3.080656448474717e-8 -8.866363755340366e-7 1.4391013889768247e-6 -5.983646089417074e-7 -1.0858957356675991e-6 3.0857655530405077e-6 -4.11368784593774e-6 4.008333483616863e-6 -1.4800390104333464e-6
1.2364505651258364 -1.467635772368218e-6 -3.75400009958545e-6 9.444037318172617e-6 -7.202698773816459e-6 2.8035160071442224e-5 7.933863779010986e-6 1.0827222737776697e-6 2.511429551602079e-7 1.6879134524559287e-6 4.117289181900815e-7 -6.705417940328537e-7 6.975467686449787e-7 2.1545872257491937e-8 -8.417806173774501e-7 1.3754107098753249e-6 -5.784174893105939e-7 -1.039075832908837e-6 2.9583709636322255e-6 -3.960004429733696e-6 3.881397113670542e-6 -1.467635772380658e-6
1.2396128427860047 -1.454469243260734e-6 -3.5860603914584043e-6 9.150393812242332e-6 -7.152880283881636e-6 2.7013494999765925e-5 7.484961328064539e-6 1.005940529167058e-6 1.9813422916791502e-7 1.6024077611327125e-6 4.135600450363367e-7 -6.259887865787412e-7 6.548396557018457e-7 1.2941559536833302e-8 -7.989866311377214e-7 1.3142847579080502e-6 -5.588622288227728e-7 -9.94025296993993e-7 2.8356044839580526e-6 -3.8105724632492146e-6 3.756821093046621e-6 -1.4544692432721044e-6
1.242775120446173 -1.440557443271286e-6 -3.423031220338463e-6 8.863028750963303e-6 -7.094681049193896e-6 2.602821431579569e-5 7.058796098836219e-6 9.341836458129444e-7 1.4895351994422302e-7 1.5202627047548786e-6 4.140658969749564e-7 -5.836977785354857e-7 6.145618684956259e-7 4.9643121771226e-9 -7.581770749994463e-7 1.255629674106162e-6 -5.397093462245058e-7 -9.506917171358483e-7 2.7173306973745454e-6 -3.6653512477246333e-6 3.634633715032483e-6 -1.4405574432808112e-6
1.2459373981063413 -1.425920307038678e-6 -3.2648492443667847e-6 8.581868970549149e-6 -7.0287843394161104e-6 2.5078030364393006e-5 6.654318594545136e-6 8.671469309283388e-7 1.0341521928504398e-7 1.4413964862390954e-6 4.1335994936959485e-7 -5.435823845307791e-7 5.765946051185542e-7 -2.4143142158126454e-9 -7.192762148094572e-7 1.1993546763295217e-6 -5.209677765671472e-7 -9.090233723299373e-7 2.603416476298865e-6 -3.5242959844285437e-6 3.5148598151893958e-6 -1.4259203070456996e-6
1.2490996757665098 -1.410579549369723e-6 -3.1114490748481967e-6 8.306843674255352e-6 -6.9558380380324825e-6 2.4161701282299065e-5 6.270523452282884e-6 8.045430745879312e-7 6.134016176030643e-8 1.3657267135261382e-6 4.1154952119433097e-7 -5.055582053819064e-7 5.40823570322286e-7 -9.221913894022168e-9 -6.822099833684652e-7 1.1453719792239898e-6 -5.026449645207526e-7 -8.689692927104589e-7 2.4937310187255324e-6 -3.387358079927124e-6 3.397520785995719e-6 -1.4105795493737329e-6
1.2522619534266781 -1.3945585299986478e-6 -2.962763431432285e-6 8.037884030544189e-6 -6.876456109123793e-6 2.3278029371294303e-5 5.906447784867807e-6 7.461012273740893e-7 2.2555459354313187e-8 1.2931705698157076e-6 4.0873598649541056e-7 -4.6954284212247794e-7 5.071388828168948e-7 -1.5485249206487256e-8 -6.469060311518155e-7 1.093596714928121e-6 -4.847469535852145e-7 -8.30479312975542e-7 2.388145881887697e-6 -3.254485441297302e-6 3.2826346025614635e-6 -1.3945585299993305e-6
1.2554242310868466 -1.3778821180454646e-6 -2.8187232894953973e-6 7.774922806983223e-6 -6.7912200114768365e-6 2.242585952795769e-5 5.5611695763977505e-6 6.915661214988989e-7 -1.3105658396271972e-8 1.2236449763499929e-6 4.050149838086141e-7 -4.3545590723092764e-7 4.754349796194237e-7 -2.123026764535832e-8 -6.132937689479521e-7 1.0439468545755966e-6 -4.6727847142018827e-7 -7.9350411848124e-7 2.286535012932094e-6 -3.125622761265535e-6 3.170215858718479e-6 -1.3778821180427198e-6
1.258586508747015 -1.3605765567674496e-6 -2.6792580203743776e-6 7.517894037868032e-6 -6.7006800617509265e-6 2.16040777281459e-5 5.2338061300279264e-6 6.406972337008516e-7 -4.580399925027876e-8 1.1570667477527705e-6 4.004766233165699e-7 -4.0321903303414884e-7 4.456105178373749e-7 -2.6482117861867538e-8 -5.813044028895375e-7 9.963431306423655e-7 -4.502430114982049e-7 -7.57995284574712e-7 2.1887747765015753e-6 -3.000711793271168e-6 3.060275812801806e-6 -1.3605765567614e-6
1.2617487864071832 -1.3426693291523258e-6 -2.544295525045419e-6 7.2667327236362e-6 -6.605356748374544e-6 2.081160956436707e-5 4.923512566538915e-6 5.932679882659448e-7 -7.569455853496666e-8 1.0933527399503957e-6 3.9520569153928697e-7 -3.7275587727612113e-7 4.175682742579909e-7 -3.126516480023317e-8 -5.508709623378597e-7 9.507089601888884e-7 -4.336429112696149e-7 -7.239053097085316e-7 2.0947439791423515e-6 -2.8796916164695966e-6 2.9528224424478066e-6 -1.3426693291433138e-6
1.2649110640673518 -1.3241890248580598e-6 -2.4137623617875867e-6 7.0213745602148764e-6 -6.505741997795169e-6 2.0047418834276678e-5 4.629480372299758e-6 5.490649985734623e-7 -1.0292666524184139e-7 1.032419990719306e-6 3.8928185335990345e-7 -3.4399212585716053e-7 3.9121504309914277e-7 -3.5603004084436995e-8 -5.219283210670757e-7 9.069703690487566e-7 -4.174794270131999e-7 -6.911876428497565e-7 2.004323890474143e-6 -2.7624988907075133e-6 2.8478605077467657e-6 -1.324189024846629e-6
1.26807334172752 -1.3051652089625939e-6 -2.28758386831995e-6 6.78175569651743e-6 -6.402300394656669e-6 1.9310506178579066e-5 4.350935995266977e-6 5.078873456159253e-7 -1.2764412430461939e-7 9.741858529211609e-7 3.827798511969253e-7 -3.1685549276396914e-7 3.6646153226236053e-7 -3.9518475779911945e-8 -4.9441321218041e-7 8.650559170150452e-7 -4.0175280553237955e-7 -6.597967056697495e-7 1.917398261081958e-6 -2.649068101518928e-6 2.7453916220988906e-6 -1.3051652089494498e-6
1.2712356193876884 -1.2856282929467935e-6 -2.16568427885423e-6 6.547812518376639e-6 -6.295470357432005e-6 1.8599907766668247e-5 4.087139487696817e-6 4.695458919906664e-7 -1.499853553828608e-7 9.185681205018903e-7 3.757697011434289e-7 -2.9127571722456185e-7 3.4322225841283963e-7 -4.303367764014203e-8 -4.6826423717610985e-7 8.248966240753304e-7 -3.864623528440114e-7 -6.296879099733678e-7 1.8338533371062835e-6 -2.5393317952075457e-6 2.6454143301357686e-6 -1.2856282929327698e-6
1.2743978970478569 -1.2656094082959802e-6 -2.04798683646083e-6 6.319481457270509e-6 -6.185665270990444e-6 1.7914694028394784e-5 3.837383194282027e-6 4.338626299074747e-7 -1.7008352844169135e-7 8.65485147344549e-7 3.683168859032748e-7 -2.671845581346673e-7 3.21415441195652e-7 -4.616997793676672e-8 -4.4342186956638815e-7 7.864258977451008e-7 -3.716064999947382e-7 -6.008176707995847e-7 1.753577871526037e-6 -2.433220804096726e-6 2.5479241920821587e-6 -1.2656094082819758e-6
1.2775601747080252 -1.24514028306887e-6 -1.9344139011053315e-6 6.096698822266465e-6 -6.073274577535809e-6 1.7253968430395266e-5 3.600990484457897e-6 4.006700618026549e-7 -1.8806669638729647e-7 8.148559590785253e-7 3.604825443640625e-7 -2.4451578581409827e-7 3.009628968814062e-7 -4.89480279610334e-8 -4.1982845343829404e-7 7.495794615479686e-7 -3.5718286612872116e-7 -5.731434155996031e-7 1.6764631321446549e-6 -2.3306644620443574e-6 2.452913873947174e-6 -1.2451402830557986e-6
1.2807224523681935 -1.2242531217481028e-6 -1.8248870536743911e-6 5.879400653674116e-6 -5.9586648273053645e-6 1.66168662954693e-5 3.3773145276535652e-6 3.6981061219445425e-7 -2.040579249896169e-7 7.666003579586985e-7 3.5232365765643767e-7 -2.2320517116208354e-7 2.817899317187866e-7 -5.138777427439711e-8 -3.974281973308297e-7 7.142952846887621e-7 -3.431883189201405e-7 -5.466235898729515e-7 1.6024029063039407e-6 -2.2315908103347244e-6 2.360373242948133e-6 -1.224253121736824e-6
1.2838847300283618 -1.2029804886534098e-6 -1.71932719627513e-6 5.667522596962441e-6 -5.842180690377035e-6 1.6002553663539762e-5 3.1657371102962898e-6 3.4113606945881104e-7 -2.1817542029749305e-7 7.206390209385991e-7 3.4389323155940836e-7 -2.0319047229042716e-7 2.638252352556265e-7 -5.3508470776634937e-8 -3.761671637884423e-7 6.805135129635927e-7 -3.296190324746078e-7 -5.212176596177429e-7 1.5312935023644814e-6 -2.1359267940743824e-6 2.2702894675857713e-6 -1.2029804886446775e-6
1.2870470076885303 -1.181355195166909e-6 -1.6176546490595374e-6 5.4609997955598304e-6 -5.724145930890148e-6 1.5410226192777006e-5 2.9656674934048415e-6 3.1450705624679463e-7 -2.3053265372751874e-7 6.768935910706545e-7 3.3524047512154373e-7 -1.8441141872189058e-7 2.470007738743292e-7 -5.5328690651025817e-8 -3.5599325493656465e-7 6.481764009479735e-7 -3.1647054279468047e-7 -4.968861109270064e-7 1.4630337480033287e-6 -2.0435984492325313e-6 2.1826471218054138e-6 -1.1813551951613187e-6
1.2902092853486986 -1.1594101909898893e-6 -1.519789243795489e-6 5.259766801215778e-6 -5.604864344943079e-6 1.4839108099513873e-5 2.7765413096374624e-6 2.897925273070031e-7 -2.412384849858342e-7 6.35286762374892e-7 3.2641097537818667e-7 -1.6680969324897972e-7 2.3125168477204843e-7 -5.686633823798344e-8 -3.368561944107729e-7 6.172282455012874e-7 -3.03737800896961e-7 -4.735904470401833e-7 1.3975249853912986e-6 -1.9545310804794306e-6 2.097428292694976e-6 -1.1594101909878371e-6
1.2933715630088671 -1.1371784596218865e-6 -1.4256504143785004e-6 5.063757500663186e-6 -5.484620663391624e-6 1.4288451135624804e-5 2.597819498686546e-6 2.668692935167859e-7 -2.5039728296182e-7 5.95742358324827e-7 3.1744686805530786e-7 -1.5032891155501682e-7 2.165161706005334e-7 -5.813866088088323e-8 -3.187075059570238e-7 5.87615320622625e-7 -2.9141522366094826e-7 -4.512931831364658e-7 1.3346710633223838e-6 -1.8686494299887871e-6 2.0146126911879695e-6 -1.13717845962354e-6
1.2965338406690354 -1.1146929182256312e-6 -1.335157284453681e-6 4.87290505737748e-6 -5.363681420732514e-6 1.3757533602084463e-5 2.42898727993926e-6 2.4562157096598435e-7 -2.581090447142289e-7 5.581854041058787e-7 3.083870041610024e-7 -1.3491459970519415e-7 2.0273539496559717e-7 -5.916226078084165e-8 -3.0150048900656707e-7 5.592858136896169e-7 -2.7949674248335085e-7 -4.299578391351433e-7 1.2743783263772805e-6 -1.7858778373812911e-6 1.9341777652575427e-6 -1.114692918230917e-6
1.299696118329204 -1.091986322015586e-6 -1.2482287522938805e-6 4.687141867284739e-6 -5.2422957912182874e-6 1.3245659397464612e-5 2.269553161348158e-6 2.2594055397566154e-7 -2.644695126534382e-7 5.225421928073681e-7 2.992671123762632e-7 -1.2051416962016935e-7 1.8985337897133159e-7 -5.99531068907117e-8 -2.8519019151535304e-7 5.321897631084594e-7 -2.6797584980579697e-7 -4.0954893074776603e-7 1.2165556012113063e-6 -1.706140390996752e-6 1.8560988151054945e-6 -1.0919863220241873e-6
1.3028583959893723 -1.0690911732832456e-6 -1.1647835730595304e-6 4.506399527325646e-6 -5.1206963933129845e-6 1.2752157100168931e-5 2.1190479834808166e-6 2.0772401097217735e-7 -2.6957029000820086e-7 4.887403457143173e-7 2.9011995716710166e-7 -1.0707689264879581e-7 1.778168989796916e-7 -6.052654687255362e-8 -2.697333803442588e-7 5.062789973995053e-7 -2.568456435785881e-7 -3.900319590069586e-7 1.1611141800645447e-6 -1.6293610706922036e-6 1.7803491098694718e-6 -1.0690911732946244e-6
1.3060206736495406 -1.0460396351492272e-6 -1.0847404385470098e-6 4.3306088158343495e-6 -4.999100063561538e-6 1.2276379083245987e-5 1.97702399774078e-6 1.9087590217402e-7 -2.7349895465134475e-7 4.5670886686963304e-7 2.809754925506378e-7 -9.455387135973621e-8 1.6657538574210575e-7 -6.089731913748966e-8 -2.550885094431247e-7 4.815070757393561e-7 -2.460988697186715e-7 -3.713733984780822e-7 1.10796780159868e-6 -1.555463882371377e-6 1.7069000053904138e-6 -1.0460396351626554e-6
1.3091829513097089 -1.0228634501100348e-6 -1.0080180545150373e-6 4.159699683743083e-6 -4.87770860091142e-6 1.1817700660659204e-5 1.8430539777755726e-6 1.753060180849307e-7 -2.763391713463404e-7 4.2637819208110287e-7 2.7186101145821795e-7 -8.289800967405782e-8 1.5608082504600004e-7 -6.107956498179981e-8 -2.4121568608853004e-7 4.5782922997638544e-7 -2.3572796261586254e-7 -3.535406843420879e-7 1.0570326291708716e-6 -1.4843729844591185e-6 1.6357210626023974e-6 -1.0228634501246402e-6
1.3123452289698774 -9.995938634267445e-7 -9.345352156638856e-7 3.993601255672299e-6 -4.756709482490421e-6 1.1375519263930782e-5 1.7167303631089614e-6 1.60929637822115e-7 -2.781708024652706e-7 3.976802325509117e-7 2.628012906489707e-7 -7.206398146256185e-8 1.4628766000594014e-7 -6.108684082870307e-8 -2.2807663541240553e-7 4.352023081331172e-7 -2.2572508373792595e-7 -3.36502198520716e-7 1.0082272266600483e-6 -1.416012806540611e-6 1.5667801661268595e-6 -9.995938634415657e-7
1.3155075066300457 -9.762615513831389e-7 -8.642108783281884e-7 3.832241840014568e-6 -4.6362765518121514e-6 1.0949253648112784e-5 1.5976644340567333e-6 1.4766720634280585e-7 -2.790700172186389e-7 3.7054841330796954e-7 2.538187311374777e-7 -6.200819773240797e-8 1.3715269511624764e-7 -6.093213058113522e-8 -2.1563466344602453e-7 4.135847194050509e-7 -2.160821583820647e-7 -3.202272549993667e-7 9.614725319653304e-7 -1.3503081603911441e-6 1.5000436426737933e-6 -9.762615513971876e-7
1.318669784290214 -9.528965544223981e-7 -7.969642309325498e-7 3.675548947166442e-6 -4.516570680347866e-6 1.0538343126074345e-5 1.4854855170053887e-6 1.3544402966610526e-7 -2.7910939942822265e-7 3.4491770662561317e-7 2.4493349410924256e-7 -5.2688772527855094e-8 1.2863500216962237e-7 -6.062785808728219e-8 -2.0385461889165174e-7 3.9293638066180883e-7 -2.0679091061784548e-7 -3.0468608448754893e-7 9.166918282997914e-7 -1.2871843436269852e-6 1.435476378872918e-6 -9.528965544347248e-7
1.3218320619503825 -9.295282151540906e-7 -7.327147622484788e-7 3.523449315108156e-6 -4.3977404033732505e-6 1.0142246830128221e-5 1.379840219153954e-6 1.2418998721982488e-7 -2.7835805386616334e-7 3.207246606089344e-7 2.3616363230764817e-7 -4.406548766949749e-8 1.206958281344828e-7 -6.018589971732581e-8 -1.9270285382212205e-7 3.7321866445309833e-7 -1.9784289646443637e-7 -2.898498185427756e-7 8.738107134059439e-7 -1.2265672362117817e-6 1.3730419381791563e-6 -9.295282151638458e-7
1.324994339610551 -9.061851212069059e-7 -6.713823274819356e-7 3.375868941573318e-6 -4.279922530968053e-6 9.760443000053212e-6 1.2803916918381318e-6 1.1383926047416809e-7 -2.7688171117614817e-7 2.9790742313720925e-7 2.275252168856654e-7 -3.609975645532959e-8 1.13298505072274e-7 -5.961759704704984e-8 -1.8214718349698425e-7 3.5439434851825455e-7 -1.89229535343292e-7 -2.756904732702455e-7 8.32757066821255e-7 -1.1683833900559076e-6 1.3127026765172484e-6 -9.061851212133995e-7
1.3281566172707193 -8.828950528873871e-7 -6.128872122131435e-7 3.2327331220940296e-6 -4.163242735017322e-6 9.392428296600494e-6 1.1868189215754432e-6 1.0433007705533892e-7 -2.747428313863101e-7 2.76405761347752e-7 2.1903245972508172e-7 -2.8754586445477195e-8 1.0640836216524513e-7 -5.893376964141703e-8 -1.7215684547244614e-7 3.36427566794867e-7 -1.8094213984605267e-7 -2.621809326981941e-7 7.934610153240742e-7 -1.1125601119483336e-6 1.2544198563519731e-6 -8.82895052890131e-7
1.3313188949308876 -8.596849355905747e-7 -5.571501942032345e-7 3.09396649324607e-6 -4.0478161130352416e-6 9.037717139603886e-6 1.0988160479882965e-6 9.560446956275581e-8 -2.720007060177611e-7 2.5616107684790256e-7 2.106978312351143e-7 -2.1994541450284126e-8 9.999263991470531e-8 -5.8144727929064804e-8 -1.6270245817133387e-7 3.192837619187367e-7 -1.7297194385628427e-7 -2.492949319171541e-7 7.55854896691026e-7 -1.059025540061867e-6 1.198153758891145e-6 -8.596849355893216e-7
1.334481172591056 -8.36580796895488e-7 -5.040926030770503e-7 2.9594930804590517e-6 -3.933747729604863e-6 8.695841069842828e-6 1.0160917077804127e-6 8.760804834333906e-8 -2.687115587878755e-7 2.3711641684196265e-7 2.025321736512218e-7 -1.5785702839041748e-8 9.402040656001086e-8 -5.726028615681782e-8 -1.5375597906857528e-7 3.029296392042333e-7 -1.6531012906302723e-7 -2.3700704006064177e-7 7.198732218978248e-7 -1.0077087142732469e-6 1.1438637941499713e-6 -8.365807968902477e-7
1.3376434502512244 -8.136077282658383e-7 -4.53636377886574e-7 2.8292363497930558e-6 -3.821133136200871e-6 8.366348133836831e-6 9.383684039593836e-7 8.028978750546664e-8 -2.649286449032102e-7 2.192164813594706e-7 1.9454480986333541e-7 -1.0095630283641439e-8 8.84624767591266e-8 -5.628977541172253e-8 -1.45290662637331e-7 2.873331220912327e-7 -1.5794784990346433e-7 -2.2529264319467782e-7 6.85452635895217e-7 -9.585396405392096e-7 1.091508608626261e-6 -8.136077282568812e-7
1.3408057279113927 -7.907898512652874e-7 -4.057041225557528e-7 2.7031192631202995e-6 -3.710058870136939e-6 8.048802290777595e-6 8.653818995157884e-7 7.3601823483522e-8 -2.6070234893337725e-7 2.0240762677056913e-7 1.8674364781105918e-7 -4.8933220482032285e-9 8.329133256276696e-8 -5.5242056696822894e-8 -1.3728101819084905e-7 2.7246330904196003e-7 -1.5087625697181444e-7 -2.141279271745315e-7 6.525318770913501e-7 -9.114493495687167e-7 1.0410461903567852e-6 -7.907898512531282e-7
1.343968005571561 -7.681502881859498e-7 -3.6021915920478366e-7 2.5810643361849314e-6 -3.6006029333545657e-6 7.742782840830917e-6 7.968806347860411e-7 6.749926549167998e-8 -2.560802812540964e-7 1.8663786577324224e-7 1.7913528049106998e-7 -1.4917493210586014e-10 7.848104670581814e-8 -5.412553404583594e-8 -1.2970276774544803e-7 2.5829043186844657e-7 -1.4408651893140223e-7 -2.034898605185387e-7 6.210517356709933e-7 -8.663699500300963e-7 9.924339711456978e-7 -7.681502881713147e-7
1.3471302832317293 -7.45711136979514e-7 -3.171055793497882e-7 2.4629936990477854e-6 -3.492835251746643e-6 7.447883874068425e-6 7.326251677431816e-7 6.194001723257127e-8 -2.511073730451801e-7 1.7185686403578848e-7 1.7172508162951204e-7 4.1650560300269665e-9 7.40072082318394e-8 -5.294816766108134e-8 -1.2253280402068304e-7 2.4478581546891434e-7 -1.3756984296695843e-7 -1.9335617734131146e-7 5.909550108804651e-7 -8.232346765293229e-7 9.456289257764914e-7 -7.457111369632995e-7
1.3502925608918979 -7.23493450371528e-7 -2.76288292972362e-7 2.3488291584551463e-6 -3.386818115685762e-6 7.163713739312431e-6 6.723876364759257e-7 5.688460925273892e-8 -2.4582596982711773e-7 1.580159336763381e-7 1.6451729707910886e-7 8.07629801195768e-9 6.984685045914889e-8 -5.171748705838494e-8 -1.1574914868369481e-7 2.3192183894905857e-7 -1.3131749381438538e-7 -1.837053603816253e-7 5.621864674054986e-7 -7.819779325931063e-7 9.005876680386879e-7 -7.234934503547403e-7
1.3534548385520664 -7.015172190316621e-7 -2.3769307545291348e-7 2.238492261701812e-6 -3.2826066024054926e-6 6.889894532201803e-6 6.159512431327098e-7 5.2296041362476127e-8 -2.4027592351830773e-7 1.4506802375925235e-7 1.5751513200739872e-7 1.1610200887998224e-8 6.597838129009036e-8 -5.044060420228471e-8 -1.0933091093619499e-7 2.1967189810219125e-7 -1.253208114055578e-7 -1.7451662415408018e-7 5.346927909669778e-7 -7.425353288869411e-7 8.572665434203452e-7 -7.015172190153532e-7
1.3566171162122347 -6.798013586657379e-7 -2.0124661236145408e-7 2.1319043615880314e-6 -3.180248980860968e-6 6.62606160181031e-6 5.631097586232662e-7 4.8139634562581974e-8 -2.3449468299374633e-7 1.3296770798607722e-7 1.507208339486759e-7 1.4791177683088607e-8 6.238151585870315e-8 -4.9124226614632984e-8 -1.0325824653408891e-7 2.0801036922028583e-7 -1.195712271661527e-7 -1.6576989824796644e-7 5.084225432569297e-7 -7.048437168944995e-7 8.156217183365393e-7 -6.798013586509379e-7
1.359779393872403 -6.583637008889949e-7 -1.6687654209985632e-7 2.028986682099099e-6 -3.0797870996748193e-6 6.3718630751705974e-6 5.136670473861009e-7 4.4382891944885525e-8 -2.285173831250843e-7 1.2167116975625021e-7 1.4413577179796444e-7 1.7642444894821632e-8 5.903721150607464e-8 -4.7774670439584745e-8 -9.751231732188703e-8 1.9691257420626653e-7 -1.1406027900496991e-7 -1.5744581079185843e-7 4.833261163343362e-7 -6.688412182805247e-7 7.756092657827888e-7 -6.583637008766417e-7
1.3629416715325713 -6.372209877347458e-7 -1.3451149639057447e-7 1.9296603844631e-6 -2.981256758754662e-6 6.126959399079276e-6 4.6743661154582e-7 4.0995368057070144e-8 -2.2237693228144266e-7 1.1113618477004982e-7 1.3776051083069922e-7 2.0186062606152503e-8 5.59276050671758e-8 -4.639787344807268e-8 -9.207525135637857e-8 1.8635474695641768e-7 -1.0877962503375111e-7 -1.4952567209799723e-7 4.593556865971022e-7 -6.344672501545674e-7 7.371852473205353e-7 -6.372209877256275e-7
1.3661039491927398 -6.163888696476894e-7 -1.0408113860784548e-7 1.833846633269012e-6 -2.8846880651488066e-6 5.891022898578317e-6 4.2424115379955076e-7 3.794854624531082e-8 -2.1610409827007516e-7 1.0132210134333403e-7 1.3159488383662647e-7 2.2442974312329926e-8 5.303595244793397e-8 -4.4999407965029466e-8 -8.693010368676213e-8 1.763140009804205e-7 -1.0372105605706364e-7 -1.4199145849672912e-7 4.364651684430404e-7 -6.016625464480838e-7 7.003057913194647e-7 -6.163888696423859e-7
1.369266226852908 -5.958819068072013e-7 -7.551619994919777e-8 1.7414666623519023e-6 -2.790105773688678e-6 5.663737351529392e-6 3.839121583870824e-7 3.521572351062804e-8 -2.0972759269601935e-7 9.218981860044373e-8 1.2563805846089607e-7 2.443304639041476e-8 5.0346570466673315e-8 -4.358449370295566e-8 -8.206081785147634e-8 1.667682982254193e-7 -9.887650687236593e-8 -1.3482579636790762e-7 4.146101677291266e-7 -5.703691756119494e-7 6.649271673984611e-7 -5.958819068060487e-7
1.3724285045130764 -5.757135736225744e-7 -4.874851344671035e-8 1.6524418401762536e-6 -2.697529612948432e-6 5.444797578715208e-6 3.4628948951430063e-7 3.27719024365945e-8 -2.0327415372005437e-7 8.370176270823475e-8 1.198886008492694e-7 2.617510714458311e-8 4.7844780929851804e-8 -4.2158010485839294e-8 -7.745218814537263e-8 1.576964190695696e-7 -9.423806642096425e-8 -1.2801194637333296e-7 3.9374793513410847e-7 -5.405305548359021e-7 6.310058570234004e-7 -5.757135736256407e-7
1.3755907821732447 -5.558962662394798e-7 -2.3711045819998115e-8 1.566693734471147e-6 -2.6069745970351593e-6 5.2339090489223475e-6 3.112210066146488e-7 3.0593689767110736e-8 -1.9676862719485276e-7 7.58218613106643e-8 1.143445356979103e-7 2.7686985365238903e-8 4.5516856908184806e-8 -4.0724510847933567e-8 -7.30898227045558e-8 1.4907793344973882e-7 -8.979798683107811e-8 -1.215337878919338e-7 3.7383731952571887e-7 -5.1209146098575e-7 5.984986202356534e-7 -5.558962662465548e-7
1.3787530598334135 -5.364413128949077e-7 -3.379271748609676e-10 1.484144175892732e-6 -2.518451323706498e-6 5.030787498476948e-6 2.78562195848037e-7 2.865920123349289e-8 -1.902340461597725e-7 6.851551631951343e-8 1.0900340281132422e-7 2.8985548344749286e-8 4.3349971175833493e-8 -3.9288232492488966e-8 -6.896010745026707e-8 1.4089317308741468e-7 -8.554869139474546e-8 -1.15375803657379e-7 3.54838721429112e-7 -4.84998038448011e-7 5.673625585002689e-7 -5.364413129055175e-7
1.3819153374935818 -5.173589869563875e-7 2.1435521445559408e-8 1.4047153205102107e-6 -2.4319662592964762e-6 4.8351585647218854e-6 2.481758172515045e-7 2.6947972249869963e-8 -1.8369170867567368e-7 6.174957521293204e-8 1.0386231027465228e-7 3.0086739297342846e-8 4.133214677224227e-8 -3.7853110596170075e-8 -6.505017092751538e-8 1.331232047764826e-7 -8.148278152075035e-8 -1.0952306459624264e-7 3.3671404668891764e-7 -4.5919780406577037e-7 5.375551736770166e-7 -5.17358986969822e-7
1.38507761515375 -4.98658522480456e-7 4.1672762647841525e-8 1.328329710931165e-6 -2.3475220109150166e-6 4.646757432941215e-6 2.1993156697043916e-7 2.5440874115232224e-8 -1.7716125398207485e-7 5.5492300989317914e-8 9.89179843487705e-8 3.100561413535223e-8 3.9452209643488414e-8 -3.642278994559601e-8 -6.134785006882778e-8 1.2574980469618797e-7 -7.759304270614076e-8 -1.0396121486357278e-7 3.1942666041251257e-7 -4.3463964934308405e-7 5.090344231310381e-7 -4.986585224958134e-7
1.3882398928139184 -4.803481321250774e-7 6.043601940127179e-8 1.2549103359009948e-6 -2.2651175863718417e-6 4.4653284962536045e-6 1.9370575401387205e-7 2.412003537897415e-8 -1.7066073696016051e-7 4.9713340919814093e-8 9.416681619845053e-8 3.1756377558544346e-8 3.76997433176198e-8 -3.500063689319447e-8 -5.784165690842675e-8 1.1875543371253104e-7 -7.387244956922966e-8 -9.867645707180648e-8 3.029413412775234e-7 -4.1127384008927463e-7 4.817587710126909e-7 -4.803481321413198e-7
1.3914021704740869 -4.6243502725091807e-7 7.778625386176351e-8 1.1843806882288578e-6 -2.1847486422610717e-6 4.290625028011941e-6 1.693809909916289e-7 2.296876804485824e-8 -1.6420670088640577e-7 4.4383694238275514e-8 8.960490556524245e-8 3.235241841771901e-8 3.6065045566357215e-8 -3.358975112031805e-8 -5.452074626741296e-8 1.1212321363134652e-7 -7.031416998721691e-8 -9.365553770829712e-8 2.8722423628172667e-7 -3.8905201366790915e-7 4.556872357480954e-7 -4.624350272669417e-7
1.3945644481342552 -4.4492544004721306e-7 9.378314828863212e-8 1.1166648209093616e-6 -2.106407720629137e-6 4.122408866261196e-6 1.4684589830557504e-7 2.197149830565794e-8 -1.5781424846296662e-7 3.947567890300005e-8 8.522810149775634e-8 3.280634431807116e-8 3.453908700378776e-8 -3.219297719641019e-8 -5.137488442605788e-8 1.0583690436643444e-7 -6.691156838171477e-8 -8.888573273636641e-8 2.722428160086348e-7 -3.6792717400904394e-7 4.307794337931883e-7 -4.4492544006191496e-7
1.3977267257944235 -4.2782464751911954e-7 1.0848508803329436e-7 1.0516874013251782e-6 -2.0300844746352773e-6 3.960450109821528e-6 1.2599482128135864e-7 2.111370151756953e-8 -1.5149711111248518e-7 3.496289755990775e-8 8.103204025264132e-8 3.313001543199267e-8 3.311347157113701e-8 -3.0812915923810656e-8 -4.839441879512754e-8 9.988088198643723e-8 -6.365820819554125e-8 -8.435483337456958e-8 2.5796583047720114e-7 -3.4785368453706606e-7 4.0699561971448375e-7 -4.278246475314735e-7
1.4008890034545918 -4.111369971752609e-7 1.2194914657596533e-7 9.893737634310445e-7 -1.955765883601224e-6 3.80452682557745e-6 1.0672755974120637e-7 2.038184113963224e-8 -1.45267716526524e-7 3.082020283206001e-8 7.701218047984395e-8 3.333457749502088e-8 3.1780398855524444e-8 -2.9451935458645064e-8 -4.5570248594258824e-8 9.424011760453947e-8 -6.05478536041255e-8 -8.005113204895679e-8 2.4436326563913817e-7 -3.28787259160117e-7 3.842967226693895e-7 -4.1113699718438205e-7
1.4040512811147605 -3.9486593425620736e-7 1.342310725835002e-7 9.296499578335497e-7 -1.8834364578341083e-6 3.654424766567257e-6 8.894910953238407e-8 1.9763311379019917e-8 -1.3913725445849627e-7 2.7023662055600095e-8 7.316383580561414e-8 3.343049396250996e-8 3.053262818958411e-8 -2.811218219908845e-8 -4.289379654175472e-8 8.890015707555991e-8 -5.7574470504724905e-8 -7.596340851326157e-8 2.314063005824063e-7 -3.1068495146105055e-7 3.6264437936777924e-7 -3.948659342614118e-7
1.4072135587749288 -3.790140303472503e-7 1.4538527895865329e-7 8.724427996947368e-7 -1.8130784335949298e-6 3.5099371004807377e-6 7.256941553975748e-8 1.924638329804429e-8 -1.3311574075366548e-7 2.3550521577264967e-8 6.948220492634145e-8 3.34275773083286e-8 2.936344447811588e-8 -2.679559143313064e-8 -4.03569815567827e-8 8.384710146564184e-8 -5.473222682644859e-8 -7.208091613231573e-8 2.190672654945626e-7 -2.935051422236656e-7 3.4200096360461155e-7 -3.790140303481008e-7
1.4103758364350971 -3.635830132217088e-7 1.554648338482161e-7 8.176799143999826e-7 -1.7446719585732195e-6 3.370864148184905e-6 5.7503135724760805e-8 1.8820154153155457e-8 -1.2721207961056584e-7 2.0379170723655986e-8 6.596239932555143e-8 3.3335019450405974e-8 2.8266625697407417e-8 -2.550389773882443e-8 -3.795219247181235e-8 7.906758826042439e-8 -5.201549220376353e-8 -6.839336832445755e-8 2.073196004347526e-7 -2.772075254220624e-7 3.223296124605475e-7 -3.6358301321804476e-7
1.4135381140952654 -3.4857379776434285e-7 1.6452145357470566e-7 7.652897809427434e-7 -1.678195268217593e-6 3.2370131319109365e-6 4.3669415746719526e-8 1.8474499750037137e-8 -1.2143412406999163e-7 1.748910554743688e-8 6.259946872536365e-8 3.3161421291337406e-8 2.7236412012528132e-8 -2.423864513082364e-8 -3.567226275023608e-8 7.454877327839148e-8 -4.941883705572335e-8 -6.489092515924868e-8 1.9613781495836714e-7 -2.617530927951881e-7 3.0359424927422505e-7 -3.485737977562939e-7
1.416700391755434 -3.3398651782800584e-7 1.7260549745371294e-7 7.152017729894952e-7 -1.613624853260984e-6 3.108197932746735e-6 3.099167373597209e-8 1.820002961220334e-8 -1.1578873472957157e-7 1.4860892450569247e-8 5.938842438241888e-8 3.291482136544009e-8 2.626747645780151e-8 -2.300119694783545e-8 -3.3510446201436826e-8 7.027831325692778e-8 -4.693703111266014e-8 -6.156418010747751e-8 1.8549744863360735e-7 -2.471041171227886e-7 2.85759603495386e-7 -3.339865178159835e-7
1.4198626694156022 -3.198205588806294e-7 1.7976596445638267e-7 6.673461975989565e-7 -1.5509356187691744e-6 2.9842388570915875e-6 1.9397394801702015e-8 1.7988044773165473e-8 -1.1028183668379026e-7 1.24761317796351e-8 5.632426033669109e-8 3.26027235866698e-8 2.5354897125685377e-8 -2.179274547641843e-8 -3.146039368312335e-8 6.624434907955625e-8 -4.4565041431453826e-8 -5.840414694111259e-8 1.7537503248456598e-7 -2.3322413431361756e-7 2.6879122753318703e-7 -3.198205588653033e-7
1.4230249470757705 -3.0607459130381136e-7 1.860504916741451e-7 6.216543315790829e-7 -1.490101035030914e-6 2.864962411740088e-6 8.81793487054546e-9 1.7830498014428867e-8 -1.0491847469123364e-7 1.0317421483207553e-8 5.340197271981649e-8 3.223212409463697e-8 2.4494130809516123e-8 -2.0614321307327063e-8 -2.951613077851615e-8 6.243548961380407e-8 -4.2298029939786687e-8 -5.540224678160343e-8 1.6574805139087077e-7 -2.2007792441123961e-7 2.526555107182787e-7 -3.060745912860679e-7
1.4261872247359388 -2.927466042087352e-7 1.9150535454048167e-7 5.780584554745467e-7 -1.4310932805985816e-6 2.7502010872743736e-6 -8.116665347630435e-10 1.7719956383149827e-8 -9.970286657272646e-8 8.368320916160645e-9 5.061657722752808e-8 3.180953719862298e-8 2.368098804593333e-8 -1.94668024213695e-8 -2.7672036433938628e-8 5.884079613018585e-8 -4.013135054899623e-8 -5.2550295295711096e-8 1.5659490746952914e-7 -2.0763149161765197e-7 2.3731969050076148e-7 -2.927466041896202e-7
1.4293495023961071 -2.798339396398446e-7 1.9617546876236456e-7 5.364918851857642e-7 -1.3738833777785974e-6 2.6397931494534554e-6 -9.552864954638874e-9 1.7649565834372646e-8 -9.463845484593336e-8 6.613314870769712e-9 4.7963124858556087e-8 3.1341020421964136e-8 2.2911609503298796e-8 -1.8350923002473437e-8 -2.5922822540532953e-8 5.544976727386526e-8 -3.806054587425738e-8 -4.9840490038791176e-8 1.4789488446024583e-7 -1.958520434298766e-7 2.227518610091011e-7 -2.798339396204983e-7
1.4325117800562759 -2.673333270415554e-7 2.0010439391197086e-7 4.968890012282559e-7 -1.3184413208619116e-6 2.533582438299297e-6 -1.7463781454859915e-8 1.7613017853267135e-8 -8.972795660390027e-8 5.037777909412815e-9 4.543671601994544e-8 3.0832198651485556e-8 2.2182443663049158e-8 -1.726728197634923e-8 -2.4263514442178064e-8 5.2252324561648186e-8 -3.608134359985148e-8 -4.726539794623602e-8 1.396281131313769e-7 -1.8470796897982792e-7 2.089209790972348e-7 -2.673333270231377e-7
1.4356740577164442 -2.552409178683957e-7 2.0333433862743192e-7 4.5918527564838713e-7 -1.264736197376027e-6 2.4314181745892573e-6 -2.4599365244332958e-8 1.7604517922827556e-8 -8.497341164690726e-8 3.6279390687227624e-9 4.3032513096163445e-8 3.0288287398779176e-8 2.1490225741658913e-8 -1.621635127382772e-8 -2.2689432350215484e-8 4.9238798378127535e-8 -3.418965252625021e-8 -4.481794297452237e-8 1.317755377196288e-7 -1.7416881666314003e-7 1.9579686800875624e-7 -2.5524091785201206e-7
1.4388363353766125 -2.435523202241391e-7 2.059061673696187e-7 4.233172966181032e-7 -1.212736302631354e-6 2.3331547734740413e-6 -3.1011548788597946e-8 1.761875571197832e-8 -8.037622887885149e-8 2.3708470001142554e-9 4.074575157665274e-8 2.9714115182094085e-8 2.083195780173022e-8 -1.5198483818574113e-8 -2.1196173644295938e-8 4.6399914445904254e-8 -3.2381558334618986e-8 -4.249139389401485e-8 1.2431888341272108e-7 -1.642052711381273e-7 1.8335021878804156e-7 -2.4355232021076777e-7
1.4419986130367808 -2.322626334209135e-7 2.0785940868043933e-7 3.8922279073735827e-7 -1.1624092478266464e-6 2.2386516649503945e-6 -3.6749395747064356e-8 1.765087686803268e-8 -7.593723098127343e-8 1.2543356067494473e-9 3.857174983364181e-8 2.911414503939072e-8 2.020489000164715e-8 -1.4213921239502992e-8 -1.9779596037530855e-8 4.372678074602295e-8 -3.0653319103178224e-8 -4.027935223637642e-8 1.1724062488060895e-7 -1.547891297717726e-7 1.7155258956859574e-7 -2.3226263341134285e-7
1.4451608906969493 -2.213664823546704e-7 2.0923226488668368e-7 3.5684064307853754e-7 -1.1137220619699212e-6 2.1477731209262084e-6 -4.185924205005581e-8 1.7696456305968998e-8 -7.165669737990777e-8 2.669902322450111e-10 3.650591763906468e-8 2.849249518474345e-8 1.9606502934257768e-8 -1.3262801308789848e-8 -1.843580158314355e-8 4.121087486589008e-8 -2.9001360608610313e-8 -3.8175740400040916e-8 1.1052395585726297e-7 -1.4589327860558178e-7 1.6037640286877497e-7 -2.2136648234944559e-7
1.4483231683571176 -2.108580515990169e-7 2.1006162319222915e-7 3.2611091501215655e-7 -1.0666412878636477e-6 2.0603880886257784e-6 -4.6384830419962674e-8 1.7751472895030185e-8 -6.753440552045695e-8 -6.018855482839289e-10 3.4543763506411626e-8 2.7852958821762167e-8 1.903449100610583e-8 -1.2345165106922475e-8 -1.7161121498995493e-8 3.884403175313242e-8 -2.7422271444433154e-8 -3.617478991779802e-8 1.0415275977169829e-7 -1.3749166791015872e-7 1.497949410244022e-7 -2.1085805159840355e-7
1.451485446017286 -2.0073111912497866e-7 2.103830681003294e-7 2.969748598576881e-7 -1.0211330723953376e-6 1.9763700300904904e-6 -5.0367438629321615e-8 1.7812285450709264e-8 -6.356967047201839e-8 -1.3623024888212325e-9 3.2680900940204257e-8 2.7199023129013353e-8 1.8486746809898838e-8 -1.1460963916740148e-8 -1.5952101785656025e-8 3.6618431855008834e-8 -2.5912797986904275e-8 -3.427102989104509e-8 9.811158142378587e-8 -1.295592873936589e-7 1.3978233988664967e-7 -2.0073111912894344e-7
1.4546477236774542 -1.909790895599769e-7 2.1023089510677278e-7 2.693749364075818e-7 -9.771632513672529e-7 1.895596767540071e-6 -5.384600177732712e-8 1.7875609947326868e-8 -5.97613828782879e-8 -2.0236175431551285e-9 3.091305367262736e-8 2.6533887433623706e-8 1.7961346444068423e-8 -1.0610065848895506e-8 -1.4805489613129603e-8 3.4526589624139423e-8 -2.4469839237661002e-8 -3.245927559572452e-8 9.238559969739683e-8 -1.2207214112573542e-7 1.3031358091200034e-7 -1.9097908956819003e-7
1.457810001337623 -1.8159502690494665e-7 2.0963812560393255e-7 2.4325482037616487e-7 -9.346974290918179e-7 1.8179503343666986e-6 -5.685722885528172e-8 1.793849787307341e-8 -5.610804527831542e-8 -2.5945650085269758e-9 2.9236059963627966e-8 2.5860480590273248e-8 1.745653573454343e-8 -9.792262201609548e-9 -1.371822045090555e-8 3.256134237244984e-8 -2.3090441570889e-8 -3.073461726533948e-8 8.696060130067543e-8 -1.1500722223514925e-7 1.2136448176909654e-7 -1.8159502691679942e-7
1.4609722789977913 -1.7257168663425853e-7 2.0863652293513028e-7 2.1855941382833468e-7 -8.937010529722691e-7 1.7433168315433344e-6 -5.943571386068038e-8 1.799831565566565e-8 -5.260780682017081e-8 -3.0832869092978623e-9 2.7645876037557012e-8 2.5181477583715033e-8 1.6970717315106986e-8 -9.007273558007376e-9 -1.2687405915675275e-8 3.071583945634523e-8 -2.177179341138174e-8 -2.909240905676346e-8 8.182295552062491e-8 -1.0834248743603967e-7 1.1291168558489577e-7 -1.725716866489011e-7
1.4641345566579596 -1.6390154710873683e-7 2.0725660953826493e-7 1.952348526459303e-7 -8.541394832812284e-7 1.6715862892346935e-6 -6.161404170910603e-8 1.8052725092600485e-8 -4.9258496392411766e-8 -3.4973625918179674e-9 2.6138578726176355e-8 2.4499315373724884e-8 1.6502438524031122e-8 -8.2547556246983e-9 -1.1710322310835421e-8 2.898353177721045e-8 -2.0511219868396052e-8 -2.752825820480377e-8 7.695958997683334e-8 -1.0205683143474667e-7 1.0493264894980762e-7 -1.639015471251333e-7
1.4672968343181279 -1.5557684023777172e-7 2.0552768511736156e-7 1.7322851209213005e-7 -8.15978058343478e-7 1.6026525334077085e-6 -6.342288918284802e-8 1.80996647254607e-8 -4.6057654199718236e-8 -3.84383750566328e-9 2.4710367384601532e-8 2.381620800207299e-8 1.605038007599679e-8 -7.534304815616026e-9 -1.0784399831786883e-8 2.7358161582395172e-8 -1.9306177348751725e-8 -2.603801437164571e-8 7.235796735696372e-8 -9.61300612661871e-8 9.740562879844815e-8 -1.555768402547638e-7
1.4704591119782964 -1.475895813320528e-7 2.0347784578052473e-7 1.5248901053635986e-7 -7.791821553223701e-7 1.5364130572452485e-6 -6.489112114515681e-8 1.813733210279043e-8 -4.300256181043299e-8 -4.129251150222178e-9 2.3357565143513924e-8 2.313416098164587e-8 1.5613345469660575e-8 -6.845463585446356e-9 -9.90721241100592e-9 2.5833752552873653e-8 -1.81542481711422e-8 -2.4617759197417177e-8 6.800606311462447e-8 -9.054287060600945e-8 9.03096682792694e-8 -1.4758958134843505e-7
1.4736213896384647 -1.3993159809403994e-7 2.0113400408279604e-7 1.329662114040735e-7 -7.437172468034124e-7 1.4727688971745289e-6 -6.604588223929981e-8 1.8164166880768552e-8 -4.009027070510838e-8 -4.359664169310881e-9 2.20766195577659e-8 2.2454984988300268e-8 1.5190251092569593e-8 -6.187725517259931e-9 -9.076468176932773e-9 2.4404600164752104e-8 -1.70531352021583e-8 -2.3263796058130968e-8 6.389234410845879e-8 -8.52768141020978e-8 8.362458172274092e-8 -1.3993159810863686e-7
1.476783667298633 -1.325945586986664e-7 1.9852190991250666e-7 1.1461122341715737e-7 -7.095489533620424e-7 1.4116245133283846e-6 -6.691268428215967e-8 1.8178834715259886e-8 -3.731762935637869e-8 -4.540684580007401e-9 2.0864102708319887e-8 2.1780308876384726e-8 1.4780116986497702e-8 -5.560540169229656e-9 -8.290000500862493e-9 2.306526231276039e-8 -1.6000656533053323e-8 -2.1972640037243333e-8 6.000574815965012e-8 -8.031428176653468e-8 7.733093881389526e-8 -1.3259455871040705e-7
1.4799459449588013 -1.2556999892218396e-7 1.9566617216001613e-7 9.737639919208096e-8 -6.766430922968997e-7 1.3528876742649112e-6 -6.751548955292178e-8 1.81802119028536e-8 -3.46813088716768e-8 -4.677493125274405e-9 1.9716710811339456e-8 2.111159203911074e-8 1.4382058237621105e-8 -4.963317685532976e-9 -7.545759606240538e-9 2.1810550184771716e-8 -1.4994740214826706e-8 -2.0741008116943486e-8 5.633566450364108e-8 -7.5638473466701e-8 7.141004807105863e-8 -1.2556999893017288e-7
1.48310822261897 -1.1884934828223499e-7 1.925902811080869e-7 8.12153322636514e-8 -6.449657227038943e-7 1.2964693457771803e-6 -6.787679016850591e-8 1.816737073217687e-8 -3.217782723139443e-8 -4.774867743145356e-9 1.8631263385167716e-8 2.045013613512595e-8 1.3995276957311011e-8 -4.395433176752291e-9 -6.841804715055613e-9 2.0635519377274896e-8 -1.403341906776295e-8 -1.956580959514756e-8 5.287191511059579e-8 -7.123337355197453e-8 6.584393972835363e-8 -1.1884934828580911e-7
1.4862705002791383 -1.1242395515738467e-7 1.893166314836824e-7 6.608285260306429e-8 -6.144831870606972e-7 1.242283583631689e-6 -6.801768372878771e-8 1.813956551018066e-8 -2.9803572156110206e-8 -4.837207148297966e-9 1.7604702022917666e-8 1.979709620273349e-8 1.3619054820660934e-8 -3.856230875263074e-9 -6.176296706361394e-9 1.953546124254468e-8 -1.311482558014188e-8 -1.8444136733925534e-8 4.9604736848093924e-8 -6.708372565029912e-8 6.061534811526248e-8 -1.1242395515615719e-7
1.4894327779393066 -1.0628511085929276e-7 1.858665461116176e-7 5.193502069919467e-8 -5.851621494856302e-7 1.1902474300802286e-6 -6.795794540633542e-8 1.809621923118081e-8 -2.755482263742848e-8 -4.868553524712572e-9 1.663408881545886e-8 1.91534911832047e-8 1.325274613119659e-8 -3.3450280712462327e-9 -5.547491262367759e-9 1.8505894459050918e-8 -1.223718690945156e-8 -1.737325564482223e-8 4.652476445863628e-8 -6.317500766684219e-8 5.570769362206693e-8 -1.0628511085317955e-7
1.492595055599475 -1.0042407263555277e-7 1.8226030011122124e-7 3.87291202724057e-8 -5.569696308296806e-7 1.1402808139961591e-6 -6.771609664732524e-8 1.8036910859268337e-8 -2.5427769167828647e-8 -4.872614330840548e-9 1.5716604466711902e-8 1.852021387458548e-8 1.289577138152867e-8 -2.8611188351001737e-9 -4.953732478000736e-9 1.754255681738261e-8 -1.1398819998068066e-8 -1.635059741619542e-8 4.362301432382891e-8 -5.9493407015017665e-8 5.110506433548242e-8 -1.004240726247789e-7
1.4957573332596434 -9.483208558587858e-8 1.7851714557804782e-7 2.6423649689985385e-8 -5.298730407547421e-7 1.092306454492033e-6 -6.730947064256099e-8 1.7961363197255135e-8 -2.3418532705671393e-8 -4.8527832212440976e-9 1.4849546140385753e-8 1.789804033727126e-8 1.2547611281004013e-8 -2.4037775321315014e-9 -4.393446910321079e-9 1.664139721465975e-8 -1.059812681404991e-8 -1.5373749487319973e-8 4.0890868986543565e-8 -5.602579610824596e-8 4.6792197424204496e-8 -9.483208557096503e-8
1.4989196109198117 -8.950040347882077e-8 1.7465533669363777e-7 1.4978312152155073e-8 -5.038402069463129e-7 1.0462497678811976e-6 -6.675427472003591e-8 1.78694313176503e-8 -2.1523182412191185e-8 -4.81216009106312e-9 1.4030325074595952e-8 1.7287638772448834e-8 1.2207801222677911e-8 -1.9722621354922925e-9 -3.8651380447424445e-9 1.5798567851056584e-8 -9.833589726403458e-9 -1.4440447273579693e-8 3.8320062401951427e-8 -5.275970813903865e-8 4.2754460349489375e-8 -8.950040346055215e-8
1.50208188857998 -8.4420308460524e-8 1.7069215520736657e-7 4.35400471717644e-9 -4.788394016034829e-7 1.0020387778516946e-6 -6.606564980327458e-8 1.776109153322697e-8 -1.973775219787581e-8 -4.753570251874858e-9 1.325646399819011e-8 1.668957789427631e-8 1.1875926163180531e-8 -1.5658173433964375e-9 -3.3673811555639038e-9 1.501041662266675e-8 -9.103767022934608e-9 -1.354856604661788e-8 3.590266588805527e-8 -4.9683313170277134e-8 3.8977831971240544e-8 -8.442030843989972e-8
1.5052441662401483 -7.958312965118028e-8 1.666439362355943e-7 -5.4871937665629305e-9 -4.548393653444016e-7 9.59604028726234e-7 -6.525772707279322e-8 1.763643088662654e-8 -1.8058256116138498e-8 -4.679582749569415e-9 1.252559438011041e-8 1.6104334816395505e-8 1.155161589026514e-8 -1.1836775067031849e-9 -2.8988185389375533e-9 1.4273479705492098e-8 -8.407288577608924e-9 -1.2696113072815169e-8 3.363107474623668e-8 -4.678539456188459e-8 3.5448883615495546e-8 -7.95831296293515e-8
1.5084064439003166 -7.498026062878604e-8 1.625260943245437e-7 -1.4582035754319099e-8 -4.318093286602742e-7 9.188785016871687e-7 -6.434368196136219e-8 1.7495637140088946e-8 -1.648070264259331e-8 -4.5925278367575806e-9 1.1835453540702154e-8 1.5532302473048677e-8 1.1234540654016052e-8 -8.250693729786718e-10 -2.4581550970330233e-9 1.358447432586413e-8 -7.742851673186665e-9 -1.1881220012956662e-8 3.149799552233789e-8 -4.405532575451254e-8 3.215476016460398e-8 -7.498026060698225e-8
1.5115687215604854 -7.060317580356659e-8 1.5835314972464137e-7 -2.2966119058356835e-8 -4.097190310464317e-7 8.797975338506041e-7 -6.333578560739407e-8 1.7338989247889344e-8 -1.500110787855803e-8 -4.494513613954708e-9 1.1183881651571879e-8 1.4973796594722307e-8 1.0924407138855487e-8 -4.892146531697032e-10 -2.044154252814554e-9 1.2940291713066111e-8 -7.109216983805823e-9 -1.1102135585391505e-8 2.9496433878933688e-8 -4.148304743030937e-8 2.908316122686794e-8 -7.06031757830179e-8
1.5147309992206537 -6.644344569000587e-8 1.5413875482547814e-7 -3.067390179570176e-8 -3.885387379342899e-7 8.422987400785765e-7 -6.224545388468618e-8 1.7166848295348095e-8 -1.3615507717653342e-8 -4.387441855366385e-9 1.0568818648390167e-8 1.4429062257842647e-8 1.0620954754611321e-8 -1.7533241701924092e-10 -1.6556341755267005e-9 1.2337990230361689e-8 -6.505204721140179e-9 -1.0357218494443262e-8 2.7619683049701815e-8 -3.90590450693759e-8 2.6222322437967466e-8 -6.644344567186442e-8
1.517893276880822 -6.249275108676811e-8 1.4989572070191852e-7 -3.773871816622458e-8 -3.682392555434814e-7 8.063219374230941e-7 -6.108329412091508e-8 1.6979648889423896e-8 -1.231996901450279e-8 -4.273023036518802e-9 9.988301078924629e-9 1.3898280027638872e-8 1.0323952226004552e-8 1.173586766613878e-10 -1.2914642976723714e-9 1.1774788681013742e-8 -5.929690946763062e-9 -9.644930625241435e-9 2.586131284715947e-8 -3.677432691905304e-8 2.356099694210595e-8 -6.249275107203437e-8
1.5210555545409903 -5.874289617796223e-8 1.4563604372348524e-7 -4.419279499824509e-8 -3.4879194376915287e-7 7.7180907210031e-7 -5.985914961169071e-8 1.677789098688126e-8 -1.1110599794610286e-8 -4.152790582252976e-9 9.440458906591729e-9 1.3381571712835973e-8 1.0033194460972956e-8 3.896383087721167e-10 -9.50562104976439e-10 1.1248059786233547e-8 -5.381604052418035e-9 -8.963830505568298e-9 2.421515919548785e-8 -3.462040239181289e-8 2.10884370965557e-8 -5.8742896167420627e-8
1.5242178322011588 -5.5185820572147215e-8 1.4137093218064078e-7 -5.0067269000252585e-8 -3.3016872721499537e-7 7.38704148897633e-7 -5.858214203168971e-8 1.6562132146880025e-8 -9.983558544465461e-9 -4.028114354726798e-9 8.923512287911814e-9 1.2879005750383552e-8 9.748499679274084e-9 6.422825817092997e-10 -6.318901815345274e-10 1.0755323832299103e-8 -4.8599214090093335e-9 -8.312567034726265e-9 2.2675314160720482e-8 -3.25892609061686e-8 1.8794376439114612e-8 -5.518582056631581e-8
1.527380109861327 -5.181361029822159e-8 1.3711083288323642e-7 -5.539220465874179e-8 -3.123421044784399e-7 7.069531629207187e-7 -5.72607118392884e-8 1.633298019555308e-8 -8.935062620832352e-9 -3.900213402058665e-9 8.43576834045915e-9 1.2390602237939415e-8 9.469706783798821e-9 8.760622481566144e-10 -3.3445349306546766e-10 1.0294242484358333e-8 -4.363666184309145e-9 -7.689873478838548e-9 2.123611645120059e-8 -3.067335118369642e-8 1.6669011953954994e-8 -5.181361029731826e-8
1.5305423875214954 -4.8618507779869453e-8 1.3286545768802907e-7 -6.019661272375473e-8 -2.952851557903784e-7 6.765040335914301e-7 -5.5902656766302645e-8 1.6091086290756986e-8 -7.961395817990521e-9 -3.770167989093448e-9 7.975617916198323e-9 1.1916337631329663e-8 9.196672957982642e-9 1.0917410809472515e-9 -5.7296891904322016e-11 9.862612764663755e-9 -3.891904328602497e-9 -7.094561731417864e-9 1.989214236191758e-8 -2.8865561013995533e-8 1.4702986667452463e-8 -4.861850778379711e-8
1.5337046651816637 -4.559292081258014e-8 1.2864380991388412e-7 -6.450846922526188e-8 -2.7897154910772684e-7 6.473065408118654e-7 -5.4515168479850586e-8 1.5837138375685657e-8 -7.058915131448815e-9 -3.638930932493742e-9 7.541532393509531e-9 1.145614912369937e-8 8.929271473621118e-9 1.2900743781305095e-9 2.0049717190929947e-10 9.458361193190413e-9 -3.4437417267921675e-9 -6.525516837457723e-9 1.863819713710828e-8 -2.715919749816377e-8 1.2887372601830558e-8 -4.5592920820932154e-8
1.5368669428418325 -4.272943056936449e-8 1.2445421060497224e-7 -6.835473496522023e-8 -2.633755447533127e-7 6.19312263213216e-7 -5.310486749898315e-8 1.557185501045726e-8 -6.224056756316553e-9 -3.507338262953965e-9 7.1320604997033946e-9 1.100993872255084e-8 8.667389694276105e-9 1.471807597460532e-9 4.398107483780665e-10 9.079538088755506e-9 -3.0183215148205235e-9 -5.981691778736802e-9 1.746930672633683e-8 -2.554796778014389e-8 1.1213654110856738e-8 -4.27294305814499e-8
1.5400292205020008 -4.002079866323235e-8 1.2030432460405244e-7 -7.176137543184631e-8 -2.484719986937116e-7 5.924745184119387e-7 -5.1677836444594315e-8 1.5295979571123476e-8 -5.4533413581218306e-9 -3.376119237805861e-9 6.7458251744280614e-9 1.0577577040339767e-8 8.410927260313562e-9 1.637675114607729e-9 6.614923083517157e-10 8.72431202889927e-9 -2.6148215576782957e-9 -5.462102517479243e-9 1.6380709910150027e-8 -2.4025960274122967e-8 9.673711618391597e-9 -4.002079867811915e-8
1.543191498162169 -3.745997329619486e-8 1.1620118639966583e-7 -7.475338108437484e-8 -2.342363645420301e-7 5.667483051991696e-7 -5.023965169719498e-8 1.50102748058144e-8 -4.7433786533917745e-9 -3.2459057276481392e-9 6.381520483063754e-9 1.0158906813773492e-8 8.159794442418387e-9 1.7883990994926404e-9 8.663585009077696e-10 8.390964466897429e-9 -2.2324520857207276e-9 -4.96582329497852e-9 1.5367850772325526e-8 -2.2587626394997758e-8 8.259805777317374e-9 -3.745997331276837e-8
1.5463537758223374 -3.5040094526106224e-8 1.1215122571288223e-7 -7.73547879584058e-8 -2.2064469436899686e-7 5.420902475926889e-7 -4.879541353341046e-8 1.4715517737934691e-8 -4.0908713367827006e-9 -3.1172410008808334e-9 6.037908587985006e-9 9.753746166427273e-9 7.913910651219287e-9 1.924688505242097e-9 1.0551957601378988e-9 8.077884504364154e-9 -1.8704534855283658e-9 -4.49198218128669e-9 1.442637149669187e-8 -2.122776279780043e-8 6.964562063270409e-9 -3.504009454313965e-8
1.5495160534825059 -3.275449868397049e-8 1.0816029279101532e-7 -7.95886985437118e-8 -2.0767363840221634e-7 5.184585406838892e-7 -4.7349774808551934e-8 1.4412494906478881e-8 -3.4926183909505206e-9 -2.990587930177839e-9 5.713816784443834e-9 9.3618916287621e-9 7.673203091390895e-9 2.0472381643750626e-9 1.2287617734872808e-9 7.783563817958058e-9 -1.5280942411131993e-9 -4.0397568715793525e-9 1.3552105467484733e-8 -1.9941494130872012e-8 5.780955814671983e-9 -3.2754498700202595e-8
1.5526783311426742 -3.059672197549838e-8 1.0423368337753826e-7 -8.147730288825368e-8 -1.9530044369009355e-7 4.95812898215316e-7 -4.590696824927682e-8 1.4101997933632506e-8 -2.945517814698977e-9 -2.86633664498081e-9 5.408134606784857e-9 8.983120929102117e-9 7.437605549318368e-9 2.1567279869384852e-9 1.3877868231260486e-9 7.506591738754172e-9 -1.2046690208875455e-9 -3.6083707243488065e-9 1.274107065321081e-8 -1.8724256306495433e-8 4.702297727793395e-9 -3.059672198971308e-8
1.5558406088028425 -2.8560503301650585e-8 1.0037616332922052e-7 -8.3041899883984e-8 -1.8350295180350922e-7 4.7411450182721425e-7 -4.4470832417218546e-8 1.3784819409893836e-8 -2.4465688042399295e-9 -2.7448116540634402e-9 5.119811009743366e-9 8.617195568606383e-9 7.20705730408215e-9 2.2538222554303976e-9 1.5329750111813873e-9 7.245650482852145e-9 -8.994969054797971e-10 -3.1970890361432464e-9 1.1989463255012185e-8 -1.7571780291652664e-8 3.722219813010744e-9 -2.8560503312754466e-8
1.5590028864630108 -2.663978633370048e-8 9.659199285332568e-8 -8.430291869187598e-8 -1.7225959564524333e-7 4.533259519143492e-7 -4.3044836401491076e-8 1.34617490869809e-8 -1.992873421640528e-9 -2.626278462091367e-9 4.8478516286974685e-9 8.263863192749345e-9 6.9815021521660736e-9 2.339169011469979e-9 1.665005379018954e-9 6.999510531799919e-9 -6.119197511984563e-10 -2.8052155471666295e-9 1.129365160155762e-8 -1.6480076420554446e-8 2.8346618160024694e-9 -2.663978634079194e-8
1.5621651641231795 -2.4828720878953682e-8 9.28849503394815e-8 -8.527994026548519e-8 -1.615493954339256e-7 4.334112200370087e-7 -4.163210329518947e-8 1.3133570368800179e-8 -1.5816377837322033e-9 -2.5109497039068206e-9 4.591316121938908e-9 7.92285977131425e-9 6.760887536906152e-9 2.413399529295685e-9 1.7845329301423843e-9 6.767026161390954e-9 -3.413006837038322e-10 -2.43208917168226e-9 1.0650170273515458e-8 -1.544541922959053e-8 2.033858105405214e-9 -2.48287208813805e-8
1.5653274417833478 -2.3121663573716593e-8 8.925835576264067e-8 -8.599171893420246e-8 -1.5135195392626513e-7 4.1433560283263346e-7 -4.023543250835664e-8 1.2801057090737195e-8 -1.2101728039066382e-9 -2.398990819993009e-9 4.349315597293188e-9 7.593911598398064e-9 6.545163774277371e-9 2.477127871304381e-9 1.892189565678335e-9 6.5471311173637315e-9 -8.702271625641316e-11 -2.077080946822564e-9 1.005571444169333e-8 -1.4464332814391143e-8 1.3143250263884634e-9 -2.3121663571117386e-8
1.5684897194435161 -2.1513177940396296e-8 8.571509363528337e-8 -8.645620400920238e-8 -1.4164745093841472e-7 3.9606567737690633e-7 -3.885732096741993e-8 1.2464970577508087e-8 -8.758945183436457e-10 -2.2905252962392842e-9 4.1210101247531474e-9 7.276737123429523e-9 6.3342833671699815e-9 2.5309505209701295e-9 1.9885849408273314e-9 6.338834436488471e-9 1.5151251324269474e-10 -1.7395911930997397e-9 9.507134403950901e-9 -1.3533576707749195e-8 6.708487177203959e-10 -2.1513177932723987e-8
1.5716519971036844 -1.9998033845754982e-8 8.22576354887971e-8 -8.6690561376939e-8 -1.3241663722439999e-7 3.7856925794548357e-7 -3.749998324874961e-8 1.2126056969775572e-8 -5.763240272946808e-10 -2.185639490729166e-9 3.905606336190991e-9 6.971048623717123e-9 6.1282004008275716e-9 2.575446088615012e-9 2.0743072500989453e-9 6.14121641147085e-9 3.7488589231444254e-10 -1.4190468796418262e-9 9.001430306999135e-9 -1.2650132276252278e-8 9.847338816930065e-11 -1.9998033833279953e-8
1.574814274763853 -1.857120639733945e-8 7.888806186566587e-8 -8.671119504684084e-8 -1.236408277668312e-7 3.618153541296536e-7 -3.6165370691805986e-8 1.1785044809695937e-8 -3.090870810955893e-10 -2.084387069824608e-9 3.7023551126714695e-9 6.676553728566722e-9 5.926870012616311e-9 2.6111750856378137e-9 2.149923948602785e-9 5.9534246980356935e-9 5.836618770364599e-10 -1.1148991869370996e-9 8.535747040186871e-9 -1.181118963259701e-8 -4.0750995346668025e-10 -1.857120638063279e-8
1.5779765524240212 -1.7227874314966313e-8 7.560808380581762e-8 -8.653376862166626e-8 -1.1530189453240895e-7 3.457741302613537e-7 -3.485518953526171e-8 1.1442642875523296e-8 -7.191333960778465e-11 -1.986793075316501e-9 3.5105493594064802e-9 6.392956804541192e-9 5.730247929760845e-9 2.6386797629379896e-9 2.2159824161424226e-9 5.774670562485137e-9 7.783894342544404e-10 -8.266212596673754e-10 8.107369289345917e-9 -1.1014135059714696e-8 -8.515743218174557e-10 -1.7227874294864084e-8
1.5811388300841895 -1.5963417813878757e-8 7.241906381213233e-8 -8.617322666075263e-8 -1.0738225874210581e-7 3.3041686610484863e-7 -3.357091811755357e-8 1.1099538255365336e-8 1.3736466721658457e-10 -1.89285764387388e-9 3.329521867964168e-9 6.119960210984009e-9 5.538290069122992e-9 2.658484009411873e-9 2.2730105703573367e-9 5.604225267940759e-9 9.596028888825742e-10 -5.537061420383035e-10 7.713716739704042e-9 -1.0256538942029324e-8 -1.2379671402456696e-9 -1.5963417791429336e-8
1.5843011077443578 -1.477341603579994e-8 6.932203628177421e-8 -8.564381590811988e-8 -9.986488270347944e-8 3.1571591877431526e-7 -3.231382318147763e-8 1.0756394650154097e-8 3.2081285096474476e-10 -1.8025593994378264e-9 3.158643264965159e-9 5.857265434483023e-9 5.350952193518567e-9 2.6710933065275324e-9 2.321517434672406e-9 5.441416597399966e-9 1.1278226822742558e-9 -2.956648878819755e-10 7.35233941779376e-9 -9.536144198393284e-9 -1.5707201974583554e-9 -1.477341601219799e-8
1.5874633854045261 -1.3653644063607411e-8 6.631772739159199e-8 -8.49591063591212e-8 -9.27332612500366e-8 3.0164468583827594e-7 -3.10849753207344e-8 1.0413850895878412e-8 4.8039712294411e-10 -1.7158585385981415e-9 2.9973200461685475e-9 5.604574110522885e-9 5.168189619456539e-9 2.6769947351253096e-9 2.361993666354917e-9 5.285625511646343e-9 1.283556047592204e-9 -5.2024837701177837e-11 7.020913163160698e-9 -8.850855210505023e-9 -1.853659185845999e-9 -1.3653644040118473e-8
1.5906256630646949 -1.26000695547512e-8 6.340657442741575e-8 -8.413201214098955e-8 -8.597141283030301e-8 2.8817756957351754e-7 -2.988526360470467e-8 1.0072519695114702e-8 6.179851743165368e-10 -1.6326996283451677e-9 2.8449926945632815e-9 5.3615889401567145e-9 4.989956971554266e-9 2.676657030723592e-9 2.394912049538506e-9 5.136282939963626e-9 1.4272976080240489e-9 1.7767194524556035e-10 6.7172352215272385e-9 -8.19872723990586e-9 -2.0904128327879395e-9 -1.2600069532631785e-8
1.5937879407248632 -1.1608849027830007e-8 6.058874454859955e-8 -8.317481218428564e-8 -7.956387028694636e-8 2.7528994233267836e-7 -2.8715409416226293e-8 9.732986547902227e-9 7.353484546392487e-10 -1.553014134927986e-9 2.7011338808311793e-9 5.128014509123814e-9 4.816207979230555e-9 2.6705306837433434e-9 2.4207279576534364e-9 4.992866701512237e-9 1.5595299035827004e-9 3.938700877546319e-10 6.43921995187634e-9 -7.577956325989617e-9 -2.2844216368592454e-9 -1.1608849008248211e-8
1.5969502183850315 -1.0676323835951119e-8 5.786415298064161e-8 -8.209917066384198e-8 -7.349567136411198e-8 2.62958112991178e-7 -2.75759795357001e-8 9.395808872028615e-9 8.341643263286421e-10 -1.4767227018648446e-9 2.5652467443420923e-9 4.9035580164476164e-9 4.6468953116014735e-9 2.6590480812017482e-9 2.4398797893057123e-9 4.8548985551357645e-9 1.680723852105801e-9 5.97002176332521e-10 6.184894640694644e-9 -6.986869656823646e-9 -2.4389462214422707e-9 -1.067632381991265e-8
1.6001124960451998 -9.799015859628647e-9 5.523248063016902e-8 -8.09161571893583e-8 -6.775234897905091e-8 2.5115929444059447e-7 -2.6467398503519704e-8 9.061515302830003e-9 9.160183736201706e-10 -1.403737194455282e-9 2.436863252662812e-9 4.687929919172518e-9 4.481970446810762e-9 2.6426236865555594e-9 2.4527893812701188e-9 4.721941375274584e-9 1.791339149918933e-9 7.874898916188152e-10 5.952395417346557e-9 -6.42391640398976e-9 -2.557075318701103e-9 -9.7990158479131e-9
1.6032747737053683 -8.973622951024289e-9 5.26931911179585e-8 -7.96362667273301e-8 -6.231992129204037e-8 2.398715720968605e-7 -2.5389960291540417e-8 8.730605162667923e-9 9.82406845657343e-10 -1.333962527435486e-9 2.3155426374208192e-9 4.480844499529962e-9 4.321383572311196e-9 2.621654254508304e-9 2.4598624019069038e-9 4.593596451575103e-9 1.8918246174659492e-9 9.657450154545135e-10 5.739963265246647e-9 -5.887659012101493e-9 -2.641733397222592e-9 -8.9736229441355e-9
1.6064370513655366 -8.197014160326967e-9 5.0245547227026704e-8 -7.826943923744818e-8 -5.7184881606682184e-8 2.2907387339291965e-7 -2.4343839313115805e-8 8.403548090317052e-9 1.0347392143955572e-9 -1.2672982917018118e-9 2.2008699042473735e-9 4.282020360476782e-9 4.1650835128823054e-9 2.5965190777259304e-9 2.461488727975082e-9 4.469500909698271e-9 1.9826184950289277e-9 1.1321703183938707e-9 5.545940124146554e-9 -5.3767649331377514e-9 -2.6956879468707476e-9 -8.19701415846069e-9
1.609599329025705 -7.46622477399363e-9 4.788862676411534e-8 -7.682507900804693e-8 -5.233418813074818e-8 2.187459382266812e-7 -2.3329100800087796e-8 8.080783820593841e-9 1.0743408290525389e-9 -1.2036401953118106e-9 2.092454414436714e-9 4.0911808552051694e-9 4.0130176834186335e-9 2.5675802625342087e-9 2.458042807501545e-9 4.3493252507496515e-9 2.0641486934697058e-9 1.2871603353591573e-9 5.3687650794652805e-9 -4.889998795262134e-9 -2.721556434551404e-9 -7.466224777024553e-9
1.6127616066858732 -6.778451193457485e-9 4.5621337834168185e-8 -7.531207367655816e-8 -4.77552536259475e-8 2.0886829033616483e-7 -2.2345710574068024e-8 7.762722104666002e-9 1.1024556498707255e-9 -1.142881333252237e-9 1.989928535893342e-9 3.908054455904474e-9 3.865132063758119e-9 2.5351830307995035e-9 2.4498840110681835e-9 4.232771006675234e-9 2.1368330047214593e-9 1.4311020370115916e-9 5.206970635157093e-9 -4.426214995363886e-9 -2.721812944643672e-9 -6.7784512009461816e-9
1.615923884346042 -6.131045681742055e-9 4.344243352857692e-8 -7.373881292224752e-8 -4.343593497323932e-8 1.9942220957481362e-7 -2.1393544238315866e-8 7.449742761617348e-9 1.120249044979963e-9 -1.0849132997490429e-9 1.8929463608948507e-9 3.7323750667373325e-9 3.7213711930375558e-9 2.4996560453198514e-9 2.437356973603337e-9 4.1195685088954925e-9 2.2010792765477527e-9 1.5643754042654759e-9 5.0591790671394925e-9 -3.984350704162424e-9 -2.6987945178374552e-9 -6.131045692961803e-9
1.6190861620062102 -5.521511004219703e-9 4.135052602914828e-8 -7.211320681981645e-8 -3.9364522678648305e-8 1.9038970506090497e-7 -2.0472395815580456e-8 7.1421958519886215e-9 1.1288106351525586e-9 -1.0296271561858173e-9 1.8011824881744967e-9 3.563882285696473e-9 3.581678181266112e-9 2.461311756177808e-9 2.4207919285065734e-9 4.009474767383358e-9 2.257285555866576e-9 1.6873539132062482e-9 4.9240988547852465e-9 -3.563419272368764e-9 -2.654707202021736e-9 -5.521511018200933e-9
1.6222484396663785 -4.947494988523812e-9 3.934410013082481e-8 -7.044270384366787e-8 -3.5529730342913686e-8 1.8175348917590857e-7 -1.9581985856351396e-8 6.840401964187557e-9 1.1291571722325965e-9 -9.76914266996183e-10 1.7143308668192928e-9 3.4023216197214553e-9 3.4459947359981614e-9 2.420446765627779e-9 2.400505035696059e-9 3.902271457330752e-9 2.3058402047139816e-9 1.8004049374869368e-9 4.800521188425647e-9 -3.162504026083502e-9 -2.5916318287094905e-9 -4.947495004113947e-9
1.6254107173265469 -4.406785027369667e-9 3.742152618725708e-8 -6.873430851383598e-8 -3.1920684116805496e-8 1.7349695238754224e-7 -1.8721969041104183e-8 6.5446526048451634e-9 1.1222354379865289e-9 -9.266670152053928e-10 1.6321036994865288e-9 3.247444657178809e-9 3.314261202162821e-9 2.377342209210906e-9 2.3767987049459394e-9 3.7977630104940236e-9 2.3471219926924804e-9 1.9038900750766943e-9 4.687316551214558e-9 -2.780752439343188e-9 -2.5115295282663313e-9 -4.406785043304147e-9
1.6285729949867154 -3.897302546769831e-9 3.5581072484305205e-8 -6.699459867571768e-8 -2.8526912162410028e-8 1.6560413887404263e-7 -1.7891941299300554e-8 6.255210684399108e-9 1.1089251510690291e-9 -8.787794086209019e-10 1.5542304024630281e-9 3.0990092015493012e-9 3.186416613272952e-9 2.3322641509080607e-9 2.3499619156770684e-9 3.695774808260207e-9 2.381500169519351e-9 1.9981654060174446e-9 4.583431374063488e-9 -2.4173706714957806e-9 -2.416246996934115e-9 -3.89730256175011e-9
1.6317352726468837 -3.4170974608471624e-9 3.382091704749541e-8 -6.522974240682333e-8 -2.5338334139327363e-8 1.5805972292698417e-7 -1.7091446467116592e-8 5.972311089404539e-9 1.090041870718397e-9 -8.331475870082361e-10 1.4804566201223745e-9 2.9567793699144e-9 3.0623987523885776e-9 2.2854639902560454e-9 2.3202705341752988e-9 3.596151473435648e-9 2.4093345210593337e-9 2.0835816876141607e-9 4.487884762681088e-9 -2.071618456895984e-9 -2.3075215283234653e-9 -3.4170974736205706e-9
1.634897550307052 -2.964342633165336e-9 3.2139158890344665e-8 -6.344551454482282e-8 -2.2345250733327042e-8 1.5084898611066137e-7 -1.6319982505117554e-8 5.696161333306722e-9 1.0663398866915832e-9 -7.896702399436897e-10 1.4105432913780839e-9 2.8205256595961577e-9 2.9421442213522407e-9 2.237178879466004e-9 2.2879876290397604e-9 3.4987552577232106e-9 2.4309754119938054e-9 2.1604844932440724e-9 4.399765296036705e-9 -1.742804334260508e-9 -2.186985821684602e-9 -2.9643426426020744e-9
1.6380598279672203 -2.5373283632098133e-9 3.0533828711298365e-8 -6.164731283214267e-8 -1.9538333243746637e-8 1.4395779515677965e-7 -1.5577007296377794e-8 5.4269422776580926e-9 1.0385150858179869e-9 -7.482489444079679e-10 1.344265765779216e-9 2.6900249860786542e-9 2.825588516945973e-9 2.1876321486914033e-9 2.2533637855053275e-9 3.4034645218281027e-9 2.446763818050762e-9 2.229214300716009e-9 4.318227895815514e-9 -1.4302812029108973e-9 -2.0561725788709575e-9 -2.537328368372082e-9
1.6412221056273888 -2.1344569153738754e-9 2.9002899047807108e-8 -5.984017367332132e-8 -1.6908613244670733e-8 1.3737258057379913e-7 -1.4861944044848078e-8 5.164808916024292e-9 1.007207786390569e-9 -7.087884305761709e-10 1.2814129669534835e-9 2.5650606951218877e-9 2.7126661127411555e-9 2.1370337377021077e-9 2.2166374191409522e-9 3.3101723051114586e-9 2.4570313504925676e-9 2.2901065358538266e-9 4.2424907666475964e-9 -1.1334421930572602e-9 -1.916518901481406e-9 -2.134456915572819e-9
1.6443843832875573 -1.7542371065345013e-9 2.754429389679547e-8 -5.802878750223605e-8 -1.4447472333747073e-8 1.3108031595091911e-7 -1.4174186293105405e-8 4.9098912130937396e-9 9.730055324245758e-10 -6.711967836722522e-10 1.2217866011648373e-9 2.4454225517755903e-9 2.6033105455265915e-9 2.085580632324598e-9 2.178035089295571e-9 3.2187849816980924e-9 2.4621002753352953e-9 2.3434915767090063e-9 4.171832407074375e-9 -8.517168372380574e-10 -1.7693704992172495e-9 -1.7542371013716e-9
1.6475466609477256 -1.3952789670504608e-9 2.6155897811451363e-8 -5.621751375714956e-8 -1.2146631981378746e-8 1.2506849793724169e-7 -1.3513102577973455e-8 4.6622949917913164e-9 9.364458405939489e-10 -6.353855891887897e-10 1.1652004088195606e-9 2.3309067088046283e-9 2.497454505304655e-9 2.0334573041104822e-9 2.1377718125471126e-9 3.1292209999380235e-9 2.4622835295566396e-9 2.3896947235378082e-9 4.10558869136452e-9 -5.845675300285217e-10 -1.615985720018422e-9 -1.395278956440655e-9
1.650708938607894 -1.0562884887802589e-9 2.4835564484884988e-8 -5.4410395462353516e-8 -9.998143491958336e-9 1.1932512687721927e-7 -1.2878040741881575e-8 4.422102861485249e-9 8.980188934047181e-10 -6.012700282291413e-10 1.1114794568263829e-9 2.2213156568542425e-9 2.3950299279424056e-9 1.9808361517944686e-9 2.096051376305777e-9 3.0414097021228925e-9 2.4578847363354983e-9 2.4290361394015256e-9 4.043150022411682e-9 -3.314862631639508e-10 -1.4575394120577164e-9 -1.05628847295554e-9
1.6538712162680624 -7.360624725055872e-10 2.358112483177766e-8 -5.261117341592888e-8 -7.994378087790315e-9 1.1383868808399159e-7 -1.2268331917222674e-8 4.189375180677498e-9 8.581701728823539e-10 -5.687689292066604e-10 1.0604594697893942e-9 2.116458158508469e-9 2.295968089654631e-9 1.927877943199255e-9 2.053066652630549e-9 2.9552902213645e-9 2.44919822116033e-9 2.4618307659720662e-9 3.9839585560368596e-9 -9.199162328784664e-11 -1.295126627176954e-9 -7.360624519987713e-10
1.6570334939282307 -4.334834859639494e-10 2.239039457966184e-8 -5.0823299983874194e-8 -6.128017125381438e-9 1.0859813373271456e-7 -1.168329420038402e-8 3.96415104787136e-9 8.173030297350714e-10 -5.378047816363693e-10 1.0119861980875218e-9 2.016149168229772e-9 2.2001997025780625e-9 1.874732256336748e-9 2.008999912235383e-9 2.870810452558152e-9 2.4365090304441678e-9 2.4883882188463997e-9 3.927505497083667e-9 1.343739603664664e-10 -1.1297661748463137e-9 -4.3348346157378343e-10
1.660195771588399 -1.4751494253746082e-10 2.1261181381936482e-8 -4.904995250152194e-8 -4.392042452849827e-9 1.0359286535644635e-7 -1.1122236031556728e-8 3.746449314621134e-9 7.757811836068764e-10 -5.083037172798678e-10 9.659148209709982e-10 1.9202097400124553e-9 2.1076550107725044e-9 1.821537918546547e-9 1.964023138591371e-9 2.7879260943712778e-9 2.420092954091873e-9 2.5090126663957577e-9 3.873328467735405e-9 3.4804673092536443e-10 -9.624040352235278e-10 -1.475149152772209e-10
1.6633580492485673 1.2280369047381265e-10 2.0191291465155027e-8 -4.729404628379654e-8 -2.779726916343134e-9 9.88127169276089e-8 -1.0584459295873106e-8 3.53626961508233e-9 7.33931150654756e-10 -4.801954634509782e-10 9.221093828820168e-10 1.8284669244353624e-9 2.0182638860553847e-9 1.768423442597705e-9 1.918298341968387e-9 2.706599759226459e-9 2.4002165532804853e-9 2.524002695899743e-9 3.821008948500463e-9 5.49443893863341e-10 -7.939166393870148e-10 1.2280371944092654e-10
1.6665203269087356 3.7836154615292483e-10 1.917853582348032e-8 -4.555824724646622e-8 -1.2846250225118566e-9 9.424793850845711e-8 -1.0069262160877985e-8 3.3335934066952016e-9 6.920445952702628e-10 -4.5341327286152837e-10 8.804422612828648e-10 1.7407536566600666e-9 1.9319559231405778e-9 1.7155074587654417e-9 1.8719778732074456e-9 2.6268001482780574e-9 2.3771371945388228e-9 2.533651170441988e-9 3.770169792310377e-9 7.389656942547245e-10 -6.251140243174697e-10 3.78361575587595e-10
1.6696826045689042 6.199808680471704e-10 1.8220735973537136e-8 -4.384498414108254e-8 9.943623669166579e-11 8.988918045439455e-8 -9.575941664814497e-9 3.1383850169520823e-9 6.503806033202072e-10 -4.278938339807121e-10 8.40793664351301e-10 1.6569086367915523e-9 1.8486605336122425e-9 1.662899141973476e-9 1.8252047369703752e-9 2.548501288419875e-9 2.351103091043866e-9 2.538245079775592e-9 3.7204728121533492e-9 9.169972933044541e-10 -4.5674286971028804e-10 6.19980896712324e-10
1.6728448822290727 8.484213702423452e-10 1.731572928316835e-8 -4.215646040682643e-8 1.3783663913619524e-9 8.572747815437793e-8 -9.103796069684171e-9 2.950592691515456e-9 6.091678748023062e-10 -4.035771654997307e-10 8.030511569772001e-10 1.5767762038944886e-9 1.7683070383189487e-9 1.6106986331718523e-9 1.7781129041770653e-9 2.471681828404146e-9 2.3223533518945937e-9 2.538065388102062e-9 3.671616442627414e-9 1.0839104559406928e-9 -2.8948942322038375e-10 8.484213969811882e-10
1.676007159889241 1.0643844426104556e-9 1.6461373887834492e-8 -4.049466564295247e-8 2.5578203283210854e-9 8.175423729300088e-8 -8.652126992537345e-9 2.770149639267105e-9 5.686068343008504e-10 -3.8040649813316534e-10 7.671092135680097e-10 1.5002062048443243e-9 1.6908247578243155e-9 1.5589974541935186e-9 1.7308276233106546e-9 2.396324391199157e-9 2.291118039973148e-9 2.5333868814493398e-9 3.623333475744754e-9 1.2400650609971436e-9 -1.239823202691067e-10 1.0643844664193116e-9
1.6791694375494093 1.2685171973323916e-9 1.565555320859295e-8 -3.886138670595986e-8 3.64320694896531e-9 7.796121961923531e-8 -8.220241327953751e-9 2.5969750701823346e-9 5.288716580849746e-10 -3.583281466516968e-10 7.32868796242027e-10 1.4270538590840445e-9 1.6161431005960905e-9 1.5078789154052513e-9 1.6834657302483986e-9 2.32241497976566e-9 2.2576182388649563e-9 2.5244780170833585e-9 3.575388871251687e-9 1.3858104452391801e-9 3.920469591110349e-11 1.2685172174238743e-9
1.6823317152095778 1.4614163536777773e-9 1.4896180085737817e-8 -3.725821843603334e-8 4.6396976467508644e-9 7.434052920713715e-8 -7.807452974187328e-9 2.4309752222312407e-9 4.901122171176909e-10 -3.3729137472555735e-10 7.002369570579745e-10 1.3571796202566258e-9 1.544191648658243e-9 1.4574185155365648e-9 1.6361359562592309e-9 2.249942433488241e-9 2.222066129177053e-9 2.511600777143525e-9 3.5275776416504563e-9 1.5214865921931468e-9 1.995501487599167e-10 1.4614163695304103e-9
1.685493992869746 1.6436319588563755e-9 1.418120054229565e-8 -3.568657401766061e-8 5.5522346013724765e-9 7.08845991941695e-8 -7.4130843749724565e-9 2.2720443738127883e-9 4.524559356399382e-10 -3.1724825486373176e-10 6.691264629967715e-10 1.2904490355893062e-9 1.474900240469616e-9 1.407684333136303e-9 1.5889392337976664e-9 2.1788979325586153e-9 2.1846650744740514e-9 2.4950105284570047e-9 3.4797228120217208e-9 1.6474251764303157e-9 3.5658229258745057e-10 1.6436319702475625e-9
1.6886562705299144 1.8156709435447858e-9 1.3508597191642213e-8 -3.414769497967624e-8 6.385538887244981e-9 6.758617898311348e-8 -7.0364678885228255e-9 2.1200658385259122e-9 4.1600956535848686e-10 -2.9815352546087835e-10 6.394554424760114e-10 1.2267326038176773e-9 1.4081990508282926e-9 1.3587374091684006e-9 1.5419689997175723e-9 2.10927454767158e-9 2.1456097169378853e-9 2.4749558902593836e-9 3.4316734546497426e-9 1.7639504736309677e-9 5.098766620797753e-10 1.8156709505652174e-9
1.6918185481900827 1.9780005114328584e-9 1.2876392303538662e-8 -3.2642660840296786e-8 7.144118394421349e-9 6.443832189386912e-8 -6.676946994794974e-9 1.9749129393742656e-9 3.8086087560378414e-10 -2.799644467108943e-10 6.111470522406472e-10 1.165905632355881e-9 1.34401866763347e-9 1.3106321203189079e-9 1.495311495527594e-9 2.0410668324618793e-9 2.105086082755418e-9 2.451678611332193e-9 3.3833027983500395e-9 1.8713801464173623e-9 6.590537030869561e-10 1.978000514481467e-9
1.6949808258502512 2.131051362830454e-9 1.2282650542885847e-8 -3.117239840297698e-8 7.832275560563955e-9 6.143437325174346e-8 -6.333877351638771e-9 1.836449959785409e-9 3.470802601310084e-10 -2.626406569114676e-10 5.841291635325197e-10 1.107848094343399e-9 1.2822901653667228e-9 1.2634165426424794e-9 1.4490460643129541e-9 1.974270456180149e-9 2.063271697143681e-9 2.425413457859576e-9 3.3345064122909758e-9 1.9700259155958006e-9 8.037764810330061e-10 2.131051362590329e-9
1.6981431035104195 2.2752207530244512e-9 1.1725481395458837e-8 -2.9737690709184445e-8 8.454114913048036e-9 5.85679588991307e-8 -6.0066277100169596e-9 1.7045330691023431e-9 3.147222615183832e-10 -2.4614403046935547e-10 5.583340664997244e-10 1.0524444861280504e-9 1.2229451751814736e-9 1.2171328052307016e-9 1.4032454439538537e-9 1.908881874179319e-9 2.0203357088376625e-9 2.396388113108306e-9 3.2852004639889947e-9 2.060194126089454e-9 9.437484636296153e-10 2.275220750421203e-9
1.701305381170588 2.4108753866784267e-9 1.1203041294816257e-8 -2.833918565439795e-8 9.013550420701238e-9 5.5832974117786105e-8 -5.69458069804191e-9 1.5790112204736246e-9 2.8382701437101127e-10 -2.3043853871802542e-10 5.336981918605562e-10 9.995836856800018e-10 1.1659159515151988e-9 1.1718174336360102e-9 1.3579760562806144e-9 1.8448980338570473e-9 1.9764390237892602e-9 2.364823089848279e-9 3.235320051043116e-9 2.1421862164781844e-9 1.0787113748967177e-9 2.410875382823743e-9
1.7044676588307563 2.538354150125416e-9 1.0713535464480754e-8 -2.6977404273842367e-8 9.51431265508115e-9 5.3223572949181524e-8 -5.397133483154871e-9 1.4597270193273035e-9 2.5442160876678555e-10 -2.154901144789192e-10 5.101618488896791e-10 9.49158812371011e-10 1.1111354351609404e-9 1.1275016828331733e-9 1.313298291817886e-9 1.7823161137776488e-9 1.931734447757955e-9 2.3309316562530975e-9 3.184817606058698e-9 2.2162991006893756e-9 1.2084431177914442e-9 2.538354146249209e-9
1.7076299364909249 2.6579706839159378e-9 1.0255219489359247e-8 -2.5652748704642835e-8 9.959955761568421e-9 5.073415790071536e-8 -5.11369832135635e-9 1.3465175608631817e-9 2.2652137558492248e-10 -2.0126652113323938e-10 4.876689788434194e-10 9.01067088497817e-10 1.0585373127561461e-9 1.0842118595461623e-9 1.2692667897846604e-9 1.7211332937741942e-9 1.886366837413747e-9 2.2949197758542e-9 3.1336613740947395e-9 2.28282547000713e-9 1.3327557630248934e-9 2.6579706812913842e-9
1.7107922141510932 2.770015798451788e-9 9.826400630216302e-9 -2.436550983122704e-8 1.0353864240892752e-8 4.835937002583233e-8 -4.843703001989614e-9 1.2392152352376882e-9 2.001310955386908e-10 -1.8773722682197248e-10 4.661669229883228e-10 8.552097028775449e-10 1.0080560726656849e-9 1.04196963381151e-9 1.2259307130341262e-9 1.6613465539119309e-9 1.8404732595209508e-9 2.2569860619660854e-9 3.0818339618543646e-9 2.3420540231881314e-9 1.45149360190159e-9 2.7700157983178577e-9
1.7139544918112615 2.8747597359597506e-9 9.425438894833975e-9 -2.3115874620934856e-8 1.0699259542035526e-8 4.6094079366372294e-8 -4.586591196180294e-9 1.1376484993436314e-9 1.7524613389157264e-10 -1.7487328425758156e-10 4.4560620444191233e-10 8.114916767959061e-10 9.596270572528474e-10 1.000792339689581e-9 1.183334017635429e-9 1.6029525002738556e-9 1.794183157726571e-9 2.2173217468551107e-9 3.0293309577251868e-9 2.3942696320911544e-9 1.564531261250571e-9 2.874759739446058e-9
1.7171167694714298 2.9724542824417814e-9 9.050747879285677e-9 -2.1903933156900364e-8 1.0999206467744566e-8 4.393337574575467e-8 -4.341822716646594e-9 1.041642614305957e-9 1.5185350297345573e-10 -1.626472165098587e-10 4.2594032307649176e-10 7.698217325466304e-10 9.131865115483347e-10 9.606932650734622e-10 1.1415157168200795e-9 1.5459472156109824e-9 1.7476185264393248e-9 2.176110665789961e-9 2.9761596216661e-9 2.4397534498460892e-9 1.671771878729729e-9 2.9724542905002506e-9
1.7202790471315983 3.063334733578077e-9 8.700795392525464e-9 -2.072968537535299e-8 1.125661939417182e-8 4.187255990185687e-8 -4.108873696212013e-9 9.510203480209168e-10 1.299328547301611e-10 -1.5103290902068671e-10 4.0712556277755637e-10 7.301121647611062e-10 8.68671628341072e-10 9.216819305806074e-10 1.1005101390362936e-9 1.4903261329803304e-9 1.7008940912544568e-9 2.133529255987631e-9 2.9223376438303697e-9 2.478782968208973e-9 1.7731453369777128e-9 3.0633347469256917e-9
1.7234413247917666 3.1476217188599463e-9 8.374103877244969e-9 -1.9593047514559228e-8 1.1474268306397671e-8 3.9907134948717483e-8 -3.8872366919822604e-9 8.656026422617699e-10 1.094574056368565e-10 -1.4000550800671827e-10 3.891208103854203e-10 6.922787146918604e-10 8.260205897275829e-10 8.837643575454577e-10 1.0603471798770882e-9 1.4360839305754265e-9 1.6541174953547095e-9 2.089746570355358e-9 2.867891970712393e-9 2.511632030371814e-9 1.8686065552594025e-9 3.147621737935962e-9
1.726603602451935 3.2255228884907698e-9 8.06925063968416e-9 -1.8493858282666347e-8 1.1654784651833847e-8 3.803279815644852e-8 -3.676420721784584e-9 7.852092440584946e-10 9.039479638604496e-11 -1.2954132532460274e-10 3.7188738568497883e-10 6.562404475812234e-10 7.851726051682277e-10 8.469433251622928e-10 1.0210525476703925e-9 1.3832144460348105e-9 1.607389491299187e-9 2.0449243058251603e-9 2.8128576975078713e-9 2.5385708051231106e-9 1.9581338374042728e-9 3.225522913430979e-9
1.7297658801121034 3.2972344678172388e-9 7.784867900795992e-9 -1.7431884751750588e-8 1.1800667013710516e-8 3.6245433039009924e-8 -3.475951239115136e-9 7.096593012318084e-10 7.270788882296492e-11 -1.1961774979952136e-10 3.5538888184188067e-10 6.219196332174768e-10 7.460679461089377e-10 8.112186168556704e-10 9.82648002542605e-10 1.3317106085944334e-9 1.5608041375984108e-9 1.999216845983852e-9 2.7572770252848377e-9 2.5598657278859546e-9 2.041727274970751e-9 3.297234498446752e-9
1.732928157772272 3.3629426842415145e-9 7.519642680865723e-9 -1.640682798538647e-8 1.191428660704296e-8 3.454110173973771e-8 -3.285370052495887e-9 6.387719221226827e-10 5.635550264834274e-11 -1.1021316495385575e-10 3.3959101571506133e-10 5.892416297544944e-10 7.086479772362171e-10 7.765872559823408e-10 9.451515887901584e-10 1.2815643875294214e-9 1.5144489994660396e-9 1.9527713176175024e-9 2.7011982814763784e-9 2.575779413798523e-9 2.1194072046863845e-9 3.362942720086414e-9
1.7360904354324402 3.4228250717186807e-9 7.272316529369529e-9 -1.541832840705449e-8 1.1997892599647967e-8 3.291603770478414e-8 -3.104235194808847e-9 5.723666997088794e-10 4.129309444025305e-11 -1.0130687301791907e-10 3.244614875059062e-10 5.581347708472002e-10 6.728551844412159e-10 7.430437309924335e-10 9.08577860417008e-10 1.2327667554094494e-9 1.4684053531340102e-9 1.9057276607142085e-9 2.6446750021257728e-9 2.586570547645904e-9 2.1912127193127552e-9 3.422825112035719e-9
1.7392527130926085 3.477051658065452e-9 7.041685111529481e-9 -1.4465970916697745e-8 1.2053617260939134e-8 3.136663863486444e-8 -2.932120747851426e-9 5.102642004380535e-10 2.747338156501742e-11 -9.287902505814253e-11 3.0996984923177086e-10 5.285302561344915e-10 6.386331995761608e-10 7.105802101996454e-10 8.729380997188822e-10 1.1853076647689769e-9 1.4227483931191589e-9 1.8582187114030934e-9 2.5877650742406417e-9 2.592493755104883e-9 2.257200231168287e-9 3.4770517018878733e-9
1.7424149907527768 3.52578604039624e-9 6.826597662682851e-9 -1.354928976271233e-8 1.2083480941365828e-8 2.988945970596191e-8 -2.7686166270419996e-9 4.5228641823467945e-10 1.484691355269931e-11 -8.491055701936467e-11 2.9608738153879295e-10 5.00362045081935e-10 6.059268220921401e-10 6.79186746330116e-10 8.382405288179125e-10 1.139176036870294e-9 1.3775474418341876e-9 1.8103702972504247e-9 2.5305299365460173e-9 2.5937994594239704e-9 2.3174420876099876e-9 3.525786086592835e-9
1.7455772684129451 3.5691863540640205e-9 6.6259563212342245e-9 -1.2667773176621246e-8 1.2089396885491288e-8 2.848120704987509e-8 -2.613328330901214e-9 3.9825719425372514e-10 3.362593506419337e-12 -7.738313144612743e-11 2.8278697839327807e-10 4.735667541805365e-10 5.746820376529866e-10 6.48851471037486e-10 8.044905140733047e-10 1.094359761311063e-9 1.332866160944525e-9 1.7623013442840306e-9 2.4730338368660143e-9 2.5907337273318587e-9 2.372025237830248e-9 3.5691864014077326e-9
1.7487395460731137 3.607406140517157e-9 6.438715350601802e-9 -1.1820867777636285e-8 1.2073175881812626e-8 2.7138731485742074e-8 -2.4658766596401448e-9 3.480026030601873e-10 -7.031847902369989e-12 -7.027908462267518e-11 2.700430392146573e-10 4.480835574828434e-10 5.448460338243007e-10 6.195607795878023e-10 7.716907633155954e-10 1.0508457053015464e-9 1.2887627638844473e-9 1.7141239950766554e-9 2.415343144310672e-9 2.5835381076479227e-9 2.4210499503662566e-9 3.607406187758973e-9
1.751901823733282 3.640595119491163e-9 6.263880260204401e-9 -1.1007982754255795e-8 1.2036530752521704e-8 2.5859022493905293e-8 -2.32589740690316e-9 3.013513060077178e-10 -1.638942332695915e-11 -6.3581378851857e-11 2.578313680350637e-10 4.238540904449978e-10 5.1636721294052e-10 5.912995059320206e-10 7.398415158726256e-10 1.0086197315073119e-9 1.2452902289607439e-9 1.6659437371843674e-9 2.3575257143990957e-9 2.5724494657598665e-9 2.4646285807494677e-9 3.640595165434759e-9
1.7550641013934503 3.668899870938627e-9 6.100506835165633e-9 -1.0228493829980793e-8 1.1981080686492519e-8 2.4639202423721414e-8 -2.1930410284390067e-9 2.5813487267483456e-10 -2.4763502037072964e-11 -5.7273559578982406e-11 2.461290792911597e-10 4.008223570320407e-10 4.891952022558515e-10 5.640510883964293e-10 7.089407253757793e-10 9.676667234224183e-10 1.2024965124895588e-9 1.6178595412097565e-9 2.299650305210977e-9 2.5576998168362215e-9 2.502884388741301e-9 3.6688999145111993e-9
1.7582263790536188 3.6924644320619983e-9 5.947700084037531e-9 -9.481747020158946e-9 1.1908355418847906e-8 2.3476520927148872e-8 -2.066972291211602e-9 2.1818807129166404e-10 -3.2207463162670115e-11 -5.13397170572559e-11 2.349145098735672e-10 3.7893464003442534e-10 4.6328086148747364e-10 5.377977262320737e-10 6.789842353541396e-10 9.279706173053423e-10 1.1604247614317631e-9 1.5699640077395545e-9 2.241786042627604e-9 2.5395161603558926e-9 2.5359504046101694e-9 3.692464472376989e-9
1.7613886567137873 3.711430814755458e-9 5.804613113467577e-9 -8.767062186882598e-9 1.1819799260521253e-8 2.236834961017683e-8 -1.9473699062084802e-9 1.8134912915545178e-10 -3.877438649415756e-11 -4.576445224617632e-11 2.2416713707752886e-10 3.5813941453519356e-10 4.385762878611425e-10 5.12520527273656e-10 6.499659476427639e-10 8.89514439774669e-10 1.1191135250140552e-9 1.5223435223921136e-9 2.1840019326986408e-9 2.51812031826308e-9 2.563968343905081e-9 3.711430851163396e-9
1.7645509343739556 3.725939448684467e-9 5.670445938354371e-9 -8.083736398780226e-9 1.171677498127489e-8 2.131217689438303e-8 -1.8339261479622585e-9 1.4745996408919794e-10 -4.451677850007298e-11 -4.0532846632669456e-11 2.1386750211580198e-10 3.383872644604514e-10 4.1503481877035914e-10 4.881996469660068e-10 6.218779836483994e-10 8.522803502246068e-10 1.0785969648462021e-9 1.4750784182024214e-9 2.126366419154101e-9 2.4937287787949895e-9 2.587087570173208e-9 3.7259394808089055e-9
1.767713212034124 3.736129555136918e-9 5.54444423565655e-9 -7.431047102443462e-9 1.1600567549676003e-8 2.0305603081131392e-8 -1.7263464635686932e-9 1.163663880449068e-10 -4.9486331285623194e-11 -3.563043566656624e-11 2.0399713887131557e-10 3.196308021401367e-10 3.9261103216150844e-10 4.648144190227111e-10 5.947108385328326e-10 8.162496872809608e-10 1.0389050630699464e-9 1.428243144569569e-9 2.0689469840699467e-9 2.466552547780771e-9 2.605464105054001e-9 3.736129582893372e-9
1.7708754896942922 3.74213945666992e-9 5.425898049639788e-9 -6.8082551121324945e-9 1.1472387733559898e-8 1.9346335611138898e-8 -1.624349073762562e-9 8.791828399208286e-11 -5.373371228239059e-11 -3.1043185506370593e-11 1.9453850758236258e-10 3.0182459080115805e-10 3.7126074475702575e-10 4.4234347798673885e-10 5.684535283891104e-10 7.814030185765111e-10 1.0000638281010504e-9 1.3819064419939485e-9 2.0118097896922255e-9 2.436797008974386e-9 2.619259685161719e-9 3.742139480266764e-9
1.7740377673544607 3.744106827451988e-9 5.314140455968344e-9 -6.214607424294992e-9 1.1333375564527344e-8 1.843218451235875e-8 -1.5276645684006204e-9 6.196975726304229e-11 -5.7308382530555975e-11 -2.6757472778397026e-11 1.8547493316802818e-10 2.8492506991150675e-10 3.509410082290812e-10 4.207648739664174e-10 5.430937305005077e-10 7.477201931810266e-10 9.620954975529295e-10 1.3361315218384926e-9 1.9550193594268848e-9 2.4046617947608928e-9 2.62864086514229e-9 3.7441068473733984e-9
1.777200045014629 3.742168889064329e-9 5.20854619167158e-9 -5.6493398633240415e-9 1.1184603670036264e-8 1.7561058029335818e-8 -1.4360354984991742e-9 3.8379262550097636e-11 -6.025844148902052e-11 -2.2760067061037616e-11 1.7679054791541543e-10 2.688904832909644e-10 3.316101034353691e-10 4.0005617982318203e-10 5.186179167853363e-10 7.151803960748061e-10 9.25018737958132e-10 1.2909762503594586e-9 1.8986382960112766e-9 2.3703406683652324e-9 2.633778166260277e-9 3.742168906036382e-9
1.7803623226747973 3.7364625563776714e-9 5.108530257642942e-9 -5.11167956486302e-9 1.1027080476648418e-8 1.6730958427401565e-8 -1.3492159667813448e-9 1.7009707766402328e-11 -6.263049638592186e-11 -1.9038115816791813e-11 1.6847023826342317e-10 2.5368080990209644e-10 3.132275328279805e-10 3.801945910890538e-10 4.950114805432022e-10 6.837622041059783e-10 8.888488409320417e-10 1.2464933362671757e-9 1.8427270348976373e-9 2.334021418495306e-9 2.6348452698381332e-9 3.73646257131982e-9
1.7835246003349656 3.727124537964511e-9 5.013546499960525e-9 -4.600847302850036e-9 1.0861753287988119e-8 1.5939977965280714e-8 -1.2669712185075243e-9 -2.2714640080908914e-12 -6.446955420062122e-11 -1.5579131506420717e-11 1.6049959543066248e-10 2.392576972339704e-10 2.9575401114510863e-10 3.611570188925239e-10 4.722588566294288e-10 6.534436429213261e-10 8.535979154517869e-10 1.2027305210957716e-9 1.7873436308991313e-9 2.295885767166048e-9 2.6320182548334624e-9 3.7271245519294675e-9
1.7866868779951344 3.714291395342142e-9 4.923086175954717e-9 -4.116059666368854e-9 1.0689511240958127e-8 1.518629502988209e-8 -1.1890772341889182e-9 -1.9592213269969865e-11 -6.581893444887635e-11 -1.237098063279325e-11 1.5286486964700536e-10 2.255843971903122e-10 2.791514544939653e-10 3.42920176171261e-10 4.5034363519480763e-10 6.24202244406801e-10 8.19275075951805e-10 1.1597307716822196e-9 1.7325435761742189e-9 2.2561092912791905e-9 2.6254748788019735e-9 3.714291409447893e-9
1.7898491556553027 3.6980995651705344e-9 4.836676510590215e-9 -3.6565310922507904e-9 1.0511188143739006e-8 1.4468170427243692e-8 -1.115320325621291e-9 -3.5075862301689855e-11 -6.672020102421292e-11 -9.401874475604456e-12 1.455529277600788e-10 2.1262570439394344e-10 2.6338296793161386e-10 3.2546065744918553e-10 4.2924866913702026e-10 5.960151042185415e-10 7.858866259661252e-10 1.1175324740792482e-9 1.678379647655361e-9 2.2148613583733793e-9 2.6153939014540756e-9 3.6980995805286603e-9
1.793011433315471 3.678685348352184e-9 4.7538792483786634e-9 -3.2214757592446456e-9 1.032756519907547e-8 1.378394382379669e-8 -1.0454967365219013e-9 -4.8841071630495526e-11 -6.721311143020582e-11 -6.660361292752082e-12 1.385512139989569e-10 2.003478968196567e-10 2.4841283164867624e-10 3.0875501245339555e-10 4.089561754184013e-10 5.688589390275488e-10 7.534362370756971e-10 1.0761696282532154e-9 1.6249017820626308e-9 2.17230507681165e-9 2.601954449972769e-9 3.6786853659968794e-9
1.7961737109756393 3.656184869800395e-9 4.6742892056934045e-9 -2.8101093494410696e-9 1.0139373616322362e-8 1.3132030332301801e-8 -9.794122489068224e-10 -6.100183353271964e-11 -6.733558182053905e-11 -4.135319778596472e-12 1.3184771368821945e-10 1.8871867866886398e-10 2.342064858587442e-10 2.9277981384417184e-10 3.8944783041211915e-10 5.427101431408469e-10 7.219251229468253e-10 1.03567204294634e-9 1.5721569766820115e-9 2.1285972605372775e-9 2.5853354252204878e-9 3.6561848906224544e-9
1.7993359886358078 3.630734012457988e-9 4.597532828021045e-9 -2.421650682510534e-9 9.947297115688564e-9 1.251091723699803e-8 -9.168817962105102e-10 -7.166748139567294e-11 -6.712366634513295e-11 -1.8159535844273419e-12 1.254309197157782e-10 1.7770712540053405e-10 2.2073051449423175e-10 2.775117193279585e-10 3.7070485944501993e-10 5.175448441997704e-10 6.913522082743529e-10 9.960655301129494e-10 1.5201892141305465e-9 2.0838884084049283e-9 2.565714947922313e-9 3.630734037147737e-9
1.802498266295976 3.6024683289622007e-9 4.523266756356212e-9 -2.0553232281778952e-9 9.751974328078929e-9 1.191916085268411e-8 -8.577290840206102e-10 -8.094271376987155e-11 -6.66115493816833e-11 3.0821327887148535e-13 1.1928980156794794e-10 1.672836308348358e-10 2.0795262780699116e-10 2.62927528419552e-10 3.527081207111605e-10 4.933389576914936e-10 6.617142924696256e-10 9.573720983707448e-10 1.4690394093768704e-9 2.038322697980683e-9 2.5432698438744058e-9 3.6024683579647535e-9
1.8056605439561444 3.571522934164476e-9 4.451176406625139e-9 -1.7103565022275368e-9 9.554001093888296e-9 1.1355383512631167e-8 -8.017862191820976e-10 -8.892763196858245e-11 -6.583154931178291e-11 2.247340321131395e-12 1.1341377675484412e-10 1.5741985624778e-10 1.9584164396959864e-10 2.49004234115436e-10 3.3543818373429187e-10 4.700682400430657e-10 6.330062079593393e-10 9.196101449404578e-10 1.4187453773346408e-9 1.992037993602365e-9 2.518175167188817e-9 3.5715229676499293e-9
1.8088228216163127 3.53803238152588e-9 4.3809745657137704e-9 -1.3859873511983563e-9 9.35393266405742e-9 1.081827068039987e-8 -7.488933479130962e-10 -9.571779009889546e-11 -6.481413257952063e-11 4.0112738869767606e-12 1.0779268445861192e-10 1.480886813776356e-10 1.8436746977065826e-10 2.3571906973542833e-10 3.1887540256166035e-10 4.4770834009860737e-10 6.052209729863272e-10 8.827946455808052e-10 1.3693418193986097e-9 1.945165868400042e-9 2.490603760550162e-9 3.5380324193761462e-9
1.8119850992764814 3.5021305262226267e-9 4.31240000737352e-9 -1.0814611307932945e-9 9.152285806646952e-9 1.0306568180801139e-8 -6.988983034711925e-10 -1.0140425643915356e-10 -6.358793684762626e-11 5.60955004028982e-12 1.0241676124594559e-10 1.3926415726611564e-10 1.7350108049466191e-10 2.230495511846335e-10 3.0299998387403454e-10 4.2623484880907367e-10 5.783499388273677e-10 8.469373420589039e-10 1.3208603273470851e-9 1.897831639894514e-9 2.460725851426041e-9 3.5021305680355706e-9
1.8151473769366497 3.4639503776104496e-9 4.2452161309868115e-9 -7.960327828967821e-10 8.949540822133346e-9 9.819079545408367e-9 -6.516562638129137e-10 -1.0607368511025064e-10 -6.21798021415324e-11 7.051397142120928e-12 9.72766186951563e-11 1.309214608602417e-10 1.6321449907428492e-10 2.1097351488202837e-10 2.8779205019931266e-10 4.0562334699141877e-10 5.523829313661667e-10 8.120469267306597e-10 1.2733294030908443e-9 1.8501544187198943e-9 2.4287086831419127e-9 3.4639504227209598e-9
1.818309654596818 3.423623943513892e-9 4.1792096258925676e-9 -5.289678159568862e-10 8.74614347057225e-9 9.354663468185838e-9 -6.070294195999063e-10 -1.0980839702353606e-10 -6.061480894528004e-11 8.345738231852498e-12 9.23632227964718e-11 1.2303685130332283e-10 1.534807745999497e-10 1.9946915159607086e-10 2.732316984181554e-10 3.8584945103883943e-10 5.273083869814732e-10 7.781292238393633e-10 1.2267744928066369e-9 1.8022471699533223e-9 2.394716179702659e-9 3.4236239910304863e-9
1.8214719322569863 3.381282068626376e-9 4.114189163700341e-9 -2.7954319335857703e-10 8.542506813717483e-9 8.912231366958472e-9 -5.648866528240829e-10 -1.1268646912504117e-10 -5.891632228456825e-11 9.501193308845409e-12 8.766787499233856e-11 1.155876278464351e-10 1.442739602686911e-10 1.8851503642152068e-10 2.592990537510318e-10 3.668888564870827e-10 5.031134827312596e-10 7.451873671746564e-10 1.181218034052627e-9 1.754216786480904e-9 2.358908643217551e-9 3.3812821174810345e-9
1.8246342099171546 3.33705426913046e-9 4.049984120761127e-9 -4.7048134280412306e-11 8.339012975119852e-9 8.490745046595992e-9 -5.251032262483098e-10 -1.1478183099444793e-10 -5.710604090137143e-11 1.0526081599779445e-11 8.31821947323498e-11 1.0855208931455894e-10 1.3556909085102025e-10 1.7809015512493443e-10 2.459743194157988e-10 3.4871737936315124e-10 4.797842608332596e-10 7.132219737673829e-10 1.1366795145233145e-9 1.7061641737832497e-9 2.321442482762831e-9 3.3370543181385942e-9
1.8277964875773232 3.2910685654753174e-9 3.9864433327124355e-9 1.6921516860470813e-10 8.136014821168395e-9 8.089214459936342e-9 -4.875604837908894e-10 -1.1616436789698828e-10 -5.520405069135264e-11 1.1428423885428504e-11 7.889810342496526e-11 1.0190949506440376e-10 1.2734215975164711e-10 1.681739270796446e-10 2.332378221444859e-10 3.3131099526246053e-10 4.5730574746071737e-10 6.822313133287684e-10 1.093175541162791e-9 1.6581843454859204e-9 2.2824699734969163e-9 3.291068613402207e-9
1.8309587652374915 3.2434513150808513e-9 3.923433882775991e-9 3.699309103549592e-10 7.93383756597026e-9 7.706695562613914e-9 -4.5214556191957545e-10 -1.1690002942764668e-10 -5.3228881639758954e-11 1.2215944949856652e-11 7.480780967528618e-11 9.5640027373747e-11 1.1957009573644835e-10 1.587462250039059e-10 2.210700537465863e-10 3.1464587611828085e-10 4.3566206588932775e-10 6.522114731745439e-10 1.050719918416401e-9 1.6103665289897758e-9 2.242139044827355e-9 3.243451360710515e-9
1.8341210428976598 3.1943270465749883e-9 3.860839925257374e-9 5.557691098106796e-10 7.732780302899716e-9 7.34228825809839e-9 -4.187511120641305e-10 -1.1705094292844524e-10 -5.1197567553175935e-11 1.2896076204874844e-11 7.090379570514743e-11 8.972475520486573e-11 1.1223073939492327e-10 1.497873917087752e-10 2.0945170890448053e-10 2.986984246437504e-10 4.1483654404729856e-10 6.231565184060328e-10 1.0093237344628442e-9 1.5627942804726253e-9 2.200593096416137e-9 3.194327088777375e-9
1.837283320557828 3.143818297013849e-9 3.798561545479866e-9 7.273851165004576e-10 7.533117465578243e-9 6.9951344293864645e-9 -3.872750340055694e-10 -1.166755309021377e-10 -4.9125707943934e-11 1.3475958533050778e-11 6.717880485823114e-11 8.414559928729724e-11 1.0530281940404695e-10 1.4127825405488673e-10 1.983637193842194e-10 2.8344530644152854e-10 3.9481181653519477e-10 5.950586471507606e-10 9.68995454330118e-10 1.5155456085363727e-9 2.157970840801068e-9 3.1438183348063435e-9
1.8404455982179968 3.092045453382846e-9 3.7365136571770296e-9 8.854191845574426e-10 7.335100220979753e-9 6.664416053917128e-9 -3.576202201545103e-10 -1.1582863168781153e-10 -4.7027531480498265e-11 1.3962445383754073e-11 6.362583009922365e-11 7.888529846773512e-11 9.876592865604133e-11 1.3320013430988543e-10 1.8778728484222715e-10 2.6886347978945077e-10 3.755699211958342e-10 5.679083406944633e-10 9.297410188602934e-10 1.4686931057630583e-9 2.114406171405074e-9 3.09204548598249e-9
1.843607875878165 3.0391265995316576e-9 3.674624938173412e-9 1.0304961099282972e-9 7.138957797285052e-9 6.349353398410222e-9 -3.296943105904541e-10 -1.1456162270668582e-10 -4.491596047120775e-11 1.4362106148486649e-11 6.02381034218895e-11 7.392737727732185e-11 9.260050030919823e-11 1.2553485909074538e-10 1.7770390040525927e-10 2.54930223122563e-10 3.5709239032677915e-10 5.416945083648533e-10 8.915639485488213e-10 1.422304087437427e-9 2.070028054703508e-9 3.039126626395067e-9
1.8467701535383334 2.9851773695569524e-9 3.6128368049966928e-9 1.16322492728051e-9 6.944898749039993e-9 6.04920329044891e-9 -3.034094586977672e-10 -1.1292254562859417e-10 -4.280267589998067e-11 1.4681229834224395e-11 5.70090860866465e-11 6.925611466895572e-11 8.678778381755912e-11 1.1826476606764364e-10 1.6809538119737668e-10 2.4162316024255133e-10 3.3936033663920324e-10 5.164046270545852e-10 8.544654513440366e-10 1.3764407366935943e-9 2.024960445320314e-9 2.9851773904056766e-9
1.8499324311985017 2.9303108085144313e-9 3.5511024268906865e-9 1.284198663136865e-9 6.753112162101117e-9 5.7632574637472804e-9 -2.786821072028163e-10 -1.1095623285170823e-10 -4.069818258124356e-11 1.492582904651735e-11 5.393245961340933e-11 6.485651387941342e-11 8.130982099176122e-11 1.1137270859846719e-10 1.5894388398382259e-10 2.2892028329502644e-10 3.223545340770452e-10 4.920248752968869e-10 8.18444533552076e-10 1.3311602553475604e-9 1.9793222228289e-9 2.93031082334441e-9
1.8530947088586702 2.8746372412157438e-9 3.4893857795341396e-9 1.3939941418868074e-9 6.563768800783319e-9 5.490840974157065e-9 -2.5543277438949125e-10 -1.0870443472960516e-10 -3.861187404729278e-11 1.510164428789794e-11 5.100211746063248e-11 6.071427337324466e-11 7.614942214010685e-11 1.0484205845553343e-10 1.5023192609750758e-10 2.1679997356345984e-10 3.060554936192631e-10 4.685402618319594e-10 7.834981130502487e-10 1.2865150196860076e-9 1.9332271490408513e-9 2.8746372502904635e-9
1.8562569865188385 2.8182641497469814e-9 3.427660738616883e-9 1.4931718414430206e-9 6.377022199552223e-9 5.23131068357949e-9 -2.335858502466347e-10 -1.0620594702037043e-10 -3.655209682444926e-11 1.5214148571454316e-11 4.821215732614785e-11 5.681575882732664e-11 7.129014233553806e-11 9.865670679858025e-11 1.4194240180934416e-10 2.0524102013570394e-10 2.9044353419602554e-10 4.4593474862570527e-10 7.49621134068927e-10 1.2425527404944425e-9 1.88678384457686e-9 2.8182641535749388e-9
1.8594192641790068 2.7612960602327812e-9 3.365910213281184e-9 1.5822757954296101e-9 6.1930097015344815e-9 4.98405380905482e-9 -2.130694022816112e-10 -1.0349673807257359e-10 -3.452621379517741e-11 1.5268552344370007e-11 4.555687400996355e-11 5.3147976116892653e-11 6.671625785091257e-11 9.280106354062823e-11 1.3405859629895175e-10 1.9422263650532505e-10 2.7549884885653357e-10 4.2419136832430435e-10 7.168066828575731e-10 1.1993166266234279e-9 1.8400957835276971e-9 2.76129605953075e-9
1.8625815418391751 2.7038344392649488e-9 3.304125319302978e-9 1.661833538902299e-9 6.011853446050206e-9 4.748486534406088e-9 -1.9381499071735434e-10 -1.0061007530171211e-10 -3.25406663811446e-11 1.5269808711893037e-11 4.3030752783451975e-11 4.96985452656065e-11 6.241274280183766e-11 8.72600552461486e-11 1.265641973775763e-10 1.8372447517526542e-10 2.6120156633224e-10 4.032923361490631e-10 6.850461036044977e-10 1.1568455514109925e-9 1.7932613050299692e-9 2.703834434909429e-9
1.8657438194993439 2.6459776003153354e-9 3.242304591763725e-9 1.7323560947153443e-9 5.833661307300668e-9 4.524052681911987e-9 -1.7575749277728735e-10 -9.757665054861769e-11 -3.0601035317842424e-11 1.5222618948256182e-11 4.0628463213401946e-11 4.6455675323940185e-11 5.836524603318672e-11 8.201912169363575e-11 1.1944330510987132e-10 1.7372664033568957e-10 2.4753180814414587e-10 3.8321915625516847e-10 6.543291140324301e-10 1.1151742213008573e-9 1.7463736406005264e-9 2.6459775932852055e-9
1.8689060971595122 2.5878206203609193e-9 3.1804532368497137e-9 1.7943379977601804e-9 5.658527786277011e-9 4.310222441581449e-9 -1.5883493575182166e-10 -9.442470394796727e-11 -2.871209982422426e-11 1.5131438277918953e-11 3.834485339333757e-11 4.340814014176667e-11 5.4560068282419653e-11 7.706421122782529e-11 1.1268043947628661e-10 1.642096986916441e-10 2.3446974140717494e-10 3.6395272259619707e-10 6.246439201425486e-10 1.0743333460202202e-9 1.6995209560953461e-9 2.587820611674814e-9
1.8720683748196805 2.529455266863252e-9 3.1185824223103872e-9 1.8482573544104333e-9 5.486534857887239e-9 4.106491155694101e-9 -1.4298833853231412e-10 -9.118014597027184e-11 -2.6877895001411017e-11 1.500048190774112e-11 3.6174944538146375e-11 4.054525500260188e-11 5.098413964996019e-11 7.238177501986714e-11 1.0626054621254953e-10 1.551546885188967e-10 2.219956274878119e-10 3.4547341435283794e-10 5.959773296286855e-10 1.0343498097069533e-9 1.6527864071826768e-9 2.529455257515473e-9
1.8752306524798488 2.470969935165775e-9 3.0567086060117504e-9 1.8945759346141286e-9 5.317752775231659e-9 3.912378156361037e-9 -1.2816156129289986e-10 -8.786667733480984e-11 -2.5101767322673743e-11 1.483373128852665e-11 3.4113925901657186e-11 3.7856854088428e-11 4.7624997404112815e-11 6.795876034719801e-11 1.0016900095754361e-10 1.4654312702868982e-10 2.100898666738977e-10 3.277611859997235e-10 5.683148635302936e-10 9.95246842403875e-10 1.6062482072468598e-9 2.4709699260645663e-9
1.8783929301400173 2.4124495962996027e-9 2.9948529019333704e-9 1.9337392941792878e-9 5.152240832890578e-9 3.727425653945846e-9 -1.1430116299726826e-10 -8.450590652340497e-11 -2.3386428102762356e-11 1.4634940582744345e-11 3.2157149980146255e-11 3.533326874549632e-11 4.447076414537868e-11 6.378260299838075e-11 9.439161183567408e-11 1.3835701612359175e-10 1.9873303901715704e-10 3.1079565209838926e-10 5.416408657379156e-10 9.570441913667872e-10 1.559979706667227e-9 2.4124495882114605e-9
1.8815552078001856 2.353975755122103e-9 2.9330404828788356e-9 1.9661769249009817e-9 4.99004809102298e-9 3.551197674269545e-9 -1.013562664059546e-10 -8.111746465606332e-11 -2.173400485838458e-11 1.4407643314033832e-11 3.030012796807845e-11 3.2965306522914026e-11 4.1510126352529264e-11 5.98412189019998e-11 8.891462059458308e-11 1.305788466278267e-10 1.8790594151023633e-10 2.945561669171141e-10 5.159386100079796e-10 9.197582916633319e-10 1.5140494824468186e-9 2.3539757486253582e-9
1.884717485460354 2.2956264186520224e-9 2.871300019098563e-9 1.9923024302785217e-9 4.831214062011014e-9 3.3832790426024556e-9 -8.927843026022877e-11 -7.771911751909932e-11 -2.0146090493212325e-11 1.4155159173295705e-11 2.8538525435471926e-11 3.0744230957168486e-11 3.8732313330483556e-11 5.612299507274452e-11 8.372470241390846e-11 1.231916010758312e-10 1.7758962176043555e-10 2.7902189899002045e-10 4.911904041847318e-10 8.834024355706566e-10 1.4685214371971953e-9 2.2956264141023764e-9
1.8878797631205222 2.2374760744105813e-9 2.8096631519612537e-9 2.012513724669187e-9 4.675769361322099e-9 3.2232744125241038e-9 -7.802152832045347e-11 -7.43268745644093e-11 -1.862379026047291e-11 1.3880600955850074e-11 2.686815819926776e-11 2.8661742077114276e-11 3.6127076577713e-11 5.2616779961932054e-11 7.880896449557822e-11 1.161787551429242e-10 1.6776540832217627e-10 2.6417190073802855e-10 4.673776913662268e-10 8.479869403116014e-10 1.4234549065190381e-9 2.2374760719205083e-9
1.891042040780691 2.1795956785287344e-9 2.7481640017543258e-9 2.0271932538206907e-9 4.523736324198589e-9 3.0708073378055202e-9 -6.754163494016447e-11 -7.095509472518867e-11 -1.7167766473811168e-11 1.358688160414721e-11 2.5284988364071865e-11 2.6709957605208965e-11 3.368466958896376e-11 4.9311873294390695e-11 7.415494354111244e-11 1.095242778015971e-10 1.5841493784950834e-10 2.499851732835205e-10 4.444811477881758e-10 8.1351931370107e-10 1.3789047738523127e-9 2.1795956779618232e-9
1.8942043184408592 2.1220526533374733e-9 2.6868387086456337e-9 2.0367082348180478e-9 4.375129589725497e-9 2.9255193855406805e-9 -5.7796916861740626e-11 -6.761658891838396e-11 -1.5778280953170174e-11 1.3276721330750346e-11 2.3785120510224453e-11 2.488139483207636e-11 3.1395828106968934e-11 4.619801546814648e-11 6.97506022163602e-11 1.032126302861336e-10 1.495201792287165e-10 2.3644072659836346e-10 4.224807772342641e-10 7.800044173062592e-10 1.3349215919054695e-9 2.1220526543178883e-9
1.8973665961010275 2.06491089411951e-9 2.625725005796905e-9 2.041410913571529e-9 4.229956653766825e-9 2.7870692888221555e-9 -4.874753092510192e-11 -6.432271912781094e-11 -1.4455235206614542e-11 1.2952654796984415e-11 2.236479800993016e-11 2.3168953142644077e-11 2.925175083509023e-11 4.326537658834224e-11 6.55843246991508e-11 9.722876394720431e-11 1.410634548492842e-10 2.2351763513190479e-10 4.013560018144707e-10 7.474446267565535e-10 1.2915517098094814e-9 2.0649108960558336e-9
1.9005288737611958 2.0082307846675452e-9 2.5648618235844677e-9 2.0416388380613366e-9 4.088218392204383e-9 2.655132137322759e-9 -4.035552738761454e-11 -6.10834939839667e-11 -1.31982083618278e-11 1.2617038323305623e-11 2.102039945453486e-11 2.1565897173307172e-11 2.724408062102721e-11 4.050454520197037e-11 6.164491140051403e-11 9.15581170766633e-11 1.3302745916926312e-10 2.1119508907124052e-10 3.8108574898349575e-10 7.15839988870607e-10 1.2488374051794733e-9 2.008230786789443e-9
1.9036911514213641 1.9520692212655132e-9 2.5042889238536955e-9 2.0377151456410965e-9 3.949909555856269e-9 2.529398604208698e-9 -3.258475856083753e-11 -5.7907660777249364e-11 -1.2006492872213005e-11 1.227205710855764e-11 1.9748435178417014e-11 2.006584058060442e-11 2.5364886120108098e-11 3.790651679528706e-11 5.792157294537834e-11 8.618661078108623e-11 1.2539527472850326e-10 1.9945244139080603e-10 3.6164853470030024e-10 6.851883752995153e-10 1.2068170203044558e-9 1.9520692226709026e-9
1.9068534290815327 1.8964796446850514e-9 2.4440465631106045e-9 2.029948862786632e-9 3.81501923839834e-9 2.4095742078709185e-9 -2.5400792477903378e-11 -5.480279386058204e-11 -1.0879128032488655e-11 1.1919732436249268e-11 1.8545543867076408e-11 1.8662730402955047e-11 2.3606643945106583e-11 3.5462682111299895e-11 5.440392349398947e-11 8.11006439806604e-11 1.1815038576009291e-10 1.882692508520399e-10 3.430225426562778e-10 6.554856324157497e-10 1.1655251017235874e-9 1.8964796443948653e-9
1.910015706741701 1.8415120797697633e-9 2.3841751835362744e-9 2.018635215758338e-9 3.683531318557947e-9 2.295378607020664e-9 -1.8770831314254864e-11 -5.177537941535783e-11 -9.814931347289683e-12 1.1561928847274952e-11 1.7408489239010172e-11 1.7350831997923107e-11 2.1962221308074963e-11 3.316481534051523e-11 5.1081973480744365e-11 7.628708760791509e-11 1.1127668954706496e-10 1.7762532111672236e-10 3.2518569952446893e-10 6.267257272077151e-10 1.1249925424856335e-9 1.841512076786999e-9
1.9131779844018693 1.7872131821636455e-9 2.324715130697446e-9 2.004055950725236e-9 3.5554248777980534e-9 2.1865449277519874e-9 -1.2663634293725398e-11 -4.883089657121945e-11 -8.812527803869753e-12 1.120036125971639e-11 1.6334156792712418e-11 1.6124714538313467e-11 2.0424859158187574e-11 3.100506223386404e-11 4.794612184270766e-11 7.173327807842676e-11 1.0475850566771251e-10 1.6750073613945317e-10 3.0811574620503163e-10 5.98900888969007e-10 1.085246726426525e-9 1.7872131755331573e-9
1.9163402620620376 1.7336262917283566e-9 2.2657063968189398e-9 1.986479661976179e-9 3.4306745946600217e-9 2.0828191212285752e-9 -7.049444821818649e-12 -4.5973894885545685e-11 -7.87037710639202e-12 1.0836602017625478e-11 1.5319550611768955e-11 1.4979237051166845e-11 1.8988155818293072e-11 2.897592818296538e-11 4.4987147805725214e-11 6.742701010318016e-11 9.858058326888105e-11 1.5787589200583804e-10 2.917903050631256e-10 5.720017465999426e-10 1.0463116738381713e-9 1.7336262805938713e-9
1.9195025397222063 1.6807914921851181e-9 2.2071883884805823e-9 1.966162126918797e-9 3.3092511168838e-9 1.9839593507045602e-9 -1.899921598096578e-12 -4.3208068202495056e-11 -6.986798934806446e-12 1.0472087852019953e-11 1.4361790222426455e-11 1.390953498437936e-11 1.7646051121512328e-11 2.7070266308911115e-11 4.2196202291802603e-11 6.335652890961456e-11 9.272810650247747e-11 1.4873152538327296e-10 2.7618694317460894e-10 5.460174613662956e-10 1.008208187939579e-9 1.6807914758401514e-9
1.9226648173823746 1.62874567651196e-9 2.1491997176024054e-9 1.9433466466396235e-9 3.1911214123777223e-9 1.889735406639653e-9 2.8119265299408384e-12 -4.053632492448701e-11 -6.159996295936446e-12 1.0108126738498448e-11 1.345810749919203e-11 1.2911007286192332e-11 1.6392811047947516e-11 2.52812655972887e-11 3.956479900732341e-11 5.951052193566793e-11 8.718669825595842e-11 1.4004873875078082e-10 2.612832316123238e-10 5.209358549864838e-10 9.709540015990099e-10 1.628745654441715e-9
1.925827095042543 1.5775226176248034e-9 2.09177801458709e-9 1.9182643908694957e-9 3.076249100064131e-9 1.7999281487171492e-9 7.111802198585784e-12 -3.796085474057586e-11 -5.3880770380599735e-12 9.745904637195979e-12 1.2605843615082238e-11 1.1979303983278197e-11 1.5223012860311836e-11 2.3602439113537835e-11 3.7084805267646466e-11 5.58781100583202e-11 8.194242230305477e-11 1.318090225733172e-10 2.470568008215615e-10 4.96743532943708e-10 9.34563923792893e-10 1.5775225895367111e-9
1.9289893727027112 1.5271530438713657e-9 2.034959762497275e-9 1.8911347462666573e-9 2.964594761582976e-9 1.714328973620073e-9 1.102417786166323e-11 -3.548319186690147e-11 -4.669073603399467e-12 9.386492101875153e-12 1.1802446033953577e-11 1.1110314243489486e-11 1.4131530736127723e-11 2.2027612329469206e-11 3.4748432609726483e-11 5.2448838415205995e-11 7.698178399623878e-11 1.23994274584247e-10 2.3348539214744336e-10 4.734260029435433e-10 8.990499853239653e-10 1.527153009712614e-9
1.9321516503628797 1.477664718870288e-9 1.978780151157431e-9 1.8621656669961812e-9 2.856116234792328e-9 1.6327393074653194e-9 1.4572351031947384e-11 -3.310427486385157e-11 -4.000961095128864e-12 9.030850746150563e-12 1.1045465543043346e-11 1.030015490960713e-11 1.3113521892941322e-11 2.0550911588564518e-11 3.254822724063133e-11 4.9212666874998914e-11 7.229172961765911e-11 1.1658681633753217e-10 2.205469055895644e-10 4.5096778846023123e-10 8.644215833566685e-10 1.477664678831489e-9
1.935313928023048 1.4290825252332192e-9 1.9232729500851787e-9 1.8315540266482113e-9 2.7507688899638334e-9 1.5549701218386231e-9 1.7778496625219425e-11 -3.082450310311139e-11 -3.3816737372376963e-12 8.679839555863427e-12 1.0332553324357228e-11 9.545159490633289e-12 1.2164413201932525e-11 1.9166752734625328e-11 3.0477060366167076e-11 4.6159960209223124e-11 6.785964450036619e-11 1.0956940718840936e-10 2.0821944387046584e-10 4.293525373365184e-10 8.306856243630691e-10 1.429082479738176e-9
1.9384762056832163 1.3814285517154361e-9 1.868470399174636e-9 1.799485970599308e-9 2.6485058895309246e-9 1.4808414724144006e-9 2.0663716591367976e-11 -2.8643789965240676e-11 -2.8091198066002348e-12 8.334221037655884e-12 9.661458063921059e-12 8.841867597283706e-12 1.127988828421495e-11 1.786982992540575e-11 2.8528118440291153e-11 4.3281478015272984e-11 6.367335002672142e-11 1.0292525585821925e-10 1.9648135291422564e-10 4.085631254220301e-10 7.978466651065771e-10 1.3814285013977996e-9
1.9416384833433846 1.33472218335011e-9 1.8144031160750264e-9 1.7661372679807796e-9 2.5492784322092124e-9 1.410182059184331e-9 2.3248087006432096e-11 -2.656161285494733e-11 -2.28119511714554e-12 7.994667194807958e-12 9.030023098211342e-12 8.187014808432302e-12 1.045587508315321e-11 1.6655104650207484e-11 2.669489337262008e-11 4.056836443737088e-11 5.972109960594668e-11 9.663802973552412e-11 1.8531125883999531e-10 3.8858175525426475e-10 7.659070513239264e-10 1.3347221290184661e-9
1.9448007610035534 1.2889801941327278e-9 1.7611000192301409e-9 1.7316736624752582e-9 2.4530359822711703e-9 1.3428288073564822e-9 2.5550702789289546e-11 -2.4577060126837413e-11 -1.7957951359945413e-12 7.661765322318448e-12 8.436183597247603e-12 7.577522955328064e-12 9.688533905089227e-12 1.5517794967703048e-11 2.497117272805559e-11 3.801213772934332e-11 5.5991573727851603e-11 9.069186206179874e-11 1.7468810158251915e-10 3.6939004980381237e-10 7.34867053798076e-10 1.2889801367263136e-9
1.9479630386637217 1.2442168418348225e-9 1.7085882655690552e-9 1.6962512212182113e-9 2.359726484721936e-9 1.278626468023637e-9 2.7589720196669734e-11 -2.268887501911736e-11 -1.3508258109682752e-12 7.336023614176054e-12 7.877963783967154e-12 7.010490810420784e-12 8.9742459200544e-12 1.4453364977966357e-11 2.3351029949506238e-11 3.5604679700172075e-11 5.24738741848435e-11 8.507135714582461e-11 1.6459116525777273e-10 3.509691413218936e-10 7.047250015456132e-10 1.2442167823725796e-9
1.95112531632389 1.200443964540578e-9 1.656893201864746e-9 1.6600166811341088e-9 2.2692965670878857e-9 1.2174272377345425e-9 2.9382397240513064e-11 -2.0895496696588725e-11 -9.44213187956549e-13 7.017876576697174e-12 7.353474189566475e-12 6.483185167708837e-12 8.30960211324828e-12 1.3457514540313792e-11 2.1828814631656688e-11 3.333822508045694e-11 4.915751754954282e-11 7.976159374657795e-11 1.550001053968468e-10 3.332997553432921e-10 6.754774118722873e-10 1.200443904066614e-9
1.9542875939840583 1.1576710785148769e-9 1.6060383288053944e-9 1.6231077920884322e-9 2.1816917284976483e-9 1.1590903961361938e-9 3.094513216234108e-11 -1.919509850734032e-11 -5.739118953342794e-13 6.707690242741334e-12 6.860908944574746e-12 5.9930323015480185e-12 7.69139267747424e-12 1.2526169246545469e-11 2.039914287104753e-11 3.1205350845208735e-11 4.603242799054768e-11 7.474812675982118e-11 1.458949731752211e-10 3.1636228991172747e-10 6.471191170788834e-10 1.1576710180435539e-9
1.9574498716442268 1.1159054770276452e-9 1.5560452768521117e-9 1.5856536562855924e-9 2.0968565167025623e-9 1.1034819608875843e-9 3.229350009033302e-11 -1.758562355982492e-11 -2.379125709658219e-13 6.405767182548048e-12 6.3985431054735794e-12 5.537609791018707e-12 7.116596836108308e-12 1.1655470657279987e-11 1.905688771501812e-11 2.9198965525701885e-11 4.308892950422868e-11 7.001698733889731e-11 1.3725623676758005e-10 3.001368901071964e-10 6.19643387627274e-10 1.1159054174914883e-9
1.960612149304395 1.0751523297764588e-9 1.5069337929874358e-9 1.5477750633901705e-9 2.0147346936539344e-9 1.0504743590773172e-9 3.3442287996235636e-11 -1.6064817728601017e-11 6.575169466461102e-14 6.112351307929885e-12 5.964730016755134e-12 5.114638697022254e-12 6.582373085785323e-12 1.0841766807251161e-11 1.779716972967801e-11 2.7312298540581435e-11 4.0317737635932663e-11 6.555468157539594e-11 1.2906479996055033e-10 2.8460351796627906e-10 5.930420516027104e-10 1.0751522719798673e-9
1.9637744269645634 1.0354147825667347e-9 1.4587217374899866e-9 1.5095848208939666e-9 1.9352693902248422e-9 9.999461144076382e-10 3.4405528061079725e-11 -1.4630260197907208e-11 3.3899982791114374e-13 5.827632467513983e-12 5.557898708422595e-12 4.721976079533215e-12 6.086049847601883e-12 1.0081602983993634e-11 1.6615347704760673e-11 2.5538889573948078e-11 3.770995075952673e-11 6.134818786045732e-11 1.213020181570565e-10 2.697420178966115e-10 5.673056103334376e-10 1.0354147271480817e-9
1.9669367046247317 9.96694056927221e-10 1.411425089903009e-9 1.4711880792947879e-9 1.8584032506367373e-9 9.51781549437034e-10 3.519652955095798e-11 -1.3279391652551989e-11 5.836980852147678e-13 5.551750831722228e-12 5.176551329064784e-12 4.357607842649387e-12 5.6251165154368165e-12 9.371712782852188e-12 1.550700951109613e-11 2.3872578025807682e-11 3.525704097996829e-11 5.7384953042488225e-11 1.1394971190667197e-10 2.5553217769585727e-10 5.424233500525759e-10 9.966940043313996e-10
1.9700989822849004 9.589895493566953e-10 1.3650579633967188e-9 1.4326826516942223e-9 1.7840785671243146e-9 9.058705022019648e-10 3.5827909296806196e-11 -1.200954022532694e-11 8.016561440821837e-13 5.2848010671918125e-12 4.8192606148230796e-12 4.019641895408062e-12 5.197214889845342e-12 8.70900944009459e-12 1.4467963124525215e-11 2.2307492558057327e-11 3.295084471943251e-11 5.3652887492092043e-11 1.0699017809627547e-10 2.419537852934914e-10 5.183834495096445e-10 9.589894998195198e-10
1.9732612599450687 9.222989299166265e-10 1.3196326267577542e-9 1.3941593274612336e-9 1.712237405346854e-9 8.621080565655976e-10 3.631162086531255e-11 -1.081794530936804e-11 9.946239085454344e-13 5.026836301335951e-12 4.484667394783761e-12 3.7063016166891906e-12 4.80013098594556e-12 8.090577444774731e-12 1.3494227828249726e-11 2.083804075704977e-11 3.0783553043559336e-11 5.0140359179985436e-11 1.0040619893464672e-10 2.289866813406978e-10 4.95173083460464e-10 9.222988834617843e-10
1.976423537605237 8.866182399031598e-10 1.2751595332719435e-9 1.355702179646198e-9 1.6428217210296921e-9 8.203942856678633e-10 3.665898250159569e-11 -9.701779342662033e-12 1.1642889688814126e-12 4.777871878729024e-12 4.1714781335631866e-12 3.4159196129563767e-12 4.431787203753178e-12 7.513664429116816e-12 1.2582025604025731e-11 1.945889893181245e-11 2.8747701780553296e-11 4.683618686869719e-11 9.418104886341827e-11 2.166108077796459e-10 4.72778521984081e-10 8.866181963516558e-10
1.9795858152654053 8.519419883507259e-10 1.2316473558003794e-9 1.3173888658660924e-9 1.5757734682967935e-9 7.806340078770049e-10 3.6880703918331914e-11 -8.658167670269653e-12 1.3122746583861894e-12 4.537888911986332e-12 3.878462512137821e-12 3.146931758020154e-12 4.090234849575795e-12 6.975673336345002e-12 1.172777272108817e-11 1.8165002065103273e-11 2.683616148215926e-11 4.372963251386412e-11 8.829849952505804e-11 2.0480625252846056e-10 4.5118522559430414e-10 8.519419473420411e-10
1.9827480929255736 8.182632471381261e-10 1.1891030273817449e-9 1.27929092241571e-9 1.511034700133055e-9 7.427365546671991e-10 3.698691200031763e-11 -7.684206587867567e-12 1.440138653106427e-12 4.306837630683082e-12 3.6044510482266405e-12 2.8978715044855227e-12 3.773646997208941e-12 6.4741548642285185e-12 1.0928071530372505e-11 1.6951533932734523e-11 2.5042127272042564e-11 4.0810392966029204e-11 8.274282291635605e-11 1.9355329042225266e-10 4.3037793613085756e-10 8.182632081616363e-10
1.9859103705857422 7.855737444865053e-10 1.1475317867274518e-9 1.2414740513924625e-9 1.4485476613939828e-9 7.066155498707999e-10 3.6987175488251936e-11 -6.776979667939315e-12 1.5493720635134623e-12 4.084640532771954e-12 3.3483327578150317e-12 2.6673644570564147e-12 3.480311677932173e-12 6.00680018201571e-12 1.0179702470351598e-11 1.5813917404927875e-11 2.3359108623657966e-11 3.8068591058946853e-11 7.749879285325799e-11 1.8283242055391995e-10 4.10340763431634e-10 7.855737069211289e-10
1.9890726482459105 7.538639566568298e-10 1.10693722800889e-9 1.2039984006532885e-9 1.3882548747605773e-9 6.721886997768541e-10 3.689052870059207e-11 -5.933572467461563e-12 1.6413989701658746e-12 3.87119534368584e-12 3.109052859651652e-12 2.454123198322918e-12 3.2086253885402026e-12 5.571433917913869e-12 9.479616289704483e-12 1.4747804941916234e-11 2.1780919106490368e-11 3.549476616563539e-11 7.255168486995454e-11 1.7262440016081516e-10 3.910572678026569e-10 7.538639198164326e-10
1.9922349259060788 7.231231976723929e-10 1.0673213543689531e-9 1.1669188364514203e-9 1.3300992200180092e-9 6.393775935695248e-10 3.670549434775092e-11 -5.151085713241035e-12 1.71757635838323e-12 3.666377789016779e-12 2.8856105247637205e-12 2.2569423581624277e-12 2.9570869069217877e-12 5.166007413872502e-12 8.82492649100179e-12 1.3749069294518791e-11 2.0301666136386737e-11 3.307986429862269e-11 6.788727467177163e-11 1.6291027520508216e-10 3.725105383163728e-10 7.23123160854186e-10
1.995397203566247 6.933397069094514e-10 1.0286846346220702e-9 1.1302852086286692e-9 1.2740240070186833e-9 6.081075136216897e-10 3.644010548863445e-11 -4.426647058210441e-12 1.7791944098560058e-12 3.4700441872447013e-12 2.6770566731820166e-12 2.074693918294512e-12 2.7242914049321334e-12 4.788592243979725e-12 8.212901998644548e-12 1.2813794419056363e-11 1.8915740762734994e-11 3.0815227826232555e-11 6.349183525788958e-11 1.536714077964962e-10 3.5468326698185627e-10 6.933396694424874e-10
1.9985594812264158 6.64500734416007e-10 9.910260626387724e-10 1.0941426082649684e-9 1.2199730426728495e-9 5.783072551793406e-10 3.6101926675508605e-11 -3.75742149906838e-12 1.8274771118974528e-12 3.2820338694234077e-12 2.4824918201698974e-12 1.9063227439349177e-12 2.5089248485927244e-12 4.437373992494653e-12 7.640960053443518e-12 1.1938266614635034e-11 1.7617807522362932e-11 2.8692584872141067e-11 5.935213282603577e-11 1.448895006068547e-10 3.3755781884218907e-10 6.645006957069344e-10
2.001721758886584 6.365926238355001e-10 9.543432189418955e-10 1.058531617711625e-9 1.1678906922935679e-9 5.499089549923791e-10 3.569807432941896e-11 -3.1406205426207843e-12 1.8635831476791265e-12 3.1021714330730666e-12 2.3010639742550465e-12 1.7508423348351678e-12 2.309758675847785e-12 4.110646287161529e-12 7.10665933538636e-12 1.1118965889599703e-11 1.6402794387283743e-11 2.6704038460986537e-11 5.545542156730534e-11 1.365466184247539e-10 3.21116298065041e-10 6.365925834089396e-10
2.0048840365467524 6.096008928279563e-10 9.186323340718054e-10 1.0234885529580993e-9 1.1177219356070602e-9 5.228479284663435e-10 3.523523638487909e-11 -2.573510205115317e-12 1.8886070333324063e-12 2.9302688377340197e-12 2.1319665893043357e-12 1.6073307882613907e-12 2.1256447423078323e-12 3.806805083155684e-12 6.607693315378079e-12 1.0352557562764933e-11 1.5265882830773078e-11 2.4842055468431824e-11 5.178943745503213e-11 1.2862520699863562e-10 3.053406101020477e-10 6.096008503592293e-10
2.0080463142069207 5.835103108968278e-10 8.83888353307907e-10 9.890456983035974e-10 1.069412417724472e-9 4.97062514927948e-10 3.471969123924184e-11 -2.053417925790389e-12 1.90358047011502e-12 2.7661273497007566e-12 1.9744365727277828e-12 1.4749269666748017e-12 1.9555105255712913e-12 3.5243431927001082e-12 6.1418838360127946e-12 9.635884103903626e-12 1.4202498033738255e-11 2.3099455429812373e-11 4.834239112730598e-11 1.211081093145796e-10 2.9021252000131075e-10 5.835102662352528e-10
2.0112085918670894 5.583049745442956e-10 8.501050023622993e-10 9.552315333255533e-10 1.0229084953568209e-9 4.724939306148273e-10 3.415732603905695e-11 -1.5777384727620918e-12 1.9094738821100093e-12 2.6095393434110155e-12 1.8277523516614968e-12 1.3528268630268278e-12 1.7983545788197526e-12 3.2618450550658337e-12 5.707174920720538e-12 8.965957216888454e-12 1.3208299250922538e-11 2.1469399257365764e-11 4.510295995828824e-11 1.1397857945343238e-10 2.757137069648327e-10 5.583049277258547e-10
2.0143708695272577 5.33968379692206e-10 8.172748536896503e-10 9.220709521557364e-10 9.781572785412607e-10 4.490861290167774e-10 3.355365433283856e-11 -1.143938916282837e-12 1.9071981119546807e-12 2.46028996683042e-12 1.691231998681865e-12 1.2402801566494553e-12 1.6532422244711531e-12 3.017981741379395e-12 5.301626809966719e-12 8.339950167851103e-12 1.2279170354162725e-11 1.994537791200681e-11 4.2060279408946043e-11 1.0722029416948868e-10 2.6182581524953463e-10 5.339683309410188e-10
2.017533147187426 5.104834913190806e-10 7.853893930842605e-10 8.895854750925734e-10 9.351066681335798e-10 4.267856682118724e-10 3.2913833116924515e-11 -7.495627413539604e-13 1.8976062490764366e-12 2.3181586778965736e-12 1.564231418213305e-12 1.1365869527468862e-12 1.5193014787075595e-12 2.7915061883174947e-12 4.923410222522473e-12 7.75519035973692e-12 1.141121056773051e-11 1.852120107172725e-11 3.920393374326795e-11 1.0081736233015381e-10 2.4853050151613363e-10 5.104834410377917e-10
2.0206954248475943 4.878328102766405e-10 7.544390862615915e-10 8.577934525947439e-10 8.937053893097292e-10 4.055415848563961e-10 3.224267929862204e-11 -3.922331686083768e-13 1.8814955667157856e-12 2.1829206588076872e-12 1.4461425943936392e-12 1.041094698473735e-12 1.395719197725395e-12 2.581248654488423e-12 4.57080083920543e-12 7.209152153683009e-12 1.060072540868151e-11 1.7190985834964826e-11 3.652394619145056e-11 9.475433235297326e-11 2.3580947873518056e-10 4.878327590264653e-10
2.0238577025077626 4.659984372612242e-10 7.24413445146598e-10 8.267102617160519e-10 8.539030213069114e-10 3.853052745023663e-10 3.154468559846532e-11 -6.96557493543727e-14 1.8596095457478713e-12 2.0543481145232993e-12 1.3363919006799247e-12 9.531952685178675e-13 1.2817374365467477e-12 2.3861123929707678e-12 4.242174005887747e-12 6.699449936765914e-12 9.84421784315599e-12 1.594914549367656e-11 3.4010768636960205e-11 8.901619777287427e-11 2.236445567635599e-10 4.659983857329876e-10
2.027019980167931 4.4496213392696686e-10 6.953010936154853e-10 7.963484950558082e-10 8.156500236237629e-10 3.6603037793074655e-10 3.0824035911283496e-11 2.203797023462072e-13 1.8326399649421366e-12 1.9322114614809393e-12 1.2344384710231764e-12 8.723222130386507e-13 1.176650011226415e-12 2.2050695332202618e-12 3.935999652008324e-12 6.223831434812795e-12 9.1383796677107e-12 1.47903784074329e-11 3.165527089984601e-11 8.358840106883232e-11 2.1201767970808774e-10 4.4496208290496323e-10
2.0301822578280992 4.247053811381969e-10 6.670898324606388e-10 7.667181423116142e-10 7.788977588879973e-10 3.4767267320205146e-10 3.008462014382488e-11 4.799977806894304e-13 1.801229038854936e-12 1.8162804120889614e-12 1.1397726319716426e-12 7.979481607182041e-13 1.0797992552964182e-12 2.037157165273682e-12 3.650837420293413e-12 5.780171268188054e-12 8.480083123005777e-12 1.370965700657149e-11 2.944872968420008e-11 7.845683587515845e-11 2.0091096019536527e-10 4.2470533145908555e-10
2.0333445354882675 4.052094343685581e-10 6.397667033706448e-10 7.37826764533142e-10 7.43598512589892e-10 3.3018997313938534e-10 2.933004854492426e-11 7.112367053514608e-13 1.7659715860663652e-12 1.7063249601677134e-12 1.0519143946236625e-12 7.295823696315722e-13 9.905729613023105e-13 1.8814736189754272e-12 3.3853320029289617e-12 5.3664647477489916e-12 7.866372745556532e-12 1.2702216949370201e-11 2.738281725327057e-11 7.360784769846504e-11 1.9030671066898978e-10 4.05209386877748e-10
2.0365068131484363 3.8645537626352237e-10 6.133180517385226e-10 7.096796611863698e-10 7.097055098699598e-10 3.135420279715001e-10 2.8563665542650207e-11 9.160480310191637e-13 1.7274172119137474e-12 1.6021162721411514e-12 9.704120049622866e-13 6.66768418590266e-13 9.084014983376917e-13 1.7371749307665438e-12 3.1382086789727977e-12 4.980821907487189e-12 7.294457461746277e-12 1.1763546455273516e-11 2.544958989142726e-11 6.902823325706217e-11 1.8018747183640773e-10 3.8645533177160033e-10
2.0396690908086046 3.6842416639156775e-10 5.877295881313518e-10 6.822800301471145e-10 6.77172929539823e-10 2.976904328757595e-10 2.778856310151893e-11 1.0962967982999636e-12 1.6860724913199305e-12 1.5034274884478738e-12 8.948405507624982e-13 6.090820316189051e-13 8.327550965663777e-13 1.6034714904413754e-12 2.9082690474622595e-12 4.621461769806485e-12 6.761702926939458e-12 1.088937583349308e-11 2.3641476208004114e-11 6.470523855505146e-11 1.705360383883727e-10 3.68424125633264e-10
2.042831368468773 3.5109668821708674e-10 5.629864482736223e-10 6.556291207515889e-10 6.45955915506509e-10 2.8259854017264314e-10 2.7007593611715168e-11 1.253762078055344e-12 1.6424031387112355e-12 1.4100344393953787e-12 8.248006230220685e-13 5.561290282920631e-13 7.631412898746659e-13 1.479624860236381e-12 2.694386950344251e-12 4.286706838857022e-12 6.2656241112840155e-12 1.0075667223753629e-11 2.1951265333986954e-11 6.062655579888321e-11 1.6133548211409891e-10 3.5109665181508156e-10
2.045993646128941 3.344537933353733e-10 5.390732514147982e-10 6.297263800395995e-10 6.160105857619688e-10 2.6823137593484555e-10 2.622338232130765e-11 1.3901378641446254e-12 1.5968361534095095e-12 1.3217162794748569e-12 7.599170296769799e-13 5.075433927641402e-13 6.991025079663022e-13 1.3649447585910649e-12 2.495504579147452e-12 3.974977816917102e-12 5.80387813268846e-12 9.3186045636039e-12 2.037209505862654e-11 5.678031925953973e-11 1.5256917253483806e-10 3.344537617709119e-10
2.04915592378911 3.1847634301646134e-10 5.159741569686327e-10 6.045695923325832e-10 5.872940390915175e-10 2.5455556078497436e-10 2.5438339321692287e-11 1.5070342725127838e-12 1.5497619302588047e-12 1.2382560440401368e-12 6.99837559292374e-13 4.62985454519755e-13 6.402138094840054e-13 1.258786201011046e-12 2.3106287591456844e-12 3.684788538464627e-12 5.3742573364719e-12 8.614583794542932e-12 1.8897439949291062e-11 5.315510017885644e-11 1.442207951777708e-10 3.1847631660831414e-10
2.0523182014492782 3.031452471105419e-10 4.93672919328036e-10 5.801550122953156e-10 5.597643596474946e-10 2.415392346665034e-10 2.4654671095916987e-11 1.6059790074519098e-12 1.50153632658862e-12 1.1594411322160072e-12 6.442317924268769e-13 4.221401741294504e-13 5.860807480391535e-13 1.1605467905915392e-12 2.1388274046942986e-12 3.414741116292825e-12 4.974682620339016e-12 7.960203317227891e-12 1.7521099494290508e-11 4.973990081392003e-11 1.3627436761095682e-10 3.0314522600332806e-10
2.0554804791094465 2.8844150037297936e-10 4.721529407744186e-10 5.564774916350258e-10 5.333806195272022e-10 2.2915198538291742e-10 2.3874391639139e-11 1.6884190587415208e-12 1.4524826779489746e-12 1.0850637199092667e-12 5.927899584550401e-13 3.847155276071776e-13 5.363373633998569e-13 1.0696641509654953e-12 1.9792261394032594e-12 3.163521293846115e-12 4.603197002583679e-12 7.352254704203444e-12 1.62371863049833e-11 4.6524147708827805e-11 1.2871425335848351e-10 2.8844148453531044e-10
2.058642756769615 2.743462162715907e-10 4.513973224148588e-10 5.335305995965918e-10 5.081028794875543e-10 2.1736478070991856e-10 2.30993331601976e-11 1.7557225961858664e-12 1.4028937563334861e-12 1.0149211068816028e-12 5.452218358130561e-13 3.5044098335702383e-13 4.906442905012769e-13 9.856134947091637e-13 1.8310050748810616e-12 2.9298939978137015e-12 4.2579594308166685e-12 6.787713676958906e-12 1.504011441022212e-11 4.3497684278573853e-11 1.2152517381313345e-10 2.743462055039127e-10
2.061805034429783 2.6084065834306856e-10 4.3138891309369034e-10 5.113067374164073e-10 4.838921879223322e-10 2.0614990389516923e-10 2.2331156373166032e-11 1.809181030800048e-12 1.3530336658518532e-12 9.488160019642002e-13 5.012556938594935e-13 3.190660661101878e-13 4.4868697939099145e-13 9.07905320543403e-13 1.6933957418997902e-12 2.712699084981323e-12 3.93723882797866e-12 6.263731352617247e-12 1.3924587673101782e-11 4.0650762785331087e-11 1.1469221826172653e-10 2.608406522945216e-10
2.064967312089952 2.4790626916898215e-10 4.1211035623776465e-10 4.897972469006442e-10 4.6071057822208736e-10 1.9548089236929187e-10 2.1571360387718536e-11 1.8500112145702836e-12 1.303139671988889e-12 8.865567506378902e-13 4.606372748347602e-13 2.9035900273338366e-13 4.101740197188795e-13 8.360832330410072e-13 1.5656781680252904e-12 2.5108472773409607e-12 3.639408371992871e-12 5.777625764212211e-12 1.2885588357062573e-11 3.797403578296325e-11 1.0820085213594055e-10 2.4790626736209534e-10
2.06812958975012 2.355246970448994e-10 3.9354413460622024e-10 4.68992513296664e-10 4.385210646310308e-10 1.8533247950083797e-10 2.0821292207205375e-11 1.8793577532438244e-12 1.2534239616909996e-12 8.279575093629536e-13 4.231288147082953e-13 2.641054452610524e-13 3.748355638639246e-13 7.697218789256751e-13 1.4471780959614686e-12 2.323316279529112e-12 3.3629400050488538e-12 5.326873657295476e-12 1.1918365865624818e-11 3.5458547101310226e-11 1.0203692359879913e-10 2.355246989065107e-10
2.0712918674102885 2.2367782041880832e-10 3.756726129264995e-10 4.4888206262811543e-10 4.172876367096976e-10 1.7568053923646895e-10 2.0082155843451388e-11 1.898295409050338e-12 1.2040753325282004e-12 7.728383711908685e-13 3.8850810203011846e-13 2.401072669973536e-13 3.4242184330117987e-13 7.084249944539372e-13 1.3372643371252752e-12 2.1491470727605098e-12 3.106399168250374e-12 4.9091025645105546e-12 1.1018425677433111e-11 3.3095722437539246e-11 9.618666857426516e-11 2.2367782531527883e-10
2.074454145070457 2.123477701771735e-10 3.5847807840833195e-10 4.2945465366609496e-10 3.9697525250730623e-10 1.6650203347587522e-10 1.9355021057439344e-11 1.9078315725360863e-12 1.1552608100991567e-12 7.210254473030157e-13 3.565675742144996e-13 2.181814280081316e-13 3.1270177330069257e-13 6.518235587738869e-13 1.235346255243733e-12 1.98744037956873e-12 2.868439757134463e-12 4.522083158776444e-12 1.0181518495828168e-11 3.087735961775428e-11 9.063671432444771e-11 2.123477774517652e-10
2.077616422730625 2.0151694985866555e-10 3.419427791367426e-10 4.1069836470972035e-10 3.775498305427421e-10 1.5777496203886846e-10 1.8640831735190595e-11 1.908908784838164e-12 1.1071271936296777e-12 6.723509092041518e-13 3.271134509649593e-13 1.9815890676873255e-13 2.8546164150813184e-13 5.995740485496336e-13 1.1408713750383574e-12 1.8373532938127443e-12 2.6477992933964072e-12 4.1637218848156376e-12 9.403629629834086e-12 2.879561858804808e-11 8.537408167583313e-11 2.0151695886887867e-10
2.0807787003907934 1.9116805387698296e-10 3.260489603536018e-10 3.9260067534995683e-10 3.58978240688419e-10 1.4947831508959907e-10 1.794041390830637e-11 1.902407293697797e-12 1.0598025303920031e-12 6.266529963000403e-13 2.9996490478841247e-13 1.7988369513088602e-13 2.605038763818043e-13 5.513567895003727e-13 1.0533231113446593e-12 1.6980960705789e-12 2.4432943080133698e-12 3.8320538679262255e-12 8.680968621264254e-12 2.6843011190275546e-11 8.038618599277719e-11 1.911680640297063e-10
2.0839409780509617 1.812840838350639e-10 3.1077889864501296e-10 3.751485433907554e-10 3.4122829404695835e-10 1.4159202789002743e-10 1.7254483428736253e-11 1.8891476283302616e-12 1.013397520119239e-12 5.837759935431216e-13 2.7495326871487246e-13 1.6321185411774937e-13 2.3764589183031817e-13 5.068744008352518e-13 9.722186142672232e-13 1.5689290707615426e-12 2.2538159308325437e-12 3.5252360981391362e-12 8.00995913057894e-12 2.5012390774064686e-11 7.566083699318128e-11 1.8128409461757438e-10
2.08710325571113 1.7184836301360505e-10 2.96114934058957e-10 3.583284771011561e-10 3.2426873190625565e-10 1.3409693776162507e-10 1.6583653307405762e-11 1.8698931798939527e-12 9.680068509994755e-13 5.435701836848481e-13 2.519212814447776e-13 1.4801062832589793e-13 2.1671900470787186e-13 4.658503288476033e-13 8.971067262073457e-13 1.4491598552631543e-12 2.0783256815843537e-12 3.2415408871842444e-12 7.387229092172498e-12 2.329694169290363e-11 7.118623749788609e-11 1.7184837401874186e-10
2.0902655333712987 1.628445491170094e-10 2.8203950018395844e-10 3.421266029711507e-10 3.0806921385443733e-10 1.2697474314068306e-10 1.5928440726340815e-11 1.845352775779531e-12 9.237104691317893e-13 5.058917784606732e-13 2.307223701675315e-13 1.3415761691818593e-13 1.9756742207069906e-13 4.280274661553921e-13 8.275660467802232e-13 1.3381404238781068e-12 1.9158514571612493e-12 2.979349595026976e-12 6.809601147921667e-12 2.169016872859009e-11 6.695098120182671e-11 1.628445600612323e-10
2.093427811031467 1.5425664535982978e-10 2.6853515222528107e-10 3.2652872914308554e-10 2.926003051322143e-10 1.2020796461872376e-10 1.528927373386434e-11 1.8161832372321608e-12 8.805747834914479e-13 4.706028327385348e-13 2.112199712321643e-13 1.2153999930512596e-13 1.8004729527468322e-13 3.93166853257706e-13 7.63203101807284e-13 1.2352645940301642e-12 1.7654837098956446e-12 2.7371466221120192e-12 6.274083366081706e-12 2.0185886484901276e-11 6.294404955146884e-11 1.5425665609331673e-10
2.0965900886916353 1.460690099763471e-10 2.555845931202658e-10 3.1152040468862577e-10 2.7783346329624564e-10 1.1377990786521211e-10 1.4666497632321576e-11 1.782991910972919e-12 8.386538085307707e-13 4.3757114529283384e-13 1.9328688872038024e-13 1.1005381367029688e-13 1.6402583811064155e-13 3.610464591758518e-13 7.03650612660111e-13 1.1399655146084578e-12 1.6263718114486214e-12 2.513513662862107e-12 5.777860250975611e-12 1.877820878800059e-11 5.9154807809423e-11 1.4606902048477323e-10
2.0997523663518036 1.3826636423528897e-10 2.43170697738928e-10 2.97086974899539e-10 2.6374102426344326e-10 1.0767462833518034e-10 1.406038106759498e-11 1.7463391664832605e-12 7.979902465021014e-13 4.0667014943360096e-13 1.7680469075685622e-13 9.960328645978893e-14 1.4938050621863232e-13 3.314600380168945e-13 6.485658623022773e-13 1.0517133101899829e-12 1.4977205967871598e-12 2.3071242154242357e-12 5.318284047359683e-12 1.746153812789482e-11 5.557300038352804e-11 1.3826637463342187e-10
2.1029146440119724 1.3083379904074328e-10 2.3127653521980042e-10 2.832136327582042e-10 2.5029618780240496e-10 1.0187689766941305e-10 1.3471121829439034e-11 1.7067408514958688e-12 7.586165115064299e-13 3.7777879625216647e-13 1.616631431326666e-13 9.010021088136394e-14 1.3599823501875227e-13 3.0421605830023595e-13 5.976291543908361e-13 9.700128509504508e-13 1.3787870826000252e-12 2.1167383421367762e-12 4.892866341902093e-12 1.623055517215583e-11 5.2188745493993615e-11 1.3083380955846409e-10
2.1060769216721407 1.237567801991498e-10 2.1988538949441598e-10 2.6988546675123084e-10 2.37473002534636e-10 9.637217169960291e-11 1.2898852371372977e-11 1.6646706990062388e-12 7.205556971039542e-13 3.5078143272880816e-13 1.47759679500933e-13 8.14633723145435e-14 1.2377473334695947e-13 2.7913670184931884e-13 5.505423617766573e-13 8.944016435501163e-13 1.2688773543504226e-12 1.9411976747032252e-12 4.499269962831853e-12 1.5080208380129737e-11 4.899252924853615e-11 1.2375679116093412e-10
2.109239199332309 1.1702115243084686e-10 2.0898077805660783e-10 2.5708750518672376e-10 2.2524635050476143e-10 9.11465599753402e-11 1.2343645058554072e-11 1.6205626797943136e-12 6.838224891428036e-13 3.255676764380936e-13 1.3499890706733662e-13 7.361801837322541e-14 1.1261382989622393e-13 2.560569289893073e-13 5.070275606961841e-13 8.244478382503468e-13 1.1673436160354814e-12 1.7794206576174086e-12 4.135301177552457e-12 1.4005703743007006e-11 4.597519919174862e-11 1.1702116423009438e-10
2.1124014769924773 1.1061314220308569e-10 1.9854646903519452e-10 2.4480475717265544e-10 2.1359193137556442e-10 8.618679673402441e-11 1.1805517151731074e-11 1.5748132950682493e-12 6.484240252586332e-13 3.020322880793868e-13 1.2329214635676183e-13 6.649537117064247e-14 1.0242686946579477e-13 2.3482360669802353e-13 4.668257468752138e-13 7.597483474665504e-13 1.0735813965813786e-12 1.6303980229813861e-12 3.798902186830182e-12 1.3002494672377427e-11 4.312795739130418e-11 1.1061315527294984e-10
2.1155637546526456 1.045193594595984e-10 1.8856649663045863e-10 2.330222504104697e-10 2.0248624630039e-10 8.148021323872317e-11 1.1284435535042554e-11 1.5277838044021599e-12 6.143607023018879e-13 2.800750425831432e-13 1.1255700330153594e-13 6.003217914786446e-14 9.313215590934953e-14 2.1529469626555885e-13 4.296956296788395e-13 6.999270709071279e-13 9.870269066880058e-13 1.4931884895068492e-12 3.488143913088385e-12 1.2066272057286313e-11 4.044235311994299e-11 1.0451937424212753e-10
2.118726032312814 9.872679831990862e-11 1.7902517497630788e-10 2.2172506595456576e-10 1.9190658152233927e-10 7.701471141278936e-11 1.0780321195123035e-11 1.47980238468202e-12 5.81626932781102e-13 2.5960059911461995e-13 1.027169715984156e-13 5.4170305660012265e-14 8.465443857752478e-14 1.9733849692633373e-13 3.9541250036635883e-13 6.44633222397789e-13 9.071545398410785e-13 1.3669146781960887e-12 3.2012190793600834e-12 1.1192954507333055e-11 3.7910275188642285e-11 9.872681523535932e-11
2.1218883099729826 9.322283681946684e-11 1.6990711049105785e-10 2.1089837008461284e-10 1.8183099174664963e-10 7.277873870360801e-11 1.0293053458701203e-11 1.4311662162993275e-12 5.502118512767963e-13 2.405183699373147e-13 9.370106303400373e-14 4.885635137160451e-14 7.692443897615554e-14 1.8083294185784937e-13 3.637671704371613e-13 5.935397534528789e-13 8.334745111410594e-13 1.2507592369602192e-12 2.936435574568494e-12 1.0378678797006636e-11 3.552394398284762e-11 9.322285623758778e-11
2.125050587633151 8.79952357595282e-11 1.6119721278048168e-10 2.005274434339148e-10 1.7223828332972455e-10 6.876126411127375e-11 9.822473995651445e-12 1.3821434933610421e-12 5.200999717046365e-13 2.2274238781027523e-13 8.544346328906763e-14 4.4041307419441426e-14 6.987841432046059e-14 1.656649428990242e-13 3.345649760092441e-13 5.463418686338951e-13 7.65530627569539e-13 1.1439611662647055e-12 2.69221010003682e-12 9.619790524264088e-12 3.3275903250238763e-11 8.799525797444809e-11
2.128212865293319 8.303213673337875e-11 1.5288070415715484e-10 1.905977075130723e-10 1.631079973255503e-10 6.495175532127808e-11 9.368390594289323e-12 1.332975355222727e-12 4.912717962850006e-13 2.0619117139760016e-13 7.788321062668797e-14 3.968023626652428e-14 6.345775467423906e-14 1.5172978033989239e-13 3.07624844157308e-13 5.027556277507538e-13 7.02898183326198e-13 1.0458123377860039e-12 2.467062091458569e-12 8.912834994300192e-12 3.115901168517101e-11 8.303216194347546e-11
2.1313751429534875 7.832205939317677e-11 1.449431278401949e-10 1.8109474876427047e-10 1.544203924276208e-10 6.134015688346286e-11 8.930580715600312e-12 1.2838777372112585e-12 4.637043771193874e-13 1.907875880632587e-13 7.09638948438034e-14 3.57319771967383e-14 5.76086104205202e-14 1.3893053418188064e-13 2.827784171661334e-13 4.625166300041868e-13 6.451819739267699e-13 9.556541980314033e-13 2.259607909993655e-12 8.254548337560248e-12 2.9166434351741454e-11 7.832208768697236e-11
2.134537420613656 7.385389801924066e-11 1.3737035489934576e-10 1.720043402774685e-10 1.4615642784198888e-10 5.7916869382551576e-11 8.508794833053464e-12 1.235043138978805e-12 4.373718313833935e-13 1.764587134120146e-13 6.463337392817484e-14 3.2158873501001446e-14 5.2281546925754436e-14 1.2717755336613862e-13 2.5986923072783244e-13 4.2537877526217193e-13 5.920144228659091e-13 8.728746489085675e-13 2.068555295704384e-12 7.641848869298568e-12 2.7291633984340922e-11 7.385392936798499e-11
2.137699698273824 6.961691745119674e-11 1.3014859000692972e-10 1.6331246129575473e-10 1.3829774612480352e-10 5.467272954857357e-11 8.102759564685487e-12 1.1866423095264638e-12 4.1224581130702834e-13 1.6313568700992299e-13 5.884350600792596e-14 2.892651856989027e-14 4.743122343039143e-14 1.163879596200656e-13 2.3875194223291156e-13 3.9111309778837704e-13 5.430538148038342e-13 7.969050973346101e-13 1.892698076179077e-12 7.071828696387503e-12 2.5528362201620805e-11 6.961695170839018e-11
2.1408619759339924 6.56007484379094e-11 1.2326437606060123e-10 1.550053146330213e-10 1.3082665601548806e-10 5.1598991258371306e-11 7.71218060423321e-12 1.1388258485406797e-12 3.8829593032873097e-13 1.5075356387207307e-13 5.354989440942134e-14 2.6003518339917893e-14 4.301609342573773e-14 1.0648518277629871e-13 2.1929160547803726e-13 3.5950666792358436e-13 4.979826294449358e-13 7.27217666138263e-13 1.7309111229341186e-12 6.541745575634071e-12 2.3870650667001925e-11 6.560078534559975e-11
2.144024253594161 6.179538246067205e-11 1.1670459773905768e-10 1.4706934212312422e-10 1.237261152947317e-10 4.8687307382210924e-11 7.336745458236998e-12 1.091725724296586e-12 3.6549014705878336e-13 1.3925116152195803e-13 4.8711643929244796e-14 2.336126783110638e-14 3.899812404993564e-14 9.7398524672394e-14 2.0136298833278596e-13 3.3036155743512147e-13 4.565059705296448e-13 6.633225587315689e-13 1.5821455480093502e-12 6.049015026559648e-12 2.2312802226201454e-11 6.179542166196771e-11
2.1471865312543295 5.819116608167965e-11 1.1045648405192408e-10 1.3949123821563493e-10 1.1697971369457467e-10 4.592971243225746e-11 6.976125996226489e-12 1.0454567089829641e-12 3.437951089615956e-13 1.285709026947511e-13 4.4291126776389196e-14 2.0973739848459943e-14 3.534253234979157e-14 8.906274903113079e-14 1.84849930166829e-13 3.0349386450794283e-13 4.183500846493743e-13 6.047655702944501e-13 1.4454241330779125e-12 5.591202700435227e-12 2.084938204975673e-11 5.819120713857118e-11
2.1503488089144978 5.477879486738461e-11 1.0450760994397343e-10 1.3225796182932107e-10 1.1057165588613519e-10 4.331860597230558e-11 6.629980821307407e-12 1.0001177328807941e-12 3.2317645794275824e-13 1.1865865405019914e-13 4.0253757018806297e-14 1.881728428659225e-14 3.201753659287591e-14 8.141769504443101e-14 1.6964473613410575e-13 2.7873279464030994e-13 3.8326096491639993e-13 5.511257385250296e-13 1.3198369833699918e-12 5.166017006333869e-12 1.9475208806170622e-11 5.4778837282681495e-11
2.153511086574666 5.154930693395145e-11 9.884589701265952e-11 1.253567465705495e-10 1.0448674456892243e-10 4.084673675073394e-11 6.297957468689803e-12 9.557931593695262e-13 3.035991002967041e-13 1.0946356157015938e-13 3.656777277274834e-14 1.6870436862691687e-14 2.8994121174395886e-14 7.440791272807875e-14 1.5564760573113075e-13 2.5591979401675117e-13 3.510030348622419e-13 5.020131273403131e-13 1.2045373987472323e-12 4.771301994054409e-12 1.8185345889092518e-11 5.154935017593347e-11
2.156673364234835 4.849407615968129e-11 9.345961339667804e-11 1.1877510941990623e-10 9.871036368413948e-11 3.850718752107614e-11 5.979694439905595e-12 9.125539832248732e-13 2.850274437082549e-13 1.0093788361057712e-13 3.3204025765425496e-14 1.5113736486398108e-14 2.62458140133354e-14 6.798231846119259e-14 1.4276609337626353e-13 2.349077322592066e-13 3.2135790829214875e-13 4.570667372660823e-13 1.0987379543489867e-12 4.405030492972511e-12 1.6975092719880168e-11 4.849411968794668e-11
2.159835641895003 4.560480510698003e-11 8.833737289188658e-11 1.1250085798648018e-10 9.32284617729619e-11 3.6293360516933844e-11 5.674823080644547e-12 8.704589550967106e-13 2.6742560419721726e-13 9.303682284164396e-14 3.0135778276512415e-14 1.3529550841931833e-14 2.3748475678620446e-14 6.209386946565174e-14 1.3091459909316097e-13 2.1556013178440035e-13 2.9412322117414296e-13 4.1595253660337616e-13 1.0017067833543284e-12 4.065297505176655e-12 1.5839976144939856e-11 4.5604848397948324e-11
2.1629979195551714 4.2873517694200005e-11 8.346813334947193e-11 1.0652209642544565e-10 8.80275354994383e-11 3.419896355015213e-11 5.382969310273442e-12 8.295556354033712e-13 2.50757586033873e-13 8.571835853093933e-14 2.7338507793901487e-14 1.2101910089587598e-14 2.148009979636096e-14 5.6699256301599885e-14 1.2001388770170942e-13 1.9775044131873316e-13 2.6911153198526206e-13 3.7836160781118363e-13 9.127640545493639e-13 3.750313850635158e-12 1.4775741945420953e-11 4.287356026479577e-11
2.1661601972153397 4.029255165549664e-11 7.884119440975735e-11 1.008272301108585e-10 8.309461335633986e-11 3.2217996703223345e-11 5.103755211182161e-12 7.898813811401888e-13 2.3498743772284074e-13 7.894308077882587e-14 2.4789719991608547e-14 1.0816348880659367e-14 1.942062456511151e-14 5.175861274039929e-14 1.0999063522020763e-13 1.8136135142422103e-13 2.461492872563202e-13 3.4400840386956267e-13 8.31278637548682e-13 3.458400061601588e-12 1.377834647512071e-11 4.029259308369489e-11
2.169322474875508 3.7854550824695407e-11 7.444619462341561e-11 9.540496915182441e-11 7.841723957102984e-11 3.034473958878328e-11 4.836800486103629e-12 7.514642692700483e-13 2.200793871479507e-13 7.267402839865625e-14 2.24687708382905e-14 9.65975710049043e-15 1.7551755424973207e-14 4.7235242621157944e-14 1.0077700144730186e-13 1.6628415016444612e-13 2.250758493480104e-13 3.126291096895652e-13 7.566649486816587e-13 3.187980522988591e-12 1.2843948440834967e-11 3.785459076583791e-11
2.1724847525356763 3.5552457277078576e-11 7.027310801024946e-11 9.02443308365708e-11 7.398345822720404e-11 2.8573739150798465e-11 4.581723791482879e-12 7.143239604372521e-13 2.0599795888746524e-13 6.687653213643194e-14 2.0356698766132594e-14 8.620239911598481e-15 1.585679909246736e-14 4.3095363485035005e-14 9.231022791406838e-14 1.5241811727819731e-13 2.0574258374053277e-13 2.8398010390357166e-13 6.883799707109872e-13 2.9375778550109705e-12 1.1968900837853805e-11 3.555249547515716e-11
2.1756470301958446 3.337950336095496e-11 6.631224010394994e-11 8.533464108528027e-11 6.978179761710495e-11 2.689979798360721e-11 4.338143954810336e-12 6.784725067270719e-13 1.9270807654832733e-13 6.151806484563348e-14 1.8436067862170137e-14 7.686987746231635e-15 1.4320509266800987e-14 3.9307866914132924e-14 8.453226056697842e-14 1.3966995542319963e-13 1.880120033287007e-13 2.578365165941876e-13 6.25920439693525e-13 2.7058075340083296e-12 1.1149743051837928e-11 3.337953965438487e-11
2.1788093078560133 3.132920364888731e-11 6.25542235295092e-11 8.066553498898634e-11 6.58012548376171e-11 2.5317963146393042e-11 4.1056810835945566e-12 6.439151070868864e-13 1.8017515273477868e-13 5.656810007281168e-14 1.669082299558558e-14 6.850156901733105e-15 1.2928944348839558e-14 3.584409557036116e-14 7.738939666007731e-14 1.2795325719840787e-13 1.7175696737254512e-13 2.339908787039896e-13 5.688201924188662e-13 2.4913727469994505e-12 1.0383193136917186e-11 3.132923797063921e-11
2.1819715855161816 2.939534683649116e-11 5.899001315813555e-11 7.622695650824146e-11 6.203128064241756e-11 2.3823515451895917e-11 3.8839575733250624e-12 6.106508138366766e-13 1.683651689701231e-13 5.199798027621836e-14 1.510615765907324e-14 6.100761320124725e-15 1.1669337477652467e-14 3.267763693746099e-14 7.083195539280898e-14 1.1718800675135376e-13 1.5685993286449965e-13 2.1225185900698785e-13 5.166476679648764e-13 2.29305947517873e-12 9.666140278510769e-12 2.9395379208793264e-11
2.18513386317635 2.7571987614811818e-11 5.561088088264573e-11 7.200915740174442e-11 5.846176456113168e-11 2.2411959209270323e-11 3.672599021383949e-12 5.786731934446709e-13 1.5724474754289734e-13 4.778079560548459e-14 1.3668395099240764e-14 5.4305759960256706e-15 1.052997909828151e-14 2.978413371791564e-14 6.481397183343796e-14 1.0730011482032503e-13 1.4321225613781072e-13 1.924430846202574e-13 4.690035569920421e-13 2.1097318012491748e-12 8.995637448086248e-12 2.7572018138953803e-11
2.1882961408365182 2.585343854041532e-11 5.2408410054411756e-11 6.800269545163335e-11 5.508302029520951e-11 2.1079012401928392e-11 3.47123505340912e-12 5.479709444368954e-13 1.467812168641653e-13 4.3891273827480715e-14 1.2364883044085252e-14 4.832052258854228e-15 9.500112127244205e-15 2.7141110733810784e-14 5.929291361996964e-14 9.822098606327384e-14 1.307135425610706e-13 1.7440204109351887e-13 4.2551859246015657e-13 1.940327435176227e-12 8.36889425583234e-12 2.5853467382463685e-11
2.1914584184966865 2.4234261925492606e-11 4.937448962099721e-11 6.4198432048696e-11 5.188577139901713e-11 1.982059728204085e-11 3.279500068115527e-12 5.185284749707112e-13 1.369426715202895e-13 4.0305681611100916e-14 1.1183902027519663e-14 4.2982449366183096e-15 8.56983959721502e-15 2.4727818031972243e-14 5.422941983622889e-14 8.988711747906234e-14 1.1927104214415986e-13 1.5797904814242337e-13 3.858514754955666e-13 1.7838534526597242e-12 7.783270006035751e-12 2.423428929894774e-11
2.1946206961568553 2.2709261768493594e-11 4.650130800163852e-11 6.058752919735433e-11 4.886113725340196e-11 1.863283136406683e-11 3.0970339060533235e-12 4.903264422440271e-13 1.276980278008392e-13 3.7001736999091885e-14 1.0114586975062371e-14 3.8227511359570135e-15 7.730044444489899e-15 2.2525089715025226e-14 4.958706133035485e-14 8.223972665012978e-14 1.087990888339816e-13 1.4303630709519795e-13 3.496869301710715e-13 1.6393822403415755e-12 7.236266958807124e-12 2.2709287915069887e-11
2.1977829738170236 2.1273475744054174e-11 4.378134673575869e-11 5.716144599694121e-11 4.6000619337799926e-11 1.7512018800311015e-11 2.9234824472476863e-12 4.633422555579931e-13 1.1901707509504896e-13 3.395853252059156e-14 9.14686137367455e-15 3.399660090432293e-15 6.972320872650101e-15 2.0515217819669445e-14 4.5332121586542996e-14 7.522440843132623e-14 9.921858120931056e-14 1.2944701611325172e-13 3.167338809863164e-13 1.5060476415117952e-12 6.725523800714299e-12 2.1273500913839122e-11
2.200945251477192 1.99221672692824e-11 4.120737393768477e-11 5.391193465250844e-11 4.329608780575127e-11 1.6454642122055934e-11 2.7584981421401364e-12 4.375505445152071e-13 1.1087052319662787e-13 3.115646804892129e-14 8.271383020469889e-15 3.0235132494640234e-15 6.288916494325492e-15 1.8681840356095724e-14 4.143339709086074e-14 6.879081858935738e-14 9.045650220396498e-14 1.1709454922865058e-13 2.867237468663347e-13 1.3830412958383427e-12 6.248809325845625e-12 1.9922191701525724e-11
2.20410752913736 1.865081766182095e-11 3.877243758878481e-11 5.083103606522678e-11 4.07397683675822e-11 1.5457354330333862e-11 2.601740479756326e-12 4.1292359353691166e-13 1.0323004525539718e-13 2.85771922077802e-14 7.47950004951965e-15 2.68927352130358e-15 5.6726842347397175e-15 1.700984242352906e-14 3.7862015959540655e-14 6.289238277364884e-14 8.244547540853052e-14 1.0587169523364011e-13 2.5940884553335823e-13 1.2696091664416406e-12 5.804016327854933e-12 1.865084156752343e-11
2.207269806797529 1.745511840351424e-11 3.646985869625315e-11 4.791107504932451e-11 3.8324229482916005e-11 1.4516971320878073e-11 2.4528763965737318e-12 3.894317436328447e-13 9.606831587306424e-14 2.6203550886976215e-14 6.763215689472863e-15 2.3923023612933053e-15 5.11704279156237e-15 1.5485269136478924e-14 3.459127343754341e-14 5.748602908073415e-14 7.512335543170141e-14 9.567995246036257e-14 2.345609021611882e-13 1.1650482474596037e-12 5.389155702633679e-12 1.7455141950834705e-11
2.2104320844576972 1.6330963521977052e-11 3.4293224345853596e-11 4.5144655219516174e-11 3.604236986465655e-11 1.3630464628284778e-11 2.3115806291731768e-12 3.670437621701036e-13 8.935904367377756e-14 2.401954126181116e-14 6.115160022263758e-15 2.1283432246384252e-15 4.6159442943091715e-15 1.409524894909919e-14 3.159648273612915e-14 5.253194237357114e-14 6.843284975295929e-14 8.642887551729862e-14 2.1196965629936632e-13 1.0687034451167252e-12 5.002350760424847e-12 1.6330986825266194e-11
2.2135943621178655 1.5274442100912814e-11 3.223638067404162e-11 4.2524653589986704e-11 3.388740629517281e-11 1.2794954474900292e-11 2.1775360134386696e-12 3.457271812670973e-13 8.307699759069487e-14 2.2010269622573953e-14 5.528566904646709e-15 1.8935097897921075e-15 4.163847705630181e-15 1.2827925858841358e-14 2.885483957267188e-14 4.79933384415797e-14 6.232116947822469e-14 7.803547010728916e-14 1.9144156116247016e-13 9.79964625222269e-13 4.641831745441656e-12 1.5274465213928692e-11
2.216756639778034 1.4281830928641486e-11 3.029342578306074e-11 4.004421492323857e-11 3.185286175455698e-11 1.2007703110474342e-11 2.050433732829157e-12 3.254486053900445e-13 7.719802610014038e-14 2.0161911320989934e-14 4.997254188271927e-15 1.6842773154546984e-15 3.755696462008289e-15 1.167239891525402e-14 2.6345298711599657e-14 4.383625604719463e-14 5.673970642417009e-14 7.042363214594595e-14 1.7279856952034934e-13 8.982638199823501e-13 4.3059305603876904e-12 1.4281853842220184e-11
2.219918917438202 1.3349587293006876e-11 2.8458702620852947e-11 3.769674586447408e-11 2.993255386008608e-11 1.1266108429173679e-11 1.929973518086697e-12 3.0617398875289143e-13 7.169906870384476e-14 1.8461671224405816e-14 4.5156054296712754e-15 1.4974755199578086e-15 3.386898865138037e-15 1.0618667457490411e-14 2.4048460787849225e-14 4.0029364903343715e-14 5.1643734011959155e-14 6.352362753324814e-14 1.5587700060404758e-13 8.230725870250317e-13 3.993075692695924e-12 1.3349609937171604e-11
2.2230811950983704 1.2474341929621817e-11 2.6726791845946584e-11 3.547590889469863e-11 2.8120583615372547e-11 1.0567697851142305e-11 1.8158638006672525e-12 2.8786888320990114e-13 6.655815909794262e-14 1.6897743232275293e-14 4.078551419263437e-15 1.3302814694521522e-15 3.053309811527446e-15 9.657580559559745e-15 2.1946467727940433e-14 3.654378767001197e-14 4.699212954708787e-14 5.727160910460036e-14 1.4052648265821857e-13 7.538995136031599e-13 3.701787338816749e-12 1.2474364179832216e-11
2.2262434727585387 1.1652892129294044e-11 2.509250469589522e-11 3.337561613338298e-11 2.6411324467146265e-11 9.910122456440285e-12 1.7078218221771562e-12 2.7049865747750275e-13 6.175441966947403e-14 1.5459267646372564e-14 3.681550071626522e-15 1.1802111255727983e-15 2.7512125800563893e-15 8.780789272369809e-15 2.002290516912709e-14 3.3352934145478806e-14 4.2747115601568997e-14 5.1609167500494864e-14 1.2660896602296012e-13 6.902878590601389e-13 3.4306727224880863e-12 1.1652913816282634e-11
2.229405750418707 1.0882195009453044e-11 2.355087587634708e-11 3.139002301931547e-11 2.4799411667171554e-11 9.291151359864303e-12 1.605573702161518e-12 2.5402868871576913e-13 5.726804720715107e-14 1.413628547729071e-14 3.3205634933409658e-15 1.0451084251095618e-15 2.4772995820106194e-15 7.980700412408668e-15 1.8262710410282247e-14 3.0432345959907056e-14 3.8874018392031866e-14 4.648291294143118e-14 1.1399780191441407e-13 6.318133288142186e-13 3.178421602608956e-12 1.0882215931882253e-11
2.2325680280788753 1.01593609534725e-11 2.209715648642359e-11 2.951352189622035e-11 2.3279731936449885e-11 8.708666315865481e-12 1.5088544667080997e-12 2.3842452772622644e-13 5.308028999567116e-14 1.291968910667842e-14 2.992031371947454e-15 9.231310345707748e-16 2.2286512054668493e-15 7.250430851430324e-15 1.6652084606975642e-14 2.7759550249116536e-14 3.534104126097987e-14 4.18440851727183e-14 1.0257688238775825e-13 5.780819733345521e-13 2.943801966115566e-12 1.0159380892486568e-11
2.235730305739044 9.481647220949377e-12 2.0726806994782456e-11 2.7740735527790222e-11 2.184741342860035e-11 8.160656543513547e-12 1.417408040485239e-12 2.2365203926591108e-13 4.9173416756471145e-14 1.1801169082229465e-14 2.6928401864034228e-15 8.127322260038716e-16 2.0027121453011005e-15 6.58376150093688e-15 1.5178408137529686e-14 2.5313920991805217e-14 3.2119051608659585e-14 3.764818914192779e-14 9.22398373018529e-14 5.287282058393548e-13 2.7256559011074975e-12 9.481665955598726e-12
2.2388925833992124 8.846451731259151e-12 1.9435490279531643e-11 2.6066510564992633e-11 2.0497815989122746e-11 7.645213762188124e-12 1.3309872050101667e-12 2.0967751922109251e-13 4.553067819233567e-14 1.0773157186832443e-14 2.420288112955581e-15 7.126386426658978e-16 1.7972648884400826e-15 5.9750904468133796e-15 1.3830158308531079e-14 2.3076546922523668e-14 2.918137988342782e-14 3.385465428437023e-14 8.288928445486729e-14 4.83412932737218e-13 2.5228956453930967e-12 8.846469053745958e-12
2.2420548610593807 8.251307022049414e-12 1.8219064744039114e-11 2.4485910986841918e-11 1.9226521707116745e-11 7.160527429417472e-12 1.2493535261242064e-12 1.9646779061161055e-13 4.213626216450582e-14 9.82876627126627e-15 2.1720458671513982e-15 6.218240471923898e-16 1.6104003072805596e-15 5.419384962008357e-15 1.2596828826326295e-14 2.1030105178818283e-14 2.6503629507677545e-14 3.042651560587462e-14 7.443612941366855e-14 4.41821791146362e-13 2.334499805602009e-12 8.251322751781847e-12
2.245217138719549 7.693874383760219e-12 1.7073577519653736e-11 2.2994211534267958e-11 1.802932575595175e-11 6.704880172988304e-12 1.1722772538185058e-12 1.8399028059184266e-13 3.897524376883164e-14 8.961727655899003e-15 1.9461140672850674e-15 5.394794545878767e-16 1.4404855892981113e-15 4.912132394687856e-15 1.1468850722984533e-14 1.9158740091941363e-14 2.4063496885464776e-14 2.73301150594718e-14 6.679891190946699e-14 4.036634881546997e-13 2.1595097420384514e-12 7.6938883793058e-12
2.2483794163797177 7.171938170750219e-12 1.5995257765381608e-11 2.1586891155261625e-11 1.6902227519329215e-11 6.276643410117004e-12 1.0995371976889317e-12 1.7221308076380055e-13 3.603353176215863e-14 8.166327171543058e-15 1.7407780062553948e-15 4.649803313353716e-16 1.2861299821811847e-15 4.449290182767771e-15 1.0437514679114136e-14 1.7447946775859273e-14 2.1840600894869975e-14 2.4534822001307988e-14 5.990319600642309e-14 3.6866823681532177e-13 1.9970261145112426e-12 7.1719503389379474e-12
2.251541694039886 6.6834002891672634e-12 1.4980510073675846e-11 2.02596264780974e-11 1.584142199913772e-11 5.87427314709055e-12 1.0309205813888887e-12 1.6110499321041712e-13 3.329781291576657e-14 7.437341112129024e-15 1.5545609647365262e-15 3.9785177722927997e-16 1.1461490513701929e-15 4.02723547138401e-15 9.494894919917166e-15 1.588445939866811e-14 1.981632150391437e-14 2.2012771772828543e-14 5.368100156181153e-14 3.3658628419742855e-13 1.8462055844615273e-12 6.6834105907925064e-12
2.2547039717000543 6.226274861307483e-12 1.4025907990650582e-11 1.9008285328137744e-11 1.4843291501460304e-11 5.496305953321081e-12 9.662228794798373e-13 1.506355646837164e-13 3.0755495926531733e-14 6.769973498811456e-15 1.3861773749372042e-15 3.377327850213692e-16 1.0195283177367615e-15 3.6427149964163e-15 8.633775064172333e-15 1.4456144223240545e-14 1.7973647353801047e-14 1.9738621682170183e-14 4.807027477608377e-14 3.0718652712257306e-13 1.7062576688063825e-12 6.226283313129324e-12
2.2578662493602226 5.79868306586002e-12 1.312818765823979e-11 1.782892030248971e-11 1.3904397597044323e-11 5.141355104229146e-12 9.052476400446696e-13 1.4077511133966638e-13 2.8394656498179603e-14 6.159796102614417e-15 1.2344872430330246e-15 2.8434078713671585e-16 9.053872607062327e-16 3.2927960360553134e-15 7.847576468853093e-15 1.3151897672130272e-14 1.6297032319613166e-14 1.7689323840604738e-14 4.3014395873392206e-14 2.8025521150173767e-13 1.5764417410140857e-12 5.798689738832373e-12
2.2610285270203914 5.398848153114103e-12 1.2284241585055054e-11 1.6717762415580418e-11 1.3021473352454169e-11 4.808106887741551e-12 8.478062963213848e-13 1.314947362973279e-13 2.620398511247127e-14 5.6026926371005755e-15 1.0984532552434598e-15 2.374377426733563e-16 8.029447301924089e-16 2.9748193174751523e-15 7.130289727858746e-15 1.1961549797750814e-14 1.477226118090133e-14 1.584391444620471e-14 3.846172215269522e-14 2.555947114432345e-13 1.4560641750169515e-12 5.398853167042945e-12
2.2641908046805597 5.02509063391178e-12 1.1491112551966373e-11 1.5671214827579645e-11 1.2191415828022004e-11 4.495317069476909e-12 7.937179704353117e-13 1.2276634211807736e-13 2.4172738847907228e-14 5.094808417074138e-15 9.771019272643026e-16 1.9679899015556371e-16 7.11486807273903e-16 2.686354793397062e-15 6.476410047452624e-15 1.087577361840151e-14 1.3386324609076013e-14 1.4183319193064857e-14 3.436516480295394e-14 2.3302238451979014e-13 1.3444756276403947e-12 5.025094148965543e-12
2.267353082340728 4.675823640845793e-12 1.074598765770477e-11 1.4685846666464586e-11 1.1411278838549178e-11 4.201807511885854e-12 7.428092720584928e-13 1.1456264005736733e-13 2.2290698379356756e-14 4.632506589889552e-15 8.694900134155915e-16 1.621859942876226e-16 6.303380899100374e-16 2.4251611729141574e-15 5.880877230107837e-15 9.886000811004941e-15 1.212730370354377e-14 1.2690174520765117e-14 3.068179798361147e-14 2.1236949976203138e-13 1.2410684552786228e-12 4.675825846549369e-12
2.2705153600008963 4.349548459930651e-12 1.0046192509087217e-11 1.3758386953423027e-11 1.0678265972521863e-11 3.926462942718723e-12 6.949140945139497e-13 1.068571576473364e-13 2.054813101699537e-14 4.212331793971645e-15 7.746771794705955e-16 1.3332395433298282e-16 5.588372591492212e-16 2.1891500058094964e-15 5.339020955176452e-15 8.984344233056103e-15 1.0984264286182552e-14 1.1348664407905714e-14 2.7372498733765404e-14 1.9348023508406232e-13 1.1452742605738395e-12 4.349549562433047e-12
2.2736776376610646 4.044850230700316e-12 9.389185559755317e-12 1.2885718640217958e-11 9.989723865369163e-12 3.6682278682229795e-12 6.498734104792829e-13 9.962424583532574e-14 1.8935760330349636e-14 3.83098179734075e-15 6.917056728728355e-16 1.0988502632743992e-16 4.963176118810819e-16 1.976354983833223e-15 4.846511950781276e-15 8.16352768070865e-15 9.947161096286681e-15 1.014437235940201e-14 2.440161629471344e-14 1.7621074094611679e-13 1.056561564856118e-12 4.044850439212042e-12
2.276839915321233 3.760393812412462e-12 8.772552600630804e-12 1.2064872766067242e-11 9.343135722019536e-12 3.426103626432623e-12 6.075350690432191e-13 9.283908654713836e-14 1.7444742569301425e-14 3.485287334538181e-15 6.195874113195036e-16 9.147765361766638e-17 4.4209303620697804e-16 1.784906945045191e-15 4.399319513747031e-15 7.416823183822358e-15 9.00675192278059e-15 9.064148147083344e-15 2.173666941574979e-14 1.604282671224335e-13 9.744336020766456e-13 3.760393325754967e-12
2.280002192981401 3.494919813762145e-12 8.194001404596097e-12 1.1293022740561083e-11 8.736115083718499e-12 3.1991455758195377e-12 5.677535954459289e-13 8.64777011795132e-14 1.606664975514399e-14 3.1722000106350742e-15 5.572985724918047e-16 7.764221393595339e-17 3.954496674163536e-16 1.6130148580149247e-15 3.993675660949634e-15 6.7379959971313296e-15 8.154521573563945e-15 8.095988744699498e-15 1.934807016963268e-14 1.4601034947497806e-13 8.984262299214255e-13 3.4949188079557508e-12
2.2831644706415695 3.2472407832279e-12 7.651356527228768e-12 1.056747875812221e-11 8.166399833757666e-12 2.9864604144496235e-12 5.303899944058269e-13 8.05169601715963e-14 1.479345898855176e-14 2.888787795257014e-15 5.037814222533685e-16 6.785289202893056e-17 3.5564320909359735e-16 1.4589528325310798e-15 3.6260459965304286e-15 6.121257279944362e-15 7.382615423329293e-15 7.228932761819426e-15 1.7208872740309746e-14 1.3284405364165056e-13 8.281059537306241e-13 3.247239400968082e-12
2.286326748301738 3.0162375568924423e-12 7.142554264745192e-12 9.88568234852842e-12 7.631846436443513e-12 2.78720362463816e-12 4.953115575205515e-13 7.493459347524549e-14 1.3617547223606107e-14 2.6322373056263024e-15 4.579527845326797e-16 6.152539076738157e-17 3.2190164841784086e-16 1.32105296603505e-15 3.2931071657852993e-15 5.561224273709313e-15 6.683782110872433e-15 6.452967536095464e-15 1.5294545570382185e-14 1.2082527253946223e-13 7.630680587778612e-13 3.0162358996324743e-12
2.2894890259619065 2.800855760303666e-12 6.665637769655434e-12 9.24520106707967e-12 7.130424403329409e-12 2.600577037952516e-12 4.623916748442562e-13 6.970920145451327e-14 1.2531690503222224e-14 2.3998617930592826e-15 4.1871825125459797e-16 5.802981642584185e-17 2.9343285141787665e-16 1.1977036024073418e-15 2.9917305507589024e-15 5.052887598776537e-15 6.051324785374168e-15 5.758947900987266e-15 1.3582765179000507e-14 1.0985807456702213e-13 7.029348463913104e-13 2.8008538834832804e-12
2.292651303622075 2.600102460673128e-12 6.218752324001332e-12 8.643723327079836e-12 6.66021098044073e-12 2.4258265152798143e-12 4.3150965040348824e-13 6.482026550789882e-14 1.152906645347498e-14 2.189113516571079e-15 3.8499097111109096e-16 5.670783018271257e-17 2.6943630512179403e-16 1.0873523646603971e-15 2.718971655998184e-15 4.591585109225882e-15 5.479060138974765e-15 5.138525516063563e-15 1.205322989160951e-14 9.985409937546574e-14 6.473539693329066e-13 2.600100372419561e-12
2.295813581282243 2.4130429654565984e-12 5.800140769454727e-12 8.079053376475165e-12 6.21938604997335e-12 2.2622397365813757e-12 4.025505211328792e-13 6.024815753326546e-14 1.0603258702444318e-14 1.9975990231964562e-15 3.557136554009016e-16 5.689296062103242e-17 2.49118091252486e-16 9.885131373045045e-16 2.4720644473429025e-15 4.172981578368367e-15 4.96128432010938e-15 4.584087539172574e-15 1.0687491669993158e-14 9.073199807144583e-14 5.959968618017072e-13 2.4130406288501307e-12
2.2989758589424114 2.2387977631283196e-12 5.408139092992427e-12 7.549106419696652e-12 5.806227239735299e-12 2.109144094906707e-12 3.7540487850032324e-13 5.597414725153803e-14 9.748261829200586e-15 1.823095764327186e-15 3.2988230805705277e-16 5.79328313028851e-17 2.317080394261301e-16 8.997760272316858e-16 2.2484197519245283e-15 3.7930533469610354e-15 4.492744707140779e-15 4.0887033418865125e-15 9.4688042017728e-15 8.241691472736501e-14 5.485572594002957e-13 2.2387951018840595e-12
2.30213813660258 2.0765396017581753e-12 5.041172166359261e-12 7.0519038850520205e-12 5.419105233451774e-12 1.9659046892489484e-12 3.4996869195613684e-13 5.1980406374493274e-14 8.958485462847618e-15 1.6635684670554808e-15 3.0657013207224165e-16 5.921198073785785e-17 2.1647792419429467e-16 8.198192316795366e-16 2.04562671238488e-15 3.4480769591892884e-15 4.068616442228225e-15 3.646077927962848e-15 8.381985409171057e-15 7.4840006109772e-14 5.047498044055759e-13 2.0765365089448787e-12
2.3053004142627485 1.9254907008313295e-12 4.6977496370763705e-12 6.585568837381101e-12 5.056479274967694e-12 1.831922410900231e-12 3.261431332853497e-13 4.825000864399364e-14 8.22875623882402e-15 1.5171837477685289e-15 2.8495008836355495e-16 6.017394287099615e-17 2.0275954364392629e-16 7.474216936390928e-16 1.861456218826557e-15 3.1346207446295126e-15 3.6844825861710685e-15 3.250510713665742e-15 7.413292571294103e-15 6.793799660166532e-14 4.643087317235103e-13 1.92548705004119e-12
2.3084626919229168 1.784920091621439e-12 4.3764619683596574e-12 6.1483215351329365e-12 4.716892859362997e-12 1.706632118109811e-12 3.03834400965609e-13 4.4766924880390606e-14 7.554316474356897e-15 1.382321599631297e-15 2.6431468422671594e-16 6.034131495315626e-17 1.899615489245135e-16 6.814754312351204e-16 1.6938652221461875e-15 2.8495382813743985e-15 3.3363167591964674e-15 2.8968583701035366e-15 6.550308325079032e-15 6.165276539173179e-14 4.269866309842855e-13 1.784915749835308e-12
2.311624969583085 1.6541410813447944e-12 4.075976624989718e-12 5.738475130566357e-12 4.398969604052829e-12 1.5895008940627574e-12 2.829535437308588e-13 4.151601234912606e-14 6.9308186389008686e-15 1.2575825973347709e-15 2.440917414824893e-16 5.933266298203146e-17 1.7758398244724004e-16 6.209964879242701e-16 1.5410008634339697e-15 2.5899626983481764e-15 3.0204671812408846e-15 2.580500511486927e-15 5.781835917081777e-15 5.5930963134739214e-14 3.9255328035226307e-13 1.6541359226160133e-12
2.314787247243254 1.532508836285717e-12 3.795034401914516e-12 5.354431511389405e-12 4.1014092930659776e-12 1.4800263834761262e-12 2.634162827042639e-13 3.8482997976131524e-14 6.354314956277951e-15 1.1417899308885835e-15 2.238551295831009e-16 5.687529598531166e-17 1.6522962226191613e-16 5.651335614819101e-16 1.4012034344338329e-15 2.3533008425951304e-15 2.7336411162173833e-15 2.2973071362639914e-15 5.097802219580114e-15 5.0723655451684035e-14 3.607945477832201e-13 1.5325027553006109e-12
2.317949524903422 1.4194180790964227e-12 3.532445892178563e-12 4.994677281859918e-12 3.8229840878857605e-12 1.3777352034466179e-12 2.4514283168141344e-13 3.56544552011876e-14 5.821241769476263e-15 1.0339856906383209e-15 2.0332973414813097e-16 5.2813169768059145e-17 1.5261141449992988e-16 5.131735259334057e-16 1.2730073097661154e-15 2.1372264469334413e-15 2.472888854323943e-15 2.0436068857669494e-15 4.489167195917359e-15 4.598599083301385e-14 3.3151135565767647e-13 1.4194110036648743e-12
2.3211118025635904 1.3143008955342036e-12 3.2870880906493504e-12 4.6577798811511795e-12 3.562534898484189e-12 1.282181424564911e-12 2.280577154023778e-13 3.301777453923616e-14 5.3283986108842995e-15 9.334211624697346e-16 1.8239025135993255e-16 4.7109446095505786e-17 1.3955549444613025e-16 4.645432537856719e-16 1.1551391562639003e-15 1.9396715796876493e-15 2.2355865286997887e-15 1.8161553707138063e-15 3.947838695881746e-15 4.167689072919293e-14 3.0451870494871197e-13 1.3142927971202321e-12
2.3242740802237587 1.2166246460055444e-12 3.057901129951142e-12 4.3423838366375605e-12 3.3189679084755393e-12 1.1929451187277785e-12 2.1208958593286207e-13 3.056112820679707e-14 4.87292223343141e-15 8.395412368188923e-16 1.6105373671849795e-16 3.9843520740617e-17 1.2599953886003605e-16 4.1880736584768634e-16 1.0465129199319418e-15 1.7588158337462935e-15 2.019417249767605e-15 1.612103021169941e-15 3.466591674803071e-15 3.775875985329004e-14 2.7964475533988603e-13 1.2166155475223152e-12
2.327436357883927 1.1258899774331035e-12 2.8438851450129135e-12 4.0472071496742016e-12 3.0912512486454345e-12 1.1096309705089333e-12 1.971710375631161e-13 2.827342944800937e-14 4.452256155730968e-15 7.519633708688935e-16 1.3946617514726095e-16 3.120262842470647e-17 1.1198644472265156e-16 3.756617716223532e-16 9.462213068576264e-16 1.593072908525759e-15 1.8223502436725574e-15 1.4289621312479382e-15 3.0389911518022536e-15 3.4197214973275985e-14 2.56729957985523e-13 1.1258799576925418e-12
2.3305986355440953 1.041628931144229e-12 2.64409726268126e-12 3.771037811409282e-12 2.8784118134643237e-12 1.0318669493815617e-12 1.832384209119039e-13 2.6144287447221167e-14 4.0641165409871325e-15 6.704518519519312e-16 1.1788366089592361e-16 2.14684191620799e-17 9.765357980519546e-17 3.3492310231731624e-16 8.535236998387627e-16 1.441074445594513e-15 1.6426178903673761e-15 1.2645729859810688e-15 2.6593184441018435e-15 3.096083072866023e-14 2.356262378936072e-13 1.0416181255583878e-12
2.3337609132042636 9.634031426895146e-13 2.4576487129325417e-12 3.512730446176513e-12 2.679532215554955e-12 9.593030404994016e-13 1.7023165717480428e-13 2.416395892840212e-14 3.706455451721496e-15 5.948883766925433e-16 9.664906367116145e-17 1.099916413506842e-17 8.321808547825183e-17 2.965143690270293e-16 7.678306761932782e-16 1.3016511864673483e-15 1.478690762036387e-15 1.1170691644126378e-15 2.3225004267853947e-15 2.8020901258556595e-14 2.1619622320110708e-13 9.63391740056575e-13
2.336923190864432 8.908021297293804e-13 2.283702058330747e-12 3.2712030800535135e-12 2.493747873436685e-12 8.916100321256721e-13 1.58094053667106e-13 2.232329770442754e-14 3.3774226887063958e-15 5.252401708303709e-16 7.61652971423428e-17 2.0847663513003115e-19 6.895892019396995e-17 2.60447388850067e-16 6.886855029505495e-16 1.1738117191816729e-15 1.3292509538242001e-15 9.848423006031041e-16 2.024041761796545e-15 2.535121666733317e-14 1.9831251889378522e-13 8.907903651871829e-13
2.3400854685246006 8.234416643662825e-13 2.121468538507483e-12 3.0454340322190445e-12 2.3202442282029276e-12 8.284783581343868e-13 1.4677212196907637e-13 2.0613703542354238e-14 3.0753275247476208e-15 4.615270190029243e-16 5.686648561844027e-17 -1.0458386737279564e-17 5.519650250629826e-17 2.2680270112057624e-16 6.157431728359266e-16 1.0567192589112482e-15 1.1931641670237803e-15 8.665067444076447e-16 1.7599602087400884e-15 2.2927853571802023e-14 1.818570227881385e-13 8.234298088452296e-13
2.343247746184769 7.60962226540953e-13 1.9702055265770378e-12 2.8344589268021477e-12 2.158254085088936e-12 7.696169942850756e-13 1.3621540007606123e-13 1.902707174860472e-14 2.798601677052999e-15 4.037886446775174e-16 3.918843527448626e-17 -2.054945629724548e-17 4.227093709646323e-17 1.957078357763031e-16 5.487476990035141e-16 9.496670583478563e-16 1.0694511421246565e-15 7.608646893095845e-16 1.5267252664714249e-15 2.0728979163131495e-14 1.6672028183421929e-13 7.609505732805818e-13
2.3464100238449372 7.030275353436598e-13 1.829214094533145e-12 2.6373678229601097e-12 2.0070550761439844e-12 7.147524071810028e-13 1.2637627998192963e-13 1.7555744848122597e-14 2.5457648245182786e-15 3.5205387520979525e-16 2.3539852798636128e-17 -2.963096199483131e-17 3.0519880001576845e-17 1.673148893450281e-16 4.87508500761894e-16 8.520531587487904e-16 9.57259138943287e-16 6.668724200745233e-16 1.321200493340047e-15 1.8734668371562746e-14 1.5280088700766494e-13 7.030163842385466e-13
2.3495723015051055 6.493231553077084e-13 1.6978366847943914e-12 2.4533024609565596e-12 1.86596724042947e-12 6.636275549571129e-13 1.1720984207942873e-13 1.61924676353755e-14 2.315393870839294e-15 3.063129463028128e-16 1.0275715379057142e-17 -3.7310984082085405e-17 2.0257116788142935e-17 1.4177840684142566e-16 4.3187678127877322e-16 7.633552669226106e-16 8.558342192459545e-16 5.83608375035849e-16 1.140589912360832e-15 1.692673383839585e-14 1.4000490523225292e-13 6.493127960058974e-13
2.3527345791652743 5.995551749451517e-13 1.5754548851651558e-12 2.281453622017928e-12 1.7343507183147239e-12 6.160009388041338e-13 1.0867369764692388e-13 1.4930346717420797e-14 2.1060969866103777e-15 2.6649414883512357e-16 -3.2591579123996573e-19 -4.326066595760927e-17 1.1752889506535544e-17 1.1923455839851364e-16 3.817228184561398e-16 6.831065738820249e-16 7.644951013273259e-16 5.102437153782632e-16 9.82388924104581e-16 1.5288568475290443e-14 1.2824534690719514e-13 5.995458697256683e-13
2.3558968568254426 5.534489549475887e-13 1.461487304551324e-12 2.1210585997241565e-12 1.611603556534989e-12 5.716457044236337e-13 1.0072784051269278e-13 1.3762815457915649e-14 1.9164932425504338e-15 2.324458075094967e-16 -8.082524498845995e-18 -4.7231942375819045e-17 5.2169171873267945e-18 9.978253852110241e-17 3.369150611822794e-16 6.108733163136029e-16 6.826093260889871e-16 4.460160479317702e-16 8.443401257112542e-16 1.380500042537401e-14 1.1744166770494462e-13 5.534409224457562e-13
2.359059134485611 5.107479436043914e-13 1.3553875468117417e-12 1.9713987806377613e-12 1.4971596207118045e-12 5.303487924280818e-13 9.333450875452532e-14 1.2683604976828208e-14 1.7451983835618402e-15 2.039243165850523e-16 -1.2920331807666932e-17 -4.907091822331131e-17 7.849157144953974e-19 8.346900742312362e-17 2.9730184729261343e-16 5.462348238638498e-16 6.095724023993187e-16 3.902068619388838e-16 7.243943720816199e-16 1.2462160235644008e-14 1.0751930335626444e-13 5.107413444310481e-13
2.362221412145779 4.712125570841982e-13 1.2566422801346323e-12 1.831797331789068e-12 1.3904866120196075e-12 4.919101365617996e-13 8.645805701485317e-14 1.1686721576460388e-14 1.5908170029790654e-15 1.8058865704459505e-16 -1.4881451479934152e-17 -4.872625843576791e-17 -1.490756510835709e-18 7.027624358168304e-17 2.6269644088551334e-16 4.887666968236631e-16 5.447904901732048e-16 3.4212311938719723e-16 6.206773196008075e-16 1.1247360009282816e-14 9.84092361523566e-14 4.712074822979443e-13
2.365383689805948 4.346191222826323e-13 1.1647693993032808e-12 1.7016169925196705e-12 1.2910841846194792e-12 4.561419084321001e-13 8.00648397042965e-14 1.076643066462905e-14 1.4519410734812695e-15 1.6200149791672817e-16 -1.4124716611954276e-17 -4.625220626402931e-17 -1.6459108792107973e-18 6.011449287962123e-17 2.3286593189194835e-16 4.3802762586707575e-16 4.876670389253452e-16 3.0108328963879844e-16 5.314615702874581e-16 1.0148984235056588e-14 9.004759187375793e-14 4.3461558552702575e-13
2.3685459674661162 4.007588799619455e-13 1.079316278160082e-12 1.5802579680463789e-12 1.1984821603818386e-12 4.2286780722102516e-13 7.412310504428037e-14 9.917246945633267e-15 1.3271544911135967e-15 1.4763665865548313e-16 -1.0920207144872804e-17 -4.1806121660559e-17 1.953873265724025e-19 5.281879197046536e-17 2.0752435822761653e-16 3.935502051242038e-16 4.3759363518722713e-16 2.6640795067676086e-16 4.551443924297505e-16 9.156391895583218e-15 8.237526580840321e-14 4.007568138800045e-13
2.3717082451262845 3.69437045899821e-13 9.998581094966704e-13 1.4671559219455074e-12 1.112238837295548e-12 3.9192239261064204e-13 6.860289957854411e-14 9.133930363944081e-15 1.2150430072370119e-15 1.3689239650735596e-16 -5.63782600484417e-18 -3.564070975568233e-17 3.825411269779548e-18 4.815032277639256e-17 1.863302100244013e-16 3.548359106754804e-16 3.939451329077942e-16 2.3741490042862447e-16 3.902308412923864e-16 8.259829344851176e-15 7.533757645438334e-14 3.6943630319727917e-13
