0.0 -0.5 316402.3818169218 -58442.1213016764
0.0 -0.49 245236.12443586247 -45008.75908965214
0.0 -0.48 190080.6999162973 -34662.1615683547
0.0 -0.47 147333.1562937073 -26693.240769096643
0.0 -0.45999999999999996 114201.51604233433 -20555.759837725243
0.0 -0.44999999999999996 88522.19344626664 -15828.940038221535
0.0 -0.43999999999999995 68618.52834833896 -12188.652205019884
0.0 -0.42999999999999994 53191.17495663083 -9385.222174174776
0.0 -0.41999999999999993 41233.17095956943 -7226.331968857818
0.0 -0.4099999999999999 31964.12855808964 -5563.846974653063
0.0 -0.3999999999999999 24779.24115533708 -4283.667830547718
0.0 -0.3899999999999999 19209.769443954727 -3297.9126334909674
0.0 -0.3799999999999999 14892.422083402143 -2538.8944480774467
0.0 -0.3699999999999999 11545.628316715101 -1954.4819238322
0.0 -0.3599999999999999 8951.150887289194 -1504.525446064101
0.0 -0.34999999999999987 6939.837032549986 -1158.104151168821
0.0 -0.33999999999999986 5380.576043438537 -891.4053080134014
0.0 -0.32999999999999985 4171.741618374609 -686.0908442136881
0.0 -0.31999999999999984 3234.559743762796 -528.0391389634885
0.0 -0.30999999999999983 2507.96874096883 -406.3758927156991
0.0 -0.2999999999999998 1944.6356752276124 -312.7276753023417
0.0 -0.2899999999999998 1507.868911118436 -240.6470016636145
0.0 -0.2799999999999998 1169.2251693482265 -185.1695312170501
0.0 -0.2699999999999998 906.6548234027601 -142.47303663797788
0.0 -0.2599999999999998 703.0643415828358 -109.6147596006831
0.0 -0.24999999999999978 545.2020306154421 -84.32914188976528
0.0 -0.23999999999999977 422.7943538416917 -64.87205777772539
0.0 -0.22999999999999976 327.87646093637966 -49.900860854218394
0.0 -0.21999999999999975 254.27324720953033 -38.38201375622841
0.0 -0.20999999999999974 197.19708783743147 -29.519960573779027
0.0 -0.19999999999999973 152.93600825138188 -22.702358591084625
0.0 -0.18999999999999972 118.61195412603901 -17.457908235534784
0.0 -0.17999999999999972 91.99339864453268 -13.423884507534625
0.0 -0.1699999999999997 71.35006983680861 -10.321138965861154
0.0 -0.1599999999999997 55.3403283780666 -7.934854162041051
0.0 -0.1499999999999997 42.92385575538005 -6.099727394403034
0.0 -0.13999999999999968 33.2939632305282 -4.688564858788786
0.0 -0.12999999999999967 25.8251113155456 -3.603501562065184
0.0 -0.11999999999999968 20.032221051461214 -2.7692428004892724
0.0 -0.10999999999999968 15.539126963709101 -2.127861961693931
0.0 -0.09999999999999969 12.054117319797616 -1.6347964180854158
0.0 -0.08999999999999969 9.350969110389327 -1.2557656825025534
0.0 -0.0799999999999997 7.25424314245666 -0.9643994489234742
0.0 -0.0699999999999997 5.627882123437758 -0.740411997188204
0.0 -0.0599999999999997 4.366369726525944 -0.568197055455609
0.0 -0.0499999999999997 3.3878753869189215 -0.435746170593114
0.0 -0.039999999999999696 2.6289388597720595 -0.3338159239670892
0.0 -0.029999999999999694 2.0403488005245807 -0.2552864794876542
0.0 -0.01999999999999969 1.5839473401099544 -0.1946671408582925
0.0 -0.009999999999999691 1.2301528857266564 -0.1477147324788736
0.0 3.0878077872387166e-16 0.9560401086899238 -0.111138400328147
0.0 0.010000000000000309 0.743852328887795 -0.0823703904821442
0.0 0.02000000000000031 0.5798496317188132 -0.0593869135806866
0.0 0.03000000000000031 0.453417890008351 -0.0405666563164903
0.0 0.04000000000000031 0.3563808323821316 -0.0245770930196645
0.0 0.050000000000000315 0.2824705059243208 -0.0102806593596865
0.0 0.06000000000000032 0.2269217846157054 0.0033457934689984
0.0 0.07000000000000031 0.1861646469891376 0.0172839499233317
0.0 0.08000000000000031 0.157594312336387 0.0325445773952676
0.0 0.0900000000000003 0.1394043993124618 0.0502407342841741
0.0 0.1000000000000003 0.1304723845515086 0.0716689410980189
0.0 0.11000000000000029 0.1302900600701417 0.0984042387148124
0.0 0.12000000000000029 0.1389346398459318 0.1324161127617514
0.0 0.13000000000000028 0.1570788404501836 0.176213831113963
0.0 0.1400000000000003 0.1860408322019413 0.2330319408564624
0.0 0.1500000000000003 0.2278775931595552 0.3070696664620116
0.0 0.1600000000000003 0.285528069093439 0.4038019662263112
0.0 0.17000000000000032 0.3630158333466837 0.530385338752055
0.0 0.18000000000000033 0.4657248617984323 0.6961885231910296
0.0 0.19000000000000034 0.6007668390377547 0.9134875315093192
0.0 0.20000000000000034 0.7774643946560785 1.1983766806055576
0.0 0.21000000000000035 1.0079822065872177 1.5719633674841367
0.0 0.22000000000000036 1.3081474674328206 2.061935448833423
0.0 0.23000000000000037 1.698513374172233 2.704617819389463
0.0 0.24000000000000038 2.2057348069879565 3.5476711954047464
0.0 0.2500000000000004 2.8643451351323237 4.653633909506806
0.0 0.2600000000000004 3.719048292039437 6.104570266367224
0.0 0.2700000000000004 4.827672362108608 8.008171359414982
0.0 0.2800000000000004 6.264971752517973 10.50576232642791
0.0 0.2900000000000004 8.12751687786337 13.782811852190115
0.0 0.30000000000000043 10.539976018287419 18.08272583476274
0.0 0.31000000000000044 13.663177163131671 23.72495131855252
0.0 0.32000000000000045 17.704442590089215 31.12873715290842
0.0 0.33000000000000046 22.930821013449243 40.84431806901479
0.0 0.34000000000000047 29.68600789504344 53.59384004637189
0.0 0.3500000000000005 38.41195184294564 70.32506765732273
0.0 0.3600000000000005 49.676403378092 92.2818618237506
0.0 0.3700000000000005 64.20798291056887 121.09665885617963
0.0 0.3800000000000005 82.94074056834772 158.91181006400447
0.0 0.3900000000000005 107.07066645856838 208.5387750462249
0.0 0.4000000000000005 138.12720259982285 273.66695714031
0.0 0.41000000000000053 178.06352493036832 359.13763049275525
0.0 0.42000000000000054 229.37022347322176 471.30320138034153
0.0 0.43000000000000055 295.21802739715986 618.4983197543102
0.0 0.44000000000000056 379.636411377023 811.6575645250625
0.0 0.45000000000000057 487.73628328421046 1065.1251598133802
0.0 0.4600000000000006 625.986477546124 1397.716210494242
0.0 0.4700000000000006 802.5554231631836 1834.1072778271187
0.0 0.4800000000000006 1027.7310368458561 2406.658055621004
0.0 0.4900000000000006 1314.4334597095756 3157.7971509988233
0.0 0.5000000000000006 1678.836458978095 4143.145723901904
0.1 -0.5 -232426.54536866126 227276.69094988788
0.1 -0.49 -180275.69514962225 175957.3561397467
0.1 -0.48 -139829.31015490997 136228.53610051662
0.1 -0.47 -108459.81863962467 105471.9227113791
0.1 -0.45999999999999996 -84129.67170379343 81660.81830499243
0.1 -0.44999999999999996 -65258.819816782445 63226.43033582065
0.1 -0.43999999999999995 -50621.96251699251 48954.39062063703
0.1 -0.42999999999999994 -39268.88069515583 37904.66521515025
0.1 -0.41999999999999993 -30462.66473748651 29349.566536033868
0.1 -0.4099999999999999 -23631.81756173531 22725.77526522394
0.1 -0.3999999999999999 -18333.115259647377 17597.204988723282
0.1 -0.3899999999999999 -14222.808595567807 13626.258627996254
0.1 -0.3799999999999999 -11034.291679950402 10551.57987076715
0.1 -0.3699999999999999 -8560.785142525758 8170.831637015658
0.1 -0.3599999999999999 -6641.907514969191 6327.365472584506
0.1 -0.34999999999999987 -5153.261568249311 4899.902580795308
0.1 -0.33999999999999986 -3998.3585235896385 3794.5459532928608
0.1 -0.32999999999999985 -3102.355149072246 2938.5968771447806
0.1 -0.31999999999999984 -2407.196673786384 2275.7681375795573
0.1 -0.30999999999999983 -1867.8498782095048 1762.4783677579971
0.1 -0.2999999999999998 -1449.3816068734122 1364.9833032977454
0.1 -0.2899999999999998 -1124.6929127218436 1057.1548884607246
0.1 -0.2799999999999998 -872.761659931534 818.7618966968413
0.1 -0.2699999999999998 -677.2794572186089 634.1387903939652
0.1 -0.2599999999999998 -525.5944172754682 491.15513539442657
0.1 -0.24999999999999978 -407.89110721755503 380.4176938946751
0.1 -0.23999999999999977 -316.55446237249225 294.65265173075306
0.1 -0.22999999999999976 -245.67638359368294 228.22730428144297
0.1 -0.21999999999999975 -190.67300354443267 176.7797121514512
0.1 -0.20999999999999974 -147.9877925364637 136.931949329252
0.1 -0.19999999999999973 -114.86124664182138 106.06807160173624
0.1 -0.18999999999999972 -89.15222212739647 82.16219461557361
0.1 -0.17999999999999972 -69.19933163312751 63.64537004082684
0.1 -0.1699999999999997 -53.713416699405286 49.302502267109524
0.1 -0.1599999999999997 -41.69412711209557 38.19252526167804
0.1 -0.1499999999999997 -32.365201020727405 29.586589926706324
0.1 -0.13999999999999968 -25.124252439899927 22.920197358244764
0.1 -0.12999999999999967 -19.50381331020523 17.75613089695046
0.1 -0.11999999999999968 -15.141106838542138 13.755750200158861
0.1 -0.10999999999999968 -11.754594715594195 10.65676053533508
0.1 -0.09999999999999969 -9.12577974697644 8.255996309090637
0.1 -0.08999999999999969 -7.08508591713492 6.396087537335776
0.1 -0.0799999999999997 -5.500902021760392 4.955133232848747
0.1 -0.0699999999999997 -4.271079887937111 3.838703337430103
0.1 -0.0599999999999997 -3.3163371395089047 2.973643863506843
0.1 -0.0499999999999997 -2.5751377645419535 2.3032784038635605
0.1 -0.039999999999999696 -1.9997193962152913 1.783690913376621
0.1 -0.029999999999999694 -1.5530104284583655 1.3808456978464005
0.1 -0.01999999999999969 -1.2062376627192093 1.068355533647016
0.1 -0.009999999999999691 -0.937069853125501 0.8257514036383842
0.1 3.0878077872387166e-16 -0.7281771780162005 0.6371402676345487
0.1 0.010000000000000309 -0.5661135614290806 0.4901627541868376
0.1 0.02000000000000031 -0.4404496403422501 0.375182337902453
0.1 0.03000000000000031 -0.3431003735979874 0.2846527453140552
0.1 0.04000000000000031 -0.2678038650013778 0.2126220086971238
0.1 0.050000000000000315 -0.2097177397517829 0.1543405268226495
0.1 0.06000000000000032 -0.1651070016519902 0.1059472796717692
0.1 0.07000000000000031 -0.1311031986883024 0.0642134238193252
0.1 0.08000000000000031 -0.1055193172313262 0.0263261966083978
0.1 0.0900000000000003 -0.0867084058705634 -0.0103013811749427
0.1 0.1000000000000003 -0.0734567283081092 -0.0482079305422486
0.1 0.11000000000000029 -0.0649044389317514 -0.0900604917075616
0.1 0.12000000000000029 -0.0604885026273825 -0.1388430218324844
0.1 0.13000000000000028 -0.059903948384563 -0.1980699945102202
0.1 0.1400000000000003 -0.063080635269435 -0.272040449456444
0.1 0.1500000000000003 -0.07017357948148 -0.366150914563443
0.1 0.1600000000000003 -0.0815655845102441 -0.4872900355415699
0.1 0.17000000000000032 -0.0978814580869538 -0.6443438311141867
0.1 0.18000000000000033 -0.1200134977004976 -0.8488486966307383
0.1 0.19000000000000034 -0.1491581694694132 -1.1158402142658608
0.1 0.20000000000000034 -0.1868639576663292 -1.4649603026846467
0.1 0.21000000000000035 -0.2350901571755767 -1.9219043226425268
0.1 0.22000000000000036 -0.2962758085859958 -2.5203148561864976
0.1 0.23000000000000037 -0.3734168654606338 -3.3042618476052437
0.1 0.24000000000000038 -0.470147781138734 -4.3314920647544515
0.1 0.2500000000000004 -0.5908206344691316 -5.677687598089155
0.1 0.2600000000000004 -0.7405701377237817 -7.442047541209179
0.1 0.2700000000000004 -0.9253456049195768 -9.754604567934088
0.1 0.2800000000000004 -1.1518800883050533 -12.785816011828949
0.1 0.2900000000000004 -1.4275508256653788 -16.759136661601595
0.1 0.30000000000000043 -1.7600616286910338 -21.967500113729617
0.1 0.31000000000000044 -2.1568437007418346 -28.79492327808905
0.1 0.32000000000000045 -2.6240221190198874 -37.744825590831766
0.1 0.33000000000000046 -3.1647245557254564 -49.47714822719941
0.1 0.34000000000000047 -3.77640792244442 -64.85700519187048
0.1 0.3500000000000005 -4.446735164165439 -85.01844475095506
0.1 0.3600000000000005 -5.147331184647072 -111.4480078879021
0.1 0.3700000000000005 -5.824459863919714 -146.09422082979506
0.1 0.3800000000000005 -6.385259965189121 -191.51105633819262
0.1 0.3900000000000005 -6.677610085130155 -251.04588061079295
0.1 0.4000000000000005 -6.460897420352026 -329.08564829160446
0.1 0.41000000000000053 -5.363853013256488 -431.37935058006116
0.1 0.42000000000000054 -2.824064217684196 -565.4602647457219
0.1 0.43000000000000055 1.9983866483861732 -741.1987932041047
0.1 0.44000000000000056 10.34371474710207 -971.5261313753716
0.1 0.45000000000000057 24.02638767224778 -1273.381334645565
0.1 0.4600000000000006 45.68076159113923 -1668.9504340913384
0.1 0.4700000000000006 79.1069301172605 -2187.2872039928684
0.1 0.4800000000000006 129.7563973966104 -2866.4324694676216
0.1 0.4900000000000006 205.4124889920281 -3756.184345226695
0.1 0.5000000000000006 317.1415223178424 -4921.717950951914
0.2 -0.5 66679.05523266573 -320859.31216908566
0.2 -0.49 51845.11237375563 -248610.41733921738
0.2 -0.48 40311.93986903395 -192634.25526016796
0.2 -0.47 31344.922108039045 -149264.745794913
0.2 -0.45999999999999996 24372.969097245958 -115661.9516119867
0.2 -0.44999999999999996 18952.10928662439 -89625.86106320981
0.2 -0.43999999999999995 14737.189363307123 -69452.15615144795
0.2 -0.42999999999999994 11459.875523068253 -53820.497085728864
0.2 -0.41999999999999993 8911.552883277061 -41707.99080708569
0.2 -0.4099999999999999 6930.032267499762 -32322.164823067964
0.2 -0.3999999999999999 5389.216531216617 -25049.04848041433
0.2 -0.3899999999999999 4191.0674220904775 -19412.955647825846
0.2 -0.3799999999999999 3259.3607327003656 -15045.330878187995
0.2 -0.3699999999999999 2534.8315782721893 -11660.61595837679
0.2 -0.3599999999999999 1971.400298897549 -9037.554426570476
0.2 -0.34999999999999987 1533.2384047597666 -7004.7084110869
0.2 -0.33999999999999986 1192.4875528491962 -5429.238459717526
0.2 -0.32999999999999985 927.4861834299613 -4208.211033965503
0.2 -0.31999999999999984 721.39081138043 -3261.864093000214
0.2 -0.30999999999999983 561.1041267889307 -2528.389571070783
0.2 -0.2999999999999998 436.44161610503767 -1959.8909878027607
0.2 -0.2899999999999998 339.4836174155244 -1519.2514502069055
0.2 -0.2799999999999998 264.0715408133108 -1177.7069630491624
0.2 -0.2699999999999998 205.41617113655568 -912.9661750877652
0.2 -0.2599999999999998 159.7931114691558 -707.7534843131975
0.2 -0.24999999999999978 124.30597712001043 -548.6801537620073
0.2 -0.23999999999999977 96.70226532263781 -425.36956927085436
0.2 -0.22999999999999976 75.230180772641 -329.77941018934814
0.2 -0.21999999999999975 58.52730522906226 -255.67639451191607
0.2 -0.20999999999999974 45.53402700033479 -198.22924609874633
0.2 -0.19999999999999973 35.42622245130264 -153.6932681291415
0.2 -0.18999999999999972 27.56290716342626 -119.16590062694154
0.2 -0.17999999999999972 21.44552714822018 -92.3972835090316
0.2 -0.1699999999999997 16.686301259937302 -71.64344432010381
0.2 -0.1599999999999997 12.983601868474343 -55.55251726209255
0.2 -0.1499999999999997 10.102808622974415 -43.076559838006794
0.2 -0.13999999999999968 7.861418279669024 -33.403206809324885
0.2 -0.12999999999999967 6.117464254983598 -25.902697755657588
0.2 -0.11999999999999968 4.760510032782804 -20.0868191871472
0.2 -0.10999999999999968 3.7046442025652313 -15.57708063820093
0.2 -0.09999999999999969 2.8830321508352483 -12.080047399735793
0.2 -0.08999999999999969 2.2436783698092224 -9.368219987295458
0.2 -0.0799999999999997 1.7461302826584129 -7.265212667188262
0.2 -0.0699999999999997 1.358914308077309 -5.6342640595142175
0.2 -0.0599999999999997 1.0575414051051024 -4.369330358226594
0.2 -0.0499999999999997 0.8229555108829864 -3.3881802738104416
0.2 -0.039999999999999696 0.6403264099391103 -2.6270414310820716
0.2 -0.029999999999999694 0.4981104421505812 -2.0364491791648307
0.2 -0.01999999999999969 0.3873194580621086 -1.5780272064015257
0.2 -0.009999999999999691 0.3009516453786706 -1.2219901234232518
0.2 3.0878077872387166e-16 0.2335481189172267 -0.945205251613767
0.2 0.010000000000000309 0.1808471403200992 -0.7296873053539271
0.2 0.02000000000000031 0.1395140195936592 -0.5614278639777123
0.2 0.03000000000000031 0.1069295403673442 -0.42948333381418
0.2 0.04000000000000031 0.0810234480319474 -0.3252619239900654
0.2 0.050000000000000315 0.0601423782264133 -0.2419630981059542
0.2 0.06000000000000032 0.042943761117251 -0.17413285959725
0.2 0.07000000000000031 0.0283088493938232 -0.1173057243862478
0.2 0.08000000000000031 0.0152691843296503 -0.0677098156692843
0.2 0.0900000000000003 0.0029416047482118 -0.0220155416593926
0.2 0.1000000000000003 -0.0095326368222498 0.022888955810145
0.2 0.11000000000000029 -0.023048936049104 0.0701107959862543
0.2 0.12000000000000029 -0.0386050204816983 0.1229684489914344
0.2 0.13000000000000028 -0.057376189075759 0.1852260228794438
0.2 0.1400000000000003 -0.0808059121235124 0.261362360737823
0.2 0.1500000000000003 -0.110718925316828 0.3568942537044294
0.2 0.1600000000000003 -0.1494658550663719 0.4787771579198204
0.2 0.17000000000000032 -0.2001110527039012 0.63591258139913
0.2 0.18000000000000033 -0.2666789170782226 0.8397992103582265
0.2 0.19000000000000034 -0.3544788533306362 1.105375458345041
0.2 0.20000000000000034 -0.4705355623179985 1.4521152282778997
0.2 0.21000000000000035 -0.6241601347381762 1.9054573153530143
0.2 0.22000000000000036 -0.8277091812910295 2.4986734175479457
0.2 0.23000000000000037 -1.097594964586014 3.275311961782349
0.2 0.24000000000000038 -1.4556305505270968 4.292397262897752
0.2 0.2500000000000004 -1.9308221645604633 5.624619010794795
0.2 0.2600000000000004 -2.561758633307895 7.3698197917049315
0.2 0.2700000000000004 -3.3997982507671356 9.656183613723002
0.2 0.2800000000000004 -4.513320973607443 12.651653189501463
0.2 0.2900000000000004 -5.993404353159719 16.57626714441469
0.2 0.30000000000000043 -7.9614028838899085 21.71832228862838
0.2 0.31000000000000044 -10.5790730112688 28.455546206762097
0.2 0.32000000000000045 -14.06210403782129 37.282832059933924
0.2 0.33000000000000046 -18.698207609013537 48.84856729540286
0.2 0.34000000000000047 -24.87131092556895 64.0022157098806
0.2 0.3500000000000005 -33.09392572802342 83.85663344186625
0.2 0.3600000000000005 -44.05047275278043 109.86967326506081
0.2 0.3700000000000005 -58.655292137097945 143.9510353576561
0.2 0.3800000000000005 -78.13034816588056 188.60215735565106
0.2 0.3900000000000005 -104.10935500917 247.09933331907993
0.2 0.4000000000000005 -138.77736128427023 323.7333812595752
0.2 0.41000000000000053 -185.0579411342718 424.12326455254293
0.2 0.42000000000000054 -246.86432554998794 555.6264030031552
0.2 0.43000000000000055 -329.43644428490535 727.8753599220381
0.2 0.44000000000000056 -439.79344122569637 953.4796490947894
0.2 0.45000000000000057 -587.3414566310423 1248.943200506424
0.2 0.4600000000000006 -784.6902593630475 1635.8633715691537
0.2 0.4700000000000006 -1048.7509052358557 2142.4973443586427
0.2 0.4800000000000006 -1402.2116746670388 2805.8076661218493
0.2 0.4900000000000006 -1875.5233750641992 3674.1323155987384
0.2 0.5000000000000006 -2509.570750185212 4810.668251221426
0.30000000000000004 -0.5 124382.001346236 305255.00503857614
0.30000000000000004 -0.49 96279.15595159162 236601.50299186987
0.30000000000000004 -0.48 74527.30683416736 183392.80433854504
0.30000000000000004 -0.47 57690.85520863165 142153.38141313192
0.30000000000000004 -0.45999999999999996 44658.784578969484 110190.01278852961
0.30000000000000004 -0.44999999999999996 34571.25704229922 85415.64667114569
0.30000000000000004 -0.43999999999999995 26762.81361406238 66212.93212551606
0.30000000000000004 -0.42999999999999994 20718.421829127154 51328.48214103314
0.30000000000000004 -0.41999999999999993 16039.464060027492 39790.94609844969
0.30000000000000004 -0.4099999999999999 12417.417728506913 30847.52890762399
0.30000000000000004 -0.3999999999999999 9613.487444571763 23914.802286090948
0.30000000000000004 -0.3899999999999999 7442.842794524474 18540.589572932593
0.30000000000000004 -0.3799999999999999 5762.420089092255 14374.430498296017
0.30000000000000004 -0.3699999999999999 4461.482043859345 11144.693991696447
0.30000000000000004 -0.3599999999999999 3454.311699014608 8640.842230638897
0.30000000000000004 -0.34999999999999987 2674.5579637385003 6699.686223474725
0.30000000000000004 -0.33999999999999986 2070.859329608664 5194.7343764345815
0.30000000000000004 -0.32999999999999985 1603.4567607427043 4027.9378250727095
0.30000000000000004 -0.31999999999999984 1241.5721244041542 3123.2930689628542
0.30000000000000004 -0.30999999999999983 961.3790979770308 2421.883902437828
0.30000000000000004 -0.2999999999999998 744.432621526033 1878.038736750906
0.30000000000000004 -0.2899999999999998 576.4532475611236 1456.352321409518
0.30000000000000004 -0.2799999999999998 446.3861734314746 1129.3773675131335
0.30000000000000004 -0.2699999999999998 345.67287620795526 875.8353512912329
0.30000000000000004 -0.2599999999999998 267.68730367121225 679.2296962608411
0.30000000000000004 -0.24999999999999978 207.29943559133667 526.7708167816011
0.30000000000000004 -0.23999999999999977 160.53743452656647 408.54287366844284
0.30000000000000004 -0.22999999999999976 124.32611019604649 316.85787605305666
0.30000000000000004 -0.21999999999999975 96.28445579588139 245.7549949759033
0.30000000000000004 -0.20999999999999974 74.56891093718902 190.61243292246323
0.30000000000000004 -0.19999999999999973 57.75202149485097 147.84653929979146
0.30000000000000004 -0.18999999999999972 44.72850068006328 114.67855477806401
0.30000000000000004 -0.17999999999999972 34.64250217582028 88.95377950122845
0.30000000000000004 -0.1699999999999997 26.831314445977945 69.00137965653913
0.30000000000000004 -0.1599999999999997 20.781767627798146 53.52569715098383
0.30000000000000004 -0.1499999999999997 16.09648216260871 41.521981261128424
0.30000000000000004 -0.13999999999999968 12.467736781316457 32.211053231710444
0.30000000000000004 -0.12999999999999967 9.657235418046678 24.98864884015233
0.30000000000000004 -0.11999999999999968 7.480441183623776 19.38614047043068
0.30000000000000004 -0.10999999999999968 5.794446315129669 15.040081675789194
0.30000000000000004 -0.09999999999999969 4.488579861207645 11.66859193483605
0.30000000000000004 -0.08999999999999969 3.4771351157458046 9.053044813981561
0.30000000000000004 -0.0799999999999997 2.6937383568331863 7.0238681000556955
0.30000000000000004 -0.0699999999999997 2.0869884804210557 5.449532182287739
0.30000000000000004 -0.0599999999999997 1.6170807580287168 4.228010498405867
0.30000000000000004 -0.0499999999999997 1.2531927060041248 3.2801567447988735
0.30000000000000004 -0.039999999999999696 0.971460196492116 2.544568271676443
0.30000000000000004 -0.029999999999999694 0.75341077031941 1.97360176851692
0.30000000000000004 -0.01999999999999969 0.5847511869463624 1.5302822920506658
0.30000000000000004 -0.009999999999999691 0.4544295471241971 1.1859047805970633
0.30000000000000004 3.0878077872387166e-16 0.3539103843813335 0.9181722179563834
0.30000000000000004 0.010000000000000309 0.276615131349791 0.709749488417929
0.30000000000000004 0.02000000000000031 0.217491249030078 0.5471389720141292
0.30000000000000004 0.03000000000000031 0.172681778432806 0.4198048232216688
0.30000000000000004 0.04000000000000031 0.1392736932510588 0.3194890157389888
0.30000000000000004 0.050000000000000315 0.1151086364084059 0.2396746696739194
0.30000000000000004 0.06000000000000032 0.0986437569881677 0.1751617126953546
0.30000000000000004 0.07000000000000031 0.0888537019417033 0.1217271814791014
0.30000000000000004 0.08000000000000031 0.0851675824571955 0.0758479130514479
0.30000000000000004 0.0900000000000003 0.087437114933779 0.0344673575820233
0.30000000000000004 0.1000000000000003 0.0959342945079137 -0.0052089812527987
0.30000000000000004 0.11000000000000029 0.1113790460838545 -0.0459032311294119
0.30000000000000004 0.12000000000000029 0.1349994633185184 -0.0904529016553947
0.30000000000000004 0.13000000000000028 0.1686296488056901 -0.1420097159483382
0.30000000000000004 0.1400000000000003 0.2148529887644576 -0.2042635197338856
0.30000000000000004 0.1500000000000003 0.2772021477280155 -0.2817072349129166
0.30000000000000004 0.1600000000000003 0.3604314194887604 -0.3799619370295228
0.30000000000000004 0.17000000000000032 0.4708826588331332 -0.5061856252902113
0.30000000000000004 0.18000000000000033 0.616973282744872 -0.6695954538328561
0.30000000000000004 0.19000000000000034 0.8098443425313694 -0.8821415620578885
0.30000000000000004 0.20000000000000034 1.0642191829047525 -1.1593817961118997
0.30000000000000004 0.21000000000000035 1.3995397147517128 -1.5216213721727465
0.30000000000000004 0.22000000000000036 1.8414691511335088 -1.9954009770328207
0.30000000000000004 0.23000000000000037 2.4238789355291335 -2.6154423564405165
0.30000000000000004 0.24000000000000038 3.1914758428227215 -3.4271939760516235
0.30000000000000004 0.2500000000000004 4.203275932559659 -4.490163304337438
0.30000000000000004 0.2600000000000004 5.537199268604538 -5.8822798712419555
0.30000000000000004 0.2700000000000004 7.296148526669666 -7.705608702273418
0.30000000000000004 0.2800000000000004 9.616053026582287 -10.093832511846326
0.30000000000000004 0.2900000000000004 12.676516982835896 -13.22205035055822
0.30000000000000004 0.30000000000000043 16.714919697137702 -17.3196096359633
0.30000000000000004 0.31000000000000044 22.045093122457182 -22.6869099354314
0.30000000000000004 0.32000000000000045 29.082071513870456 -29.717406553974477
0.30000000000000004 0.33000000000000046 38.37489917068668 -38.92642085463298
0.30000000000000004 0.34000000000000047 50.65013617593499 -50.98885963987895
0.30000000000000004 0.3500000000000005 66.86957278654542 -66.7885935075202
0.30000000000000004 0.3600000000000005 88.30682318766206 -87.48309035108483
0.30000000000000004 0.3700000000000005 116.64901558182659 -114.58800566955256
0.30000000000000004 0.3800000000000005 154.13185763863208 -150.08787493884353
0.30000000000000004 0.3900000000000005 203.71910764424598 -196.5809375584612
0.30000000000000004 0.4000000000000005 269.34115456201977 -257.46858014667157
0.30000000000000004 0.41000000000000053 356.2123159198445 -337.2030923247774
0.30000000000000004 0.42000000000000054 471.2530183216075 -441.6116051074294
0.30000000000000004 0.43000000000000055 623.6517913309076 -578.3195213751455
0.30000000000000004 0.44000000000000056 825.6137330748713 -757.3038256967938
0.30000000000000004 0.45000000000000057 1093.3578046720818 -991.6158625047566
0.30000000000000004 0.4600000000000006 1448.4463372854957 -1298.3251229274067
0.30000000000000004 0.4700000000000006 1919.5583148940898 -1699.7510858330595
0.30000000000000004 0.4800000000000006 2544.855783155388 -2225.07024940067
0.30000000000000004 0.4900000000000006 3375.1434362210975 -2912.411484793195
0.30000000000000004 0.5000000000000006 4478.089503742551 -3811.5864239152997
0.4 -0.5 -274497.6537043578 -184569.98638911615
0.4 -0.49 -212689.16715756032 -143082.76913137175
0.4 -0.48 -164801.85175122673 -110923.6015596197
0.4 -0.47 -127699.38359955596 -85994.56175191488
0.4 -0.45999999999999996 -98952.21659455914 -66669.6913267459
0.4 -0.44999999999999996 -76678.26574901372 -51688.789922299315
0.4 -0.43999999999999995 -59419.512113778226 -40075.115527173395
0.4 -0.42999999999999994 -46046.427776377204 -31071.608226258
0.4 -0.41999999999999993 -35683.94708512555 -24091.46711439932
0.4 -0.4099999999999999 -27654.12546960559 -18679.849247092927
0.4 -0.3999999999999999 -21431.723130107617 -14484.187073563007
0.4 -0.3899999999999999 -16609.799515785333 -11231.18449646938
0.4 -0.3799999999999999 -12873.06170335208 -8708.988445192095
0.4 -0.3699999999999999 -9977.218729023927 -6753.3712368381985
0.4 -0.3599999999999999 -7732.988067816097 -5237.021186651413
0.4 -0.34999999999999987 -5993.705697890441 -4061.2420809442624
0.4 -0.33999999999999986 -4645.727589470916 -3149.5195376072134
0.4 -0.32999999999999985 -3600.9935479255537 -2442.5342526735494
0.4 -0.31999999999999984 -2791.266144654005 -1894.2966468323757
0.4 -0.30999999999999983 -2163.6672997127775 -1469.1506660545908
0.4 -0.2999999999999998 -1677.2201479573123 -1139.4512458875504
0.4 -0.2899999999999998 -1300.1697103336944 -883.7639309001717
0.4 -0.2799999999999998 -1007.9069285092463 -685.4692248116606
0.4 -0.2699999999999998 -781.3601535082024 -531.6806610831425
0.4 -0.2599999999999998 -605.7488012211076 -412.40605456462464
0.4 -0.24999999999999978 -469.61760841866896 -319.8972598599255
0.4 -0.23999999999999977 -364.0882980402672 -248.14605793212652
0.4 -0.22999999999999976 -282.279697034567 -192.49332231568664
0.4 -0.21999999999999975 -218.8583771998806 -149.32600253053414
0.4 -0.20999999999999974 -169.69043217873093 -115.8421872175838
0.4 -0.19999999999999973 -131.57162191362193 -89.86894689753962
0.4 -0.18999999999999972 -102.01824316113402 -69.72109574487169
0.4 -0.17999999999999972 -79.10505702385008 -54.091677837783806
0.4 -0.1699999999999997 -61.33968211286369 -41.96704995655418
0.4 -0.1599999999999997 -47.56524647070392 -32.56103498042269
0.4 -0.1499999999999997 -36.88493891274958 -25.263861769429628
0.4 -0.13999999999999968 -28.603531946398316 -19.60257009847013
0.4 -0.12999999999999967 -22.18205760810656 -15.210305505819806
0.4 -0.11999999999999968 -17.202677013449197 -11.802507479058175
0.4 -0.10999999999999968 -13.341450384660124 -9.158442937326633
0.4 -0.09999999999999969 -10.347230374984896 -7.106884709744575
0.4 -0.08999999999999969 -8.0253014064938 -5.515004312260903
0.4 -0.0799999999999997 -6.22469763177914 -4.2797573516684535
0.4 -0.0699999999999997 -4.8283722841720556 -3.3212019497408494
0.4 -0.0599999999999997 -3.74557729661296 -2.577316235600374
0.4 -0.0499999999999997 -2.905956311900779 -1.9999783812384964
0.4 -0.039999999999999696 -2.2549660037392987 -1.5518481952691112
0.4 -0.029999999999999694 -1.7503272840795658 -1.2039478595900674
0.4 -0.01999999999999969 -1.3592751492927977 -0.933784803537446
0.4 -0.009999999999999691 -1.0564280039870289 -0.7238949143505332
0.4 3.0878077872387166e-16 -0.8221376988910853 -0.5607115709166245
0.4 0.010000000000000309 -0.6412128665919363 -0.4336871341427166
0.4 0.02000000000000031 -0.5019324833683463 -0.3346099064795956
0.4 0.03000000000000031 -0.3952855170878648 -0.2570722494143995
0.4 0.04000000000000031 -0.3143872771777966 -0.1960553444757298
0.4 0.050000000000000315 -0.2540346279439075 -0.1476036363408082
0.4 0.06000000000000032 -0.2103713169632243 -0.1085677957723829
0.4 0.07000000000000031 -0.1806419025765001 -0.0763994608118823
0.4 0.08000000000000031 -0.1630186152730963 -0.0489843424150666
0.4 0.0900000000000003 -0.1564903451192335 -0.0245027295261591
0.4 0.1000000000000003 -0.1608071368423276 -0.0013081546881563
0.4 0.11000000000000029 -0.1764773806339561 0.0221839068607595
0.4 0.12000000000000029 -0.2048185740014515 0.0476048665834036
0.4 0.13000000000000028 -0.2480663593844284 0.0767468936931467
0.4 0.1400000000000003 -0.3095507913344456 0.1116898133213188
0.4 0.1500000000000003 -0.3939537701429466 0.1549500518466382
0.4 0.1600000000000003 -0.5076676705885103 0.2096623271485855
0.4 0.17000000000000032 -0.6592828586973819 0.2798072292017572
0.4 0.18000000000000033 -0.8602416147615902 0.3705012362642747
0.4 0.19000000000000034 -1.1257087269706925 0.4883703151102585
0.4 0.20000000000000034 -1.475725677208372 0.6420343988942947
0.4 0.21000000000000035 -1.936737208146588 0.8427381740759535
0.4 0.22000000000000036 -2.5436078501860373 1.1051743342121354
0.4 0.23000000000000037 -3.3422839580375805 1.4485595576348176
0.4 0.24000000000000038 -4.393306949117498 1.8980419678060163
0.4 0.2500000000000004 -5.776449707948823 2.486543089334667
0.4 0.2600000000000004 -7.596835768883709 3.2571690869289265
0.4 0.2700000000000004 -9.993016871993763 4.266367682130335
0.4 0.2800000000000004 -13.14763803818876 5.588061608936796
0.4 0.2900000000000004 -17.301522691024058 7.3190607494845645
0.4 0.30000000000000043 -22.772279854151158 9.58614835318909
0.4 0.31000000000000044 -29.978892728230523 12.555358738113597
0.4 0.32000000000000045 -39.47422179734585 16.444123416175664
0.4 0.33000000000000046 -51.98798435354668 21.53717117706169
0.4 0.34000000000000047 -68.48360698080108 28.207340313207524
0.4 0.3500000000000005 -90.23345607712405 36.942817428851214
0.4 0.3600000000000005 -118.91842451975265 48.382782630349716
0.4 0.3700000000000005 -156.7598109398487 63.36404851318167
0.4 0.3800000000000005 -206.69403305667714 82.9820733894513
0.4 0.3900000000000005 -272.60418352455383 108.67076370798524
0.4 0.4000000000000005 -359.6270536258699 142.30682939515808
0.4 0.41000000000000053 -474.56040185635214 186.34621326662113
0.4 0.42000000000000054 -626.4034461703966 244.00240393434942
0.4 0.43000000000000055 -827.0745003370118 319.47941875401636
0.4 0.44000000000000056 -1092.3642812241824 418.2761132236476
0.4 0.45000000000000057 -1443.2029252306538 547.5834984581367
0.4 0.4600000000000006 -1907.344833565386 716.803266331519
0.4 0.4700000000000006 -2521.610354653539 938.2241649262172
0.4 0.4800000000000006 -3334.8700156662576 1227.9037872195915
0.4 0.4900000000000006 -4412.019582411731 1606.817436028962
0.4 0.5000000000000006 -5839.278111069352 2102.3538980105427
0.5 -0.5 331166.67871383234 2.983143e-10
0.5 -0.49 256639.03603060002 -3.63798e-11
0.5 -0.48 198888.18585041302 3.856258e-10
0.5 -0.47 154136.49036212027 2.655725e-10
0.5 -0.45999999999999996 119457.15721257296 -3.638e-12
0.5 -0.44999999999999996 92582.54957933807 -2.764864e-10
0.5 -0.43999999999999995 71755.69442796159 9.27685e-11
0.5 -0.42999999999999994 55615.25142523941 3.929017e-10
0.5 -0.41999999999999993 43106.40055646727 -1.073204e-10
0.5 -0.4099999999999999 33411.806889375235 -9.0949e-12
0.5 -0.3999999999999999 25898.13785178741 -4.8658e-11
0.5 -0.3899999999999999 20074.628346372738 1.95541e-11
0.5 -0.3799999999999999 15560.978999067771 -5.41149e-11
0.5 -0.3699999999999999 12062.484698793001 -1.27329e-11
0.5 -0.3599999999999999 9350.764504138935 -7.7307e-12
0.5 -0.34999999999999987 7248.83107497213 5.2296e-12
0.5 -0.33999999999999986 5619.5221240147785 1.03455e-11
0.5 -0.32999999999999985 4356.536632199342 -2.36469e-11
0.5 -0.31999999999999984 3377.489181119033 8.697e-12
0.5 -0.30999999999999983 2618.527916780702 1.6485e-12
0.5 -0.2999999999999998 2030.1640382412882 1.44382e-11
0.5 -0.2899999999999998 1574.0400154406045 8.8107e-12
0.5 -0.2799999999999998 1220.4251819640963 4.3769e-12
0.5 -0.2699999999999998 946.2749477645114 4.9454e-12
0.5 -0.2599999999999998 733.7267533699998 -3.695e-13
0.5 -0.24999999999999978 568.9344570083651 2.2879e-12
0.5 -0.23999999999999977 441.1649809880271 -3.268e-13
0.5 -0.22999999999999976 342.09819338550443 -7.176e-13
0.5 -0.21999999999999975 265.2842886623506 1.847e-13
0.5 -0.20999999999999974 205.7232262669325 5.33e-14
0.5 -0.19999999999999973 159.53876353149522 0.0
0.5 -0.18999999999999972 123.7258003690955 1.599e-13
0.5 -0.17999999999999972 95.95454289767927 1.19e-13
0.5 -0.1699999999999997 74.41870454009552 1.581e-13
0.5 -0.1599999999999997 57.71783915172171 8.08e-14
0.5 -0.1499999999999997 44.76612941120871 -9.5e-14
0.5 -0.13999999999999968 34.721680810979024 1.155e-13
0.5 -0.12999999999999967 26.931710019053735 -1.24e-14
0.5 -0.11999999999999968 20.89005364252521 0.0
0.5 -0.10999999999999968 16.204227295888497 4.0e-15
0.5 -0.09999999999999969 12.569887892303766 -1.22e-14
0.5 -0.08999999999999969 9.751034935073264 8.7e-15
0.5 -0.0799999999999997 7.564660830286659 3.4e-15
0.5 -0.0699999999999997 5.868850310580808 -5.3e-15
0.5 -0.0599999999999997 4.553553894478597 1.04e-14
0.5 -0.0499999999999997 3.5334345838235364 -2.3e-15
0.5 -0.039999999999999696 2.742322098871808 -5.0e-16
0.5 -0.029999999999999694 2.1289136831331255 3.0e-15
0.5 -0.01999999999999969 1.653441711821229 -3.0e-16
0.5 -0.009999999999999691 1.2850913063307616 3.2e-15
0.5 3.0878077872387166e-16 0.9999999999999936 0.0
0.5 0.010000000000000309 0.7797094033079154 7.0e-16
0.5 0.02000000000000031 0.6099682517407425 2.0e-16
0.5 0.03000000000000031 0.4798091068712194 5.0e-16
0.5 0.04000000000000031 0.3808388140768441 1.2e-15
0.5 0.050000000000000315 0.3066967630667332 1.0e-16
0.5 0.06000000000000032 0.2526459613770695 7.0e-16
0.5 0.07000000000000031 0.2152706344264895 -4.0e-16
0.5 0.08000000000000031 0.1922610807775024 2.0e-16
0.5 0.0900000000000003 0.1822723018554244 4.0e-16
0.5 0.1000000000000003 0.184847878040557 3.0e-16
0.5 0.11000000000000029 0.200405012845254 2.0e-16
0.5 0.12000000000000029 0.2302809203363295 3.0e-16
0.5 0.13000000000000028 0.2768450874119235 6.0e-16
0.5 0.1400000000000003 0.3436867155369122 1.6e-15
0.5 0.1500000000000003 0.4358921867608588 9.0e-16
0.5 0.1600000000000003 0.5604341202938201 2.1e-15
0.5 0.17000000000000032 0.7267019973908975 4.0e-16
0.5 0.18000000000000033 0.9472150765342676 3.1e-15
0.5 0.19000000000000034 1.2385722245202757 -1.1e-15
0.5 0.20000000000000034 1.6227114272268883 7.0e-16
0.5 0.21000000000000035 2.1285755248419016 2.2e-15
0.5 0.22000000000000036 2.7943119928418474 7.8e-15
0.5 0.23000000000000037 3.670175806008484 4.2e-15
0.5 0.24000000000000038 4.82235880806829 3.4e-14
0.5 0.2500000000000004 6.338040837732301 8.4e-15
0.5 0.2600000000000004 8.332052792819148 1.69e-14
0.5 0.2700000000000004 10.955667348888774 1.8e-15
0.5 0.2800000000000004 14.40819913504743 9.5e-14
0.5 0.2900000000000004 18.952316006915655 7.28e-14
0.5 0.30000000000000043 24.934254169450284 -1.084e-13
0.5 0.31000000000000044 32.81051556870895 1.8e-15
0.5 0.32000000000000045 43.18313713042835 1.492e-13
0.5 0.33000000000000046 56.84629921709357 -1.776e-13
0.5 0.34000000000000047 74.84793984733653 1.492e-13
0.5 0.3500000000000005 98.57123465494479 1.35e-13
0.5 0.3600000000000005 129.84238735188995 5.187e-13
0.5 0.3700000000000005 171.07328102560302 7.816e-13
0.5 0.3800000000000005 225.45033958286382 -1.137e-13
0.5 0.3900000000000005 297.1846714850493 -8.953e-13
0.5 0.4000000000000005 391.84352239755617 -5.684e-13
0.5 0.41000000000000053 516.7896609292661 3.098e-12
0.5 0.42000000000000054 681.7641126355104 -2.6432e-12
0.5 0.43000000000000055 899.6593787104813 2.7853e-12
0.5 0.44000000000000056 1187.545914508836 3.8654e-12
0.5 0.45000000000000057 1568.0355230271018 8.9813e-12
0.5 0.4600000000000006 2071.093216489905 1.2506e-12
0.5 0.4700000000000006 2736.4464020330415 -1.1369e-12
0.5 0.4800000000000006 3616.7901645114584 1.20508e-11
0.5 0.4900000000000006 4782.05427026031 1.36424e-11
0.5 0.5000000000000006 6325.087119951075 5.07043e-11
0.6 -0.5 -274497.65370435955 184569.98638911528
0.6 -0.49 -212689.16715755934 143082.7691313696
0.6 -0.48 -164801.8517512265 110923.60155961922
0.6 -0.47 -127699.38359955806 85994.56175191428
0.6 -0.45999999999999996 -98952.21659455805 66669.69132674481
0.6 -0.44999999999999996 -76678.26574901237 51688.78992229809
0.6 -0.43999999999999995 -59419.51211377889 40075.11552717368
0.6 -0.42999999999999994 -46046.42777637621 31071.60822625776
0.6 -0.41999999999999993 -35683.94708512563 24091.467114398885
0.6 -0.4099999999999999 -27654.125469605413 18679.849247092905
0.6 -0.3999999999999999 -21431.723130107548 14484.187073562869
0.6 -0.3899999999999999 -16609.799515785453 11231.184496469596
0.6 -0.3799999999999999 -12873.06170335202 8708.988445192039
0.6 -0.3699999999999999 -9977.21872902396 6753.371236838172
0.6 -0.3599999999999999 -7732.988067816053 5237.021186651371
0.6 -0.34999999999999987 -5993.705697890439 4061.2420809442524
0.6 -0.33999999999999986 -4645.727589470951 3149.51953760724
0.6 -0.32999999999999985 -3600.993547925503 2442.5342526735394
0.6 -0.31999999999999984 -2791.266144654027 1894.2966468324128
0.6 -0.30999999999999983 -2163.6672997127694 1469.1506660545592
0.6 -0.2999999999999998 -1677.2201479572996 1139.4512458875406
0.6 -0.2899999999999998 -1300.1697103336787 883.7639309001656
0.6 -0.2799999999999998 -1007.9069285092543 685.4692248116584
0.6 -0.2699999999999998 -781.3601535082101 531.6806610831484
0.6 -0.2599999999999998 -605.7488012211041 412.406054564618
0.6 -0.24999999999999978 -469.6176084186713 319.8972598599277
0.6 -0.23999999999999977 -364.0882980402738 248.14605793212948
0.6 -0.22999999999999976 -282.2796970345689 192.49332231568658
0.6 -0.21999999999999975 -218.85837719987893 149.3260025305338
0.6 -0.20999999999999974 -169.6904321787318 115.84218721758405
0.6 -0.19999999999999973 -131.57162191362116 89.86894689753987
0.6 -0.18999999999999972 -102.01824316113397 69.72109574487209
0.6 -0.17999999999999972 -79.10505702384907 54.09167783778371
0.6 -0.1699999999999997 -61.33968211286296 41.96704995655454
0.6 -0.1599999999999997 -47.5652464707039 32.56103498042244
0.6 -0.1499999999999997 -36.8849389127497 25.263861769429653
0.6 -0.13999999999999968 -28.603531946398235 19.60257009847009
0.6 -0.12999999999999967 -22.182057608106525 15.210305505819866
0.6 -0.11999999999999968 -17.202677013449303 11.802507479058143
0.6 -0.10999999999999968 -13.341450384660064 9.158442937326562
0.6 -0.09999999999999969 -10.347230374984902 7.106884709744571
0.6 -0.08999999999999969 -8.025301406493819 5.515004312260813
0.6 -0.0799999999999997 -6.224697631779064 4.279757351668418
0.6 -0.0699999999999997 -4.828372284172022 3.3212019497408867
0.6 -0.0599999999999997 -3.7455772966129928 2.577316235600421
0.6 -0.0499999999999997 -2.90595631190082 1.999978381238506
0.6 -0.039999999999999696 -2.254966003739306 1.551848195269123
0.6 -0.029999999999999694 -1.7503272840795705 1.2039478595900832
0.6 -0.01999999999999969 -1.3592751492927915 0.9337848035374396
0.6 -0.009999999999999691 -1.056428003987031 0.7238949143505369
0.6 3.0878077872387166e-16 -0.8221376988910806 0.5607115709166131
0.6 0.010000000000000309 -0.6412128665919326 0.4336871341427102
0.6 0.02000000000000031 -0.501932483368352 0.3346099064795959
0.6 0.03000000000000031 -0.3952855170878614 0.2570722494143988
0.6 0.04000000000000031 -0.3143872771777948 0.1960553444757305
0.6 0.050000000000000315 -0.2540346279439094 0.147603636340809
0.6 0.06000000000000032 -0.2103713169632232 0.1085677957723814
0.6 0.07000000000000031 -0.1806419025764998 0.0763994608118824
0.6 0.08000000000000031 -0.1630186152730961 0.0489843424150657
0.6 0.0900000000000003 -0.1564903451192338 0.0245027295261587
0.6 0.1000000000000003 -0.1608071368423274 0.0013081546881552
0.6 0.11000000000000029 -0.176477380633956 -0.0221839068607598
0.6 0.12000000000000029 -0.2048185740014514 -0.0476048665834051
0.6 0.13000000000000028 -0.2480663593844284 -0.0767468936931487
0.6 0.1400000000000003 -0.309550791334444 -0.1116898133213185
0.6 0.1500000000000003 -0.3939537701429407 -0.1549500518466397
0.6 0.1600000000000003 -0.5076676705885127 -0.209662327148587
0.6 0.17000000000000032 -0.6592828586973771 -0.279807229201763
0.6 0.18000000000000033 -0.8602416147615823 -0.3705012362642704
0.6 0.19000000000000034 -1.125708726970701 -0.4883703151102698
0.6 0.20000000000000034 -1.475725677208376 -0.6420343988942929
0.6 0.21000000000000035 -1.9367372081465812 -0.8427381740759631
0.6 0.22000000000000036 -2.5436078501860426 -1.1051743342121636
0.6 0.23000000000000037 -3.342283958037563 -1.4485595576348225
0.6 0.24000000000000038 -4.393306949117493 -1.8980419678060407
0.6 0.2500000000000004 -5.776449707948799 -2.486543089334668
0.6 0.2600000000000004 -7.59683576888369 -3.2571690869289505
0.6 0.2700000000000004 -9.993016871993838 -4.266367682130444
0.6 0.2800000000000004 -13.147638038188822 -5.588061608936909
0.6 0.2900000000000004 -17.301522691023976 -7.3190607494846365
0.6 0.30000000000000043 -22.772279854151154 -9.586148353189067
0.6 0.31000000000000044 -29.978892728230676 -12.555358738113796
0.6 0.32000000000000045 -39.474221797345436 -16.444123416175756
0.6 0.33000000000000046 -51.987984353546295 -21.537171177061698
0.6 0.34000000000000047 -68.4836069808016 -28.207340313207837
0.6 0.3500000000000005 -90.2334560771248 -36.942817428851484
0.6 0.3600000000000005 -118.91842451975258 -48.38278263035061
0.6 0.3700000000000005 -156.7598109398502 -63.36404851318241
0.6 0.3800000000000005 -206.69403305667834 -82.98207338945348
0.6 0.3900000000000005 -272.60418352455343 -108.67076370798691
0.6 0.4000000000000005 -359.6270536258688 -142.30682939515955
0.6 0.41000000000000053 -474.5604018563541 -186.34621326662477
0.6 0.42000000000000054 -626.4034461703986 -244.00240393435345
0.6 0.43000000000000055 -827.0745003370106 -319.47941875401557
0.6 0.44000000000000056 -1092.3642812241746 -418.27611322365823
0.6 0.45000000000000057 -1443.202925230656 -547.5834984581352
0.6 0.4600000000000006 -1907.344833565372 -716.8032663315211
0.6 0.4700000000000006 -2521.610354653566 -938.2241649262353
0.6 0.4800000000000006 -3334.870015666257 -1227.903787219597
0.6 0.4900000000000006 -4412.019582411772 -1606.8174360289754
0.6 0.5000000000000006 -5839.278111069352 -2102.353898010579
0.7 -0.5 124382.00134623681 -305255.0050385726
0.7 -0.49 96279.15595159019 -236601.50299186897
0.7 -0.48 74527.30683416719 -183392.80433854464
0.7 -0.47 57690.85520863123 -142153.3814131332
0.7 -0.45999999999999996 44658.784578969164 -110190.01278852863
0.7 -0.44999999999999996 34571.25704229976 -85415.6466711462
0.7 -0.43999999999999995 26762.81361406243 -66212.93212551597
0.7 -0.42999999999999994 20718.42182912748 -51328.48214103367
0.7 -0.41999999999999993 16039.464060027509 -39790.94609844986
0.7 -0.4099999999999999 12417.417728506936 -30847.52890762416
0.7 -0.3999999999999999 9613.487444571805 -23914.80228609092
0.7 -0.3899999999999999 7442.842794524478 -18540.58957293251
0.7 -0.3799999999999999 5762.420089092308 -14374.430498296264
0.7 -0.3699999999999999 4461.48204385938 -11144.693991696473
0.7 -0.3599999999999999 3454.3116990146655 -8640.842230638938
0.7 -0.34999999999999987 2674.5579637385617 -6699.68622347471
0.7 -0.33999999999999986 2070.859329608713 -5194.734376434621
0.7 -0.32999999999999985 1603.4567607427043 -4027.9378250726973
0.7 -0.31999999999999984 1241.572124404151 -3123.2930689628124
0.7 -0.30999999999999983 961.3790979770469 -2421.8839024378103
0.7 -0.2999999999999998 744.4326215260486 -1878.0387367509136
0.7 -0.2899999999999998 576.4532475611273 -1456.3523214095217
0.7 -0.2799999999999998 446.38617343147723 -1129.3773675131424
0.7 -0.2699999999999998 345.6728762079521 -875.8353512912191
0.7 -0.2599999999999998 267.68730367121145 -679.2296962608378
0.7 -0.24999999999999978 207.2994355913361 -526.7708167816
0.7 -0.23999999999999977 160.53743452656846 -408.5428736684437
0.7 -0.22999999999999976 124.32611019604585 -316.85787605305654
0.7 -0.21999999999999975 96.28445579588295 -245.75499497590494
0.7 -0.20999999999999974 74.56891093718933 -190.6124329224629
0.7 -0.19999999999999973 57.75202149485016 -147.84653929979046
0.7 -0.18999999999999972 44.72850068006327 -114.67855477806404
0.7 -0.17999999999999972 34.64250217582093 -88.95377950122835
0.7 -0.1699999999999997 26.831314445977878 -69.00137965653936
0.7 -0.1599999999999997 20.781767627797446 -53.52569715098344
0.7 -0.1499999999999997 16.096482162608744 -41.52198126112836
0.7 -0.13999999999999968 12.46773678131668 -32.21105323171054
0.7 -0.12999999999999967 9.6572354180466 -24.988648840152244
0.7 -0.11999999999999968 7.480441183623745 -19.38614047043067
0.7 -0.10999999999999968 5.794446315129674 -15.040081675789095
0.7 -0.09999999999999969 4.488579861207746 -11.668591934836094
0.7 -0.08999999999999969 3.4771351157458184 -9.05304481398153
0.7 -0.0799999999999997 2.693738356833175 -7.023868100055747
0.7 -0.0699999999999997 2.0869884804210455 -5.449532182287723
0.7 -0.0599999999999997 1.6170807580287503 -4.228010498405917
0.7 -0.0499999999999997 1.253192706004156 -3.2801567447988695
0.7 -0.039999999999999696 0.9714601964921188 -2.5445682716764413
0.7 -0.029999999999999694 0.7534107703194104 -1.9736017685169256
0.7 -0.01999999999999969 0.5847511869463718 -1.5302822920506687
0.7 -0.009999999999999691 0.4544295471241907 -1.1859047805970486
0.7 3.0878077872387166e-16 0.35391038438134 -0.9181722179563868
0.7 0.010000000000000309 0.2766151313497932 -0.7097494884179241
0.7 0.02000000000000031 0.2174912490300792 -0.5471389720141251
0.7 0.03000000000000031 0.172681778432804 -0.4198048232216694
0.7 0.04000000000000031 0.1392736932510609 -0.3194890157389906
0.7 0.050000000000000315 0.1151086364084055 -0.2396746696739186
0.7 0.06000000000000032 0.0986437569881669 -0.1751617126953528
0.7 0.07000000000000031 0.0888537019417028 -0.1217271814791018
0.7 0.08000000000000031 0.0851675824571947 -0.0758479130514471
0.7 0.0900000000000003 0.0874371149337792 -0.0344673575820228
0.7 0.1000000000000003 0.095934294507914 0.0052089812527984
0.7 0.11000000000000029 0.1113790460838527 0.0459032311294108
0.7 0.12000000000000029 0.1349994633185174 0.0904529016553956
0.7 0.13000000000000028 0.1686296488056894 0.1420097159483391
0.7 0.1400000000000003 0.2148529887644553 0.2042635197338856
0.7 0.1500000000000003 0.2772021477280129 0.2817072349129154
0.7 0.1600000000000003 0.3604314194887574 0.3799619370295253
0.7 0.17000000000000032 0.4708826588331265 0.5061856252902087
0.7 0.18000000000000033 0.6169732827448695 0.6695954538328549
0.7 0.19000000000000034 0.8098443425313633 0.8821415620578885
0.7 0.20000000000000034 1.0642191829047534 1.1593817961119162
0.7 0.21000000000000035 1.3995397147517217 1.5216213721727605
0.7 0.22000000000000036 1.8414691511334873 1.9954009770328265
0.7 0.23000000000000037 2.4238789355291237 2.615442356440511
0.7 0.24000000000000038 3.1914758428226944 3.427193976051615
0.7 0.2500000000000004 4.2032759325596185 4.490163304337412
0.7 0.2600000000000004 5.537199268604498 5.882279871241963
0.7 0.2700000000000004 7.296148526669588 7.705608702273452
0.7 0.2800000000000004 9.616053026582405 10.093832511846534
0.7 0.2900000000000004 12.676516982835953 13.222050350558185
0.7 0.30000000000000043 16.714919697137486 17.31960963596325
0.7 0.31000000000000044 22.04509312245697 22.686909935431245
0.7 0.32000000000000045 29.08207151387035 29.71740655397452
0.7 0.33000000000000046 38.37489917068632 38.92642085463327
0.7 0.34000000000000047 50.65013617593465 50.98885963987905
0.7 0.3500000000000005 66.8695727865454 66.78859350752111
0.7 0.3600000000000005 88.30682318766124 87.48309035108481
0.7 0.3700000000000005 116.64901558182557 114.58800566955263
0.7 0.3800000000000005 154.13185763863103 150.08787493884418
0.7 0.3900000000000005 203.71910764424564 196.58093755846156
0.7 0.4000000000000005 269.34115456202 257.4685801466707
0.7 0.41000000000000053 356.21231591984593 337.2030923247796
0.7 0.42000000000000054 471.2530183216079 441.6116051074321
0.7 0.43000000000000055 623.6517913308992 578.3195213751419
0.7 0.44000000000000056 825.6137330748635 757.3038256967948
0.7 0.45000000000000057 1093.3578046720718 991.6158625047458
0.7 0.4600000000000006 1448.4463372854998 1298.3251229274306
0.7 0.4700000000000006 1919.558314894078 1699.7510858330606
0.7 0.4800000000000006 2544.855783155376 2225.0702494006805
0.7 0.4900000000000006 3375.143436221063 2912.4114847931937
0.7 0.5000000000000006 4478.089503742463 3811.586423915309
0.7999999999999999 -0.5 66679.05523266384 320859.3121690885
0.7999999999999999 -0.49 51845.112373755845 248610.41733921636
0.7999999999999999 -0.48 40311.93986903287 192634.25526016648
0.7999999999999999 -0.47 31344.922108038616 149264.74579491324
0.7999999999999999 -0.45999999999999996 24372.969097245812 115661.95161198641
0.7999999999999999 -0.44999999999999996 18952.109286624753 89625.8610632106
0.7999999999999999 -0.43999999999999995 14737.189363306945 69452.15615144838
0.7999999999999999 -0.42999999999999994 11459.875523068271 53820.49708572885
0.7999999999999999 -0.41999999999999993 8911.552883277058 41707.99080708573
0.7999999999999999 -0.4099999999999999 6930.0322674998315 32322.16482306826
0.7999999999999999 -0.3999999999999999 5389.216531216549 25049.048480414185
0.7999999999999999 -0.3899999999999999 4191.067422090552 19412.95564782599
0.7999999999999999 -0.3799999999999999 3259.3607327003992 15045.3308781879
0.7999999999999999 -0.3699999999999999 2534.8315782721975 11660.61595837674
0.7999999999999999 -0.3599999999999999 1971.4002988975265 9037.554426570447
0.7999999999999999 -0.34999999999999987 1533.238404759738 7004.708411086917
0.7999999999999999 -0.33999999999999986 1192.4875528492346 5429.238459717502
0.7999999999999999 -0.32999999999999985 927.4861834299363 4208.211033965491
0.7999999999999999 -0.31999999999999984 721.3908113804259 3261.864093000254
0.7999999999999999 -0.30999999999999983 561.1041267889345 2528.3895710707793
0.7999999999999999 -0.2999999999999998 436.44161610503176 1959.8909878027653
0.7999999999999999 -0.2899999999999998 339.4836174155183 1519.2514502069134
0.7999999999999999 -0.2799999999999998 264.07154081331083 1177.7069630491776
0.7999999999999999 -0.2699999999999998 205.41617113656397 912.9661750877611
0.7999999999999999 -0.2599999999999998 159.79311146915288 707.7534843131971
0.7999999999999999 -0.24999999999999978 124.30597712000979 548.6801537620042
0.7999999999999999 -0.23999999999999977 96.70226532263483 425.36956927085276
0.7999999999999999 -0.22999999999999976 75.23018077264189 329.7794101893477
0.7999999999999999 -0.21999999999999975 58.52730522906163 255.67639451191835
0.7999999999999999 -0.20999999999999974 45.53402700033566 198.22924609874534
0.7999999999999999 -0.19999999999999973 35.426222451301996 153.69326812913854
0.7999999999999999 -0.18999999999999972 27.562907163426154 119.16590062694213
0.7999999999999999 -0.17999999999999972 21.445527148220215 92.39728350903196
0.7999999999999999 -0.1699999999999997 16.68630125993688 71.64344432010395
0.7999999999999999 -0.1599999999999997 12.983601868474231 55.55251726209239
0.7999999999999999 -0.1499999999999997 10.102808622974068 43.076559838006936
0.7999999999999999 -0.13999999999999968 7.861418279669048 33.40320680932474
0.7999999999999999 -0.12999999999999967 6.117464254983603 25.902697755657734
0.7999999999999999 -0.11999999999999968 4.7605100327828085 20.08681918714703
0.7999999999999999 -0.10999999999999968 3.7046442025651527 15.57708063820088
0.7999999999999999 -0.09999999999999969 2.8830321508352457 12.080047399735664
0.7999999999999999 -0.08999999999999969 2.2436783698092477 9.368219987295518
0.7999999999999999 -0.0799999999999997 1.7461302826584326 7.265212667188283
0.7999999999999999 -0.0699999999999997 1.358914308077315 5.634264059514233
0.7999999999999999 -0.0599999999999997 1.0575414051050966 4.369330358226573
0.7999999999999999 -0.0499999999999997 0.8229555108829919 3.388180273810458
0.7999999999999999 -0.039999999999999696 0.6403264099391162 2.6270414310821213
0.7999999999999999 -0.029999999999999694 0.4981104421505809 2.036449179164832
0.7999999999999999 -0.01999999999999969 0.3873194580621168 1.5780272064015264
0.7999999999999999 -0.009999999999999691 0.3009516453786686 1.221990123423256
0.7999999999999999 3.0878077872387166e-16 0.233548118917228 0.9452052516137718
0.7999999999999999 0.010000000000000309 0.1808471403200942 0.7296873053539307
0.7999999999999999 0.02000000000000031 0.1395140195936624 0.5614278639777112
0.7999999999999999 0.03000000000000031 0.1069295403673442 0.4294833338141817
0.7999999999999999 0.04000000000000031 0.0810234480319449 0.3252619239900661
0.7999999999999999 0.050000000000000315 0.0601423782264118 0.2419630981059551
0.7999999999999999 0.06000000000000032 0.0429437611172503 0.1741328595972518
0.7999999999999999 0.07000000000000031 0.028308849393824 0.1173057243862494
0.7999999999999999 0.08000000000000031 0.015269184329651 0.0677098156692836
0.7999999999999999 0.0900000000000003 0.0029416047482131 0.0220155416593929
0.7999999999999999 0.1000000000000003 -0.0095326368222494 -0.0228889558101454
0.7999999999999999 0.11000000000000029 -0.0230489360491029 -0.0701107959862541
0.7999999999999999 0.12000000000000029 -0.0386050204816968 -0.122968448991435
0.7999999999999999 0.13000000000000028 -0.0573761890757564 -0.1852260228794424
0.7999999999999999 0.1400000000000003 -0.0808059121235082 -0.261362360737823
0.7999999999999999 0.1500000000000003 -0.1107189253168263 -0.3568942537044325
0.7999999999999999 0.1600000000000003 -0.1494658550663676 -0.4787771579198186
0.7999999999999999 0.17000000000000032 -0.2001110527038959 -0.6359125813991262
0.7999999999999999 0.18000000000000033 -0.2666789170782152 -0.8397992103582259
0.7999999999999999 0.19000000000000034 -0.3544788533306242 -1.1053754583450526
0.7999999999999999 0.20000000000000034 -0.4705355623179826 -1.4521152282779048
0.7999999999999999 0.21000000000000035 -0.6241601347381727 -1.9054573153530217
0.7999999999999999 0.22000000000000036 -0.8277091812910125 -2.498673417547954
0.7999999999999999 0.23000000000000037 -1.0975949645860035 -3.2753119617823763
0.7999999999999999 0.24000000000000038 -1.4556305505270393 -4.292397262897755
0.7999999999999999 0.2500000000000004 -1.930822164560456 -5.624619010794862
0.7999999999999999 0.2600000000000004 -2.5617586333078664 -7.369819791705021
0.7999999999999999 0.2700000000000004 -3.399798250767137 -9.65618361372311
0.7999999999999999 0.2800000000000004 -4.513320973607303 -12.651653189501637
0.7999999999999999 0.2900000000000004 -5.99340435315973 -16.576267144414714
0.7999999999999999 0.30000000000000043 -7.961402883889677 -21.718322288628407
0.7999999999999999 0.31000000000000044 -10.579073011268417 -28.455546206761966
0.7999999999999999 0.32000000000000045 -14.06210403782109 -37.28283205993418
0.7999999999999999 0.33000000000000046 -18.698207609013465 -48.84856729540307
0.7999999999999999 0.34000000000000047 -24.87131092556879 -64.00221570988109
0.7999999999999999 0.3500000000000005 -33.093925728023436 -83.85663344186702
0.7999999999999999 0.3600000000000005 -44.05047275278033 -109.86967326506166
0.7999999999999999 0.3700000000000005 -58.655292137095834 -143.9510353576573
0.7999999999999999 0.3800000000000005 -78.13034816587928 -188.60215735565134
0.7999999999999999 0.3900000000000005 -104.10935500916813 -247.09933331907928
0.7999999999999999 0.4000000000000005 -138.77736128426844 -323.73338125957605
0.7999999999999999 0.41000000000000053 -185.0579411342665 -424.12326455254004
0.7999999999999999 0.42000000000000054 -246.86432554998595 -555.6264030031575
0.7999999999999999 0.43000000000000055 -329.43644428490325 -727.8753599220436
0.7999999999999999 0.44000000000000056 -439.7934412256921 -953.4796490948032
0.7999999999999999 0.45000000000000057 -587.3414566310332 -1248.943200506415
0.7999999999999999 0.4600000000000006 -784.6902593630253 -1635.8633715691549
0.7999999999999999 0.4700000000000006 -1048.75090523582 -2142.4973443586227
0.7999999999999999 0.4800000000000006 -1402.2116746670163 -2805.8076661218574
0.7999999999999999 0.4900000000000006 -1875.5233750641833 -3674.1323155987757
0.7999999999999999 0.5000000000000006 -2509.570750185143 -4810.6682512214575
0.8999999999999999 -0.5 -232426.54536866394 -227276.69094988733
0.8999999999999999 -0.49 -180275.6951496249 -175957.35613974722
0.8999999999999999 -0.48 -139829.31015491046 -136228.53610051723
0.8999999999999999 -0.47 -108459.81863962459 -105471.92271137913
0.8999999999999999 -0.45999999999999996 -84129.6717037938 -81660.81830499222
0.8999999999999999 -0.44999999999999996 -65258.819816782525 -63226.43033582042
0.8999999999999999 -0.43999999999999995 -50621.9625169929 -48954.390620636914
0.8999999999999999 -0.42999999999999994 -39268.88069515632 -37904.6652151502
0.8999999999999999 -0.41999999999999993 -30462.6647374869 -29349.566536034014
0.8999999999999999 -0.4099999999999999 -23631.817561735425 -22725.775265224005
0.8999999999999999 -0.3999999999999999 -18333.115259647442 -17597.204988723264
0.8999999999999999 -0.3899999999999999 -14222.808595567692 -13626.258627996136
0.8999999999999999 -0.3799999999999999 -11034.291679950366 -10551.579870767153
0.8999999999999999 -0.3699999999999999 -8560.785142525836 -8170.8316370157045
0.8999999999999999 -0.3599999999999999 -6641.907514969156 -6327.365472584449
0.8999999999999999 -0.34999999999999987 -5153.26156824932 -4899.90258079533
0.8999999999999999 -0.33999999999999986 -3998.3585235896458 -3794.5459532928303
0.8999999999999999 -0.32999999999999985 -3102.355149072234 -2938.596877144766
0.8999999999999999 -0.31999999999999984 -2407.196673786354 -2275.7681375795405
0.8999999999999999 -0.30999999999999983 -1867.849878209517 -1762.4783677579974
0.8999999999999999 -0.2999999999999998 -1449.3816068733975 -1364.9833032977422
0.8999999999999999 -0.2899999999999998 -1124.692912721839 -1057.1548884607187
0.8999999999999999 -0.2799999999999998 -872.7616599315327 -818.7618966968361
0.8999999999999999 -0.2699999999999998 -677.2794572186131 -634.1387903939673
0.8999999999999999 -0.2599999999999998 -525.5944172754695 -491.1551353944193
0.8999999999999999 -0.24999999999999978 -407.8911072175567 -380.4176938946749
0.8999999999999999 -0.23999999999999977 -316.5544623724938 -294.6526517307508
0.8999999999999999 -0.22999999999999976 -245.6763835936848 -228.22730428144277
0.8999999999999999 -0.21999999999999975 -190.6730035444322 -176.7797121514492
0.8999999999999999 -0.20999999999999974 -147.9877925364647 -136.93194932925195
0.8999999999999999 -0.19999999999999973 -114.86124664182192 -106.06807160173574
0.8999999999999999 -0.18999999999999972 -89.15222212739707 -82.16219461557387
0.8999999999999999 -0.17999999999999972 -69.1993316331284 -63.64537004082793
0.8999999999999999 -0.1699999999999997 -53.71341669940588 -49.30250226710991
0.8999999999999999 -0.1599999999999997 -41.69412711209571 -38.1925252616779
0.8999999999999999 -0.1499999999999997 -32.36520102072715 -29.58658992670587
0.8999999999999999 -0.13999999999999968 -25.124252439899962 -22.92019735824461
0.8999999999999999 -0.12999999999999967 -19.503813310205274 -17.756130896950193
0.8999999999999999 -0.11999999999999968 -15.141106838542086 -13.755750200158747
0.8999999999999999 -0.10999999999999968 -11.754594715594227 -10.656760535334975
0.8999999999999999 -0.09999999999999969 -9.125779746976443 -8.25599630909065
0.8999999999999999 -0.08999999999999969 -7.085085917134986 -6.396087537335715
0.8999999999999999 -0.0799999999999997 -5.500902021760418 -4.955133232848767
0.8999999999999999 -0.0699999999999997 -4.271079887937165 -3.838703337430096
0.8999999999999999 -0.0599999999999997 -3.3163371395088723 -2.973643863506795
0.8999999999999999 -0.0499999999999997 -2.575137764541971 -2.3032784038635596
0.8999999999999999 -0.039999999999999696 -1.9997193962153113 -1.7836909133766339
0.8999999999999999 -0.029999999999999694 -1.5530104284583681 -1.3808456978463803
0.8999999999999999 -0.01999999999999969 -1.2062376627192013 -1.0683555336470079
0.8999999999999999 -0.009999999999999691 -0.9370698531255008 -0.8257514036383714
0.8999999999999999 3.0878077872387166e-16 -0.728177178016199 -0.6371402676345451
0.8999999999999999 0.010000000000000309 -0.5661135614290801 -0.4901627541868336
0.8999999999999999 0.02000000000000031 -0.4404496403422472 -0.3751823379024502
0.8999999999999999 0.03000000000000031 -0.3431003735979868 -0.28465274531405
0.8999999999999999 0.04000000000000031 -0.2678038650013811 -0.2126220086971267
0.8999999999999999 0.050000000000000315 -0.2097177397517836 -0.1543405268226482
0.8999999999999999 0.06000000000000032 -0.1651070016519923 -0.1059472796717696
0.8999999999999999 0.07000000000000031 -0.1311031986883031 -0.0642134238193234
0.8999999999999999 0.08000000000000031 -0.1055193172313269 -0.0263261966083971
0.8999999999999999 0.0900000000000003 -0.0867084058705642 0.0103013811749433
0.8999999999999999 0.1000000000000003 -0.0734567283081095 0.0482079305422484
0.8999999999999999 0.11000000000000029 -0.0649044389317522 0.0900604917075613
0.8999999999999999 0.12000000000000029 -0.0604885026273825 0.1388430218324842
0.8999999999999999 0.13000000000000028 -0.0599039483845646 0.1980699945102211
0.8999999999999999 0.1400000000000003 -0.0630806352694376 0.2720404494564448
0.8999999999999999 0.1500000000000003 -0.0701735794814837 0.3661509145634459
0.8999999999999999 0.1600000000000003 -0.0815655845102473 0.4872900355415671
0.8999999999999999 0.17000000000000032 -0.097881458086956 0.6443438311141874
0.8999999999999999 0.18000000000000033 -0.1200134977005008 0.8488486966307506
0.8999999999999999 0.19000000000000034 -0.149158169469419 1.115840214265864
0.8999999999999999 0.20000000000000034 -0.18686395766633 1.4649603026846538
0.8999999999999999 0.21000000000000035 -0.2350901571755824 1.9219043226425288
0.8999999999999999 0.22000000000000036 -0.2962758085860182 2.5203148561864794
0.8999999999999999 0.23000000000000037 -0.3734168654606562 3.3042618476052485
0.8999999999999999 0.24000000000000038 -0.4701477811387718 4.331492064754414
0.8999999999999999 0.2500000000000004 -0.5908206344691309 5.677687598089165
0.8999999999999999 0.2600000000000004 -0.7405701377238527 7.442047541209142
0.8999999999999999 0.2700000000000004 -0.9253456049196078 9.754604567934072
0.8999999999999999 0.2800000000000004 -1.1518800883051492 12.78581601182894
0.8999999999999999 0.2900000000000004 -1.4275508256654907 16.75913666160169
0.8999999999999999 0.30000000000000043 -1.7600616286911333 21.96750011372957
0.8999999999999999 0.31000000000000044 -2.1568437007418932 28.794923278088884
0.8999999999999999 0.32000000000000045 -2.624022119020241 37.74482559083177
0.8999999999999999 0.33000000000000046 -3.164724555725936 49.47714822719907
0.8999999999999999 0.34000000000000047 -3.7764079224449816 64.85700519187064
0.8999999999999999 0.3500000000000005 -4.446735164165489 85.01844475095487
0.8999999999999999 0.3600000000000005 -5.147331184647584 111.44800788790161
0.8999999999999999 0.3700000000000005 -5.824459863921923 146.09422082979418
0.8999999999999999 0.3800000000000005 -6.385259965190954 191.51105633819253
0.8999999999999999 0.3900000000000005 -6.677610085131505 251.04588061079352
0.8999999999999999 0.4000000000000005 -6.460897420352239 329.08564829160343
0.8999999999999999 0.41000000000000053 -5.363853013255493 431.3793505800588
0.8999999999999999 0.42000000000000054 -2.824064217688459 565.4602647457256
0.8999999999999999 0.43000000000000055 1.9983866483783004 741.1987932041025
0.8999999999999999 0.44000000000000056 10.34371474709343 971.5261313753751
0.8999999999999999 0.45000000000000057 24.026387672236808 1273.381334645571
0.8999999999999999 0.4600000000000006 45.68076159113036 1668.9504340913445
0.8999999999999999 0.4700000000000006 79.10693011725311 2187.287203992884
0.8999999999999999 0.4800000000000006 129.75639739660073 2866.4324694676025
0.8999999999999999 0.4900000000000006 205.41248899200173 3756.1843452267167
0.8999999999999999 0.5000000000000006 317.14152231778644 4921.717950951939
0.9999999999999999 -0.5 316402.38181692135 58442.12130167666
0.9999999999999999 -0.49 245236.12443585836 45008.75908964986
0.9999999999999999 -0.48 190080.6999162982 34662.16156835455
0.9999999999999999 -0.47 147333.15629370665 26693.240769095773
0.9999999999999999 -0.45999999999999996 114201.51604233489 20555.759837724378
0.9999999999999999 -0.44999999999999996 88522.19344626689 15828.940038221526
0.9999999999999999 -0.43999999999999995 68618.52834833853 12188.652205019518
0.9999999999999999 -0.42999999999999994 53191.174956630144 9385.222174174392
0.9999999999999999 -0.41999999999999993 41233.17095956929 7226.3319688577185
0.9999999999999999 -0.4099999999999999 31964.128558089626 5563.846974652984
0.9999999999999999 -0.3999999999999999 24779.241155337135 4283.667830547752
0.9999999999999999 -0.3899999999999999 19209.76944395465 3297.9126334908924
0.9999999999999999 -0.3799999999999999 14892.422083402258 2538.894448077351
0.9999999999999999 -0.3699999999999999 11545.628316715163 1954.4819238321254
0.9999999999999999 -0.3599999999999999 8951.15088728917 1504.5254460640767
0.9999999999999999 -0.34999999999999987 6939.8370325499955 1158.1041511688263
0.9999999999999999 -0.33999999999999986 5380.57604343852 891.4053080134154
0.9999999999999999 -0.32999999999999985 4171.741618374638 686.0908442136704
0.9999999999999999 -0.31999999999999984 3234.559743762805 528.0391389634799
0.9999999999999999 -0.30999999999999983 2507.9687409688236 406.37589271568623
0.9999999999999999 -0.2999999999999998 1944.6356752276108 312.7276753023256
0.9999999999999999 -0.2899999999999998 1507.868911118435 240.6470016636054
0.9999999999999999 -0.2799999999999998 1169.225169348234 185.1695312170492
0.9999999999999999 -0.2699999999999998 906.6548234027732 142.47303663797805
0.9999999999999999 -0.2599999999999998 703.0643415828368 109.61475960067939
0.9999999999999999 -0.24999999999999978 545.2020306154402 84.3291418897629
0.9999999999999999 -0.23999999999999977 422.79435384169085 64.87205777772155
0.9999999999999999 -0.22999999999999976 327.876460936379 49.90086085421582
0.9999999999999999 -0.21999999999999975 254.27324720953098 38.38201375622843
0.9999999999999999 -0.20999999999999974 197.19708783742988 29.519960573778175
0.9999999999999999 -0.19999999999999973 152.93600825138103 22.70235859108343
0.9999999999999999 -0.18999999999999972 118.61195412603917 17.457908235534976
0.9999999999999999 -0.17999999999999972 91.99339864453218 13.423884507534376
0.9999999999999999 -0.1699999999999997 71.35006983680819 10.321138965861032
0.9999999999999999 -0.1599999999999997 55.340328378066516 7.934854162040941
0.9999999999999999 -0.1499999999999997 42.92385575538 6.099727394403025
0.9999999999999999 -0.13999999999999968 33.29396323052843 4.688564858788596
0.9999999999999999 -0.12999999999999967 25.825111315545477 3.6035015620652353
0.9999999999999999 -0.11999999999999968 20.032221051461438 2.769242800489352
0.9999999999999999 -0.10999999999999968 15.539126963709135 2.1278619616939065
0.9999999999999999 -0.09999999999999969 12.054117319797543 1.6347964180853571
0.9999999999999999 -0.08999999999999969 9.350969110389304 1.2557656825024692
0.9999999999999999 -0.0799999999999997 7.2542431424566525 0.9643994489234388
0.9999999999999999 -0.0699999999999997 5.627882123437758 0.740411997188183
0.9999999999999999 -0.0599999999999997 4.366369726525917 0.5681970554556028
0.9999999999999999 -0.0499999999999997 3.3878753869189002 0.4357461705931137
0.9999999999999999 -0.039999999999999696 2.628938859772075 0.3338159239670838
0.9999999999999999 -0.029999999999999694 2.040348800524579 0.2552864794876377
0.9999999999999999 -0.01999999999999969 1.5839473401099582 0.1946671408582925
0.9999999999999999 -0.009999999999999691 1.2301528857266584 0.1477147324788744
0.9999999999999999 3.0878077872387166e-16 0.9560401086899178 0.1111384003281439
0.9999999999999999 0.010000000000000309 0.7438523288877915 0.082370390482143
0.9999999999999999 0.02000000000000031 0.5798496317188119 0.0593869135806847
0.9999999999999999 0.03000000000000031 0.4534178900083498 0.0405666563164858
0.9999999999999999 0.04000000000000031 0.3563808323821328 0.0245770930196639
0.9999999999999999 0.050000000000000315 0.282470505924322 0.0102806593596867
0.9999999999999999 0.06000000000000032 0.2269217846157064 -0.0033457934689988
0.9999999999999999 0.07000000000000031 0.186164646989138 -0.0172839499233329
0.9999999999999999 0.08000000000000031 0.1575943123363869 -0.0325445773952677
0.9999999999999999 0.0900000000000003 0.1394043993124626 -0.0502407342841745
0.9999999999999999 0.1000000000000003 0.1304723845515106 -0.0716689410980193
0.9999999999999999 0.11000000000000029 0.130290060070142 -0.0984042387148119
0.9999999999999999 0.12000000000000029 0.1389346398459336 -0.1324161127617521
0.9999999999999999 0.13000000000000028 0.1570788404501865 -0.176213831113964
0.9999999999999999 0.1400000000000003 0.1860408322019415 -0.2330319408564612
0.9999999999999999 0.1500000000000003 0.2278775931595586 -0.3070696664620124
0.9999999999999999 0.1600000000000003 0.285528069093444 -0.4038019662263103
0.9999999999999999 0.17000000000000032 0.363015833346687 -0.5303853387520531
0.9999999999999999 0.18000000000000033 0.4657248617984315 -0.6961885231910292
0.9999999999999999 0.19000000000000034 0.600766839037759 -0.913487531509322
0.9999999999999999 0.20000000000000034 0.7774643946560645 -1.1983766806055298
0.9999999999999999 0.21000000000000035 1.007982206587212 -1.5719633674841391
0.9999999999999999 0.22000000000000036 1.3081474674328102 -2.061935448833408
0.9999999999999999 0.23000000000000037 1.698513374172283 -2.7046178193894823
0.9999999999999999 0.24000000000000038 2.205734806987957 -3.547671195404766
0.9999999999999999 0.2500000000000004 2.8643451351323046 -4.653633909506772
0.9999999999999999 0.2600000000000004 3.719048292039473 -6.1045702663672134
0.9999999999999999 0.2700000000000004 4.827672362108636 -8.00817135941494
0.9999999999999999 0.2800000000000004 6.2649717525181465 -10.505762326427991
0.9999999999999999 0.2900000000000004 8.127516877863513 -13.782811852190221
0.9999999999999999 0.30000000000000043 10.539976018287476 -18.08272583476286
0.9999999999999999 0.31000000000000044 13.663177163131309 -23.72495131855204
0.9999999999999999 0.32000000000000045 17.70444259008895 -31.128737152908148
0.9999999999999999 0.33000000000000046 22.930821013449336 -40.84431806901432
0.9999999999999999 0.34000000000000047 29.686007895043407 -53.59384004637214
0.9999999999999999 0.3500000000000005 38.41195184294567 -70.32506765732398
0.9999999999999999 0.3600000000000005 49.67640337809267 -92.28186182375063
0.9999999999999999 0.3700000000000005 64.20798291056815 -121.09665885617915
0.9999999999999999 0.3800000000000005 82.940740568352 -158.9118100640096
0.9999999999999999 0.3900000000000005 107.07066645856972 -208.53877504622943
0.9999999999999999 0.4000000000000005 138.12720259983212 -273.66695714032073
0.9999999999999999 0.41000000000000053 178.06352493036692 -359.1376304927596
0.9999999999999999 0.42000000000000054 229.3702234732184 -471.30320138033346
0.9999999999999999 0.43000000000000055 295.2180273971545 -618.4983197543088
0.9999999999999999 0.44000000000000056 379.6364113770562 -811.6575645250796
0.9999999999999999 0.45000000000000057 487.73628328419943 -1065.125159813387
0.9999999999999999 0.4600000000000006 625.9864775461376 -1397.7162104942531
0.9999999999999999 0.4700000000000006 802.5554231632702 -1834.1072778272242
0.9999999999999999 0.4800000000000006 1027.7310368458918 -2406.658055621011
0.9999999999999999 0.4900000000000006 1314.4334597096192 -3157.79715099895
0.9999999999999999 0.5000000000000006 1678.8364589781163 -4143.145723901849
1.0999999999999999 -0.5 -291607.5425137339 126296.34947018337
1.0999999999999999 -0.49 -225834.35996729854 98171.3610126297
1.0999999999999999 -0.48 -174899.63605087204 76310.60743258617
1.0999999999999999 -0.47 -135455.1114504454 59318.641147630624
1.0999999999999999 -0.45999999999999996 -104908.2109246971 46110.91729464749
1.0999999999999999 -0.44999999999999996 -81251.45358163267 35844.51551623436
1.0999999999999999 -0.43999999999999995 -62930.38059399926 27864.300977418974
1.0999999999999999 -0.42999999999999994 -48741.301652418435 21661.08343572607
1.0999999999999999 -0.41999999999999993 -37752.12637300786 16839.100259855782
1.0999999999999999 -0.4099999999999999 -29241.067850573083 13090.745359534583
1.0999999999999999 -0.3999999999999999 -22649.182902961056 10176.929177238473
1.0999999999999999 -0.3899999999999999 -17543.624934756022 7911.814826402403
1.0999999999999999 -0.3799999999999999 -13589.190856740517 6150.955160238183
1.0999999999999999 -0.3699999999999999 -10526.28964705953 4782.072907481286
1.0999999999999999 -0.3599999999999999 -8153.882934053483 3717.894915429253
1.0999999999999999 -0.34999999999999987 -6316.275286866811 2890.5827968222184
1.0999999999999999 -0.33999999999999986 -4892.885288702889 2247.4042778665616
1.0999999999999999 -0.32999999999999985 -3790.3246357518174 1747.3688114413462
1.0999999999999999 -0.31999999999999984 -2936.264376726973 1358.6126197759586
1.0999999999999999 -0.30999999999999983 -2274.6849882036745 1056.3662025354142
1.0999999999999999 -0.2999999999999998 -1762.19801401124 821.3745492810062
1.0999999999999999 -0.2899999999999998 -1365.1974778749702 638.6692075843209
1.0999999999999999 -0.2799999999999998 -1057.6538482795213 496.6138274825186
1.0999999999999999 -0.2699999999999998 -819.405585858825 386.16226541281867
1.0999999999999999 -0.2599999999999998 -634.8360178271026 300.28190212119057
1.0999999999999999 -0.24999999999999978 -491.8486142646797 233.50537646199737
1.0999999999999999 -0.23999999999999977 -381.073354426821 181.58213436607977
1.0999999999999999 -0.22999999999999976 -295.2520582186904 141.20756324527665
1.0999999999999999 -0.21999999999999975 -228.76231773728682 109.81243369288086
1.0999999999999999 -0.20999999999999974 -177.24876989780276 85.39921880794185
1.0999999999999999 -0.19999999999999973 -137.33750256880035 66.41485260877292
1.0999999999999999 -0.18999999999999972 -106.4148470602394 51.65181382505766
1.0999999999999999 -0.17999999999999972 -82.45603828552669 40.17122832169642
1.0999999999999999 -0.1699999999999997 -63.89249845354011 31.24308788347078
1.0999999999999999 -0.1599999999999997 -49.50903599288757 24.29977474342995
1.0999999999999999 -0.1499999999999997 -38.364215240753964 18.899929756489545
1.0999999999999999 -0.13999999999999968 -29.728673300381793 14.700361663714492
1.0999999999999999 -0.12999999999999967 -23.03733831851398 11.434207556183392
1.0999999999999999 -0.11999999999999968 -17.852415640491216 8.89395314617352
1.0999999999999999 -0.10999999999999968 -13.834714789288201 6.918231215689017
1.0999999999999999 -0.09999999999999969 -10.721437388416188 5.381557401385681
1.0999999999999999 -0.08999999999999969 -8.308969941460251 4.186349651957917
1.0999999999999999 -0.0799999999999997 -6.43955362053441 3.256723198532102
1.0999999999999999 -0.0699999999999997 -4.9909574524785105 2.533665990941973
1.0999999999999999 -0.0599999999999997 -3.8684782145608545 1.9712874864382732
1.0999999999999999 -0.0499999999999997 -2.9987428861258567 1.5339020395544063
1.0999999999999999 -0.039999999999999696 -2.3249076595223928 1.1937612911943005
1.0999999999999999 -0.029999999999999694 -1.802939046102758 0.9292912798767742
1.0999999999999999 -0.01999999999999969 -1.398733526594963 0.7237221327240542
1.0999999999999999 -0.009999999999999691 -1.0858871418392861 0.5640231864834012
1.0999999999999999 3.0878077872387166e-16 -0.8439690039715381 0.440075832564912
1.0999999999999999 0.010000000000000309 -0.6571857226630295 0.3440315140216528
1.0999999999999999 0.02000000000000031 -0.5133493512053044 0.2698140912541462
1.0999999999999999 0.03000000000000031 -0.4030813425956246 0.2127349885848561
1.0999999999999999 0.04000000000000031 -0.319200470476243 0.1691967222549537
1.0999999999999999 0.050000000000000315 -0.2562547281474401 0.1364660507658161
1.0999999999999999 0.06000000000000032 -0.2101666620563352 0.1125024414795571
1.0999999999999999 0.07000000000000031 -0.177969044060678 0.0958310985090995
1.0999999999999999 0.08000000000000031 -0.1576137287556736 0.0854526748652971
1.0999999999999999 0.0900000000000003 -0.1478413692594322 0.0807841832569776
1.0999999999999999 0.1000000000000003 -0.1481036954883228 0.0816276816685369
1.0999999999999999 0.11000000000000029 -0.1585335598983886 0.0881651791628965
1.0999999999999999 0.12000000000000029 -0.1799611597035282 0.1009800112722065
1.0999999999999999 0.13000000000000028 -0.2139779659060368 0.1211067982539755
1.0999999999999999 0.1400000000000003 -0.2630531379485279 0.1501141560358743
1.0999999999999999 0.1500000000000003 -0.3307107979192554 0.1902267282247056
1.0999999999999999 0.1600000000000003 -0.4217807238128114 0.2444960251745156
1.0999999999999999 0.17000000000000032 -0.5427400817447114 0.3170332106933788
1.0999999999999999 0.18000000000000033 -0.7021700961777491 0.4133216435992816
1.0999999999999999 0.19000000000000034 -0.9113594815361852 0.5406330130513551
1.0999999999999999 0.20000000000000034 -1.1850965652200425 0.7085787611408788
1.0999999999999999 0.21000000000000035 -1.5427050044338553 0.9298387608874308
1.0999999999999999 0.22000000000000036 -2.009394712153316 1.2211226947495466
1.0999999999999999 0.23000000000000037 -2.6180211843426537 1.6044372847036286
1.0999999999999999 0.24000000000000038 -3.4113743064668953 2.108755809177167
1.0999999999999999 0.2500000000000004 -4.445153773329021 2.7722169792586344
1.0999999999999999 0.2600000000000004 -5.791834878867612 3.64502057155881
1.0999999999999999 0.2700000000000004 -7.545688707659264 4.7932403005402175
1.0999999999999999 0.2800000000000004 -9.82929865918592 6.303844302869001
1.0999999999999999 0.2900000000000004 -12.802015868245093 8.291305622084181
1.0999999999999999 0.30000000000000043 -16.670926016822133 10.90630622655489
1.0999999999999999 0.31000000000000044 -21.70506769788782 14.347197581414628
1.0999999999999999 0.32000000000000045 -28.253858711418317 18.875090747537982
1.0999999999999999 0.33000000000000046 -36.77096531951552 24.833725341414038
1.0999999999999999 0.34000000000000047 -47.84520832434858 32.67563042537054
1.0999999999999999 0.3500000000000005 -62.2405615811842 42.996569073468606
1.0999999999999999 0.3600000000000005 -80.94789224621904 56.58088820564103
1.0999999999999999 0.3700000000000005 -105.25185472083749 74.46122390998823
1.0999999999999999 0.3800000000000005 -136.81732907725822 97.99710241866018
1.0999999999999999 0.3900000000000005 -177.80104976691788 128.9784102888721
1.0999999999999999 0.4000000000000005 -230.99567787167666 169.76159196568778
1.0999999999999999 0.41000000000000053 -300.0156267410409 223.44891021366413
1.0999999999999999 0.42000000000000054 -389.53657892631475 294.124360414314
1.0999999999999999 0.43000000000000055 -505.6039864220753 387.16410663376564
1.0999999999999999 0.44000000000000056 -656.0301211307931 509.6449243243206
1.0999999999999999 0.45000000000000057 -850.904683066989 670.8815088276227
1.0999999999999999 0.4600000000000006 -1103.2508872146736 883.133186636454
1.0999999999999999 0.4700000000000006 -1429.867720171986 1162.5332619648516
1.0999999999999999 0.4800000000000006 -1852.4101634969984 1530.310878216357
1.0999999999999999 0.4900000000000006 -2398.7732167473605 2014.3970918431253
1.0999999999999999 0.5000000000000006 -3104.8632556636458 2651.5354362627972
1.2 -0.5 169262.23426456162 -263539.6088786088
1.2 -0.49 130841.84158655732 -204415.26097152193
1.2 -0.48 101143.20118930502 -158558.10378471366
1.2 -0.47 78186.20173220526 -122990.426183923
1.2 -0.45999999999999996 60440.3283375005 -95402.97793868167
1.2 -0.44999999999999996 46722.567023158335 -74004.87749210726
1.2 -0.43999999999999995 36118.49614646724 -57407.227350456174
1.2 -0.42999999999999994 27921.298146919074 -44532.865545994675
1.2 -0.41999999999999993 21584.62132558302 -34546.38271450203
1.2 -0.4099999999999999 16686.14600815661 -26799.8531611116
1.2 -0.3999999999999999 12899.42398252052 -20790.750779376074
1.2 -0.3899999999999999 9972.11231202355 -16129.313439159936
1.2 -0.3799999999999999 7709.149387707218 -12513.234098650959
1.2 -0.3699999999999999 5959.750899320826 -9708.033449553452
1.2 -0.3599999999999999 4607.358301823593 -7531.838400810525
1.2 -0.34999999999999987 3561.869352130427 -5843.577200227259
1.2 -0.33999999999999986 2753.632543358095 -4533.824134054217
1.2 -0.32999999999999985 2128.8049355830944 -3517.6989900789495
1.2 -0.31999999999999984 1645.7638284187556 -2729.360029306641
1.2 -0.30999999999999983 1272.333012232424 -2117.7327753389227
1.2 -0.2999999999999998 983.638663064057 -1643.197237034358
1.2 -0.2899999999999998 760.4519370282046 -1275.0184529333455
1.2 -0.2799999999999998 587.9077752933599 -989.353535709347
1.2 -0.2699999999999998 454.5145162428088 -767.7058420341812
1.2 -0.2599999999999998 351.38830083946533 -595.7259327460479
1.2 -0.24999999999999978 271.6612440967699 -462.2815081489378
1.2 -0.23999999999999977 210.02392965107916 -358.73596762858824
1.2 -0.22999999999999976 162.37173843804635 -278.38878672512146
1.2 -0.21999999999999975 125.53144360579368 -216.04140858454466
1.2 -0.20999999999999974 97.04985364041084 -167.66049288237565
1.2 -0.19999999999999973 75.03042099853155 -130.1166831532944
1.2 -0.18999999999999972 58.006930090245824 -100.98195340886106
1.2 -0.17999999999999972 44.845849368861 -78.37239525896928
1.2 -0.1699999999999997 34.67084230303827 -60.82625429184182
1.2 -0.1599999999999997 26.804408467034087 -47.209310618710504
1.2 -0.1499999999999997 20.72276731053297 -36.64147169089177
1.2 -0.13999999999999968 16.020979439162783 -28.439820864217896
1.2 -0.12999999999999967 12.385982256153802 -22.07443199594477
1.2 -0.11999999999999968 9.575744040554756 -17.134087849961034
1.2 -0.10999999999999968 7.4031481045929795 -13.299681955961775
1.2 -0.09999999999999969 5.723533742379488 -10.323581464111117
1.2 -0.08999999999999969 4.425064249342559 -8.013614759532366
1.2 -0.0799999999999997 3.4212805858696167 -6.220647203333579
1.2 -0.0699999999999997 2.6453448253301812 -4.828940779943402
1.2 -0.0599999999999997 2.045590064343645 -3.7486737257004616
1.2 -0.0499999999999997 1.5820804791521663 -2.91013608088541
1.2 -0.039999999999999696 1.2239524824800811 -2.259225614192572
1.2 -0.029999999999999694 0.9473599515104978 -1.7539527483876292
1.2 -0.01999999999999969 0.7338867245284049 -1.3617284243622627
1.2 -0.009999999999999691 0.5693206809394469 -1.0572595100891602
1.2 3.0878077872387166e-16 0.4427077994922856 -0.8209156741432933
1.2 0.010000000000000309 0.3456232366466482 -0.6374621474186442
1.2 0.02000000000000031 0.2716109233349014 -0.495076467432719
1.2 0.03000000000000031 0.2157544070251806 -0.3845856704290216
1.2 0.04000000000000031 0.1743504153166201 -0.2988746572693114
1.2 0.050000000000000315 0.1446634706178448 -0.2324275336161732
1.2 0.06000000000000032 0.1247453000486188 -0.18097233065484
1.2 0.07000000000000031 0.1133071222707489 -0.141206207424977
1.2 0.08000000000000031 0.1096364438159652 -0.1105834540913498
1.2 0.0900000000000003 0.1135529999802 -0.08715269631305
1.2 0.1000000000000003 0.1254011318570275 -0.0694329102816165
1.2 0.11000000000000029 0.1460783815813556 -0.056320406265353
1.2 0.12000000000000029 0.1771025821379582 -0.0470209940164087
1.2 0.13000000000000028 0.2207223872727332 -0.0410032438925973
1.2 0.1400000000000003 0.280079215237941 -0.0379702193951424
1.2 0.1500000000000003 0.3594321770154858 -0.0378483831373695
1.2 0.1600000000000003 0.4644619749893225 -0.0407936662840025
1.2 0.17000000000000032 0.602675298610335 -0.0472160398813731
1.2 0.18000000000000033 0.7839382944445323 -0.0578254429578232
1.2 0.19000000000000034 1.0211767387606836 -0.073703732302492
1.2 0.20000000000000034 1.3312922192794945 -0.0964095761044579
1.2 0.21000000000000035 1.7363587476950908 -0.1281261130009312
1.2 0.22000000000000036 2.2651838211138804 -0.171864992226199
1.2 0.23000000000000037 2.9553433809054104 -0.2317454317180198
1.2 0.24000000000000038 3.8558331328991566 -0.3133736196693193
1.2 0.2500000000000004 5.030521562071572 -0.4243567277184534
1.2 0.2600000000000004 6.562645636950016 -0.574997784011007
1.2 0.2700000000000004 8.560662460971418 -0.7792337189285137
1.2 0.2800000000000004 11.165863920043977 -1.0559004461765351
1.2 0.2900000000000004 14.562283079800762 -1.4304377512064814
1.2 0.30000000000000043 18.989578961455614 -1.9371855344174076
1.2 0.31000000000000044 24.759791054735697 -2.622474950381564
1.2 0.32000000000000045 32.27912032221672 -3.5487876772774882
1.2 0.33000000000000046 42.07623736072067 -4.800349929380197
1.2 0.34000000000000047 54.83906386667064 -6.490652884388407
1.2 0.3500000000000005 71.4625503651167 -8.772558606514004
1.2 0.3600000000000005 93.11071970499876 -11.851874538505314
1.2 0.3700000000000005 121.29721160893348 -16.005579185509518
1.2 0.3800000000000005 157.98981239893843 -21.606282000285546
1.2 0.3900000000000005 205.74606806906928 -29.15503536264782
1.2 0.4000000000000005 267.8891638900045 -39.32533071263481
1.2 0.41000000000000053 348.7359457070711 -53.02206390096376
1.2 0.42000000000000054 453.8924318058379 -71.46052579516515
1.2 0.43000000000000055 590.6366440998884 -96.27216819905249
1.2 0.44000000000000056 768.4143614173344 -129.64615162259116
1.2 0.45000000000000057 999.4808350191392 -174.51868521195718
1.2 0.4600000000000006 1299.7310800900068 -234.82616507176147
1.2 0.4700000000000006 1689.7736720256069 -315.84342937979557
1.2 0.4800000000000006 2196.318806730395 -424.6355057239375
1.2 0.4900000000000006 2853.971718264513 -570.6605943128448
1.2 0.5000000000000006 3707.5486462927242 -766.5744577353885
1.3 -0.5 6171.9425215641095 308040.994053244
1.3 -0.49 5198.143340936607 238681.72774225735
1.3 -0.48 4350.474213387784 184942.46021098556
1.3 -0.47 3621.4183283751336 143304.84805192775
1.3 -0.45999999999999996 3000.4628110955728 111043.18854473176
1.3 -0.44999999999999996 2475.8273336890834 86045.81385287504
1.3 -0.43999999999999995 2035.5662612136275 66676.73801117972
1.3 -0.42999999999999994 1668.2388578506361 51668.48314228782
1.3 -0.41999999999999993 1363.2862135515625 40039.057036526414
1.3 -0.4099999999999999 1111.2129906804835 31027.63862277753
1.3 -0.3999999999999999 903.6427717709121 24044.754991554935
1.3 -0.3899999999999999 733.2947047521109 18633.684077674276
1.3 -0.3799999999999999 593.91406811866 14440.553266544672
1.3 -0.3699999999999999 480.1786766464272 11191.17437837287
1.3 -0.3599999999999999 387.59551297403414 8673.097132633513
1.3 -0.34999999999999987 312.3967178631988 6721.705284630909
1.3 -0.33999999999999986 251.4404558650706 5209.444604111397
1.3 -0.32999999999999985 202.1197226156189 4037.4771178344745
1.3 -0.31999999999999984 162.28053337394437 3129.215028571466
1.3 -0.30999999999999983 130.14988281487737 2425.3108809348005
1.3 -0.2999999999999998 104.27321606900588 1879.7759470547321
1.3 -0.2899999999999998 83.4607738247521 1456.9727086254336
1.3 -0.2799999999999998 66.74198002817243 1129.2845619979764
1.3 -0.2699999999999998 53.32696611204024 875.3102231632572
1.3 -0.2599999999999998 42.57432670975225 678.4646668880032
1.3 -0.24999999999999978 33.964248200350745 525.8950508846783
1.3 -0.23999999999999977 27.076222717824844 407.64069605079607
1.3 -0.22999999999999976 21.570642888798655 315.98216870429127
1.3 -0.21999999999999975 17.17365782668032 244.93688703618577
1.3 -0.20999999999999974 13.664753442854538 189.86826249574773
1.3 -0.19999999999999973 10.866596853425444 147.18281558991123
1.3 -0.18999999999999972 8.636754005803848 114.09546117274621
1.3 -0.17999999999999972 6.8609510609837905 88.44761763671299
1.3 -0.1699999999999997 5.447603608082039 68.5662494900275
1.3 -0.1599999999999997 4.323383893957734 53.15462981990372
1.3 -0.1499999999999997 3.429635560411048 41.20768334540428
1.3 -0.13999999999999968 2.7194786214269024 31.946377922289493
1.3 -0.12999999999999967 2.155475326536186 24.76687765891251
1.3 -0.11999999999999968 1.707750859347409 19.201135727387918
1.3 -0.10999999999999968 1.352482175515462 14.886352643410886
1.3 -0.09999999999999969 1.0706842894812647 11.541305156968782
1.3 -0.08999999999999969 0.8472365023279765 8.947999843771262
1.3 -0.0799999999999997 0.6701018836920642 6.937453377522347
1.3 -0.0699999999999997 0.5297021740258443 5.378671047656708
1.3 -0.0599999999999997 0.4184174960210286 4.1701039939726865
1.3 -0.0499999999999997 0.3301861396462134 3.2330275175396097
1.3 -0.039999999999999696 0.260184451952443 2.5064082796005027
1.3 -0.029999999999999694 0.2045707186506629 1.9429254172381247
1.3 -0.01999999999999969 0.1602800332781878 1.5058859402445877
1.3 -0.009999999999999691 0.1248596461786478 1.1668331510809116
1.3 3.0878077872387166e-16 0.0963362793262378 0.903692063505073
1.3 0.010000000000000309 0.073108472968449 0.699330840647092
1.3 0.02000000000000031 0.0538582669437273 0.5404444193185387
1.3 0.03000000000000031 0.0374774687580582 0.4166875072247038
1.3 0.04000000000000031 0.0230044640883275 0.3200004062285682
1.3 0.050000000000000315 0.0095680133840069 0.2440836900343901
1.3 0.06000000000000032 -0.0036652302618068 0.1839874695965637
1.3 0.07000000000000031 -0.0175426433017897 0.1357884476898753
1.3 0.08000000000000031 -0.0329802419965853 0.0963336827743491
1.3 0.0900000000000003 -0.0510235192116888 0.0630343246797242
1.3 0.1000000000000003 -0.0729185668066304 0.0336958339888394
1.3 0.11000000000000029 -0.1001983347880747 0.0063735652593245
1.3 0.12000000000000029 -0.1347900015628581 -0.0207557641221621
1.3 0.13000000000000028 -0.179150965917487 -0.0495151754259881
1.3 0.1400000000000003 -0.2364430312914431 -0.0818490866158514
1.3 0.1500000000000003 -0.310757083330013 -0.1199535646411875
1.3 0.1600000000000003 -0.4074041560747268 -0.166423784771783
1.3 0.17000000000000032 -0.5332934941619849 -0.224428444194302
1.3 0.18000000000000033 -0.6974243796628554 -0.2979226420797305
1.3 0.19000000000000034 -0.911526535325202 -0.3919132446655237
1.3 0.20000000000000034 -1.1908944046319663 -0.5127941584908786
1.3 0.21000000000000035 -1.5554742770213799 -0.6687734500887893
1.3 0.22000000000000036 -2.0312810283921423 -0.8704201563683651
1.3 0.23000000000000037 -2.652244423873875 -1.131366291110988
1.3 0.24000000000000038 -3.4626150951193893 -1.469209439390917
1.3 0.2500000000000004 -4.520099554338248 -1.9066740457952416
1.3 0.2600000000000004 -5.899944664808314 -2.4731058133978068
1.3 0.2700000000000004 -7.700258388342196 -3.2063945181682607
1.3 0.2800000000000004 -10.04893996383149 -4.155447252421495
1.3 0.2900000000000004 -13.112704893578787 -5.383368219026767
1.3 0.30000000000000043 -17.108835952433772 -6.971544702638674
1.3 0.31000000000000044 -22.320480909313016 -9.024894268539576
1.3 0.32000000000000045 -29.116563752674235 -11.678598766447367
1.3 0.33000000000000046 -37.97769577719603 -15.10674035263712
1.3 0.34000000000000047 -49.52988773016188 -19.533368524000423
1.3 0.3500000000000005 -64.5884025804753 -25.246671396739337
1.3 0.3600000000000005 -84.21478692838423 -32.61710706250805
1.3 0.3700000000000005 -109.79102494040939 -42.12058168324458
1.3 0.3800000000000005 -143.11593318056163 -54.36805233284443
1.3 0.3900000000000005 -186.5304369568834 -70.14329972786358
1.3 0.4000000000000005 -243.08034109331572 -90.45107782484862
1.3 0.41000000000000053 -316.7277624993572 -116.57842715628612
1.3 0.42000000000000054 -412.62569914844653 -150.17266547789927
1.3 0.43000000000000055 -537.4744902708751 -193.34047805430856
1.3 0.44000000000000056 -699.9844597357614 -248.77366375769242
1.3 0.45000000000000057 -911.4761949164631 -319.9085044046169
1.3 0.4600000000000006 -1186.6591686585277 -411.12747665999996
1.3 0.4700000000000006 -1544.641369989606 -528.0141944215842
1.3 0.4800000000000006 -2010.23805212776 -677.6751456350041
1.3 0.4900000000000006 -2615.6676403925726 -869.1450785137524
1.3 0.5000000000000006 -3402.7485614666984 -1113.8969243735592
1.4000000000000001 -0.5 -173487.77285300745 -247816.36487715924
1.4000000000000001 -0.49 -134796.00429374588 -191761.19961417993
1.4000000000000001 -0.48 -104734.4045204637 -148387.08666798347
1.4000000000000001 -0.47 -81377.80844820883 -114824.89139611006
1.4000000000000001 -0.45999999999999996 -63230.54938350998 -88854.71788458548
1.4000000000000001 -0.44999999999999996 -49130.63005933474 -68758.97655615426
1.4000000000000001 -0.43999999999999995 -38175.27676014753 -53208.70946402918
1.4000000000000001 -0.42999999999999994 -29663.104770734724 -41175.64440685249
1.4000000000000001 -0.41999999999999993 -23049.188308454966 -31864.15363568115
1.4000000000000001 -0.4099999999999999 -17910.15534727296 -24658.611548342764
1.4000000000000001 -0.3999999999999999 -13917.070362770559 -19082.665804893568
1.4000000000000001 -0.3899999999999999 -10814.367228439194 -14767.725371867684
1.4000000000000001 -0.3799999999999999 -8403.482285283182 -11428.579417225197
1.4000000000000001 -0.3699999999999999 -6530.138854460798 -8844.533190041844
1.4000000000000001 -0.3599999999999999 -5074.468481801449 -6844.812323785719
1.4000000000000001 -0.34999999999999987 -3943.3359978164717 -5297.269606622111
1.4000000000000001 -0.33999999999999986 -3064.3767025660622 -4099.646891547955
1.4000000000000001 -0.32999999999999985 -2381.3636954968647 -3172.813958056685
1.4000000000000001 -0.31999999999999984 -1850.608599278293 -2455.53699006872
1.4000000000000001 -0.30999999999999983 -1438.165137297223 -1900.4305696105653
1.4000000000000001 -0.2999999999999998 -1117.6564609497007 -1470.8254072143293
1.4000000000000001 -0.2899999999999998 -868.5870821553226 -1138.3446250994143
1.4000000000000001 -0.2799999999999998 -675.031309778029 -881.0282904694327
1.4000000000000001 -0.2699999999999998 -524.6142054504922 -681.8821678555478
1.4000000000000001 -0.2599999999999998 -407.7198102515605 -527.754722753444
1.4000000000000001 -0.24999999999999978 -316.87594944706325 -408.46812165000165
1.4000000000000001 -0.23999999999999977 -246.2762308051031 -316.1457731600067
1.4000000000000001 -0.22999999999999976 -191.40863743246746 -244.6919533216837
1.4000000000000001 -0.21999999999999975 -148.76694155002446 -189.389115380764
1.4000000000000001 -0.20999999999999974 -115.62646843058452 -146.58626616723794
1.4000000000000001 -0.19999999999999973 -89.86985958109292 -113.45781234951093
1.4000000000000001 -0.18999999999999972 -69.8516850816095 -87.8169388184414
1.4000000000000001 -0.17999999999999972 -54.29324182786226 -67.97118643136862
1.4000000000000001 -0.1699999999999997 -42.200806547763726 -52.61068580722731
1.4000000000000001 -0.1599999999999997 -32.80211362184208 -40.72166231822527
1.4000000000000001 -0.1499999999999997 -25.49699407127473 -31.5194976297832
1.4000000000000001 -0.13999999999999968 -19.819018274580188 -24.39692555550033
1.4000000000000001 -0.12999999999999967 -15.405689061944082 -18.88394008268698
1.4000000000000001 -0.11999999999999968 -11.975278896143328 -14.616767314365955
1.4000000000000001 -0.10999999999999968 -9.308829905951189 -11.313851932873225
1.4000000000000001 -0.09999999999999969 -7.236165803262343 -8.757272209328313
1.4000000000000001 -0.08999999999999969 -5.625021330492102 -6.778356197046143
1.4000000000000001 -0.0799999999999997 -4.372594275608306 -5.246549259754629
1.4000000000000001 -0.0699999999999997 -3.3989800201117624 -4.060797839443917
1.4000000000000001 -0.0599999999999997 -2.6420689654391505 -3.14288055674009
1.4000000000000001 -0.0499999999999997 -2.053580719048713 -2.4322463412682263
1.4000000000000001 -0.039999999999999696 -1.5959815978792968 -1.882018808546433
1.4000000000000001 -0.029999999999999694 -1.240088473842899 -1.4559031091039623
1.4000000000000001 -0.01999999999999969 -0.9632058559465084 -1.1257910625704577
1.4000000000000001 -0.009999999999999691 -0.747677182772943 -0.8699064908856016
1.4000000000000001 3.0878077872387166e-16 -0.5797577670528261 -0.6713683258157711
1.4000000000000001 0.010000000000000309 -0.4487373835431238 -0.517076642021173
1.4000000000000001 0.02000000000000031 -0.3462564362586366 -0.3968480791612744
1.4000000000000001 0.03000000000000031 -0.2657720004797478 -0.3027435722476398
1.4000000000000001 0.04000000000000031 -0.2021395985861606 -0.2285439950336049
1.4000000000000001 0.050000000000000315 -0.1512839473671418 -0.1693390739310128
1.4000000000000001 0.06000000000000032 -0.1099375787893366 -0.1212023931849984
1.4000000000000001 0.07000000000000031 -0.0754305471152336 -0.080930977881852
1.4000000000000001 0.08000000000000031 -0.0455176667057876 -0.0458321829922014
1.4000000000000001 0.0900000000000003 -0.0182320812717973 -0.0135437129576582
1.4000000000000001 0.1000000000000003 0.0082444053202511 0.0181252497035436
1.4000000000000001 0.11000000000000029 0.0357028036667084 0.0513424762637747
1.4000000000000001 0.12000000000000029 0.0660283497365046 0.0884007165039422
1.4000000000000001 0.13000000000000028 0.1013300915251849 0.1318753871934259
1.4000000000000001 0.1400000000000003 0.1440875585580011 0.1848027154254347
1.4000000000000001 0.1500000000000003 0.1973247002973666 0.2508905815486322
1.4000000000000001 0.1600000000000003 0.2648232638064635 0.3347765947738652
1.4000000000000001 0.17000000000000032 0.3513906133157854 0.4423512150794672
1.4000000000000001 0.18000000000000033 0.4632008760081177 0.5811682322263623
1.4000000000000001 0.19000000000000034 0.6082335036269053 0.760970932952307
1.4000000000000001 0.20000000000000034 0.7968402346992376 0.9943702396691436
1.4000000000000001 0.21000000000000035 1.0424805110457243 1.297721526941526
1.4000000000000001 0.22000000000000036 1.3626772797132358 1.6922604199990472
1.4000000000000001 0.23000000000000037 1.7802606274355672 2.205575569182689
1.4000000000000001 0.24000000000000038 2.3249869314837595 2.8735193651763717
1.4000000000000001 0.2500000000000004 3.035647577541865 3.742687353197387
1.4000000000000001 0.2600000000000004 3.9628156251439615 4.873635713865117
1.4000000000000001 0.2700000000000004 5.172423477058784 6.3450561816432645
1.4000000000000001 0.2800000000000004 6.7504227265466525 8.259192497940463
1.4000000000000001 0.2900000000000004 8.80885293592926 10.748866243560206
1.4000000000000001 0.30000000000000043 11.493744360407254 13.986588210764088
1.4000000000000001 0.31000000000000044 14.995407345434348 18.196371512579596
1.4000000000000001 0.32000000000000045 19.561827080826436 23.66904360884717
1.4000000000000001 0.33000000000000046 25.516097985567242 30.78208823938213
1.4000000000000001 0.34000000000000047 33.279111998161795 40.02535020243965
1.4000000000000001 0.3500000000000005 43.399078606877744 52.034325709814986
1.4000000000000001 0.3600000000000005 56.5899263821874 67.6332640510104
1.4000000000000001 0.3700000000000005 73.78124820440095 87.89095513156022
1.4000000000000001 0.3800000000000005 96.18324691929621 114.19291405881734
1.4000000000000001 0.3900000000000005 125.37116865516974 148.33475223347156
1.4000000000000001 0.4000000000000005 163.3950471715367 192.6429136000571
1.4000000000000001 0.41000000000000053 212.9223144967441 250.1307436980374
1.4000000000000001 0.42000000000000054 277.4230772543673 324.70016198865903
1.4000000000000001 0.43000000000000055 361.41076503797075 421.4021708850763
1.4000000000000001 0.44000000000000056 470.7546214697781 546.7732454853729
1.4000000000000001 0.45000000000000057 613.0853813182237 709.269546420205
1.4000000000000001 0.4600000000000006 798.3217824108823 919.8271920798144
1.4000000000000001 0.4700000000000006 1039.3537172719462 1192.5849094433352
1.4000000000000001 0.4800000000000006 1352.9283757363532 1545.8157583333332
1.4000000000000001 0.4900000000000006 1760.7993613790638 2003.1279358721347
1.4000000000000001 0.5000000000000006 2291.2163770101183 2595.011738676377
1.5000000000000002 -0.5 276477.6119353719 107076.65305456828
1.5000000000000002 -0.49 214397.2293881134 82517.22800923025
1.5000000000000002 -0.48 166258.46563937468 63589.369018609934
1.5000000000000002 -0.47 128929.93887391895 49002.034033707794
1.5000000000000002 -0.45999999999999996 99983.69973528107 37760.09365367602
1.5000000000000002 -0.44999999999999996 77537.18956582101 29096.51866673425
1.5000000000000002 -0.43999999999999995 60130.71136075814 22420.105351421436
1.5000000000000002 -0.42999999999999994 46632.43242593325 17275.178868014104
1.5000000000000002 -0.41999999999999993 36164.73160870215 13310.53049180891
1.5000000000000002 -0.4099999999999999 28047.094586724073 10255.473088689698
1.5000000000000002 -0.3999999999999999 21751.83871737293 7901.383886260797
1.5000000000000002 -0.3899999999999999 16869.78464928116 6087.477231362895
1.5000000000000002 -0.3799999999999999 13083.63975421037 4689.838074194555
1.5000000000000002 -0.3699999999999999 10147.360679329162 3612.968984132997
1.5000000000000002 -0.3599999999999999 7870.151680820381 2783.2746966118607
1.5000000000000002 -0.34999999999999987 6104.0572534808325 2144.0401662959584
1.5000000000000002 -0.33999999999999986 4734.341587294583 1651.559842784454
1.5000000000000002 -0.32999999999999985 3672.028808489025 1272.1543169894221
1.5000000000000002 -0.31999999999999984 2848.1186193674303 979.8709487579456
1.5000000000000002 -0.30999999999999983 2209.1010012216216 754.7116956605751
1.5000000000000002 -0.2999999999999998 1713.4781911947823 581.267292767051
1.5000000000000002 -0.2899999999999998 1329.067693784974 447.6646302815776
1.5000000000000002 -0.2799999999999998 1030.9109097232154 344.7555262964395
1.5000000000000002 -0.2699999999999998 799.651368766546 265.4915497350891
1.5000000000000002 -0.2599999999999998 620.2771042224994 204.4422347949108
1.5000000000000002 -0.24999999999999978 481.14539488135864 157.42380703373854
1.5000000000000002 -0.23999999999999977 373.22646658521995 121.21307888152688
1.5000000000000002 -0.22999999999999976 289.5169864729936 93.32698236381994
1.5000000000000002 -0.21999999999999975 224.58522492291257 71.85268509908639
1.5000000000000002 -0.20999999999999974 174.21832200853902 55.31668737265207
1.5000000000000002 -0.19999999999999973 135.1487340571527 42.58395855583658
1.5000000000000002 -0.18999999999999972 104.84208363408302 32.780221685373796
1.5000000000000002 -0.17999999999999972 81.33262790330434 25.232075442197072
1.5000000000000002 -0.1699999999999997 63.09565551650025 19.420860829057737
1.5000000000000002 -0.1599999999999997 48.94852230549667 14.947118609161222
1.5000000000000002 -0.1499999999999997 37.9738972111665 11.503207059502406
1.5000000000000002 -0.13999999999999968 29.460233121700128 8.852207165571073
1.5000000000000002 -0.12999999999999967 22.855596470967594 6.811672078996063
1.5000000000000002 -0.11999999999999968 17.73185733848147 5.241108797089727
1.5000000000000002 -0.10999999999999968 13.756914825576732 4.032335202393936
1.5000000000000002 -0.09999999999999969 10.673154413423198 3.102052239555837
1.5000000000000002 -0.08999999999999969 8.280738766116052 2.3861225310226497
1.5000000000000002 -0.0799999999999997 6.42464733547178 1.8351634887497883
1.5000000000000002 -0.0699999999999997 4.9846235542430035 1.4111529405021261
1.5000000000000002 -0.0599999999999997 3.867377191005572 1.0848146016154445
1.5000000000000002 -0.0499999999999997 3.0005358503625197 0.8336041220249016
1.5000000000000002 -0.039999999999999696 2.327953149216348 0.6401575731155063
1.5000000000000002 -0.029999999999999694 1.8060691605016617 0.4910959211876961
1.5000000000000002 -0.01999999999999969 1.4010870104537703 0.3761034300800435
1.5000000000000002 -0.009999999999999691 1.0867824802035588 0.287216712982564
1.5000000000000002 3.0878077872387166e-16 0.8428045371584747 0.2182755970171148
1.5000000000000002 0.010000000000000309 0.6533565736431768 0.1644980618440232
1.5000000000000002 0.02000000000000031 0.5061728278687778 0.1221500247131638
1.5000000000000002 0.03000000000000031 0.3917236089635347 0.0882872514577051
1.5000000000000002 0.04000000000000031 0.3025977864485099 0.0605516212717427
1.5000000000000002 0.050000000000000315 0.2330224982832502 0.0370077013761439
1.5000000000000002 0.06000000000000032 0.1784889262904804 0.0160083509721064
1.5000000000000002 0.07000000000000031 0.1354598604274582 -0.0039199388044842
1.5000000000000002 0.08000000000000031 0.101140069691066 -0.024179915107347
1.5000000000000002 0.0900000000000003 0.0732945606857994 -0.0462017912377648
1.5000000000000002 0.1000000000000003 0.0501028981563969 -0.0715436751116072
1.5000000000000002 0.11000000000000029 0.0300400850978672 -0.1020012109443227
1.5000000000000002 0.12000000000000029 0.0117762032614497 -0.139734103028248
1.5000000000000002 0.13000000000000028 -0.005911792639348 -0.1874183794205434
1.5000000000000002 0.1400000000000003 -0.0242219759973514 -0.2484350577263449
1.5000000000000002 0.1500000000000003 -0.0444085232931687 -0.3271084200624461
1.5000000000000002 0.1600000000000003 -0.0678674368891712 -0.4290105657589982
1.5000000000000002 0.17000000000000032 -0.0962327529060003 -0.5613535273789406
1.5000000000000002 0.18000000000000033 -0.131489830045421 -0.7334963264104568
1.5000000000000002 0.19000000000000034 -0.1761135226983274 -0.9576023285831942
1.5000000000000002 0.20000000000000034 -0.2332407819340063 -1.2494926835567732
1.5000000000000002 0.21000000000000035 -0.3068896208619649 -1.6297552145699106
1.5000000000000002 0.22000000000000036 -0.402239590303999 -2.1251857901642066
1.5000000000000002 0.23000000000000037 -0.5259931557062103 -2.7706621694570917
1.5000000000000002 0.24000000000000038 -0.6868429355116681 -3.6115801305800863
1.5000000000000002 0.2500000000000004 -0.8960770326028347 -4.707020398736301
1.5000000000000002 0.2600000000000004 -1.1683641559074172 -6.1338651158099475
1.5000000000000002 0.2700000000000004 -1.5227725277052997 -7.992147743382249
1.5000000000000002 0.2800000000000004 -1.9840925315843083 -10.41200477423833
1.5000000000000002 0.2900000000000004 -2.584553748151553 -13.562707149218975
1.5000000000000002 0.30000000000000043 -3.3660538366026316 -17.664391216904143
1.5000000000000002 0.31000000000000044 -4.3830514412806405 -23.00329297698614
1.5000000000000002 0.32000000000000045 -5.706320246908305 -29.951527551934536
1.5000000000000002 0.33000000000000046 -7.427819460561355 -38.99276427930603
1.5000000000000002 0.34000000000000047 -9.667011215796336 -50.75554710539915
1.5000000000000002 0.3500000000000005 -12.57905264358724 -66.0565266877523
1.5000000000000002 0.3600000000000005 -16.36541604106241 -85.95653911518929
1.5000000000000002 0.3700000000000005 -21.287652944751557 -111.83333073790253
1.5000000000000002 0.3800000000000005 -27.685227607474857 -145.47584642302968
1.5000000000000002 0.3900000000000005 -35.99861606647313 -189.20644331509789
1.5000000000000002 0.4000000000000005 -46.79921627289153 -246.0392588854255
1.5000000000000002 0.41000000000000053 -60.82806525956064 -319.88537310510566
1.5000000000000002 0.42000000000000054 -79.04594013795605 -415.8185176241194
1.5000000000000002 0.43000000000000055 -102.69816819510186 -540.4191028496716
1.5000000000000002 0.44000000000000056 -133.39843546905644 -702.2195179839671
1.5000000000000002 0.45000000000000057 -173.2371244570278 -912.2803453942525
1.5000000000000002 0.4600000000000006 -224.92130897210245 -1184.9357511553258
1.5000000000000002 0.4700000000000006 -291.95558875698 -1538.7574234653357
1.5000000000000002 0.4800000000000006 -378.8755878392258 -1997.800743183262
1.5000000000000002 0.4900000000000006 -491.5493346146768 -2593.2153019026673
1.5000000000000002 0.5000000000000006 -637.566100435417 -3365.325608369084
1.6000000000000003 -0.5 -283059.65055169363 63542.65453344829
1.6000000000000003 -0.49 -219207.69328851925 49728.921056359395
1.6000000000000003 -0.48 -169760.97813291 38915.08527401803
1.6000000000000003 -0.47 -131469.2452119888 30450.411735853602
1.6000000000000003 -0.45999999999999996 -101815.68005150624 23825.143339994924
1.6000000000000003 -0.44999999999999996 -78851.38590709424 18640.00196156476
1.6000000000000003 -0.43999999999999995 -61067.21786026764 14582.277065979963
1.6000000000000003 -0.42999999999999994 -47294.544575452244 11407.081742888904
1.6000000000000003 -0.41999999999999993 -36628.40778546766 8922.661319309864
1.6000000000000003 -0.4099999999999999 -28368.023783182158 6978.879780798103
1.6000000000000003 -0.3999999999999999 -21970.712543561014 5458.197711237889
1.6000000000000003 -0.3899999999999999 -17016.22375102984 4268.603414887619
1.6000000000000003 -0.3799999999999999 -13179.113152384938 3338.0750035803508
1.6000000000000003 -0.3699999999999999 -10207.352344582509 2610.2423517885286
1.6000000000000003 -0.3599999999999999 -7905.765214851921 2040.9893133928374
1.6000000000000003 -0.34999999999999987 -6123.201777473061 1595.7926760693922
1.6000000000000003 -0.33999999999999986 -4742.605999970347 1247.6383168723328
1.6000000000000003 -0.32999999999999985 -3673.3245641471617 975.3895190627408
1.6000000000000003 -0.31999999999999984 -2845.1508930656623 762.5094596065652
1.6000000000000003 -0.30999999999999983 -2203.71289363549 596.0610838276771
1.6000000000000003 -0.2999999999999998 -1706.9012257410616 465.92420811434647
1.6000000000000003 -0.2899999999999998 -1322.1033271302488 364.1827219365886
1.6000000000000003 -0.2799999999999998 -1024.0614002605141 284.64497246494454
1.6000000000000003 -0.2699999999999998 -793.2135883448627 222.46841740274925
1.6000000000000003 -0.2599999999999998 -614.4093315194317 173.86590165309713
1.6000000000000003 -0.24999999999999978 -475.91448977412546 135.87582559232624
1.6000000000000003 -0.23999999999999977 -368.6408648059724 106.18232064763488
1.6000000000000003 -0.22999999999999976 -285.5495008662726 82.97456182099494
1.6000000000000003 -0.21999999999999975 -221.18856485008132 64.83670727315459
1.6000000000000003 -0.20999999999999974 -171.3354492829544 50.661803575441304
1.6000000000000003 -0.19999999999999973 -132.71958997118702 39.584442658512245
1.6000000000000003 -0.18999999999999972 -102.80779314135029 30.9280897488642
1.6000000000000003 -0.17999999999999972 -79.63797353397084 24.1638887918889
1.6000000000000003 -0.1699999999999997 -61.690385091629544 18.878446374719996
1.6000000000000003 -0.1599999999999997 -47.78788862912297 14.748638787306675
1.6000000000000003 -0.1499999999999997 -37.0187080596122 11.521912341579318
1.6000000000000003 -0.13999999999999968 -28.676603717169613 9.000880054920657
1.6000000000000003 -0.12999999999999967 -22.214535122436807 7.031278381926528
1.6000000000000003 -0.11999999999999968 -17.208771344311245 5.49255157757684
1.6000000000000003 -0.10999999999999968 -13.331093118542547 4.290490811926085
1.6000000000000003 -0.09999999999999969 -10.327262164923845 3.351479974551257
1.6000000000000003 -0.08999999999999969 -8.000344600733529 2.6179977555296254
1.6000000000000003 -0.0799999999999997 -6.197794007927851 2.045101978544771
1.6000000000000003 -0.0699999999999997 -4.8014465064373395 1.5976819166064087
1.6000000000000003 -0.0599999999999997 -3.719771325338464 1.2483110626018337
1.6000000000000003 -0.0499999999999997 -2.881868400766232 0.9755693893148631
1.6000000000000003 -0.039999999999999696 -2.2328191858982236 0.7627327346261075
1.6000000000000003 -0.029999999999999694 -1.7300856631492143 0.5967493233708675
1.6000000000000003 -0.01999999999999969 -1.340721332919508 0.4674409467419381
1.6000000000000003 -0.009999999999999691 -1.0392112329794465 0.3668800272277438
1.6000000000000003 3.0878077872387166e-16 -0.805799315808722 0.2889045354446138
1.6000000000000003 0.010000000000000309 -0.6251934874981708 0.2287411483702744
1.6000000000000003 0.02000000000000031 -0.4855633902968661 0.1827136595397127
1.6000000000000003 0.03000000000000031 -0.3777652181293677 0.1480188745657732
1.6000000000000003 0.04000000000000031 -0.2947427513048315 0.1225563690135246
1.6000000000000003 0.050000000000000315 -0.2310653611811386 0.1048018040063117
1.6000000000000003 0.06000000000000032 -0.182572727089076 0.0937161919930462
1.6000000000000003 0.07000000000000031 -0.1461030169634292 0.088685747588468
1.6000000000000003 0.08000000000000031 -0.1192867705350394 0.0894888860297488
1.6000000000000003 0.0900000000000003 -0.1003930506371968 0.0962886659694142
1.6000000000000003 0.1000000000000003 -0.0882178793290306 0.1096506247474805
1.6000000000000003 0.11000000000000029 -0.0820077792348334 0.1305876300125958
1.6000000000000003 0.12000000000000029 -0.0814135828700357 0.160635181924304
1.6000000000000003 0.13000000000000028 -0.0864717102995144 0.2019626660014644
1.6000000000000003 0.1400000000000003 -0.0976119856540298 0.2575285173359924
1.6000000000000003 0.1500000000000003 -0.1156928933687417 0.3312902795532394
1.6000000000000003 0.1600000000000003 -0.1420670919163713 0.4284843328358204
1.6000000000000003 0.17000000000000032 -0.1786821402931754 0.5559948837976707
1.6000000000000003 0.18000000000000033 -0.2282239015414422 0.7228379857606203
1.6000000000000003 0.19000000000000034 -0.2943131467203426 0.9407943135799152
1.6000000000000003 0.20000000000000034 -0.3817697108037102 1.225234696390511
1.6000000000000003 0.21000000000000035 -0.4969634236905607 1.5961957162091869
1.6000000000000003 0.22000000000000036 -0.6482773050573445 2.079779917004746
1.6000000000000003 0.23000000000000037 -0.8467166218872382 2.709977510332362
1.6000000000000003 0.24000000000000038 -1.10670794568456 3.5310354270022444
1.6000000000000003 0.2500000000000004 -1.4471460706206778 4.6005371123079115
1.6000000000000003 0.2600000000000004 -1.8927645508220523 5.9934051342958
1.6000000000000003 0.2700000000000004 -2.4759289704544596 7.807101754735068
1.6000000000000003 0.2800000000000004 -3.238982550715531 10.168384347878636
1.6000000000000003 0.2900000000000004 -4.237313510042151 13.242078433112688
1.6000000000000003 0.30000000000000043 -5.543365580186087 17.242468209437025
1.6000000000000003 0.31000000000000044 -7.251880962056352 22.448082008792582
1.6000000000000003 0.32000000000000045 -9.486753634200628 29.220879859087276
1.6000000000000003 0.33000000000000046 -12.409986632138228 38.03114764823008
1.6000000000000003 0.34000000000000047 -16.233397950012986 49.489786927802726
1.6000000000000003 0.3500000000000005 -21.233916834094458 64.39018662734027
1.6000000000000003 0.3600000000000005 -27.773569459986298 83.76250566786592
1.6000000000000003 0.3700000000000005 -36.32558857976943 108.944025942171
1.6000000000000003 0.3800000000000005 -47.50851948869578 141.6703078348513
1.6000000000000003 0.3900000000000005 -62.13076558571067 184.19326552622366
1.6000000000000003 0.4000000000000005 -81.24876123981824 239.4340670442799
1.6000000000000003 0.41000000000000053 -106.24293014750069 311.18107055689387
1.6000000000000003 0.42000000000000054 -138.9168522200303 404.34598311560916
1.6000000000000003 0.43000000000000055 -181.6267101776911 525.2952629887477
1.6000000000000003 0.44000000000000056 -237.4502340633813 682.2787285551103
1.6000000000000003 0.45000000000000057 -310.4071581137257 885.9837022664982
1.6000000000000003 0.4600000000000006 -405.7468451495581 1150.2512140345339
1.6000000000000003 0.4700000000000006 -530.3234725836107 1493.001336163828
1.6000000000000003 0.4800000000000006 -693.0853407503766 1937.42829042338
1.6000000000000003 0.4900000000000006 -905.7128861976166 2513.543414055001
1.6000000000000003 0.5000000000000006 -1183.4504147233392 3260.166493130726
1.7000000000000004 -0.5 195216.02513112524 -205461.88612106448
1.7000000000000004 -0.49 150870.1228082228 -159556.2533023241
1.7000000000000004 -0.48 116598.02145247035 -123907.79961803604
1.7000000000000004 -0.47 90111.28411662226 -96224.52171506819
1.7000000000000004 -0.45999999999999996 69641.34284582967 -74726.6000803527
1.7000000000000004 -0.44999999999999996 53821.39546126774 -58031.938010653335
1.7000000000000004 -0.43999999999999995 41595.13388796571 -45067.28103907632
1.7000000000000004 -0.42999999999999994 32146.207972094144 -34999.199723729536
1.7000000000000004 -0.41999999999999993 24843.71381103506 -27180.49648461745
1.7000000000000004 -0.4099999999999999 19200.06597742112 -21108.589362103427
1.7000000000000004 -0.3999999999999999 14838.440171827437 -16393.195997296407
1.7000000000000004 -0.3899999999999999 11467.612051827991 -12731.239367580083
1.7000000000000004 -0.3799999999999999 8862.511962766106 -9887.361336243413
1.7000000000000004 -0.3699999999999999 6849.197038737699 -7678.790778558582
1.7000000000000004 -0.3599999999999999 5293.237152659812 -5963.593132796219
1.7000000000000004 -0.34999999999999987 4090.73917884429 -4631.545712063518
1.7000000000000004 -0.33999999999999986 3161.4102191581756 -3597.051992608333
1.7000000000000004 -0.32999999999999985 2443.196603224224 -2793.639230360582
1.7000000000000004 -0.31999999999999984 1888.1406987170517 -2169.685585732429
1.7000000000000004 -0.30999999999999983 1459.1788877473325 -1685.1020073884388
1.7000000000000004 -0.2999999999999998 1127.6669108618091 -1308.755525100972
1.7000000000000004 -0.2899999999999998 871.4673485413205 -1016.468279376779
1.7000000000000004 -0.2799999999999998 673.4715448645347 -789.4636380392515
1.7000000000000004 -0.2699999999999998 520.4572858808654 -613.15949867838
1.7000000000000004 -0.2599999999999998 402.2059633665592 -476.2311999531287
1.7000000000000004 -0.24999999999999978 310.82028006957756 -369.88379995911185
1.7000000000000004 -0.23999999999999977 240.1969422253162 -287.2869411958028
1.7000000000000004 -0.22999999999999976 185.6191331438623 -223.13597482273624
1.7000000000000004 -0.21999999999999975 143.4415590067961 -173.31113414567335
1.7000000000000004 -0.20999999999999974 110.84703866790001 -134.61285063905356
1.7000000000000004 -0.19999999999999973 85.65838591708514 -104.55620064414961
1.7000000000000004 -0.18999999999999972 66.19302427538354 -81.21127194690278
1.7000000000000004 -0.17999999999999972 51.150627425739465 -63.079191156162686
1.7000000000000004 -0.1699999999999997 39.52628333919936 -48.99584496976787
1.7000000000000004 -0.1599999999999997 30.543384246561477 -38.05710841525175
1.7000000000000004 -0.1499999999999997 23.601761606416115 -29.560775431075633
1.7000000000000004 -0.13999999999999968 18.237603061484037 -22.961460584676672
1.7000000000000004 -0.12999999999999967 14.092475011833358 -17.83557431742298
1.7000000000000004 -0.11999999999999968 10.889382384912924 -13.854121454046506
1.7000000000000004 -0.10999999999999968 8.41426703733225 -10.761575430741516
1.7000000000000004 -0.09999999999999969 6.501709351047487 -8.359471097908559
1.7000000000000004 -0.08999999999999969 5.023878230699723 -6.493662135813254
1.7000000000000004 -0.0799999999999997 3.881991605828534 -5.044424571923072
1.7000000000000004 -0.0699999999999997 2.9997171724491425 -3.9187707410191774
1.7000000000000004 -0.0599999999999997 2.318072664594977 -3.044480035597934
1.7000000000000004 -0.0499999999999997 1.7914850775616775 -2.3654630811898185
1.7000000000000004 -0.039999999999999696 1.384745656020938 -1.8381616268399168
1.7000000000000004 -0.029999999999999694 1.0706572789458109 -1.4287529696018082
1.7000000000000004 -0.01999999999999969 0.8282171133561343 -1.1109794087431706
1.7000000000000004 -0.009999999999999691 0.6412131576415688 -0.8644633711246488
1.7000000000000004 3.0878077872387166e-16 0.4971409396706012 -0.6734000435666151
1.7000000000000004 0.010000000000000309 0.3863680210265762 -0.5255435954048946
1.7000000000000004 0.02000000000000031 0.3014905147575954 -0.4114219329382734
1.7000000000000004 0.03000000000000031 0.2368386558086955 -0.3237296089613539
1.7000000000000004 0.04000000000000031 0.1880984281056964 -0.2568599586243684
1.7000000000000004 0.050000000000000315 0.1520240160862265 -0.2065464833945676
1.7000000000000004 0.06000000000000032 0.1262219305578822 -0.1695905335235781
1.7000000000000004 0.07000000000000031 0.1089924662890525 -0.1436578984698777
1.7000000000000004 0.08000000000000031 0.0992180040916547 -0.1271313623236797
1.7000000000000004 0.0900000000000003 0.0962908325430796 -0.1190099044581742
1.7000000000000004 0.1000000000000003 0.100075847365983 -0.1188482588106936
1.7000000000000004 0.11000000000000029 0.1109058719340078 -0.1267331853506529
1.7000000000000004 0.12000000000000029 0.1296095934913854 -0.1432952266929372
1.7000000000000004 0.13000000000000028 0.1575743816972716 -0.1697570802402679
1.7000000000000004 0.1400000000000003 0.1968487070903081 -0.208022167309687
1.7000000000000004 0.1500000000000003 0.2502916788710768 -0.2608096880699466
1.7000000000000004 0.1600000000000003 0.3217805716798992 -0.3318455951286538
1.7000000000000004 0.17000000000000032 0.4164913471525692 -0.4261227091235082
1.7000000000000004 0.18000000000000033 0.541272391727081 -0.5502478898323122
1.7000000000000004 0.19000000000000034 0.7051383583606129 -0.7129000791212701
1.7000000000000004 0.20000000000000034 0.919919590757061 -0.9254305407883902
1.7000000000000004 0.21000000000000035 1.2011137355116417 -1.202646236223257
1.7000000000000004 0.22000000000000036 1.5690006013405766 -1.5638296312646927
1.7000000000000004 0.23000000000000037 2.050100132149673 -2.0340641456517567
1.7000000000000004 0.24000000000000038 2.6790778570689278 -2.645954981045527
1.7000000000000004 0.2500000000000004 3.5012341027201157 -3.4418615450637677
1.7000000000000004 0.2600000000000004 4.575754861871253 -4.476791860745931
1.7000000000000004 0.2700000000000004 5.979956451825165 -5.822153442414711
1.7000000000000004 0.2800000000000004 7.814826797609117 -7.57061199538908
1.7000000000000004 0.2900000000000004 10.212258327970794 -9.842382640281155
1.7000000000000004 0.30000000000000043 13.344487569597131 -12.793372901394422
1.7000000000000004 0.31000000000000044 17.436413016655848 -16.62571850277711
1.7000000000000004 0.32000000000000045 22.78166673243628 -21.601409871120303
1.7000000000000004 0.33000000000000046 29.763580707185945 -28.059909133806404
1.7000000000000004 0.34000000000000047 38.882534846654515 -36.440917110684055
1.7000000000000004 0.3500000000000005 50.791623773694994 -47.31378369965831
1.7000000000000004 0.3600000000000005 66.3431658093459 -61.415484089698396
1.7000000000000004 0.3700000000000005 86.64934038082686 -79.69963416627175
1.7000000000000004 0.3800000000000005 113.16123270271821 -103.39972548760534
1.7000000000000004 0.3900000000000005 147.77185573654637 -134.11066692625886
1.7000000000000004 0.4000000000000005 192.9503985101752 -173.89388210297074
1.7000000000000004 0.41000000000000053 251.91713281206634 -225.41269992696203
1.7000000000000004 0.42000000000000054 328.8712474454342 -292.10668004479487
1.7000000000000004 0.43000000000000055 429.2875656022218 -378.4159503900719
1.7000000000000004 0.44000000000000056 560.302889177272 -490.06974586066536
1.7000000000000004 0.45000000000000057 731.2189313249598 -634.4573100689557
1.7000000000000004 0.4600000000000006 954.1568691305941 -821.1043900897168
1.7000000000000004 0.4700000000000006 1244.909020542169 -1062.2850133305246
1.7000000000000004 0.4800000000000006 1624.0467334281636 -1373.8064604790495
1.7000000000000004 0.4900000000000006 2118.36118755371 -1776.0158116929722
1.7000000000000004 0.5000000000000006 2762.7366385261334 -2295.089740924357
1.8000000000000005 -0.5 -46736.287428940734 272498.15663034143
1.8000000000000005 -0.49 -35672.70340891869 211220.58012551
1.8000000000000005 -0.48 -27221.87217655133 163723.84990418702
1.8000000000000005 -0.47 -20768.086741458763 126908.50105271989
1.8000000000000005 -0.45999999999999996 -15840.457295697091 98372.23150909343
1.8000000000000005 -0.44999999999999996 -12078.907954029295 76253.07590749189
1.8000000000000005 -0.43999999999999995 -9208.145159436846 59107.86030934908
1.8000000000000005 -0.42999999999999994 -7017.731501906371 45818.00007609209
1.8000000000000005 -0.41999999999999993 -5346.835054954307 35516.48917920206
1.8000000000000005 -0.4099999999999999 -4072.5587816361485 27531.313380061165
1.8000000000000005 -0.3999999999999999 -3101.0108755754923 21341.592391411363
1.8000000000000005 -0.3899999999999999 -2360.47331658514 16543.587443718112
1.8000000000000005 -0.3799999999999999 -1796.176417879748 12824.354939035362
1.8000000000000005 -0.3699999999999999 -1366.3024445082324 9941.326173944388
1.8000000000000005 -0.3599999999999999 -1038.9297114857104 7706.480071067497
1.8000000000000005 -0.34999999999999987 -789.6962277957439 5974.07575406434
1.8000000000000005 -0.33999999999999986 -600.0137705864963 4631.144224003045
1.8000000000000005 -0.32999999999999985 -455.70295602695734 3590.118527155094
1.8000000000000005 -0.31999999999999984 -345.95025802934845 2783.121411120807
1.8000000000000005 -0.30999999999999983 -262.5111887941845 2157.5376656438098
1.8000000000000005 -0.2999999999999998 -199.10166296150837 1672.5822029025835
1.8000000000000005 -0.2899999999999998 -150.93319735217662 1296.639925774317
1.8000000000000005 -0.2799999999999998 -114.35802948998045 1005.2038057194392
1.8000000000000005 -0.2699999999999998 -86.59821996886183 779.2766337432763
1.8000000000000005 -0.2599999999999998 -65.53891050775593 604.1321675466132
1.8000000000000005 -0.24999999999999978 -49.57058100618326 468.35485111770953
1.8000000000000005 -0.23999999999999977 -37.46872187392563 363.0954608159198
1.8000000000000005 -0.22999999999999976 -28.302070234601423 281.4941211380041
1.8000000000000005 -0.21999999999999975 -21.362647733271096 218.23305356906127
1.8000000000000005 -0.20999999999999974 -16.112434748979904 169.18988601436357
1.8000000000000005 -0.19999999999999973 -12.142736505380112 131.16891075208196
1.8000000000000005 -0.18999999999999972 -9.14322941685844 101.6927638232725
1.8000000000000005 -0.17999999999999972 -6.87838874607678 78.84094015137154
1.8000000000000005 -0.1699999999999997 -5.169543110138542 61.124613673803445
1.8000000000000005 -0.1599999999999997 -3.8812172029266945 47.389599731527206
1.8000000000000005 -0.1499999999999997 -2.910741624325695 36.741132414865135
1.8000000000000005 -0.13999999999999968 -2.1803511117261447 28.48555226796875
1.8000000000000005 -0.12999999999999967 -1.6311774857776924 22.085102534399688
1.8000000000000005 -0.11999999999999968 -1.2186848048386132 17.12288693054998
1.8000000000000005 -0.10999999999999968 -0.9092019307989978 13.275704527420736
1.8000000000000005 -0.09999999999999969 -0.6772898598830535 10.292990928934255
1.8000000000000005 -0.08999999999999969 -0.5037438147237877 7.980493059438589
1.8000000000000005 -0.0799999999999997 -0.3740778493301551 6.187613482964534
1.8000000000000005 -0.0699999999999997 -0.277376116012417 4.797599400740823
1.8000000000000005 -0.0599999999999997 -0.2054226781059074 3.719936913718677
1.8000000000000005 -0.0499999999999997 -0.1520428823720894 2.8844548870370934
1.8000000000000005 -0.039999999999999696 -0.112605401415651 2.2367541879166972
1.8000000000000005 -0.029999999999999694 -0.0836463187818014 1.7346644539010019
1.8000000000000005 -0.01999999999999969 -0.0625859733990086 1.3454975175087416
1.8000000000000005 -0.009999999999999691 -0.0475164051548005 1.0439185327355265
1.8000000000000005 3.0878077872387166e-16 -0.0370426842385028 0.8102961035132761
1.8000000000000005 0.010000000000000309 -0.0301655726466859 0.6294239285956011
1.8000000000000005 0.02000000000000031 -0.0261961709279138 0.4895306862884284
1.8000000000000005 0.03000000000000031 -0.0246956889177637 0.3815136640880326
1.8000000000000005 0.04000000000000031 -0.0254354339502384 0.2983462168664034
1.8000000000000005 0.050000000000000315 -0.0283736818694378 0.23462046292925
1.8000000000000005 0.06000000000000032 -0.0336474040996447 0.1861954381424064
1.8000000000000005 0.07000000000000031 -0.0415779668568514 0.1499277984568606
1.8000000000000005 0.08000000000000031 -0.0526909822121354 0.1234675380378613
1.8000000000000005 0.0900000000000003 -0.0677515545273618 0.1051054238422335
1.8000000000000005 0.1000000000000003 -0.0878173084549267 0.0936622132101466
1.8000000000000005 0.11000000000000029 -0.1143128899439645 0.0884124373384807
1.8000000000000005 0.12000000000000029 -0.1491311943448808 0.0890377761815914
1.8000000000000005 0.13000000000000028 -0.1947685084892694 0.0956069637927632
1.8000000000000005 0.1400000000000003 -0.2545031952565205 0.1085808695972934
1.8000000000000005 0.1500000000000003 -0.3326306741769294 0.1288430082786412
1.8000000000000005 0.1600000000000003 -0.4347714828325584 0.1577573386564086
1.8000000000000005 0.17000000000000032 -0.5682744279241452 0.1972569179652284
1.8000000000000005 0.18000000000000033 -0.7427436227646842 0.2499688837631431
1.8000000000000005 0.19000000000000034 -0.9707270407773982 0.3193834519399956
1.8000000000000005 0.20000000000000034 -1.2686157174964734 0.4100772715216314
1.8000000000000005 0.21000000000000035 -1.657817719596788 0.5280047118423432
1.8000000000000005 0.22000000000000036 -2.1662905263296732 0.6808746498019522
1.8000000000000005 0.23000000000000037 -2.8305409126573577 0.8786352845474921
1.8000000000000005 0.24000000000000038 -3.6982345750212153 1.1340956884854423
1.8000000000000005 0.2500000000000004 -4.831600929648512 1.463720515456048
1.8000000000000005 0.2600000000000004 -6.311874769767192 1.8886439023402537
1.8000000000000005 0.2700000000000004 -8.245089732590854 2.4359605689074795
1.8000000000000005 0.2800000000000004 -10.769633922601159 3.1403669806075483
1.8000000000000005 0.2900000000000004 -14.066102223229546 4.046243829217833
1.8000000000000005 0.30000000000000043 -18.370141456679157 5.210293756996903
1.8000000000000005 0.31000000000000044 -23.989194860077923 6.704876069848636
1.8000000000000005 0.32000000000000045 -31.324325929209486 8.622214141195023
1.8000000000000005 0.33000000000000046 -40.898657482576496 11.079692395606294
1.8000000000000005 0.34000000000000047 -53.39442440018138 14.226509352089455
1.8000000000000005 0.3500000000000005 -69.70123977826675 18.252012392316715
1.8000000000000005 0.3600000000000005 -90.97895555527488 23.39610980462821
1.8000000000000005 0.3700000000000005 -118.73951358701112 29.962237091377588
1.8000000000000005 0.3800000000000005 -154.95350109448532 38.333447843963285
1.8000000000000005 0.3900000000000005 -202.1888352599439 48.99230408553865
1.8000000000000005 0.4000000000000005 -263.7912218407538 62.545354716019595
1.8000000000000005 0.41000000000000053 -344.11891250046824 79.75310898998063
1.8000000000000005 0.42000000000000054 -448.84801970653666 101.56652650235094
1.8000000000000005 0.43000000000000055 -585.3694879626757 129.17114202718244
1.8000000000000005 0.44000000000000056 -763.3050905852597 164.04000056542418
1.8000000000000005 0.45000000000000057 -995.1779413673984 207.99656089731855
1.8000000000000005 0.4600000000000006 -1297.2835210104543 263.2885833019824
1.8000000000000005 0.4700000000000006 -1690.8208161685893 332.6736727556811
1.8000000000000005 0.4800000000000006 -2203.3607522772163 419.51649186383247
1.8000000000000005 0.4900000000000006 -2870.75182594291 527.8965281112391
1.8000000000000005 0.5000000000000006 -3739.592195484848 662.723469533049
1.9000000000000006 -0.5 -109822.31717355084 -245939.30020039878
1.9000000000000006 -0.49 -85598.07998986731 -190320.3450306546
1.9000000000000006 -0.48 -66715.31575295568 -147280.0414215492
1.9000000000000006 -0.47 -51996.66020968911 -113973.51189728681
1.9000000000000006 -0.45999999999999996 -40524.15866180613 -88199.32630788567
1.9000000000000006 -0.44999999999999996 -31582.134987147176 -68253.96127938405
1.9000000000000006 -0.43999999999999995 -24612.636932836038 -52819.18105059707
1.9000000000000006 -0.42999999999999994 -19180.690679449202 -40874.89243254892
1.9000000000000006 -0.41999999999999993 -14947.206125148186 -31631.711399056698
1.9000000000000006 -0.4099999999999999 -11647.849074411855 -24478.78242438903
1.9000000000000006 -0.3999999999999999 -9076.566903338686 -18943.400367360307
1.9000000000000006 -0.3899999999999999 -7072.743234106459 -14659.765187706678
1.9000000000000006 -0.3799999999999999 -5511.1825746368995 -11344.80369883105
1.9000000000000006 -0.3699999999999999 -4294.3017281588 -8779.45985833877
1.9000000000000006 -0.3599999999999999 -3346.0419469993776 -6794.216683065478
1.9000000000000006 -0.34999999999999987 -2607.122798373258 -5257.892664180816
1.9000000000000006 -0.33999999999999986 -2031.3421618999391 -4068.97205521747
1.9000000000000006 -0.32999999999999985 -1582.6918659855487 -3148.8959296919597
1.9000000000000006 -0.31999999999999984 -1233.1092321791734 -2436.8705342064086
1.9000000000000006 -0.30999999999999983 -960.7243844766026 -1885.8497699699806
1.9000000000000006 -0.2999999999999998 -748.4940527440889 -1459.4262535968846
1.9000000000000006 -0.2899999999999998 -583.1366738515875 -1129.4254693450866
1.9000000000000006 -0.2799999999999998 -454.3023668207935 -874.0440010382122
1.9000000000000006 -0.2699999999999998 -353.9259962893275 -676.4087957705317
1.9000000000000006 -0.2599999999999998 -275.7229521273244 -523.4622409718929
1.9000000000000006 -0.24999999999999978 -214.79617207419585 -405.0993714501417
1.9000000000000006 -0.23999999999999977 -167.3298725131979 -313.50018737818687
1.9000000000000006 -0.22999999999999976 -130.35086181375112 -242.61295953363862
1.9000000000000006 -0.21999999999999975 -101.54252782421631 -187.75437691808105
1.9000000000000006 -0.20999999999999974 -79.0998787240177 -145.30011383845923
1.9000000000000006 -0.19999999999999973 -61.616579341267304 -112.44536907348488
1.9000000000000006 -0.18999999999999972 -47.99692290853896 -87.01955386424083
1.9000000000000006 -0.17999999999999972 -37.38723558630619 -67.34288381194123
1.9000000000000006 -0.1699999999999997 -29.122425022568876 -52.1153988555079
1.9000000000000006 -0.1599999999999997 -22.68433043804807 -40.3310783597804
1.9000000000000006 -0.1499999999999997 -17.669269249824453 -31.211376601326194
1.9000000000000006 -0.13999999999999968 -13.762750085768257 -24.15378718823056
1.9000000000000006 -0.12999999999999967 -10.719770070258495 -18.692038002597826
1.9000000000000006 -0.11999999999999968 -8.349463443718221 -14.465286737956925
1.9000000000000006 -0.10999999999999968 -6.503140714566793 -11.194281804113425
1.9000000000000006 -0.09999999999999969 -5.064969626360024 -8.662913589591561
1.9000000000000006 -0.08999999999999969 -3.9447145016012377 -6.703937218725713
1.9000000000000006 -0.0799999999999997 -3.0720793223903344 -5.187923551268918
1.9000000000000006 -0.0699999999999997 -2.3923002746345587 -4.014708459134331
1.9000000000000006 -0.0599999999999997 -1.8627116895909868 -3.106775471069561
1.9000000000000006 -0.0499999999999997 -1.4500702526101472 -2.4041346079580204
1.9000000000000006 -0.039999999999999696 -1.1284698237925985 -1.8603590788247992
1.9000000000000006 -0.029999999999999694 -0.8777161974257391 -1.4395180016837545
1.9000000000000006 -0.01999999999999969 -0.6820599292965345 -1.1138025081128675
1.9000000000000006 -0.009999999999999691 -0.5292077847249909 -0.8616883968650841
1.9000000000000006 3.0878077872387166e-16 -0.4095508079713524 -0.6665139461778699
1.9000000000000006 0.010000000000000309 -0.3155605768449846 -0.5153789183226299
1.9000000000000006 0.02000000000000031 -0.2413157330709973 -0.3982920048982822
1.9000000000000006 0.03000000000000031 -0.1821290273040566 -0.30751036869168
1.9000000000000006 0.04000000000000031 -0.1342513966083835 -0.2370276210878795
1.9000000000000006 0.050000000000000315 -0.0946343934173774 -0.1821763703111526
1.9000000000000006 0.06000000000000032 -0.0607359071968433 -0.1393190315535288
1.9000000000000006 0.07000000000000031 -0.0303567876405671 -0.1056064033403017
1.9000000000000006 0.08000000000000031 -0.0014978551078679 -0.0787879678244878
1.9000000000000006 0.0900000000000003 0.0277720164088608 -0.0570612582725717
1.9000000000000006 0.1000000000000003 0.0594454664431788 -0.0389501757529148
1.9000000000000006 0.11000000000000029 0.0957125733102543 -0.0232039930557939
1.9000000000000006 0.12000000000000029 0.1391124161580005 -0.0087100749217622
1.9000000000000006 0.13000000000000028 0.1927107559877726 0.0055858514686898
1.9000000000000006 0.1400000000000003 0.2603162443722336 0.0207576785956611
1.9000000000000006 0.1500000000000003 0.3467503581764807 0.0379810222441486
1.9000000000000006 0.1600000000000003 0.4581901107416551 0.0586258309337154
1.9000000000000006 0.17000000000000032 0.6026077779302219 0.0843669046373345
1.9000000000000006 0.18000000000000033 0.7903387671341493 0.1173213445876494
1.9000000000000006 0.19000000000000034 1.0348178329999371 0.1602243172396142
1.9000000000000006 0.20000000000000034 1.3535357411652216 0.2166578251547043
1.9000000000000006 0.21000000000000035 1.7692840323154846 0.2913517203700058
1.9000000000000006 0.22000000000000036 2.3117758278013634 0.39058235994247
1.9000000000000006 0.23000000000000037 3.019757056615429 0.5227026135861637
1.9000000000000006 0.24000000000000038 3.9437569072249263 0.6988480954096126
1.9000000000000006 0.2500000000000004 5.149671101059081 0.9338794520608716
1.9000000000000006 0.2600000000000004 6.723429842809782 1.2476405648372082
1.9000000000000006 0.2700000000000004 8.777078042238784 1.6666393071993229
1.9000000000000006 0.2800000000000004 11.456693830670698 2.226293304606033
1.9000000000000006 0.2900000000000004 14.952699262421955 2.9739309926383326
1.9000000000000006 0.30000000000000043 19.51328314054723 3.9728021960786144
1.9000000000000006 0.31000000000000044 25.46187145791716 5.307437839256419
1.9000000000000006 0.32000000000000045 33.21986064779401 7.090812428153612
1.9000000000000006 0.33000000000000046 43.336191638446394 9.473915195367368
1.9000000000000006 0.34000000000000047 56.52581309220197 12.658539039745897
1.9000000000000006 0.3500000000000005 73.7196918131396 16.914367643660484
1.9000000000000006 0.3600000000000005 96.12981796420794 22.6018030904496
1.9000000000000006 0.3700000000000005 125.33367512097146 30.202459139044635
1.9000000000000006 0.3800000000000005 163.38396821039277 40.359889261808135
1.9000000000000006 0.3900000000000005 212.95111350622062 53.933977146426614
1.9000000000000006 0.4000000000000005 277.5082066494998 72.07356182412755
1.9000000000000006 0.41000000000000053 361.57104189310394 96.31339462877952
1.9000000000000006 0.42000000000000054 471.009444408294 128.7035567165563
1.9000000000000006 0.43000000000000055 613.4509362392566 171.98217116153108
1.9000000000000006 0.44000000000000056 798.8038913959184 229.8058448285654
1.9000000000000006 0.45000000000000057 1039.9352386111495 307.0570671491562
1.9000000000000006 0.4600000000000006 1353.5479428886479 410.2541666923156
1.9000000000000006 0.4700000000000006 1761.3165797991774 548.097900528498
1.9000000000000006 0.4800000000000006 2291.356127014691 732.2000127812244
1.9000000000000006 0.4900000000000006 2980.120677401401 978.0540569761276
1.9000000000000006 0.5000000000000006 3874.856452289328 1306.328635222149
2.0000000000000004 -0.5 221887.7528028099 139454.3957252154
2.0000000000000004 -0.49 172213.86242268767 107564.0647739263
2.0000000000000004 -0.48 133660.59249736503 82964.89024244042
2.0000000000000004 -0.47 103738.3133131561 63990.19239191674
2.0000000000000004 -0.45999999999999996 80514.7658788584 49354.211288623206
2.0000000000000004 -0.44999999999999996 62490.27881193219 38065.06107351564
2.0000000000000004 -0.43999999999999995 48500.92148285619 29357.572656037977
2.0000000000000004 -0.42999999999999994 37643.339102850325 22641.48125051628
2.0000000000000004 -0.41999999999999993 29216.41563511786 17461.453053362817
2.0000000000000004 -0.4099999999999999 22675.997137206657 13466.246182573579
2.0000000000000004 -0.3999999999999999 17599.751578087955 10384.918907718184
2.0000000000000004 -0.3899999999999999 13659.895784444296 8008.474964940198
2.0000000000000004 -0.3799999999999999 10602.028229177868 6175.703613263716
2.0000000000000004 -0.3699999999999999 8228.700690766767 4762.255919548914
2.0000000000000004 -0.3599999999999999 6386.667848937181 3672.2177529781743
2.0000000000000004 -0.34999999999999987 4956.991403820817 2831.608935667802
2.0000000000000004 -0.33999999999999986 3847.3596512395657 2183.3683612397863
2.0000000000000004 -0.32999999999999985 2986.126521048542 1683.485475256009
2.0000000000000004 -0.31999999999999984 2317.6851282658654 1298.0161137974656
2.0000000000000004 -0.30999999999999983 1798.8770692514404 1000.7805686049511
2.0000000000000004 -0.2999999999999998 1396.2055831438777 771.5879395262091
2.0000000000000004 -0.2899999999999998 1083.6726118232443 594.8664727396101
2.0000000000000004 -0.2799999999999998 841.1000824081486 458.6070776786773
2.0000000000000004 -0.2699999999999998 652.8270067389932 353.54842725773443
2.0000000000000004 -0.2599999999999998 506.69826191209165 272.54841038219797
2.0000000000000004 -0.24999999999999978 393.27975206783134 210.09933035459008
2.0000000000000004 -0.23999999999999977 305.24927074860966 161.9539821847207
2.0000000000000004 -0.22999999999999976 236.92372934070912 124.83725526479788
2.0000000000000004 -0.21999999999999975 183.89222314210656 96.2237040411602
2.0000000000000004 -0.20999999999999974 142.73124114786475 74.16600064146928
2.0000000000000004 -0.19999999999999973 110.7836300922283 57.1626326733347
2.0000000000000004 -0.18999999999999972 85.98704019100694 44.05587018453853
2.0000000000000004 -0.17999999999999972 66.74077525408565 33.95307827788642
2.0000000000000004 -0.1699999999999997 51.80244973207974 26.166035135627297
2.0000000000000004 -0.1599999999999997 40.20777996877009 20.164136485991484
2.0000000000000004 -0.1499999999999997 31.20833074706669 15.538309583675824
2.0000000000000004 -0.13999999999999968 24.223197606536655 11.973186410317178
2.0000000000000004 -0.12999999999999967 18.80150524549625 9.22564627444617
2.0000000000000004 -0.11999999999999968 14.593300707661628 7.108270291245648
2.0000000000000004 -0.10999999999999968 11.326962091608598 5.476583655488018
2.0000000000000004 -0.09999999999999969 8.791664212559958 4.2192187922142885
2.0000000000000004 -0.08999999999999969 6.823769156315113 3.250330816977759
2.0000000000000004 -0.0799999999999997 5.296263078273428 2.503749712131008
2.0000000000000004 -0.0699999999999997 4.110557280074765 1.9284716034456817
2.0000000000000004 -0.0599999999999997 3.190124242346729 1.4851825055874528
2.0000000000000004 -0.0499999999999997 2.4755577608547643 1.1435780686809967
2.0000000000000004 -0.039999999999999696 1.920738274532896 0.8802969625427646
2.0000000000000004 -0.029999999999999694 1.4898558238905792 0.6773272521206437
2.0000000000000004 -0.01999999999999969 1.155098443988802 0.5207772789317457
2.0000000000000004 -0.009999999999999691 0.8948567522150641 0.3999273522121988
2.0000000000000004 3.0878077872387166e-16 0.6923288107484716 0.3064976531546388
2.0000000000000004 0.010000000000000309 0.5344351778988811 0.2340824629222958
2.0000000000000004 0.02000000000000031 0.4109740790169994 0.1777121387730837
2.0000000000000004 0.03000000000000031 0.3139621182288752 0.1335129507658736
2.0000000000000004 0.04000000000000031 0.2371179163015578 0.0984415438784992
2.0000000000000004 0.050000000000000315 0.1754552690612829 0.0700758581889487
2.0000000000000004 0.06000000000000032 0.1249594684152682 0.0464481663726479
2.0000000000000004 0.07000000000000031 0.0823257677608526 0.0259087317431984
2.0000000000000004 0.08000000000000031 0.0447429483348791 0.0070106427060697
2.0000000000000004 0.0900000000000003 0.0097078071722474 -0.011592222383221
2.0000000000000004 0.1000000000000003 -0.0251416772130691 -0.0312413109714453
2.0000000000000004 0.11000000000000029 -0.0621856173041157 -0.0533704799467963
2.0000000000000004 0.12000000000000029 -0.1039846544098727 -0.0796111064808678
2.0000000000000004 0.13000000000000028 -0.1534566205448928 -0.1119129736115756
2.0000000000000004 0.1400000000000003 -0.2140795636598449 -0.152689940889053
2.0000000000000004 0.1500000000000003 -0.290135184436084 -0.2050013490121718
2.0000000000000004 0.1600000000000003 -0.3870096051647308 -0.2727828740772874
2.0000000000000004 0.17000000000000032 -0.5115724271604893 -0.3611443571108137
2.0000000000000004 0.18000000000000033 -0.6726605116707511 -0.4767572830443271
2.0000000000000004 0.19000000000000034 -0.8817002167926946 -0.6283614680537655
2.0000000000000004 0.20000000000000034 -1.1535114386551935 -0.8274296666795486
2.0000000000000004 0.21000000000000035 -1.5073493940970046 -1.0890409366269962
2.0000000000000004 0.22000000000000036 -1.9682564985490687 -1.433029635356604
2.0000000000000004 0.23000000000000037 -2.5688180465075594 -1.8854981061738632
2.0000000000000004 0.24000000000000038 -3.351443130612377 -2.4808090779051546
2.0000000000000004 0.2500000000000004 -4.371328198179985 -3.2642107110635306
2.0000000000000004 0.2600000000000004 -5.7003072419793686 -4.2952959257413434
2.0000000000000004 0.2700000000000004 -7.431852951645 -5.6525619053831875
2.0000000000000004 0.2800000000000004 -9.687571202825024 -7.439420452239102
2.0000000000000004 0.2900000000000004 -12.625632167210535 -9.792121727930283
2.0000000000000004 0.30000000000000043 -16.45171168864841 -12.890201493049574
2.0000000000000004 0.31000000000000044 -21.43318486506685 -16.970256671671372
2.0000000000000004 0.32000000000000045 -27.917530875714114 -22.34411096104008
2.0000000000000004 0.33000000000000046 -36.3561879276459 -29.42277113827974
2.0000000000000004 0.34000000000000047 -47.33545758595595 -38.74802187319337
2.0000000000000004 0.3500000000000005 -61.61652146805121 -51.034096778178466
2.0000000000000004 0.3600000000000005 -80.18722936779446 -67.22264165795063
2.0000000000000004 0.3700000000000005 -104.3290833191305 -88.55521251267777
2.0000000000000004 0.3800000000000005 -135.7038239288462 -116.66890495512999
2.0000000000000004 0.3900000000000005 -176.4652831533583 -153.72249764941597
2.0000000000000004 0.4000000000000005 -229.40377707102866 -202.56284762464227
2.0000000000000004 0.41000000000000053 -298.13236845874263 -266.9443809317072
2.0000000000000004 0.42000000000000054 -387.32695220463097 -351.8186165451835
2.0000000000000004 0.43000000000000055 -503.0354575701623 -463.7160585725601
2.0000000000000004 0.44000000000000056 -653.0757087760456 -611.24990481864
2.0000000000000004 0.45000000000000057 -847.5468746491722 -805.7803919796293
2.0000000000000004 0.4600000000000006 -1099.4862613228242 -1062.2909437437713
2.0000000000000004 0.4700000000000006 -1425.7118203079913 -1400.543546943568
2.0000000000000004 0.4800000000000006 -1847.901601405719 -1846.6021862119892
2.0000000000000004 0.4900000000000006 -2393.975017820596 -2434.8413388331883
2.0000000000000004 0.5000000000000006 -3099.857866288289 -3210.593593458774
2.1000000000000005 -0.5 -254599.82865390985 7263.067436737452
2.1000000000000005 -0.49 -197237.91516734587 6200.3926556512415
2.1000000000000005 -0.48 -152800.06586343303 5248.087685412493
2.1000000000000005 -0.47 -118374.32209343715 4410.334861140807
2.1000000000000005 -0.45999999999999996 -91704.84401954777 3683.8312006560827
2.1000000000000005 -0.44999999999999996 -71044.07079309474 3060.949613707651
2.1000000000000005 -0.43999999999999995 -55038.19362935361 2531.855261601957
2.1000000000000005 -0.42999999999999994 -42638.43513765465 2085.8875461446514
2.1000000000000005 -0.41999999999999993 -33032.319841111756 1712.4313001839769
2.1000000000000005 -0.4099999999999999 -25590.431198705646 1401.4372575351927
2.1000000000000005 -0.3999999999999999 -19825.165528909223 1143.705656300528
2.1000000000000005 -0.3899999999999999 -15358.779574414353 931.0133150450744
2.1000000000000005 -0.3799999999999999 -11898.63759012458 756.1403335772544
2.1000000000000005 -0.3699999999999999 -9218.035713395537 612.8352065840867
2.1000000000000005 -0.3599999999999999 -7141.346919116955 495.744750831376
2.1000000000000005 -0.34999999999999987 -5532.513034666008 400.32647365783265
2.1000000000000005 -0.33999999999999986 -4286.129652914682 322.754851597563
2.1000000000000005 -0.32999999999999985 -3320.539714430928 259.82871026130243
2.1000000000000005 -0.31999999999999984 -2572.4831713844055 208.8839647866635
2.1000000000000005 -0.30999999999999983 -1992.9521241332334 167.7140047385389
2.1000000000000005 -0.2999999999999998 -1543.9798211662546 134.49870606119117
2.1000000000000005 -0.2899999999999998 -1196.1531119599217 107.74222195842958
2.1000000000000005 -0.2799999999999998 -926.6853515128068 86.21919838130786
2.1000000000000005 -0.2699999999999998 -717.9234820951832 68.92877402400438
2.1000000000000005 -0.2599999999999998 -556.1914691756875 55.05558572285293
2.1000000000000005 -0.24999999999999978 -430.89430923008183 43.93695627174117
2.1000000000000005 -0.23999999999999977 -333.82390169597176 35.03545709520048
2.1000000000000005 -0.22999999999999976 -258.62130471478883 27.916088455437166
2.1000000000000005 -0.21999999999999975 -200.36014135660582 22.22738844200904
2.1000000000000005 -0.20999999999999974 -155.22386128239822 17.68585808990876
2.1000000000000005 -0.19999999999999973 -120.25571247894321 14.063166722956968
2.1000000000000005 -0.18999999999999972 -93.16504180013463 11.175674868437458
2.1000000000000005 -0.17999999999999972 -72.17723375844082 8.87587951990966
2.1000000000000005 -0.1699999999999997 -55.91745618096287 7.045447043414257
2.1000000000000005 -0.1599999999999997 -43.32059633089305 5.589552321668862
2.1000000000000005 -0.1499999999999997 -33.56148703884382 4.432288994119235
2.1000000000000005 -0.13999999999999968 -26.000851727911737 3.5129553445303743
2.1000000000000005 -0.12999999999999967 -20.14342705557611 2.783054125586246
2.1000000000000005 -0.11999999999999968 -15.605519713647729 2.203873062221032
2.1000000000000005 -0.10999999999999968 -12.08987199926056 1.7445366126415298
2.1000000000000005 -0.09999999999999969 -9.366189592392669 1.3804394250669327
2.1000000000000005 -0.08999999999999969 -7.2560559211039966 1.0919883931948993
2.1000000000000005 -0.0799999999999997 -5.62124486881404 0.8635938073496853
2.1000000000000005 -0.0699999999999997 -4.354666206603084 0.682861281025634
2.1000000000000005 -0.0599999999999997 -3.373350603812454 0.5399453029118794
2.1000000000000005 -0.0499999999999997 -2.6130146817112685 0.4270327644158173
2.1000000000000005 -0.039999999999999696 -2.023850081289696 0.3379309329917312
2.1000000000000005 -0.029999999999999694 -1.5672606984697304 0.2677393277131256
2.1000000000000005 -0.01999999999999969 -1.2133343511681745 0.2125890117414794
2.1000000000000005 -0.009999999999999691 -0.9388832517277192 0.1694361192234254
2.1000000000000005 3.0878077872387166e-16 -0.725924916885265 0.135899125931679
2.1000000000000005 0.010000000000000309 -0.5605039964354966 0.1101315742440636
2.1000000000000005 0.02000000000000031 -0.431777830863302 0.0907237751084464
2.1000000000000005 0.03000000000000031 -0.3313058200804882 0.0766285182499142
2.1000000000000005 0.04000000000000031 -0.2524960312945061 0.0671071008366156
2.1000000000000005 0.050000000000000315 -0.1901727680099081 0.0616930991600168
2.1000000000000005 0.06000000000000032 -0.1402367382920032 0.0601723169236235
2.1000000000000005 0.07000000000000031 -0.0993955169750235 0.0625783041145132
2.1000000000000005 0.08000000000000031 -0.0649465898755877 0.0692038092464555
2.1000000000000005 0.0900000000000003 -0.0345986987996825 0.0806295659666922
2.1000000000000005 0.1000000000000003 -0.0063196985466963 0.0977729913190184
2.1000000000000005 0.11000000000000029 0.0217991458981351 0.1219607684429503
2.1000000000000005 0.12000000000000029 0.0516714400807383 0.1550310003164502
2.1000000000000005 0.13000000000000028 0.0853450775206688 0.1994727776736186
2.1000000000000005 0.1400000000000003 0.1251414576529057 0.2586137621275306
2.1000000000000005 0.1500000000000003 0.1738138435236624 0.3368699495715714
2.1000000000000005 0.1600000000000003 0.2347354873496104 0.4400764152860892
2.1000000000000005 0.17000000000000032 0.3121301360306646 0.5759238983876086
2.1000000000000005 0.18000000000000033 0.4113603331157298 0.754534014423469
2.1000000000000005 0.19000000000000034 0.5392927345892824 0.9892162880259822
2.1000000000000005 0.20000000000000034 0.7047646899538508 1.297463856575219
2.1000000000000005 0.21000000000000035 0.9191829182915006 1.7022626410231303
2.1000000000000005 0.22000000000000036 1.197293633459701 2.2338123658463753
2.1000000000000005 0.23000000000000037 1.5581744586207564 2.9317888176648044
2.1000000000000005 0.24000000000000038 2.026512573708073 3.8483175040482567
2.1000000000000005 0.2500000000000004 2.6342515902808827 5.051882491957395
2.1000000000000005 0.2600000000000004 3.4227126923325883 6.63246472277599
2.1000000000000005 0.2700000000000004 4.445324930755701 8.708296850621815
2.1000000000000005 0.2800000000000004 5.771136851181763 11.434743647717362
2.1000000000000005 0.2900000000000004 7.489328904784769 15.015977493542419
2.1000000000000005 0.30000000000000043 9.715005853878292 19.72032955289609
2.1000000000000005 0.31000000000000044 12.5966237263293 25.900474920410776
2.1000000000000005 0.32000000000000045 16.325500558252095 34.01997526904427
2.1000000000000005 0.33000000000000046 21.147978739716095 44.6881830116956
2.1000000000000005 0.34000000000000047 27.380954677524112 58.706142996191204
2.1000000000000005 0.3500000000000005 35.43167512090636 77.12695907233274
2.1000000000000005 0.3600000000000005 45.822926288780145 101.33518629800824
2.1000000000000005 0.3700000000000005 59.22502030708777 133.15124764378365
2.1000000000000005 0.3800000000000005 76.49632264778344 174.96876531110613
2.1000000000000005 0.3900000000000005 98.73447392319372 229.9351837637656
2.1000000000000005 0.4000000000000005 127.3409488842227 302.18933156828285
2.1000000000000005 0.41000000000000053 164.10217255262626 397.17386810374603
2.1000000000000005 0.42000000000000054 211.29108213228477 522.0462120475804
2.1000000000000005 0.43000000000000055 271.7937806826385 686.2189750674976
2.1000000000000005 0.44000000000000056 349.26675928007705 902.0706823301867
2.1000000000000005 0.45000000000000057 448.33103328156005 1185.8803803454368
2.1000000000000005 0.4600000000000006 574.8103783717833 1559.056567880832
2.1000000000000005 0.4700000000000006 736.0215474036779 2049.7529889924804
2.1000000000000005 0.4800000000000006 941.1247095763288 2694.9928374442716
2.1000000000000005 0.4900000000000006 1201.5420785078231 3543.460983012311
2.1000000000000005 0.5000000000000006 1531.4513212599752 4659.17374546435
2.2000000000000006 -0.5 201534.25944288113 -143293.789624727
2.2000000000000006 -0.49 155806.46581111994 -111487.22457754394
2.2000000000000006 -0.48 120453.6873423144 -86739.25018009201
2.2000000000000006 -0.47 93122.08337213173 -67483.74602968417
2.2000000000000006 -0.45999999999999996 71991.82122356894 -52501.9933521061
2.2000000000000006 -0.44999999999999996 55655.93184506415 -40845.63234920673
2.2000000000000006 -0.43999999999999995 43026.64727992949 -31776.70064731352
2.2000000000000006 -0.42999999999999994 33262.98581706507 -24720.966871511064
2.2000000000000006 -0.41999999999999993 25714.76483741803 -19231.612267063014
2.2000000000000006 -0.4099999999999999 19879.31474896048 -14960.966363046527
2.2000000000000006 -0.3999999999999999 15368.012760878099 -11638.511071631197
2.2000000000000006 -0.3899999999999999 11880.408844777017 -9053.763378332711
2.2000000000000006 -0.3799999999999999 9184.221565619957 -7042.954850554983
2.2000000000000006 -0.3699999999999999 7099.872168931104 -5478.665997053738
2.2000000000000006 -0.3599999999999999 5488.527386368831 -4261.760172271651
2.2000000000000006 -0.34999999999999987 4242.8549733062 -3315.1070104785736
2.2000000000000006 -0.33999999999999986 3279.876563544042 -2578.698461539932
2.2000000000000006 -0.32999999999999985 2535.442035773753 -2005.8485189130142
2.2000000000000006 -0.31999999999999984 1959.9575257442132 -1560.2362363466261
2.2000000000000006 -0.30999999999999983 1515.0826714499365 -1213.6049473315109
2.2000000000000006 -0.2999999999999998 1171.1772005332018 -943.9720970175684
2.2000000000000006 -0.2899999999999998 905.3268539903322 -734.2363905821962
2.2000000000000006 -0.2799999999999998 699.8172085618289 -571.094094700831
2.2000000000000006 -0.2699999999999998 540.9537790014725 -444.1958875716663
2.2000000000000006 -0.2599999999999998 418.1498355880686 -345.49087372010825
2.2000000000000006 -0.24999999999999978 323.22119633074243 -268.7162244574722
2.2000000000000006 -0.23999999999999977 249.84103378553033 -209.0001220625162
2.2000000000000006 -0.22999999999999976 193.11839056307642 -162.5528581909112
2.2000000000000006 -0.21999999999999975 149.27233468845768 -126.4265181978299
2.2000000000000006 -0.20999999999999974 115.38005431009245 -98.32802593216817
2.2000000000000006 -0.19999999999999973 89.18211479209697 -76.473702808204
2.2000000000000006 -0.18999999999999972 68.93190773352019 -59.476124349607986
2.2000000000000006 -0.17999999999999972 53.27926435497312 -46.25610328872772
2.2000000000000006 -0.1699999999999997 41.18048090358215 -35.97422015052686
2.2000000000000006 -0.1599999999999997 31.82876272937908 -27.97756079878872
2.2000000000000006 -0.1499999999999997 24.60045359410772 -21.75828406798419
2.2000000000000006 -0.13999999999999968 19.013468131549676 -16.92139235110549
2.2000000000000006 -0.12999999999999967 14.695158190435945 -13.159661331421734
2.2000000000000006 -0.11999999999999968 11.35747217831334 -10.23413887166596
2.2000000000000006 -0.10999999999999968 8.777752330600276 -7.9589761487917725
2.2000000000000006 -0.09999999999999969 6.783890403390821 -6.189628809794994
2.2000000000000006 -0.08999999999999969 5.242852641913133 -4.813679624851005
2.2000000000000006 -0.0799999999999997 4.051809344968751 -3.7437003673439073
2.2000000000000006 -0.0699999999999997 3.131277878372835 -2.9116999907069623
2.2000000000000006 -0.0599999999999997 2.419822144609632 -2.264806795810589
2.2000000000000006 -0.0499999999999997 1.869955226805741 -1.7619105674802502
2.2000000000000006 -0.039999999999999696 1.4449721004061278 -1.371051566902767
2.2000000000000006 -0.029999999999999694 1.1165012860684382 -1.0673906595900537
2.2000000000000006 -0.01999999999999969 0.8626122308927213 -0.8316317412491636
2.2000000000000006 -0.009999999999999691 0.6663522440033893 -0.6487963353998021
2.2000000000000006 3.0878077872387166e-16 0.5146154442369202 -0.5072725981536734
2.2000000000000006 0.010000000000000309 0.397268309865701 -0.3980783961421312
2.2000000000000006 0.02000000000000031 0.3064735276173434 -0.3142917296883676
2.2000000000000006 0.03000000000000031 0.2361670607865556 -0.250612419324364
2.2000000000000006 0.04000000000000031 0.1816535753402171 -0.20302733670906
2.2000000000000006 0.050000000000000315 0.1392932599743735 -0.1685580737101439
2.2000000000000006 0.06000000000000032 0.1062591779501109 -0.1450752283584612
2.2000000000000006 0.07000000000000031 0.080349002692536 -0.1311677827578634
2.2000000000000006 0.08000000000000031 0.0598386309143582 -0.126059633520148
2.2000000000000006 0.0900000000000003 0.0433679807310509 -0.1295684440719438
2.2000000000000006 0.1000000000000003 0.02985145759452 -0.1421048262776852
2.2000000000000006 0.11000000000000029 0.0184072558923212 -0.1647126178561891
2.2000000000000006 0.12000000000000029 0.0083009751963002 -0.1991538922760998
2.2000000000000006 0.13000000000000028 -0.0010999395134321 -0.2480455212827484
2.2000000000000006 0.1400000000000003 -0.0103635982720446 -0.3150578352153532
2.2000000000000006 0.1500000000000003 -0.0200248842479614 -0.4051904637830596
2.2000000000000006 0.1600000000000003 -0.0306118568944484 -0.5251461234689371
2.2000000000000006 0.17000000000000032 -0.0426681146939597 -0.683830367874741
2.2000000000000006 0.18000000000000033 -0.0567712488044921 -0.8930146732029677
2.2000000000000006 0.19000000000000034 -0.0735467440183946 -1.1682123904806219
2.2000000000000006 0.20000000000000034 -0.0936756726455262 -1.529832967763528
2.2000000000000006 0.21000000000000035 -0.1178931406266072 -2.0047006171580977
2.2000000000000006 0.22000000000000036 -0.1469724917938331 -2.628050828977926
2.2000000000000006 0.23000000000000037 -0.1816874893729004 -3.4461538596420507
2.2000000000000006 0.24000000000000038 -0.2227407009233191 -4.519761220302334
2.2000000000000006 0.2500000000000004 -0.2706405912919166 -5.928632788596399
2.2000000000000006 0.2600000000000004 -0.3255016444036687 -7.777483079429218
2.2000000000000006 0.2700000000000004 -0.3867301602813394 -10.203791516855766
2.2000000000000006 0.2800000000000004 -0.4525417675518781 -13.388061230469715
2.2000000000000006 0.2900000000000004 -0.5192331375166894 -17.567294446217726
2.2000000000000006 0.30000000000000043 -0.580097065886628 -23.052693738451953
2.2000000000000006 0.31000000000000044 -0.6238230698121381 -30.252915372248513
2.2000000000000006 0.32000000000000045 -0.6321594487114712 -39.70461749593164
2.2000000000000006 0.33000000000000046 -0.5765197441760535 -52.11259331897715
2.2000000000000006 0.34000000000000047 -0.4130860891162698 -68.40249871986947
2.2000000000000006 0.3500000000000005 -0.0757793051321869 -89.79012894892564
2.2000000000000006 0.3600000000000005 0.5337896937002569 -117.87244111864514
2.2000000000000006 0.3700000000000005 1.560629016562217 -154.74715111128583
2.2000000000000006 0.3800000000000005 3.2166741070057157 -203.16987762058596
2.2000000000000006 0.3900000000000005 5.8095257877454145 -266.76062274311914
2.2000000000000006 0.4000000000000005 9.783010948888702 -350.2750784210427
2.2000000000000006 0.41000000000000053 15.774296096699034 -459.96110737378854
2.2000000000000006 0.42000000000000054 24.694140577444358 -604.0271282506794
2.2000000000000006 0.43000000000000055 37.83945161376596 -793.2575125661949
2.2000000000000006 0.44000000000000056 57.05087271953141 -1041.8210979466812
2.2000000000000006 0.45000000000000057 84.93308064512058 -1368.33335350154
2.2000000000000006 0.4600000000000006 125.16230798888297 -1797.2516658038812
2.2000000000000006 0.4700000000000006 182.9150717834375 -2360.7080439275733
2.2000000000000006 0.4800000000000006 265.46516879024784 -3100.9160940152506
2.2000000000000006 0.4900000000000006 383.01406794032255 -4073.331771440169
2.2000000000000006 0.5000000000000006 549.8447783817955 -5350.8032922632465
2.3000000000000007 -0.5 -85210.53482922327 224205.4147536873
2.3000000000000007 -0.49 -65479.46368293792 173908.5752803873
2.3000000000000007 -0.48 -50313.76764754453 134894.70743273717
2.3000000000000007 -0.47 -38657.85833069113 104632.8008641742
2.3000000000000007 -0.45999999999999996 -29700.055854550523 81159.5875427881
2.3000000000000007 -0.44999999999999996 -22816.264840262254 62952.19300030675
2.3000000000000007 -0.43999999999999995 -17526.649484178743 48829.35185753588
2.3000000000000007 -0.42999999999999994 -13462.30923894906 37874.78090594216
2.3000000000000007 -0.41999999999999993 -10339.64792866683 29377.739939845436
2.3000000000000007 -0.4099999999999999 -7940.6611306027435 22786.925187826902
2.3000000000000007 -0.3999999999999999 -6097.776043926536 17674.704855939875
2.3000000000000007 -0.3899999999999999 -4682.193086253798 13709.377033522214
2.3000000000000007 -0.3799999999999999 -3594.9208545723377 10633.650516417434
2.3000000000000007 -0.3699999999999999 -2759.8825933745493 8247.952710215764
2.3000000000000007 -0.3599999999999999 -2118.615810113238 6397.481859963184
2.3000000000000007 -0.34999999999999987 -1626.1970797669119 4962.163715040973
2.3000000000000007 -0.33999999999999986 -1248.1090156295224 3848.8611280296027
2.3000000000000007 -0.32999999999999985 -957.8317238786678 2985.3312215143033
2.3000000000000007 -0.31999999999999984 -734.9913233553799 2315.53811418671
2.3000000000000007 -0.30999999999999983 -563.9367762402073 1796.0171289552527
2.3000000000000007 -0.2999999999999998 -432.6460154534078 1393.0546139106987
2.3000000000000007 -0.2899999999999998 -331.8852292931049 1080.5004157503972
2.3000000000000007 -0.2799999999999998 -254.5627570787263 838.0710862134003
2.3000000000000007 -0.2699999999999998 -195.23258010412152 650.0337371745456
2.3000000000000007 -0.2599999999999998 -149.71279767748695 504.1851541733919
2.3000000000000007 -0.24999999999999978 -114.79247978675872 391.0599330570234
2.3000000000000007 -0.23999999999999977 -88.00644091920152 303.31626258116114
2.3000000000000007 -0.22999999999999976 -67.46221067393994 235.25950103331667
2.3000000000000007 -0.21999999999999975 -51.70711441008282 182.47263482934127
2.3000000000000007 -0.20999999999999974 -39.62617385611024 141.52964151722722
2.3000000000000007 -0.19999999999999973 -30.363687640435316 109.7731585362521
2.3000000000000007 -0.18999999999999972 -23.263004508862835 85.14203136998476
2.3000000000000007 -0.17999999999999972 -17.820272486150568 66.03755106427134
2.3000000000000007 -0.1699999999999997 -13.648923788862582 51.21970141172961
2.3000000000000007 -0.1599999999999997 -10.452405864409071 39.72668329151547
2.3000000000000007 -0.1499999999999997 -8.003245772826949 30.812494023672315
2.3000000000000007 -0.13999999999999968 -6.126978425039743 23.89851114101542
2.3000000000000007 -0.12999999999999967 -4.689809837535556 18.53593870711542
2.3000000000000007 -0.11999999999999968 -3.5891483108319946 14.376679174329023
2.3000000000000007 -0.10999999999999968 -2.7463375477153518 11.15074051392014
2.3000000000000007 -0.09999999999999969 -2.1010802342332577 8.648712434550418
2.3000000000000007 -0.08999999999999969 -1.6071593020603672 6.708174452128342
2.3000000000000007 -0.0799999999999997 -1.2291552688867236 5.203153726526036
2.3000000000000007 -0.0699999999999997 -0.9399280886723262 4.035948495044476
2.3000000000000007 -0.0599999999999997 -0.7186857351709133 3.1307864505953997
2.3000000000000007 -0.0499999999999997 -0.5495030552972624 2.428906496089242
2.3000000000000007 -0.039999999999999696 -0.4201861572151261 1.8847446826709875
2.3000000000000007 -0.029999999999999694 -0.3214019650570652 1.4629768027722072
2.3000000000000007 -0.01999999999999969 -0.2460112867908051 1.136225709954455
2.3000000000000007 -0.009999999999999691 -0.1885581172389046 0.883284584606614
2.3000000000000007 3.0878077872387166e-16 -0.1448789442018455 0.6877408581222744
2.3000000000000007 0.010000000000000309 -0.11180431837615 0.5369115223345292
2.3000000000000007 0.02000000000000031 -0.0869314847415055 0.421020774705884
2.3000000000000007 0.03000000000000031 -0.0684519146648144 0.3325666965348386
2.3000000000000007 0.04000000000000031 -0.055021479659398 0.2658359545326441
2.3000000000000007 0.050000000000000315 -0.045664045195726 0.2165351551591545
2.3000000000000007 0.06000000000000032 -0.0397016513425833 0.1815150940236613
2.3000000000000007 0.07000000000000031 -0.0367063561756244 0.1585702266888238
2.3000000000000007 0.08000000000000031 -0.0364703844038739 0.1463006413617046
2.3000000000000007 0.0900000000000003 -0.0389925606039538 0.1440279652166404
2.3000000000000007 0.1000000000000003 -0.0444802115469222 0.1517602610995492
2.3000000000000007 0.11000000000000029 -0.053366884916315 0.1702043148810063
2.3000000000000007 0.12000000000000029 -0.0663474403612988 0.2008270052768026
2.3000000000000007 0.13000000000000028 -0.0844334167240854 0.2459709176694856
2.3000000000000007 0.1400000000000003 -0.1090331724868961 0.3090332582870618
2.3000000000000007 0.1500000000000003 -0.1420632621984777 0.394721726481362
2.3000000000000007 0.1600000000000003 -0.1861000085501844 0.5094066472394702
2.3000000000000007 0.17000000000000032 -0.244583461126891 0.6615957696271955
2.3000000000000007 0.18000000000000033 -0.3220901633578843 0.8625672263417721
2.3000000000000007 0.19000000000000034 -0.4246967271424566 1.127207901496083
2.3000000000000007 0.20000000000000034 -0.5604636012293296 1.4751197450999376
2.3000000000000007 0.21000000000000035 -0.7400782277814133 1.932076546450302
2.3000000000000007 0.22000000000000036 -0.9777098286692842 2.5319398296250624
2.3000000000000007 0.23000000000000037 -1.2921454394448004 3.3191768213949038
2.3000000000000007 0.24000000000000038 -1.70829997198005 4.35216843529994
2.3000000000000007 0.2500000000000004 -2.2592239856237546 5.707554290066534
2.3000000000000007 0.2600000000000004 -2.9887740904177775 7.485939368884271
2.3000000000000007 0.2700000000000004 -3.9551659888249193 9.81938885298606
2.3000000000000007 0.2800000000000004 -5.235703767516851 12.881271582897202
2.3000000000000007 0.2900000000000004 -6.93307745758203 16.899188573652914
2.3000000000000007 0.30000000000000043 -9.183752515010749 22.171954258362845
2.3000000000000007 0.31000000000000044 -12.169151043329807 29.09190203607863
2.3000000000000007 0.32000000000000045 -16.130560477568377 38.17418509574986
2.3000000000000007 0.33000000000000046 -21.38902148837702 50.095268396962126
2.3000000000000007 0.34000000000000047 -28.371870498142535 65.74349756054205
2.3000000000000007 0.3500000000000005 -37.6481803604172 86.28553709882888
2.3000000000000007 0.3600000000000005 -49.9761051582024 113.25366201192136
2.3000000000000007 0.3700000000000005 -66.36615869326519 148.6604527797833
2.3000000000000007 0.3800000000000005 -88.16583132070797 195.14950173602864
2.3000000000000007 0.3900000000000005 -117.17279803611699 256.1934430881542
2.3000000000000007 0.4000000000000005 -155.78645635901418 336.3541721365325
2.3000000000000007 0.41000000000000053 -207.21087727220595 441.62478759059746
2.3000000000000007 0.42000000000000054 -275.7267557427451 579.8789233982129
2.3000000000000007 0.43000000000000055 -367.05601393866044 761.4611911314103
2.3000000000000007 0.44000000000000056 -488.8508875723119 999.9630311442668
2.3000000000000007 0.45000000000000057 -651.3503545847262 1313.2421573160427
2.3000000000000007 0.4600000000000006 -868.2616485542102 1724.7620068634762
2.3000000000000007 0.4700000000000006 -1157.9446954360892 2265.3515225019682
2.3000000000000007 0.4800000000000006 -1545.0044631762075 2975.5169636790333
2.3000000000000007 0.4900000000000006 -2062.4329170991714 3908.4785726896816
2.3000000000000007 0.5000000000000006 -2754.491919112086 5134.158820917048
2.400000000000001 -0.5 -52156.00296586509 -226516.3684150844
2.400000000000001 -0.49 -40965.70914893257 -175365.98503014963
2.400000000000001 -0.48 -32170.315773351664 -135765.63506514239
2.400000000000001 -0.47 -25258.714106009196 -105107.34233068768
2.400000000000001 -0.45999999999999996 -19828.529807150255 -81371.98909604643
2.400000000000001 -0.44999999999999996 -15563.073121359705 -62996.36071302788
2.400000000000001 -0.43999999999999995 -12213.155344054274 -48770.20875772158
2.400000000000001 -0.42999999999999994 -9582.749001051967 -37756.55531526281
2.400000000000001 -0.41999999999999993 -7517.682885990808 -29229.99114443423
2.400000000000001 -0.4099999999999999 -5896.73242919268 -22628.905129248375
2.400000000000001 -0.3999999999999999 -4624.599967301847 -17518.499639134996
2.400000000000001 -0.3899999999999999 -3626.3856246166024 -13562.156558884173
2.400000000000001 -0.3799999999999999 -2843.2334917420776 -10499.26856273102
2.400000000000001 -0.3699999999999999 -2228.9041946436455 -8128.075890040911
2.400000000000001 -0.3599999999999999 -1747.077439415504 -6292.378456481007
2.400000000000001 -0.34999999999999987 -1369.2295938846028 -4871.248302143861
2.400000000000001 -0.33999999999999986 -1072.9641253806128 -3771.064935620724
2.400000000000001 -0.32999999999999985 -840.698577165349 -2919.349087117728
2.400000000000001 -0.31999999999999984 -658.6321778535407 -2259.9888043622004
2.400000000000001 -0.30999999999999983 -515.9342820672719 -1749.5435089477676
2.400000000000001 -0.2999999999999998 -404.10654141883106 -1354.3826143137576
2.400000000000001 -0.2899999999999998 -316.4817185792817 -1048.47026335157
2.400000000000001 -0.2799999999999998 -247.82994974330077 -811.6502921183039
2.400000000000001 -0.2699999999999998 -194.04947965352176 -628.3184678360764
2.400000000000001 -0.2599999999999998 -151.92379201002882 -486.3945532666389
2.400000000000001 -0.24999999999999978 -118.93091573128166 -376.52649498173656
2.400000000000001 -0.23999999999999977 -93.09372456771628 -291.47432016329157
2.400000000000001 -0.22999999999999976 -72.86243792652292 -225.63316197651622
2.400000000000001 -0.21999999999999975 -57.0224116734834 -174.66399661110052
2.400000000000001 -0.20999999999999974 -44.621787348111596 -135.20776916054604
2.400000000000001 -0.19999999999999973 -34.91473198104523 -104.66407776374501
2.400000000000001 -0.18999999999999972 -27.316915777749408 -81.01983753884788
2.400000000000001 -0.17999999999999972 -21.370594310189475 -62.71663781534396
2.400000000000001 -0.1699999999999997 -16.717227269069195 -48.54805480791716
2.400000000000001 -0.1599999999999997 -13.076010133723655 -37.58015501702025
2.400000000000001 -0.1499999999999997 -10.227044185236261 -29.089952233752978
2.400000000000001 -0.13999999999999968 -7.998144480345619 -22.517763674306853
2.400000000000001 -0.12999999999999967 -6.254500739709775 -17.430326362189007
2.400000000000001 -0.11999999999999968 -4.890575186481652 -13.492243716546694
2.400000000000001 -0.10999999999999968 -3.8237541107678 -10.443881078525468
2.400000000000001 -0.09999999999999969 -2.989374125640357 -8.084253759459957
2.400000000000001 -0.08999999999999969 -2.3368258466993437 -6.257780107969195
2.400000000000001 -0.0799999999999997 -1.826501884540872 -4.844026732445782
2.400000000000001 -0.0699999999999997 -1.4274063707641462 -3.7497701538778143
2.400000000000001 -0.0599999999999997 -1.1152827152733353 -2.902851787042072
2.400000000000001 -0.0499999999999997 -0.8711472495607544 -2.2474213096150093
2.400000000000001 -0.039999999999999696 -0.6801406799520355 -1.74025496245558
2.400000000000001 -0.029999999999999694 -0.5306282948291197 -1.347906156932958
2.400000000000001 -0.01999999999999969 -0.413494769111995 -1.0445006131263177
2.400000000000001 -0.009999999999999691 -0.3215910726476603 -0.8100307295822073
2.400000000000001 3.0878077872387166e-16 -0.2493001098473936 -0.6290367898106234
2.400000000000001 0.010000000000000309 -0.1921948383139067 -0.4895881110948565
2.400000000000001 0.02000000000000031 -0.1467681577389221 -0.3824970181117976
2.400000000000001 0.03000000000000031 -0.1102181564516458 -0.3007138810910578
2.400000000000001 0.04000000000000031 -0.0802756064112923 -0.2388634086090698
2.400000000000001 0.050000000000000315 -0.0550631031883921 -0.1928917173262811
2.400000000000001 0.06000000000000032 -0.0329771022000658 -0.159801031647857
2.400000000000001 0.07000000000000031 -0.0125854128288771 -0.1374546807136334
2.400000000000001 0.08000000000000031 0.0074664492682711 -0.1244397444105502
2.400000000000001 0.0900000000000003 0.0285462418617253 -0.1199785668454902
2.400000000000001 0.1000000000000003 0.052129503555576 -0.1238836648960342
2.400000000000001 0.11000000000000029 0.0799042192031801 -0.1365535359700294
2.400000000000001 0.12000000000000029 0.113893181834127 -0.1590097181149504
2.400000000000001 0.13000000000000028 0.15660305040288 -0.1929783767829619
2.400000000000001 0.1400000000000003 0.2112112364526138 -0.2410228941145262
2.400000000000001 0.1500000000000003 0.2818047312138506 -0.3067376503282306
2.400000000000001 0.1600000000000003 0.373689044658235 -0.3950176849131501
2.400000000000001 0.17000000000000032 0.4937908909061833 -0.5124245405751292
2.400000000000001 0.18000000000000033 0.6511855516519313 -0.6676757433778476
2.400000000000001 0.19000000000000034 0.8577895573015633 -0.8722945930008885
2.400000000000001 0.20000000000000034 1.129272211923306 -1.1414689191828427
2.400000000000001 0.21000000000000035 1.4862565735594435 -1.495183105022445
2.400000000000001 0.22000000000000036 1.9559031421071464 -1.9597081629361608
2.400000000000001 0.23000000000000037 2.5739995043431123 -2.5695615192850108
2.400000000000001 0.24000000000000038 3.38771893289458 -3.370083447221101
2.400000000000001 0.2500000000000004 4.459263612928491 -4.420823450068962
2.400000000000001 0.2600000000000004 5.870678003640696 -5.7999908457182245
2.400000000000001 0.2700000000000004 7.73021045151853 -7.610303949147971
2.400000000000001 0.2800000000000004 10.18072403556836 -9.986677666459755
2.400000000000001 0.2900000000000004 13.410820692712253 -13.106327991137984
2.400000000000001 0.30000000000000043 17.66955919655897 -17.20205435256169
2.400000000000001 0.31000000000000044 23.285935201884296 -22.579700860247875
2.400000000000001 0.32000000000000045 30.69467386024455 -29.64111345517866
2.400000000000001 0.33000000000000046 40.47039385937205 -38.914325841404086
2.400000000000001 0.34000000000000047 53.37287805137958 -51.09325445938755
2.400000000000001 0.3500000000000005 70.40708608612636 -67.08990333560976
2.400000000000001 0.3600000000000005 92.9027434605257 -88.10302826592172
2.400000000000001 0.3700000000000005 122.61993916450936 -115.70845871930263
2.400000000000001 0.3800000000000005 161.88929451141283 -151.97792024459466
2.400000000000001 0.3900000000000005 213.79810803578533 -199.63536534311723
2.400000000000001 0.4000000000000005 282.4376757299913 -262.26267175688747
2.400000000000001 0.41000000000000053 373.23205448701924 -344.57032119755513
2.400000000000001 0.42000000000000054 493.3753117001219 -452.7536147597505
2.400000000000001 0.43000000000000055 652.4133661044679 -594.9614901544123
2.400000000000001 0.44000000000000056 863.0186544462526 -781.9135759695505
2.400000000000001 0.45000000000000057 1142.0221050717616 -1027.7124013312477
2.400000000000001 0.4600000000000006 1511.788676107048 -1350.9125329855547
2.400000000000001 0.4700000000000006 2002.0519264610562 -1775.9279631550658
2.400000000000001 0.4800000000000006 2652.3622998681935 -2334.884801741649
2.400000000000001 0.4900000000000006 3515.3564808322935 -3070.0601808461383
2.400000000000001 0.5000000000000006 4661.126007704377 -4037.0928112447564
2.500000000000001 -0.5 163929.18445086264 154247.70280521823
2.500000000000001 -0.49 127393.33443428187 119091.17901466093
2.500000000000001 -0.48 98999.15273693576 91946.18662086605
2.500000000000001 -0.47 76932.64653928683 70987.35175123022
2.500000000000001 -0.45999999999999996 59783.916767239854 54805.1334260595
2.500000000000001 -0.44999999999999996 46457.15669554008 42311.108207650075
2.500000000000001 -0.43999999999999995 36100.69216841345 32664.825339239254
2.500000000000001 -0.42999999999999994 28052.601451726707 25217.320568989617
2.500000000000001 -0.41999999999999993 21798.445916889985 19467.49517586657
2.500000000000001 -0.4099999999999999 16938.414921390417 15028.430447077608
2.500000000000001 -0.3999999999999999 13161.78856745001 11601.374951333928
2.500000000000001 -0.3899999999999999 10227.088725614765 8955.657170598188
2.500000000000001 -0.3799999999999999 7946.651534650306 6913.173968177805
2.500000000000001 -0.3699999999999999 6174.636649870443 5336.412687297456
2.500000000000001 -0.3599999999999999 4797.7077827755 4119.20201683287
2.500000000000001 -0.34999999999999987 3727.789530280634 3179.5700604029294
2.500000000000001 -0.33999999999999986 2896.437997118741 2454.2296055107945
2.500000000000001 -0.32999999999999985 2250.4657175985294 1894.319914090568
2.500000000000001 -0.31999999999999984 1748.5414502561305 1462.118784354506
2.500000000000001 -0.30999999999999983 1358.5476569326236 1128.503835014366
2.500000000000001 -0.2999999999999998 1055.526855871451 870.9923149395888
2.500000000000001 -0.2899999999999998 820.0856424296011 672.227625460883
2.500000000000001 -0.2799999999999998 637.1543999264834 518.8107703249624
2.500000000000001 -0.2699999999999998 495.0234419061114 400.398136602684
2.500000000000001 -0.2599999999999998 384.5939854218235 309.0049162881145
2.500000000000001 -0.24999999999999978 298.7960798105445 238.46730582613802
2.500000000000001 -0.23999999999999977 232.13628284721824 184.02729838734732
2.500000000000001 -0.22999999999999976 180.3461671317845 142.01212881527408
2.500000000000001 -0.21999999999999975 140.10918338323035 109.58679786675401
2.500000000000001 -0.20999999999999974 108.84841545121445 84.56301852499486
2.500000000000001 -0.19999999999999973 84.56165412134858 65.25172321494006
2.500000000000001 -0.18999999999999972 65.69324176996813 50.349201858947026
2.500000000000001 -0.17999999999999972 51.034490838260815 38.849203925135356
2.500000000000001 -0.1699999999999997 39.64630612150231 29.975085105323224
2.500000000000001 -0.1599999999999997 30.799060734328283 23.127428516301336
2.500000000000001 -0.1499999999999997 23.92587903929771 17.84361208273201
2.500000000000001 -0.13999999999999968 18.586337325621358 13.766598096779733
2.500000000000001 -0.12999999999999967 14.43825939993639 10.620841961402155
2.500000000000001 -0.11999999999999968 11.215802093183681 8.193696587250892
2.500000000000001 -0.10999999999999968 8.71242809902203 6.321059085262068
2.500000000000001 -0.09999999999999969 6.76767626541468 4.87629218629888
2.500000000000001 -0.08999999999999969 5.256882455202127 3.7616734578892257
2.500000000000001 -0.0799999999999997 4.0831929109816345 2.9017957260788267
2.500000000000001 -0.0699999999999997 3.171358779150363 2.2384736136191887
2.500000000000001 -0.0599999999999997 2.4629144507412555 1.7268126270043325
2.500000000000001 -0.0499999999999997 1.9124309542748836 1.3321755997973883
2.500000000000001 -0.039999999999999696 1.4846044540438195 1.027841805886097
2.500000000000001 -0.029999999999999694 1.151993368324506 0.7932007688592105
2.500000000000001 -0.01999999999999969 0.8932591459614414 0.612358859075491
2.500000000000001 -0.009999999999999691 0.6917979830559426 0.4730646179270744
2.500000000000001 3.0878077872387166e-16 0.534675786783842 0.3658802557151883
2.500000000000001 0.010000000000000309 0.411798101403196 0.2835433849160651
2.500000000000001 0.02000000000000031 0.3152617434242714 0.2204758944956128
2.500000000000001 0.03000000000000031 0.2388465094934829 0.172406809441592
2.500000000000001 0.04000000000000031 0.1776142636094906 0.1360836833107639
2.500000000000001 0.050000000000000315 0.1275895499899229 0.1090530604030115
2.500000000000001 0.06000000000000032 0.0855010489979058 0.0894952228807102
2.500000000000001 0.07000000000000031 0.048567022943407 0.0761021234407656
2.500000000000001 0.08000000000000031 0.0143106259734238 0.0679903461128679
2.500000000000001 0.0900000000000003 -0.0196072550372416 0.0646433368728465
2.500000000000001 0.1000000000000003 -0.0555489986407779 0.0658791665524258
2.500000000000001 0.11000000000000029 -0.0960662739774106 0.0718418708844416
2.500000000000001 0.12000000000000029 -0.1440828853768232 0.0830160814185162
2.500000000000001 0.13000000000000028 -0.2031076815579772 0.1002663353505272
2.500000000000001 0.1400000000000003 -0.277493199205129 0.1249042533420614
2.500000000000001 0.1500000000000003 -0.3727593032800282 0.1587888347923457
2.500000000000001 0.1600000000000003 -0.4960061314298191 0.2044675935880038
2.500000000000001 0.17000000000000032 -0.6564475428964535 0.2653693307332324
2.500000000000001 0.18000000000000033 -0.8661055516647729 0.3460632471652544
2.500000000000001 0.19000000000000034 -1.1407186127295494 0.4526041392652753
2.500000000000001 0.20000000000000034 -1.5009330954106637 0.5929899780786569
2.500000000000001 0.21000000000000035 -1.9738691038877292 0.7777667563713866
2.500000000000001 0.22000000000000036 -2.5951806990997985 1.020826758475633
2.500000000000001 0.23000000000000037 -3.411768801498483 1.34046123922271
2.500000000000001 0.24000000000000038 -4.485355612268295 1.7607480411939411
2.500000000000001 0.2500000000000004 -5.8971962609484025 2.3133804539789615
2.500000000000001 0.2600000000000004 -7.754291846866964 3.0400776338833806
2.500000000000001 0.2700000000000004 -10.197585089962343 3.9957618140593945
2.500000000000001 0.2800000000000004 -13.41277473138081 5.2527468582491466
2.500000000000001 0.2900000000000004 -17.644589955347406 6.906261098861744
2.500000000000001 0.30000000000000043 -23.215637816552942 9.081731013171735
2.500000000000001 0.31000000000000044 -30.551296710744 11.944389291850442
2.500000000000001 0.32000000000000045 -40.212606248761546 15.711952058032967
2.500000000000001 0.33000000000000046 -52.93973696657929 20.671349741439677
2.500000000000001 0.34000000000000047 -69.70946334287297 27.20081341639387
2.500000000000001 0.3500000000000005 -91.81117881012645 35.79903850193993
2.500000000000001 0.3600000000000005 -120.9474727295796 47.12370407621658
2.500000000000001 0.3700000000000005 -159.36725785785708 62.04236312423045
2.500000000000001 0.3800000000000005 -210.0420543883673 81.69969585068532
2.500000000000001 0.3900000000000005 -276.8995191494066 107.60641317911436
2.500000000000001 0.4000000000000005 -365.13294453003084 141.7568149700354
2.500000000000001 0.41000000000000053 -481.61162703412623 186.7842859297187
2.500000000000001 0.42000000000000054 -635.4252363843098 246.16703600830397
2.500000000000001 0.43000000000000055 -838.6062943662018 324.5004066173555
2.500000000000001 0.44000000000000056 -1107.089525082082 427.85739577176525
2.500000000000001 0.45000000000000057 -1461.986408540112 564.2661391029997
2.500000000000001 0.4600000000000006 -1931.2794273378913 744.3424988155859
2.500000000000001 0.4700000000000006 -2552.075485771408 982.1284308987556
2.500000000000001 0.4800000000000006 -3373.6048209857236 1296.2034511102572
2.500000000000001 0.4900000000000006 -4461.214482065231 1711.1586743109483
2.500000000000001 0.5000000000000006 -5901.689605049563 2259.5523895119313
2.600000000000001 -0.5 -214841.88510267978 -35873.17667634679
2.600000000000001 -0.49 -166542.25708553265 -27240.934243927954
2.600000000000001 -0.48 -129100.43172174398 -20677.32377939182
2.600000000000001 -0.47 -100075.71570260743 -15688.412674930772
2.600000000000001 -0.45999999999999996 -77576.0175544254 -11897.828253804764
2.600000000000001 -0.44999999999999996 -60134.54464077516 -9018.857305903632
2.600000000000001 -0.43999999999999995 -46614.2117765669 -6833.150340208537
2.600000000000001 -0.42999999999999994 -36133.53384933546 -5174.4706457536195
2.600000000000001 -0.41999999999999993 -28009.17427123391 -3916.2959091332577
2.600000000000001 -0.4099999999999999 -21711.406064638282 -2962.3613029194876
2.600000000000001 -0.3999999999999999 -16829.583566242953 -2239.4479470578017
2.600000000000001 -0.3899999999999999 -13045.374896570753 -1691.885003648781
2.600000000000001 -0.3799999999999999 -10112.010955432015 -1277.3592959932375
2.600000000000001 -0.3699999999999999 -7838.198697614213 -963.7223539573067
2.600000000000001 -0.3599999999999999 -6075.650347633511 -726.5581494623326
2.600000000000001 -0.34999999999999987 -4709.415821763128 -547.3308307407015
2.600000000000001 -0.33999999999999986 -3650.3882864175594 -411.974571391317
2.600000000000001 -0.32999999999999985 -2829.4943926579135 -309.8203402316427
2.600000000000001 -0.31999999999999984 -2193.1905118061545 -232.77935663501646
2.600000000000001 -0.30999999999999983 -1699.9714089200595 -174.72204789110756
2.600000000000001 -0.2999999999999998 -1317.6637739661514 -131.0058648884333
2.600000000000001 -0.2899999999999998 -1021.328183792665 -98.11640621669856
2.600000000000001 -0.2799999999999998 -791.6327242722422 -73.3947633381141
2.600000000000001 -0.2699999999999998 -613.5922450837348 -54.830453325807795
2.600000000000001 -0.2599999999999998 -475.59105275336856 -40.90422637336034
2.600000000000001 -0.24999999999999978 -368.62532377807236 -30.468786091210465
2.600000000000001 -0.23999999999999977 -285.71584290921214 -22.658318896619186
2.600000000000001 -0.22999999999999976 -221.45277539360666 -16.8199063593685
2.600000000000001 -0.21999999999999975 -171.64278978335466 -12.461552831806884
2.600000000000001 -0.20999999999999974 -133.03552083211827 -9.212823439982767
2.600000000000001 -0.19999999999999973 -103.1115349057041 -6.79504866651976
2.600000000000001 -0.18999999999999972 -79.91797041024735 -4.998783115148401
2.600000000000001 -0.17999999999999972 -61.941134363569866 -3.6667623677151817
2.600000000000001 -0.1699999999999997 -48.00774603563811 -2.681024873522664
2.600000000000001 -0.1599999999999997 -37.208386648844176 -1.9531873696622029
2.600000000000001 -0.1499999999999997 -28.838162235506427 -1.4171066673787402
2.600000000000001 -0.13999999999999968 -22.350709302908776 -1.0233462271363858
2.600000000000001 -0.12999999999999967 -17.322543139554575 -0.7350068521899553
2.600000000000001 -0.11999999999999968 -13.425423143165563 -0.5245877693596503
2.600000000000001 -0.10999999999999968 -10.404932441782297 -0.371625489038457
2.600000000000001 -0.09999999999999969 -8.063874407218455 -0.2609193481713
2.600000000000001 -0.08999999999999969 -6.249402854778876 -0.181199258576831
2.600000000000001 -0.0799999999999997 -4.843046272045931 -0.1241264967152582
2.600000000000001 -0.0699999999999997 -3.752975204457928 -0.083545106989663
2.600000000000001 -0.0599999999999997 -2.9080082574523214 -0.0549217212764718
2.600000000000001 -0.0499999999999997 -2.2529655969406965 -0.0349268964228067
2.600000000000001 -0.039999999999999696 -1.7450667388479142 -0.0211226339091291
2.600000000000001 -0.029999999999999694 -1.3511375475385756 -0.011729478557911
2.600000000000001 -0.01999999999999969 -1.0454441554726512 -0.0054531838999611
2.600000000000001 -0.009999999999999691 -0.8080124153340847 -0.0013559021214811
2.600000000000001 3.0878077872387166e-16 -0.6233231684170373 0.0012393984358663
2.600000000000001 0.010000000000000309 -0.4792981244879905 0.002819766162949
2.600000000000001 0.02000000000000031 -0.3665100966942862 0.0037347077620032
2.600000000000001 0.03000000000000031 -0.2775659551861092 0.004235005307068
2.600000000000001 0.04000000000000031 -0.2066219070714944 0.0045014827198798
2.600000000000001 0.050000000000000315 -0.1489993094612534 0.0046664036493642
2.600000000000001 0.06000000000000032 -0.1008757347537842 0.0048295179995628
2.600000000000001 0.07000000000000031 -0.0590308539299408 0.0050702813023709
2.600000000000001 0.08000000000000031 -0.0206301954806578 0.0054574080497088
2.600000000000001 0.0900000000000003 0.0169678044280262 0.006056655662173
2.600000000000001 0.1000000000000003 0.0563946762047054 0.00693754650154
2.600000000000001 0.11000000000000029 0.100457474611161 0.0081796036263947
2.600000000000001 0.12000000000000029 0.1523402214005712 0.0098785885709574
2.600000000000001 0.13000000000000028 0.2158358257310914 0.0121531761209846
2.600000000000001 0.1400000000000003 0.295625536013105 0.0151524737454493
2.600000000000001 0.1500000000000003 0.397626705950249 0.0190647849935626
2.600000000000001 0.1600000000000003 0.5294349498375848 0.0241280198874541
2.600000000000001 0.17000000000000032 0.7008940317399655 0.0306421632641082
2.600000000000001 0.18000000000000033 0.9248366460646342 0.0389842139406474
2.600000000000001 0.19000000000000034 1.2180523660575853 0.0496259891380388
2.600000000000001 0.20000000000000034 1.602556481590786 0.0631551287823508
2.600000000000001 0.21000000000000035 2.107256575354104 0.0802995019089507
2.600000000000001 0.22000000000000036 2.7701442990001706 0.101954966015779
2.600000000000001 0.23000000000000037 3.6411802970935514 0.1292159910783614
2.600000000000001 0.24000000000000038 4.786093753244101 0.1634079317089803
2.600000000000001 0.2500000000000004 6.291388795113939 0.2061185651049304
2.600000000000001 0.2600000000000004 8.270943552969554 0.2592246926017094
2.600000000000001 0.2700000000000004 10.874711389435038 0.3249068150052938
2.600000000000001 0.2800000000000004 14.300197477144685 0.405640683371499
2.600000000000001 0.2900000000000004 18.807600456209972 0.5041482458391817
2.600000000000001 0.30000000000000043 24.739795552392188 0.6232812233351819
2.600000000000001 0.31000000000000044 32.54871511035844 0.7657969170028576
2.600000000000001 0.32000000000000045 42.83018531815604 0.933965973991313
2.600000000000001 0.33000000000000046 56.369944265271904 1.12892300682714
2.600000000000001 0.34000000000000047 74.20444996400792 1.349629328041118
2.600000000000001 0.3500000000000005 97.70125884520593 1.5912571728182385
2.600000000000001 0.3600000000000005 128.66531038202768 1.84271891823758
2.600000000000001 0.3700000000000005 169.47951824877947 2.0829420542260593
2.600000000000001 0.3800000000000005 223.2908111635526 2.275315604932146
2.600000000000001 0.3900000000000005 294.2564118287529 2.359484592097914
2.600000000000001 0.4000000000000005 387.8699897831576 2.2393153149953235
2.600000000000001 0.41000000000000053 511.39377358563064 1.7653524979695874
2.600000000000001 0.42000000000000054 674.4312941505783 0.709378905561465
2.600000000000001 0.43000000000000055 889.6868691122229 -1.27231675744531
2.600000000000001 0.44000000000000056 1173.973184465046 -4.6917773970967005
2.600000000000001 0.45000000000000057 1549.5486656558155 -10.305137998844941
2.600000000000001 0.4600000000000006 2045.8934731672841 -19.220952625112318
2.600000000000001 0.4700000000000006 2702.069211354406 -33.05471513021257
2.600000000000001 0.4800000000000006 3569.855897395872 -54.1488128594998
2.600000000000001 0.4900000000000006 4717.924557249539 -85.88505564705315
2.600000000000001 0.5000000000000006 6237.3905902961405 -133.12804811254887
2.700000000000001 -0.5 191984.56951850263 -86685.70099420962
2.700000000000001 -0.49 148515.1668965991 -67662.52545580364
2.700000000000001 -0.48 114887.23749795617 -52810.72476659874
2.700000000000001 -0.47 88872.87450614056 -41216.36885705337
2.700000000000001 -0.45999999999999996 68748.47885943497 -32165.586986947135
2.700000000000001 -0.44999999999999996 53180.61418930844 -25100.816678659074
2.700000000000001 -0.43999999999999995 41137.69521362161 -19586.610746217862
2.700000000000001 -0.42999999999999994 31821.663398330977 -15282.916621061086
2.700000000000001 -0.41999999999999993 24615.12660565364 -11924.196800498854
2.700000000000001 -0.4099999999999999 19040.463020786938 -9303.114907495365
2.700000000000001 -0.3999999999999999 14728.181616670312 -7257.790062073293
2.700000000000001 -0.3899999999999999 11392.444179255635 -5661.839868409574
2.700000000000001 -0.3799999999999999 8812.128021161618 -4416.602503247703
2.700000000000001 -0.3699999999999999 6816.1753326833905 -3445.0614717003295
2.700000000000001 -0.3599999999999999 5272.258931233285 -2687.1006538937936
2.700000000000001 -0.34999999999999987 4078.013756301294 -2095.798621932209
2.700000000000001 -0.33999999999999986 3154.2533499517285 -1634.534807754903
2.700000000000001 -0.32999999999999985 2439.7220076179146 -1274.7298189046883
2.700000000000001 -0.31999999999999984 1887.0349809498387 -994.0810585445088
2.700000000000001 -0.30999999999999983 1459.5377954833752 -775.1851765963686
2.700000000000001 -0.2999999999999998 1128.8766194945945 -604.4626128952847
2.700000000000001 -0.2899999999999998 873.118716485166 -471.31803939744606
2.700000000000001 -0.2799999999999998 675.298450336262 -367.48499952035047
2.700000000000001 -0.2699999999999998 522.2925016758564 -286.5143643478666
2.700000000000001 -0.2599999999999998 403.94976293056095 -223.375070189032
2.700000000000001 -0.24999999999999978 312.4182519758976 -174.14251117247863
2.700000000000001 -0.23999999999999977 241.62443754082784 -135.7553573539304
2.700000000000001 -0.22999999999999976 186.87046800016185 -105.82578394818981
2.700000000000001 -0.21999999999999975 144.52260768765152 -82.49138926353476
2.700000000000001 -0.20999999999999974 111.77022881548874 -64.29964971129407
2.700000000000001 -0.19999999999999973 86.43938280921108 -50.117767734070995
2.700000000000001 -0.18999999999999972 66.84859207382797 -39.06233597022618
2.700000000000001 -0.17999999999999972 51.6973015085177 -30.44446480592549
2.700000000000001 -0.1699999999999997 39.97959386041047 -23.726975931443064
2.700000000000001 -0.1599999999999997 30.917447669044787 -18.491010416707482
2.700000000000001 -0.1499999999999997 23.90911205450822 -14.40998207945216
2.700000000000001 -0.13999999999999968 18.48917478178708 -11.2292614103897
2.700000000000001 -0.12999999999999967 14.297675297389867 -8.75033005749115
2.700000000000001 -0.11999999999999968 11.056214155779879 -6.818422733945251
2.700000000000001 -0.10999999999999968 8.549474175847273 -5.312889484475078
2.700000000000001 -0.09999999999999969 6.610927537892153 -4.139679861611564
2.700000000000001 -0.08999999999999969 5.1117806345744725 -3.2254821417391035
2.700000000000001 -0.0799999999999997 3.9524232252176046 -2.513153380955374
2.700000000000001 -0.0699999999999997 3.0558145458945987 -1.9581562205333352
2.700000000000001 -0.0599999999999997 2.3623675089301104 -1.5257808559571369
2.700000000000001 -0.0499999999999997 1.8259915024567963 -1.1889793499810193
2.700000000000001 -0.039999999999999696 1.4110311620100522 -0.9266775179990184
2.700000000000001 -0.029999999999999694 1.0898979278893615 -0.7224592998033181
2.700000000000001 -0.01999999999999969 0.8412371654231473 -0.5635416950747969
2.700000000000001 -0.009999999999999691 0.648509157998691 -0.4399764166770372
2.700000000000001 3.0878077872387166e-16 0.4988897407734852 -0.3440285272597324
2.700000000000001 0.010000000000000309 0.3824175468798956 -0.2696933465661089
2.700000000000001 0.02000000000000031 0.2913311932747272 -0.2123215336131362
2.700000000000001 0.03000000000000031 0.2195523240177883 -0.1683289950766708
2.700000000000001 0.04000000000000031 0.1622800885303758 -0.1349735684744387
2.700000000000001 0.050000000000000315 0.1156700002903944 -0.1101846060739413
2.700000000000001 0.06000000000000032 0.0765756838585691 -0.0924349035771412
2.700000000000001 0.07000000000000031 0.0423361409293909 -0.0806470842421234
2.700000000000001 0.08000000000000031 0.0105941185085532 -0.0741287318276102
2.700000000000001 0.0900000000000003 -0.0208668654882791 -0.0725324026744634
2.700000000000001 0.1000000000000003 -0.054278168717999 -0.0758382556227913
2.700000000000001 0.11000000000000029 -0.0920453504506894 -0.0843585221889702
2.700000000000001 0.12000000000000029 -0.1369226480199895 -0.0987644957007616
2.700000000000001 0.13000000000000028 -0.1922153722003506 -0.1201382437749813
2.700000000000001 0.1400000000000003 -0.2620252323135525 -0.1500529465435065
2.700000000000001 0.1500000000000003 -0.3515569699100256 -0.1906877492378728
2.700000000000001 0.1600000000000003 -0.4675094403764921 -0.2449854287045725
2.700000000000001 0.17000000000000032 -0.6185808084373507 -0.3168641756682874
2.700000000000001 0.18000000000000033 -0.8161263265408455 -0.411498595836906
2.700000000000001 0.19000000000000034 -1.0750189319779488 -0.5356898962582182
2.700000000000001 0.20000000000000034 -1.414778548289347 -0.6983514846761192
2.700000000000001 0.21000000000000035 -1.8610567325817533 -0.911144300490529
2.700000000000001 0.22000000000000036 -2.447590797952497 -1.1893066720591619
2.700000000000001 0.23000000000000037 -3.21877791546897 -1.5527370733546637
2.700000000000001 0.24000000000000038 -4.233067822174331 -2.0274057584521548
2.700000000000001 0.2500000000000004 -5.5674364210998615 -2.647194078512852
2.700000000000001 0.2600000000000004 -7.323286782469945 -3.4562898718820274
2.700000000000001 0.2700000000000004 -9.634235507947226 -4.512305646416979
2.700000000000001 0.2800000000000004 -12.676389944731268 -5.890335895785096
2.700000000000001 0.2900000000000004 -16.681917068483052 -7.68823408723091
2.700000000000001 0.30000000000000043 -21.956963572290604 -10.033472834518157
2.700000000000001 0.31000000000000044 -28.90532949369004 -13.092057914883563
2.700000000000001 0.32000000000000045 -38.05975207406548 -17.080104990250604
2.700000000000001 0.33000000000000046 -50.12325901766382 -22.278865932839643
2.700000000000001 0.34000000000000047 -66.0238494989107 -29.054220702622132
2.700000000000001 0.3500000000000005 -86.98682181720723 -37.881944939015156
2.700000000000001 0.3600000000000005 -114.63047459186944 -49.38044070163954
2.700000000000001 0.3700000000000005 -151.09277846225163 -64.35310063301226
2.700000000000001 0.3800000000000005 -199.19910016431314 -83.84309240275344
2.700000000000001 0.3900000000000005 -262.68436425090283 -109.20413571455248
2.700000000000001 0.4000000000000005 -346.4874312748406 -142.19184179690487
2.700000000000001 0.41000000000000053 -457.14131754850416 -185.08144834937522
2.700000000000001 0.42000000000000054 -603.2906648452298 -240.8193759321892
2.700000000000001 0.43000000000000055 -796.378235630907 -313.21803208557037
2.700000000000001 0.44000000000000056 -1051.5560256737226 -407.2057880958942
2.700000000000001 0.45000000000000057 -1388.8950084763205 -529.1471550697777
2.700000000000001 0.4600000000000006 -1834.9921041447565 -687.2520075864483
2.700000000000001 0.4700000000000006 -2425.105774238727 -892.0973685283216
2.700000000000001 0.4800000000000006 -3205.9954653966415 -1157.2908987159456
2.700000000000001 0.4900000000000006 -4239.698688845937 -1500.3119295550844
2.700000000000001 0.5000000000000006 -5608.5578376211015 -1943.5736834803981
2.800000000000001 -0.5 -107642.85288276186 172821.58691186013
2.800000000000001 -0.49 -82938.93544216493 134181.56128862355
2.800000000000001 -0.48 -63902.191896626086 104179.58039507594
2.800000000000001 -0.47 -49233.06225781732 80884.87582610812
2.800000000000001 -0.45999999999999996 -37929.881807694044 62798.17788464911
2.800000000000001 -0.44999999999999996 -29220.61953689448 48755.29691929869
2.800000000000001 -0.43999999999999995 -22510.253153407335 37852.245991372096
2.800000000000001 -0.42999999999999994 -17340.199975073945 29387.093033291105
2.800000000000001 -0.41999999999999993 -13357.04272310777 22814.805326600603
2.800000000000001 -0.4099999999999999 -10288.421343779253 17712.183824313524
2.800000000000001 -0.3999999999999999 -7924.449420650755 13750.633142637053
2.800000000000001 -0.3899999999999999 -6103.389603744127 10675.016568231611
2.800000000000001 -0.3799999999999999 -4700.612305318501 8287.236494977547
2.800000000000001 -0.3699999999999999 -3620.0853846939754 6433.484428982979
2.800000000000001 -0.3599999999999999 -2787.814852308483 4994.340586321335
2.800000000000001 -0.34999999999999987 -2146.789476685216 3877.0863043530458
2.800000000000001 -0.33999999999999986 -1653.0846086943466 3009.734761545771
2.800000000000001 -0.32999999999999985 -1272.8595098165076 2336.3959920556345
2.800000000000001 -0.31999999999999984 -980.0433557893421 1813.677988721673
2.800000000000001 -0.30999999999999983 -754.552025492519 1407.8923250645885
2.800000000000001 -0.2999999999999998 -580.9139706498362 1092.8844755613788
2.800000000000001 -0.2899999999999998 -447.21135739204453 848.3491997289666
2.800000000000001 -0.2799999999999998 -344.2641745960775 658.5225624076155
2.800000000000001 -0.2699999999999998 -265.00158021178817 511.16639616230196
2.800000000000001 -0.2599999999999998 -203.97753425431128 396.77982989196505
2.800000000000001 -0.24999999999999978 -156.99761607244054 307.9871205069159
2.800000000000001 -0.23999999999999977 -120.83151487114672 239.06237156102344
2.800000000000001 -0.22999999999999976 -92.9915335631691 185.560533739582
2.800000000000001 -0.21999999999999975 -71.5619556530315 144.03092380799302
2.800000000000001 -0.20999999999999974 -55.06760046102619 111.7948111051785
2.800000000000001 -0.19999999999999973 -42.372570579918346 86.7727456724947
2.800000000000001 -0.18999999999999972 -32.602259726957946 67.35050503431006
2.800000000000001 -0.17999999999999972 -25.083279942765948 52.27502357706883
2.800000000000001 -0.1699999999999997 -19.29719295736612 40.5735994425512
2.800000000000001 -0.1599999999999997 -14.844875170237366 31.491173127489663
2.800000000000001 -0.1499999999999997 -11.419073573516878 24.44163606234906
2.800000000000001 -0.13999999999999968 -8.78327079673363 18.97003125677642
2.800000000000001 -0.12999999999999967 -6.755409582618127 14.72320983049574
2.800000000000001 -0.11999999999999968 -5.19535994536891 11.42705207410953
2.800000000000001 -0.10999999999999968 -3.995268772690544 8.868784683559415
2.800000000000001 -0.09999999999999969 -3.072129249312755 6.883254223138408
2.800000000000001 -0.08999999999999969 -2.36205971743312 5.3422718437466585
2.800000000000001 -0.0799999999999997 -1.815898863704588 4.1463422370070395
2.800000000000001 -0.0699999999999997 -1.395814458034718 3.2182434920333667
2.800000000000001 -0.0599999999999997 -1.0726924503057977 2.4980438399604674
2.800000000000001 -0.0499999999999997 -0.8241268214556243 1.939233908484798
2.800000000000001 -0.039999999999999696 -0.6328718557662045 1.505725033099157
2.800000000000001 -0.029999999999999694 -0.4856502792114499 1.1695200178114968
2.800000000000001 -0.01999999999999969 -0.3722351721762708 0.9089061047335688
2.800000000000001 -0.009999999999999691 -0.2847423907821983 0.7070535939562784
2.800000000000001 3.0878077872387166e-16 -0.2170847102934638 0.5509297236689543
2.800000000000001 0.010000000000000309 -0.1645500296298052 0.4304577626409104
2.800000000000001 0.02000000000000031 -0.1234745109308885 0.3378670947538225
2.800000000000001 0.03000000000000031 -0.0909880577044774 0.2671924092794352
2.800000000000001 0.04000000000000031 -0.0648145069248723 0.2138897471501389
2.800000000000001 0.050000000000000315 -0.0431126649586412 0.1745447150781014
2.800000000000001 0.06000000000000032 -0.0243471108979091 0.1466541551866107
2.800000000000001 0.07000000000000031 -0.0071797138158689 0.1284673351995424
2.800000000000001 0.08000000000000031 0.0096258009492888 0.1188766139211854
2.800000000000001 0.0900000000000003 0.0272930552105507 0.1173507930108836
2.800000000000001 0.1000000000000003 0.0471224526317213 0.1239072033760066
2.800000000000001 0.11000000000000029 0.0705874200455411 0.1391211816390609
2.800000000000001 0.12000000000000029 0.0994446318602942 0.1641741447060768
2.800000000000001 0.13000000000000028 0.1358665355425058 0.2009441427849497
2.800000000000001 0.1400000000000003 0.1826062722531159 0.2521457481471804
2.800000000000001 0.1500000000000003 0.2432076406157879 0.3215296266743187
2.800000000000001 0.1600000000000003 0.322276287312858 0.414156387741796
2.800000000000001 0.17000000000000032 0.4258331070342821 0.5367646162129682
2.800000000000001 0.18000000000000033 0.5617772775667754 0.6982597352916553
2.800000000000001 0.19000000000000034 0.7404949555979959 0.910359010341956
2.800000000000001 0.20000000000000034 0.9756610993487632 1.1884391974256971
2.800000000000001 0.21000000000000035 1.2852970770847716 1.5526478615582051
2.800000000000001 0.22000000000000036 1.6931668788066983 2.0293582689463396
2.800000000000001 0.23000000000000037 2.2306214845678873 2.6530723320796903
2.800000000000001 0.24000000000000038 2.939036400346146 3.4689080937038863
2.800000000000001 0.2500000000000004 3.87303440020374 4.535849932792877
2.800000000000001 0.2600000000000004 5.104747899044413 5.930993995774289
2.800000000000001 0.2700000000000004 6.729458159733721 7.755092109595883
2.800000000000001 0.2800000000000004 8.873058410220644 10.13978956681616
2.800000000000001 0.2900000000000004 11.70193382309817 13.257072106449698
2.800000000000001 0.30000000000000043 15.436045054084419 17.33159347255026
2.800000000000001 0.31000000000000044 20.36625944137354 22.656757902334483
2.800000000000001 0.32000000000000045 26.877316071389743 29.615695741695962
2.800000000000001 0.33000000000000046 35.47826574812067 38.70861316876253
2.800000000000001 0.34000000000000047 46.842831824564996 50.58844205797879
2.800000000000001 0.3500000000000005 61.862942684486065 66.10729344266008
2.800000000000001 0.3600000000000005 81.71975785494082 86.37696662307154
2.800000000000001 0.3700000000000005 107.97793596191426 112.84773562201372
2.800000000000001 0.3800000000000005 142.71079238991254 147.41088949780647
2.800000000000001 0.3900000000000005 188.66652565209262 192.53212512564937
2.800000000000001 0.4000000000000005 249.48906530122753 251.4249854994033
2.800000000000001 0.41000000000000053 330.0115929301561 328.2762373817427
2.800000000000001 0.42000000000000054 436.6467887100142 428.53855967349523
2.800000000000001 0.43000000000000055 577.9058635477119 559.3103842215403
2.800000000000001 0.44000000000000056 765.0891262977013 729.8284667414592
2.800000000000001 0.45000000000000057 1013.2051098185611 952.1061099971133
2.800000000000001 0.4600000000000006 1342.1943482091206 1241.759343069915
2.800000000000001 0.4700000000000006 1778.559379467246 1619.0753120357517
2.800000000000001 0.4800000000000006 2357.536611887587 2110.3923151223767
2.800000000000001 0.4900000000000006 3125.991244553005 2749.880120965952
2.800000000000001 0.5000000000000006 4146.277366419523 3581.833408904147
2.9000000000000012 -0.5 -6416.038272122296 -196594.16509461857
2.9000000000000012 -0.49 -5499.759519932732 -152297.56931688183
2.9000000000000012 -0.48 -4670.650017506616 -117980.96271995868
2.9000000000000012 -0.47 -3935.953160212545 -91396.06808492451
2.9000000000000012 -0.45999999999999996 -3295.2199426503857 -70801.05017920342
2.9000000000000012 -0.44999999999999996 -2743.4086176325573 -54846.44627001912
2.9000000000000012 -0.43999999999999995 -2272.9777951110655 -42486.78692723755
2.9000000000000012 -0.42999999999999994 -1875.269284893693 -32912.12178839168
2.9000000000000012 -0.41999999999999993 -1541.3945427021972 -25494.96766324083
2.9000000000000012 -0.4099999999999999 -1262.778249657034 -19749.205752383074
2.9000000000000012 -0.3999999999999999 -1031.468559223757 -15298.236877364243
2.9000000000000012 -0.3899999999999999 -840.2915842338385 -11850.309635867035
2.9000000000000012 -0.3799999999999999 -682.9045795253637 -9179.405954303038
2.9000000000000012 -0.3699999999999999 -553.7856394255591 -7110.432334875964
2.9000000000000012 -0.3599999999999999 -448.18582648572976 -5507.746991356291
2.9000000000000012 -0.34999999999999987 -362.061189752749 -4266.271484751136
2.9000000000000012 -0.33999999999999986 -291.9961691916683 -3304.604700191284
2.9000000000000012 -0.32999999999999985 -235.12572187360828 -2559.6881255762664
2.9000000000000012 -0.31999999999999984 -189.06063633295446 -1982.6729825359212
2.9000000000000012 -0.30999999999999983 -151.8185530691158 -1535.7184707541887
2.9000000000000012 -0.2999999999999998 -121.76191221515955 -1189.5113699568126
2.9000000000000012 -0.2899999999999998 -97.54320917612463 -921.3444920609807
2.9000000000000012 -0.2799999999999998 -78.05741556445021 -713.6280823368569
2.9000000000000012 -0.2699999999999998 -62.40111591041925 -552.7366296186617
2.9000000000000012 -0.2599999999999998 -49.83774933983497 -428.11551856852714
2.9000000000000012 -0.24999999999999978 -39.76827966274463 -331.5889805407743
2.9000000000000012 -0.23999999999999977 -31.70661222620434 -256.8239884629559
2.9000000000000012 -0.22999999999999976 -25.25910745042649 -198.91495905885225
2.9000000000000012 -0.21999999999999975 -20.107592924024065 -154.06204186889573
2.9000000000000012 -0.20999999999999974 -15.995337487556831 -119.32190735051441
2.9000000000000012 -0.19999999999999973 -12.715514918732344 -92.41469755797016
2.9000000000000012 -0.18999999999999972 -10.10174733599806 -71.57448373341346
2.9000000000000012 -0.17999999999999972 -8.020376758299157 -55.43342670749347
2.9000000000000012 -0.1699999999999997 -6.364166107379299 -42.93204512065006
2.9000000000000012 -0.1599999999999997 -5.047177820494833 -33.2497078662223
2.9000000000000012 -0.1499999999999997 -4.000619161518336 -25.750792951945364
2.9000000000000012 -0.13999999999999968 -3.169478583298039 -19.94298204922188
2.9000000000000012 -0.12999999999999967 -2.50980757474644 -15.44495565019528
2.9000000000000012 -0.11999999999999968 -1.9865278686689103 -11.96137012153533
2.9000000000000012 -0.10999999999999968 -1.5716652536468472 -9.263475424969192
2.9000000000000012 -0.09999999999999969 -1.242929070543736 -7.174102161483576
2.9000000000000012 -0.08999999999999969 -0.9825712875706996 -5.5560331327596035
2.9000000000000012 -0.0799999999999997 -0.77647129483443 -4.302996581136681
2.9000000000000012 -0.0699999999999997 -0.6134026448169632 -3.3326902188777385
2.9000000000000012 -0.0599999999999997 -0.4844462421514765 -2.581378360747874
2.9000000000000012 -0.0499999999999997 -0.3825212581692068 -1.9997076638364943
2.9000000000000012 -0.039999999999999696 -0.3020105718918737 -1.549466920698218
2.9000000000000012 -0.029999999999999694 -0.238462038442915 -1.2010782879893256
2.9000000000000012 -0.01999999999999969 -0.1883505421781888 -0.931655324297616
2.9000000000000012 -0.009999999999999691 -0.1488887589887533 -0.723500405106684
2.9000000000000012 3.0878077872387166e-16 -0.1178769582236966 -0.5629429193341494
2.9000000000000012 0.010000000000000309 -0.0935841258561209 -0.4394420222904808
2.9000000000000012 0.02000000000000031 -0.0746542751361285 -0.3448950920287144
2.9000000000000012 0.03000000000000031 -0.0600331024166756 -0.2731065501449127
2.9000000000000012 0.04000000000000031 -0.0489112054375966 -0.2193822516176438
2.9000000000000012 0.050000000000000315 -0.0406809609038501 -0.1802229142237488
2.9000000000000012 0.06000000000000032 -0.0349049022129956 -0.1530965904363866
2.9000000000000012 0.07000000000000031 -0.0312940860065977 -0.1362754143264409
2.9000000000000012 0.08000000000000031 -0.0296955239860821 -0.1287261289046548
2.9000000000000012 0.0900000000000003 -0.0300883191196075 -0.1300474997466718
2.9000000000000012 0.1000000000000003 -0.0325887189068797 -0.1404508898643873
2.9000000000000012 0.11000000000000029 -0.037464922056655 -0.1607832230550673
2.9000000000000012 0.12000000000000029 -0.045163194239525 -0.1925945005312436
2.9000000000000012 0.13000000000000028 -0.0563477186278032 -0.2382551622257336
2.9000000000000012 0.1400000000000003 -0.0719576968786874 -0.3011321191740256
2.9000000000000012 0.1500000000000003 -0.0932866149096015 -0.3858364772394548
2.9000000000000012 0.1600000000000003 -0.1220904112293366 -0.498561124323143
2.9000000000000012 0.17000000000000032 -0.1607336866318626 -0.6475328322097196
2.9000000000000012 0.18000000000000033 -0.2123862756167795 -0.8436117956987961
2.9000000000000012 0.19000000000000034 -0.2812867322456151 -1.1010821904451893
2.9000000000000012 0.20000000000000034 -0.3730949272346842 -1.438691143603413
2.9000000000000012 0.21000000000000035 -0.4953634917510723 -1.8810114710375063
2.9000000000000012 0.22000000000000036 -0.6581679231836958 -2.4602269317474805
2.9000000000000012 0.23000000000000037 -0.8749486555185813 -3.2184692632973393
2.9000000000000012 0.24000000000000038 -1.1636364535315282 -4.210876078212071
2.9000000000000012 0.2500000000000004 -1.5481566739633603 -5.509590669736611
2.9000000000000012 0.2600000000000004 -2.0604403388078194 -7.208992608473659
2.9000000000000012 0.2700000000000004 -2.7431133916733597 -9.43253654587655
2.9000000000000012 0.2800000000000004 -3.6530937246173423 -12.341692175972819
2.9000000000000012 0.2900000000000004 -4.866403627581974 -16.147629045095357
2.9000000000000012 0.30000000000000043 -6.484610018244896 -21.12648651551093
2.9000000000000012 0.31000000000000044 -8.643445280906413 -27.63932556804536
2.9000000000000012 0.32000000000000045 -11.524350037607277 -36.1581933235078
2.9000000000000012 0.33000000000000046 -15.369932164802682 -47.30016662716997
2.9000000000000012 0.34000000000000047 -20.504675991965012 -61.871808227773364
2.9000000000000012 0.3500000000000005 -27.362691628510436 -80.92720750086819
2.9000000000000012 0.3600000000000005 -36.52490676070572 -105.84373853104299
2.9000000000000012 0.3700000000000005 -48.76892581334886 -138.42091800692256
2.9000000000000012 0.3800000000000005 -65.13588638108106 -181.0093696107698
2.9000000000000012 0.3900000000000005 -87.02012751463184 -236.67901129900406
2.9000000000000012 0.4000000000000005 -116.28947951741537 -309.43832020632954
2.9000000000000012 0.41000000000000053 -155.44666614770006 -404.52008134962887
2.9000000000000012 0.42000000000000054 -207.8459138991381 -528.7536282707892
2.9000000000000012 0.43000000000000055 -277.98370718777073 -691.0495412346802
2.9000000000000012 0.44000000000000056 -371.8891401628157 -903.0304726375689
2.9000000000000012 0.45000000000000057 -497.6480700542039 -1179.8517201747845
2.9000000000000012 0.4600000000000006 -666.1070458593491 -1541.2680045294658
2.9000000000000012 0.4700000000000006 -891.8188079082229 -2013.0194423915175
2.9000000000000012 0.4800000000000006 -1194.3124234832949 -2628.6309681960524
2.9000000000000012 0.4900000000000006 -1599.7997154121622 -3431.746751760735
2.9000000000000012 0.5000000000000006 -2143.468071485397 -4479.156123385258
3.0000000000000013 -0.5 110732.4781429006 154332.10400345796
3.0000000000000013 -0.49 86212.42134215578 119271.04476830174
3.0000000000000013 -0.48 67119.74230240998 92173.78880478145
3.0000000000000013 -0.47 52253.63649004878 71231.72640227893
3.0000000000000013 -0.45999999999999996 40678.85724444734 55046.92449421523
3.0000000000000013 -0.44999999999999996 31667.015409275176 42538.88976600242
3.0000000000000013 -0.43999999999999995 24650.84796932744 32872.49635493445
3.0000000000000013 -0.42999999999999994 19188.5918756634 25402.274530338287
3.0000000000000013 -0.41999999999999993 14936.231281634102 19629.346834398133
3.0000000000000013 -0.4099999999999999 11625.879042976856 15168.14091457741
3.0000000000000013 -0.3999999999999999 9048.937287591805 11720.659801522044
3.0000000000000013 -0.3899999999999999 7042.981095375822 9056.594066845455
3.0000000000000013 -0.3799999999999999 5481.542527195326 6997.94967668219
3.0000000000000013 -0.3699999999999999 4266.1539691848575 5407.166373441276
3.0000000000000013 -0.3599999999999999 3320.151368307792 4177.934120029222
3.0000000000000013 -0.34999999999999987 2583.848278680038 3228.0950296713017
3.0000000000000013 -0.33999999999999986 2010.7776149215356 2494.1572647417847
3.0000000000000013 -0.32999999999999985 1564.764996687299 1927.0548850892824
3.0000000000000013 -0.31999999999999984 1217.6497591418242 1488.8707232309625
3.0000000000000013 -0.30999999999999983 947.5103643822066 1150.3035981517387
3.0000000000000013 -0.2999999999999998 737.2826247403182 888.7108323286964
3.0000000000000013 -0.2899999999999998 573.6838246419867 686.59541758974
3.0000000000000013 -0.2799999999999998 446.37504949554466 530.4368429943446
3.0000000000000013 -0.2699999999999998 347.30900276465263 409.7875299548005
3.0000000000000013 -0.2599999999999998 270.2222547960572 316.5745452700494
3.0000000000000013 -0.24999999999999978 210.23995060822352 244.55996355383363
3.0000000000000013 -0.23999999999999977 163.568078660814 188.92384038727673
3.0000000000000013 -0.22999999999999976 127.25391264080667 145.94194268508812
3.0000000000000013 -0.21999999999999975 98.99952946589676 112.73670919841035
3.0000000000000013 -0.20999999999999974 77.0166485087181 87.08480380515343
3.0000000000000013 -0.19999999999999973 59.91363942764508 67.26840348139353
3.0000000000000013 -0.18999999999999972 46.60757248458446 51.96028376047069
3.0000000000000013 -0.17999999999999972 36.255763220654714 40.13502198113199
3.0000000000000013 -0.1699999999999997 28.2024920675479 31.000383357728488
3.0000000000000013 -0.1599999999999997 21.937536175159178 23.94430332354191
3.0000000000000013 -0.1499999999999997 17.063895623984703 18.493921710414906
3.0000000000000013 -0.13999999999999968 13.272676140518517 14.283929702720458
3.0000000000000013 -0.12999999999999967 10.323541951946286 11.032112912736041
3.0000000000000013 -0.11999999999999968 8.029503932876333 8.520454927219742
3.0000000000000013 -0.10999999999999968 6.2450818509811254 6.580537392979145
3.0000000000000013 -0.09999999999999969 4.8570925500469 5.082259968603342
3.0000000000000013 -0.08999999999999969 3.7774817423962417 3.925125457849549
3.0000000000000013 -0.0799999999999997 2.937746170621228 3.0315069869694726
3.0000000000000013 -0.0699999999999997 2.2845933797928115 2.3414466547102486
3.0000000000000013 -0.0599999999999997 1.7765645524535212 1.8086375277606803
3.0000000000000013 -0.0499999999999997 1.381406733249377 1.3973200220977655
3.0000000000000013 -0.039999999999999696 1.0740281488855328 1.0798848932291039
3.0000000000000013 -0.029999999999999694 0.834907202265224 0.835022345438521
3.0000000000000013 -0.01999999999999969 0.6488544148145369 0.646293323176263
3.0000000000000013 -0.009999999999999691 0.5040489199453285 0.5010273107907122
3.0000000000000013 3.0878077872387166e-16 0.391288483567932 0.3894728300509156
3.0000000000000013 0.010000000000000309 0.30340554201472 0.304143750837968
3.0000000000000013 0.02000000000000031 0.2348122576500949 0.2393176515812276
3.0000000000000013 0.03000000000000031 0.1811457621353508 0.1906526608324248
3.0000000000000013 0.04000000000000031 0.1389911033826575 0.154897162717313
3.0000000000000013 0.050000000000000315 0.1056643361556813 0.1296729900228187
3.0000000000000013 0.06000000000000032 0.0790420098050597 0.1133176784715344
3.0000000000000013 0.07000000000000031 0.0574262515049196 0.1047753474918741
3.0000000000000013 0.08000000000000031 0.0394369066452913 0.1035290762025692
3.0000000000000013 0.0900000000000003 0.023923924019763 0.1095704827886052
3.0000000000000013 0.1000000000000003 0.0098944728862185 0.1234047853097253
3.0000000000000013 0.11000000000000029 -0.0035497637308041 0.1460920998576232
3.0000000000000013 0.12000000000000029 -0.0172689963594703 0.1793282910052769
3.0000000000000013 0.13000000000000028 -0.032138866427966 0.2255715104347184
3.0000000000000013 0.1400000000000003 -0.0491042926411998 0.2882238436353352
3.0000000000000013 0.1500000000000003 -0.0692367279108876 0.371881467477652
3.0000000000000013 0.1600000000000003 -0.0937980073911049 0.4826716907217012
3.0000000000000013 0.17000000000000032 -0.124314192703781 0.6287015648076365
3.0000000000000013 0.18000000000000033 -0.1626631794811525 0.8206508714638348
3.0000000000000013 0.19000000000000034 -0.2111803270540355 1.0725528058275609
3.0000000000000013 0.20000000000000034 -0.2727869790303725 1.402819341653573
3.0000000000000013 0.21000000000000035 -0.3511474514181026 1.8355860802062347
3.0000000000000013 0.22000000000000036 -0.4508608344833811 2.402474638058795
3.0000000000000013 0.23000000000000037 -0.577694722505552 3.1449010056373536
3.0000000000000013 0.24000000000000038 -0.7388686465606338 4.117098006177346
3.0000000000000013 0.2500000000000004 -0.9433953693839534 5.390071873404358
3.0000000000000013 0.2600000000000004 -1.2024880414873764 7.056780791922284
3.0000000000000013 0.2700000000000004 -1.5300401044418637 9.238911897117367
3.0000000000000013 0.2800000000000004 -1.9431821424474844 12.095749093578544
3.0000000000000013 0.2900000000000004 -2.4629147069141712 15.83577544991375
3.0000000000000013 0.30000000000000043 -3.1148071165271816 20.73185172546584
3.0000000000000013 0.31000000000000044 -3.9297373926375463 27.14107094388816
3.0000000000000013 0.32000000000000045 -4.944624970147203 35.53072631029275
3.0000000000000013 0.33000000000000046 -6.203071522289811 46.512270223307866
3.0000000000000013 0.34000000000000047 -7.755770288547392 60.88571698034108
3.0000000000000013 0.3500000000000005 -9.660462360246711 79.69769177652525
3.0000000000000013 0.3600000000000005 -11.981097657136296 104.31730677979289
3.0000000000000013 0.3700000000000005 -14.785682183506154 136.53532035692962
3.0000000000000013 0.3800000000000005 -18.14203821429915 178.6936974776383
3.0000000000000013 0.3900000000000005 -22.11033760490878 233.85485418210587
3.0000000000000013 0.4000000000000005 -26.730744755317744 306.02268754813406
3.0000000000000013 0.41000000000000053 -32.00376127387261 400.43116024877116
3.0000000000000013 0.42000000000000054 -37.85981072439034 523.9209785526916
3.0000000000000013 0.43000000000000055 -44.11311657632086 685.4311017140556
3.0000000000000013 0.44000000000000056 -50.39284035289859 896.6398718567159
3.0000000000000013 0.45000000000000057 -56.0415264704601 1172.801002109696
3.0000000000000013 0.4600000000000006 -59.96682387193266 1533.8332096559434
3.0000000000000013 0.4700000000000006 -60.4267804686674 2005.739833617819
3.0000000000000013 0.4800000000000006 -54.72112866558905 2622.457496488214
3.0000000000000013 0.4900000000000006 -38.75006931526855 3428.2622407089275
3.0000000000000013 0.5000000000000006 -6.386983813755251 4480.899503382451
3.1000000000000014 -0.5 -171695.5551271605 -64353.86090188817
3.1000000000000014 -0.49 -133202.7923242003 -49388.19571728034
3.1000000000000014 -0.48 -103338.62747543726 -37899.08557189116
3.1000000000000014 -0.47 -80169.12777094453 -29079.73296575911
3.1000000000000014 -0.45999999999999996 -62193.752797354944 -22310.395755398247
3.1000000000000014 -0.44999999999999996 -48248.24573687572 -17115.05690152002
3.1000000000000014 -0.43999999999999995 -37429.28020339854 -13128.123058990193
3.1000000000000014 -0.42999999999999994 -29035.98945884599 -10068.832639467915
3.1000000000000014 -0.41999999999999993 -22524.596191358472 -7721.589981100334
3.1000000000000014 -0.4099999999999999 -17473.208070896504 -5920.854480095633
3.1000000000000014 -0.3999999999999999 -13554.501646879644 -4539.530543400305
3.1000000000000014 -0.3899999999999999 -10514.527288184558 -3480.0479885683644
3.1000000000000014 -0.3799999999999999 -8156.263751003599 -2667.509954810979
3.1000000000000014 -0.3699999999999999 -6326.858178503636 -2044.4295053999842
3.1000000000000014 -0.3599999999999999 -4907.72574337909 -1566.686901850157
3.1000000000000014 -0.34999999999999987 -3806.8681504054134 -1200.4247108057618
3.1000000000000014 -0.33999999999999986 -2952.913780425651 -919.663384982174
3.1000000000000014 -0.32999999999999985 -2290.4936614580593 -704.4702925692789
3.1000000000000014 -0.31999999999999984 -1776.6538999098582 -539.5538565649031
3.1000000000000014 -0.30999999999999983 -1378.0722852614479 -413.184199142254
3.1000000000000014 -0.2999999999999998 -1068.8988331898013 -316.36453685397305
3.1000000000000014 -0.2899999999999998 -829.0804214970472 -242.19513229277098
3.1000000000000014 -0.2799999999999998 -643.0610129387109 -185.38510082850559
3.1000000000000014 -0.2699999999999998 -498.77327646492273 -141.8777383190315
3.1000000000000014 -0.2599999999999998 -386.8562867823075 -108.56300073681564
3.1000000000000014 -0.24999999999999978 -300.04862232911734 -83.0568856153668
3.1000000000000014 -0.23999999999999977 -232.7175410998446 -63.53216560392629
3.1000000000000014 -0.22999999999999976 -180.49372738456745 -48.5885348102718
3.1000000000000014 -0.21999999999999975 -139.9879408321228 -37.15300154393064
3.1000000000000014 -0.20999999999999974 -108.57120493818569 -28.403490625450207
3.1000000000000014 -0.19999999999999973 -84.20428855942697 -21.710253739557583
3.1000000000000014 -0.18999999999999972 -65.30542786445722 -16.590941979502634
3.1000000000000014 -0.17999999999999972 -50.64771403855403 -12.676158806551683
3.1000000000000014 -0.1699999999999997 -39.27949451285515 -9.683051780003925
3.1000000000000014 -0.1599999999999997 -30.462626982804856 -7.395069567390318
3.1000000000000014 -0.1499999999999997 -23.62458261189539 -5.646446841414914
3.1000000000000014 -0.13999999999999968 -18.32129253158168 -4.310314372507644
3.1000000000000014 -0.12999999999999967 -14.208328197196249 -3.2895884832426274
3.1000000000000014 -0.11999999999999968 -11.018546459909444 -2.5099911292700847
3.1000000000000014 -0.10999999999999968 -8.544749370799074 -1.9147030989880724
3.1000000000000014 -0.09999999999999969 -6.62623390352342 -1.4602688449909793
3.1000000000000014 -0.08999999999999969 -5.138359037495685 -1.1134604619606847
3.1000000000000014 -0.0799999999999997 -3.9844533312301658 -0.8488765940300402
3.1000000000000014 -0.0699999999999997 -3.08953791821257 -0.6471044150130657
3.1000000000000014 -0.0599999999999997 -2.395457614424683 -0.493312981290716
3.1000000000000014 -0.0499999999999997 -1.8571041707505112 -0.3761770526223412
3.1000000000000014 -0.039999999999999696 -1.439486556348216 -0.2870540928582455
3.1000000000000014 -0.029999999999999694 -1.1154581143043112 -0.2193552754538395
3.1000000000000014 -0.01999999999999969 -0.8639530515767264 -0.1680652135881662
3.1000000000000014 -0.009999999999999691 -0.6686177750067863 -0.1293757988665734
3.1000000000000014 3.0878077872387166e-16 -0.5167482071692353 -0.1004077244992539
3.1000000000000014 0.010000000000000309 -0.398464071610521 -0.0789995717449806
3.1000000000000014 0.02000000000000031 -0.306066514275535 -0.0635492015181395
3.1000000000000014 0.03000000000000031 -0.2335373238826622 -0.0528959634324347
3.1000000000000014 0.04000000000000031 -0.176147200117121 -0.0462351816177245
3.1000000000000014 0.050000000000000315 -0.1301475904115269 -0.043058711336661
3.1000000000000014 0.06000000000000032 -0.0925260322151332 -0.0431172501700946
3.1000000000000014 0.07000000000000031 -0.0608090489798298 -0.0464016681813996
3.1000000000000014 0.08000000000000031 -0.0328997208368843 -0.0531420069630983
3.1000000000000014 0.0900000000000003 -0.0069392838468636 -0.0638240880509775
3.1000000000000014 0.1000000000000003 0.0188163510864908 -0.0792249605776325
3.1000000000000014 0.11000000000000029 0.0461133281531293 -0.1004698002047006
3.1000000000000014 0.12000000000000029 0.0768175903085001 -0.1291144473706778
3.1000000000000014 0.13000000000000028 0.1130415095548152 -0.1672596582050736
3.1000000000000014 0.1400000000000003 0.1572879043994364 -0.2177054744444382
3.1000000000000014 0.1500000000000003 0.2126211341776332 -0.2841570706900881
3.1000000000000014 0.1600000000000003 0.2828767883781888 -0.3714972252542018
3.1000000000000014 0.17000000000000032 0.3729240757558041 -0.4861454629564369
3.1000000000000014 0.18000000000000033 0.4889985299608522 -0.6365302946560892
3.1000000000000014 0.19000000000000034 0.6391273112043072 -0.833709297280034
3.1000000000000014 0.20000000000000034 0.8336754947413676 -1.0921826502615029
3.1000000000000014 0.21000000000000035 1.08604968430119 -1.4309599672552673
3.1000000000000014 0.22000000000000036 1.4136055726480534 -1.874958878550106
3.1000000000000014 0.23000000000000037 1.838819335310216 -2.456838193782201
3.1000000000000014 0.24000000000000038 2.3907998100912735 -3.219400390863189
3.1000000000000014 0.2500000000000004 3.1072403341929125 -4.218739970224724
3.1000000000000014 0.2600000000000004 4.036937218819612 -5.528368937904346
3.1000000000000014 0.2700000000000004 5.243037834667521 -7.24462233203856
3.1000000000000014 0.2800000000000004 6.807227310381303 -9.493740510223668
3.1000000000000014 0.2900000000000004 8.835121627368247 -12.441147702220245
3.1000000000000014 0.30000000000000043 11.463209855582104 -16.303607034940207
3.1000000000000014 0.31000000000000044 14.867783727605369 -21.36514252662312
3.1000000000000014 0.32000000000000045 19.27641410186517 -27.99789367364175
3.1000000000000014 0.33000000000000046 24.98268788630917 -36.68942813254042
3.1000000000000014 0.34000000000000047 32.365114116667584 -48.07850863306741
3.1000000000000014 0.3500000000000005 41.91135458642 -63.001925579166375
3.1000000000000014 0.3600000000000005 54.24924566897021 -82.55581107041225
3.1000000000000014 0.3700000000000005 70.18646971358604 -108.17590102716414
3.1000000000000014 0.3800000000000005 90.76122617560591 -141.74258495407074
3.1000000000000014 0.3900000000000005 117.30686824121372 -185.71837561734003
3.1000000000000014 0.4000000000000005 151.53423886527412 -243.3277711075014
3.1000000000000014 0.41000000000000053 195.63639528982904 -318.7925353818655
3.1000000000000014 0.42000000000000054 252.4215940857655 -417.6394062230431
3.1000000000000014 0.43000000000000055 325.48186739531246 -547.10243198595
3.1000000000000014 0.44000000000000056 419.40631050381853 -716.6489045389058
3.1000000000000014 0.45000000000000057 540.050383473096 -938.6666676240102
3.1000000000000014 0.4600000000000006 694.8751738870204 -1229.3620494518218
3.1000000000000014 0.4700000000000006 893.3737463437967 -1609.932588127193
3.1000000000000014 0.4800000000000006 1147.6054895321404 -2108.0981134779454
3.1000000000000014 0.4900000000000006 1472.8638285284217 -2760.098943415578
3.1000000000000014 0.5000000000000006 1888.5078445300596 -3613.3026563176177
3.2000000000000015 -0.5 172231.52341042316 -40560.050120449254
3.2000000000000015 -0.49 133329.75846553754 -31902.531392215547
3.2000000000000015 -0.48 103213.60771939158 -25087.026761834855
3.2000000000000015 -0.47 79899.1631712876 -19723.035452497897
3.2000000000000015 -0.45999999999999996 61850.454751016005 -15502.502803254409
3.2000000000000015 -0.44999999999999996 47878.3246737765 -12182.494887125009
3.2000000000000015 -0.43999999999999995 37062.12896568698 -9571.494275203524
3.2000000000000015 -0.42999999999999994 28689.11398918344 -7518.564859887616
3.2000000000000015 -0.41999999999999993 22207.47851918427 -5904.788692827917
3.2000000000000015 -0.4099999999999999 17190.03227606448 -4636.501158296843
3.2000000000000015 -0.3999999999999999 13306.05900544387 -3639.9488924457346
3.2000000000000015 -0.3899999999999999 10299.532048838719 -2857.0727986872707
3.2000000000000015 -0.3799999999999999 7972.248373145041 -2242.1803985119896
3.2000000000000015 -0.3699999999999999 6170.770710768757 -1759.3208707246765
3.2000000000000015 -0.3599999999999999 4776.318094374191 -1380.2150847674184
3.2000000000000015 -0.34999999999999987 3696.93913551684 -1082.6238103944236
3.2000000000000015 -0.33999999999999986 2861.4526603212335 -849.0617479517978
3.2000000000000015 -0.32999999999999985 2214.756662786162 -665.7843936702614
3.2000000000000015 -0.31999999999999984 1714.196621753066 -521.9900851411005
3.2000000000000015 -0.30999999999999983 1326.7539781572314 -409.1917002431751
3.2000000000000015 -0.2999999999999998 1026.8695745307728 -320.7220730126203
3.2000000000000015 -0.2899999999999998 794.7586726720089 -251.34477011614786
3.2000000000000015 -0.2799999999999998 615.1065397460033 -196.94786055882986
3.2000000000000015 -0.2699999999999998 476.058658592226 -154.3030411805061
3.2000000000000015 -0.2599999999999998 368.43902452880934 -120.8762146476436
3.2000000000000015 -0.24999999999999978 285.14501593052233 -94.67856359592815
3.2000000000000015 -0.23999999999999977 220.67895844072132 -74.14948946084257
3.2000000000000015 -0.22999999999999976 170.7855087137776 -58.06461804144139
3.2000000000000015 -0.21999999999999975 132.17095605983698 -45.4635193630336
3.2000000000000015 -0.20999999999999974 102.28593839520124 -35.59292868029265
3.2000000000000015 -0.19999999999999973 79.15724797195621 -27.862153104041447
3.2000000000000015 -0.18999999999999972 61.2576376958386 -21.808055384594446
3.2000000000000015 -0.17999999999999972 47.40504353366955 -17.06756315274089
3.2000000000000015 -0.1699999999999997 36.68457754373608 -13.35609022854387
3.2000000000000015 -0.1599999999999997 28.388147167440472 -10.45060157066699
3.2000000000000015 -0.1499999999999997 21.96771849109061 -8.176324865606395
3.2000000000000015 -0.13999999999999968 16.99914078632258 -6.39632526963147
3.2000000000000015 -0.12999999999999967 13.15414604193783 -5.003327732996
3.2000000000000015 -0.11999999999999968 10.17867629907849 -3.913303362466886
3.2000000000000015 -0.10999999999999968 7.876108923208146 -3.0604400621120718
3.2000000000000015 -0.09999999999999969 6.0942729948514796 -2.393199256924321
3.2000000000000015 -0.08999999999999969 4.71540006922242 -1.871224592354941
3.2000000000000015 -0.0799999999999997 3.6483461268148702 -1.4629188487241178
3.2000000000000015 -0.0699999999999997 2.822571373581998 -1.1435448511462831
3.2000000000000015 -0.0599999999999997 2.18348052903079 -0.8937372047597483
3.2000000000000015 -0.0499999999999997 1.6888160103889291 -0.6983360599837902
3.2000000000000015 -0.039999999999999696 1.3058659003426545 -0.5454732429978806
3.2000000000000015 -0.029999999999999694 1.0093023564208068 -0.4258560964865466
3.2000000000000015 -0.01999999999999969 0.7795077280673005 -0.3322061480137044
3.2000000000000015 -0.009999999999999691 0.6012778369501186 -0.2588189517325728
3.2000000000000015 3.0878077872387166e-16 0.4628167702392913 -0.2012186778535072
3.2000000000000015 0.010000000000000309 0.3549567774177612 -0.1558866802214346
3.2000000000000015 0.02000000000000031 0.2705517177831246 -0.1200476897219332
3.2000000000000015 0.03000000000000031 0.2040039579982096 -0.0915007211296989
3.2000000000000015 0.04000000000000031 0.1508934220761544 -0.0684844466588448
3.2000000000000015 0.050000000000000315 0.1076842303577767 -0.0495688380453314
3.2000000000000015 0.06000000000000032 0.071489473048128 -0.033566430779553
3.2000000000000015 0.07000000000000031 0.0398784839870124 -0.0194577094648484
3.2000000000000015 0.08000000000000031 0.0107137625063289 -0.0063259177756442
3.2000000000000015 0.0900000000000003 -0.0179933823524234 0.0067028954151664
3.2000000000000015 0.1000000000000003 -0.0482181950124269 0.0205185448008063
3.2000000000000015 0.11000000000000029 -0.0820580315203413 0.0360880686563819
3.2000000000000015 0.12000000000000029 -0.1218773790486075 0.0545240540032779
3.2000000000000015 0.13000000000000028 -0.1704723116010032 0.0771647989908802
3.2000000000000015 0.1400000000000003 -0.2312657462647539 0.1056721330991548
3.2000000000000015 0.1500000000000003 -0.3085470320680972 0.1421540897630032
3.2000000000000015 0.1600000000000003 -0.407772499325619 0.1893215318277806
3.2000000000000015 0.17000000000000032 -0.535947833910177 0.2506904136417491
3.2000000000000015 0.18000000000000033 -0.7021188078306522 0.3308448208819256
3.2000000000000015 0.19000000000000034 -0.9180043808724244 0.4357805220945906
3.2000000000000015 0.20000000000000034 -1.198815996029381 0.5733548412474581
3.2000000000000015 0.21000000000000035 -1.564319688009887 0.7538766764070464
3.2000000000000015 0.22000000000000036 -2.040214272926787 0.9908810496901082
3.2000000000000015 0.23000000000000037 -2.6599205086414823 1.3021464725186078
3.2000000000000015 0.24000000000000038 -3.4669041593877497 1.7110316929944887
3.2000000000000015 0.2500000000000004 -4.517692240164942 2.248232432533308
3.2000000000000015 0.2600000000000004 -5.885788777389655 2.9540903215405505
3.2000000000000015 0.2700000000000004 -7.6667573269034515 3.881627779393793
3.2000000000000015 0.2800000000000004 -9.984816267277873 5.100537164992973
3.2000000000000015 0.2900000000000004 -13.001394726048943 6.7024242368683336
3.2000000000000015 0.30000000000000043 -16.926228582156476 8.807700169053554
3.2000000000000015 0.31000000000000044 -22.031745917964297 11.574640106952371
3.2000000000000015 0.32000000000000045 -28.6717106238476 15.211288745813645
3.2000000000000015 0.33000000000000046 -37.30537579009673 19.991106775959544
3.2000000000000015 0.34000000000000047 -48.52876328710456 26.273532129316514
3.2000000000000015 0.3500000000000005 -63.115155921907906 34.530997572091174
3.2000000000000015 0.3600000000000005 -82.06749373985261 45.38442855520652
3.2000000000000015 0.3700000000000005 -106.686144793268 59.649878021869156
3.2000000000000015 0.3800000000000005 -138.65652212479233 78.39978476456014
3.2000000000000015 0.3900000000000005 -180.16230556363678 103.04342999915701
3.2000000000000015 0.4000000000000005 -234.03167933373496 135.4325929564106
3.2000000000000015 0.41000000000000053 -303.9261166177244 178.00027488142905
3.2000000000000015 0.42000000000000054 -394.58396031893597 233.94280826677672
3.2000000000000015 0.43000000000000055 -512.134531012212 307.458872492558
3.2000000000000015 0.44000000000000056 -664.5029491070727 404.0631306578081
3.2000000000000015 0.45000000000000057 -861.9315559518059 530.997688240828
3.2000000000000015 0.4600000000000006 -1117.6510970126735 697.7717471343099
3.2000000000000015 0.4700000000000006 -1448.7441186354952 916.8692026706807
3.2000000000000015 0.4800000000000006 -1877.2548709786013 1204.6761754124627
3.2000000000000015 0.4900000000000006 -2431.615088762297 1582.6964534164044
3.2000000000000015 0.5000000000000006 -3148.474202332218 2079.1436741076122
3.3000000000000016 -0.5 -116301.45683764592 124953.73650613442
3.3000000000000016 -0.49 -89760.29533512348 97137.40817907386
3.3000000000000016 -0.48 -69274.36024694183 75511.67562785198
3.3000000000000016 -0.47 -53462.566309983864 58699.192307719124
3.3000000000000016 -0.45999999999999996 -41258.74369492616 45628.96874879182
3.3000000000000016 -0.44999999999999996 -31839.849614089086 35468.251399265275
3.3000000000000016 -0.43999999999999995 -24570.54073133154 27569.54407801724
3.3000000000000016 -0.42999999999999994 -18960.378612701203 21429.4070842816
3.3000000000000016 -0.41999999999999993 -14630.789613007113 16656.41651214545
3.3000000000000016 -0.4099999999999999 -11289.556362960115 12946.247823527174
3.3000000000000016 -0.3999999999999999 -8711.124436985909 10062.300094007293
3.3000000000000016 -0.3899999999999999 -6721.398850657414 7820.62923205672
3.3000000000000016 -0.3799999999999999 -5186.007025919348 6078.232192810054
3.3000000000000016 -0.3699999999999999 -4001.2380578748284 4723.93711941968
3.3000000000000016 -0.3599999999999999 -3087.0481866578393 3671.319952664725
3.3000000000000016 -0.34999999999999987 -2381.6614218457285 2853.1968591725317
3.3000000000000016 -0.33999999999999986 -1837.4016298278705 2217.342014046601
3.3000000000000016 -0.32999999999999985 -1417.475293248201 1723.1581936842324
3.3000000000000016 -0.31999999999999984 -1093.488159295957 1339.088235794166
3.3000000000000016 -0.30999999999999983 -843.5284141024491 1040.6025541502388
3.3000000000000016 -0.2999999999999998 -650.6871773546779 808.6345487863607
3.3000000000000016 -0.2899999999999998 -501.91657098816484 628.3642565966015
3.3000000000000016 -0.2799999999999998 -387.14836029541584 488.2727537626511
3.3000000000000016 -0.2699999999999998 -298.6137253370943 379.4070588384177
3.3000000000000016 -0.2599999999999998 -230.3182768455655 294.80868938966216
3.3000000000000016 -0.24999999999999978 -177.63689629572144 229.06944802460563
3.3000000000000016 -0.23999999999999977 -137.00105900996078 177.98611828216679
3.3000000000000016 -0.22999999999999976 -105.65753603060853 138.29205265374574
3.3000000000000016 -0.21999999999999975 -81.48218503692895 107.44853491272077
3.3000000000000016 -0.20999999999999974 -62.83625708181279 83.4826086905941
3.3000000000000016 -0.19999999999999973 -48.45551473665621 64.86102633373828
3.3000000000000016 -0.18999999999999972 -37.36467165752632 50.392275051665166
3.3000000000000016 -0.17999999999999972 -28.81137284821356 39.150427849980574
3.3000000000000016 -0.1699999999999997 -22.215254204774208 30.41595874457074
3.3000000000000016 -0.1599999999999997 -17.12863822134507 23.629743937070984
3.3000000000000016 -0.1499999999999997 -13.206208678067105 18.357311932284453
3.3000000000000016 -0.13999999999999968 -10.181613722835454 14.261059600003074
3.3000000000000016 -0.12999999999999967 -7.849414914044421 11.078659604443695
3.3000000000000016 -0.11999999999999968 -6.051161096279151 8.606279849896383
3.3000000000000016 -0.10999999999999968 -4.664644814260712 6.685542816440335
3.3000000000000016 -0.09999999999999969 -3.5956141514816733 5.193391473573084
3.3000000000000016 -0.08999999999999969 -2.771378933965882 4.034214091711964
3.3000000000000016 -0.0799999999999997 -2.135878378187691 3.1337245619652108
3.3000000000000016 -0.0699999999999997 -1.6458761385725953 2.4342069880990853
3.3000000000000016 -0.0599999999999997 -1.2680250025969098 1.89082048712268
3.3000000000000016 -0.0499999999999997 -0.9766023445465052 1.4687278893196638
3.3000000000000016 -0.039999999999999696 -0.7517628598339154 1.1408646893302339
3.3000000000000016 -0.029999999999999694 -0.578190129515185 0.8862055287116046
3.3000000000000016 -0.01999999999999969 -0.4440555770518567 0.688417300417555
3.3000000000000016 -0.009999999999999691 -0.3402142027727732 0.5348126881273607
3.3000000000000016 3.0878077872387166e-16 -0.2595825240011911 0.4155371672251908
3.3000000000000016 0.010000000000000309 -0.1966564954384946 0.3229374267795324
3.3000000000000016 0.02000000000000031 -0.1471366702449418 0.2510707770023048
3.3000000000000016 0.03000000000000031 -0.1076351289912487 0.195324125815445
3.3000000000000016 0.04000000000000031 -0.0754442427776673 0.1521181175418832
3.3000000000000016 0.050000000000000315 -0.0483515228886435 0.1186774741645063
3.3000000000000016 0.06000000000000032 -0.0244879252721893 0.0928528129937972
3.3000000000000016 0.07000000000000031 -0.0021992342299312 0.0729825041985675
3.3000000000000016 0.08000000000000031 0.020068302084035 0.0577856872715716
3.3000000000000016 0.0900000000000003 0.0438759676542263 0.0462795497922271
3.3000000000000016 0.1000000000000003 0.0709016868204711 0.0377155106837278
3.3000000000000016 0.11000000000000029 0.1030578389084758 0.0315301405626205
3.3000000000000016 0.12000000000000029 0.1426260128147818 0.0273075679866043
3.3000000000000016 0.13000000000000028 0.192418146405246 0.0247508184530229
3.3000000000000016 0.1400000000000003 0.2559753643649101 0.0236600540608016
3.3000000000000016 0.1500000000000003 0.3378184852297571 0.0239160544604763
3.3000000000000016 0.1600000000000003 0.4437677989808023 0.0254675215988934
3.3000000000000016 0.17000000000000032 0.5813545731522825 0.0283209087822801
3.3000000000000016 0.18000000000000033 0.7603531646779578 0.032531464849676
3.3000000000000016 0.19000000000000034 0.9934710408918198 0.0381940308041591
3.3000000000000016 0.20000000000000034 1.2972450281647112 0.0454317987046744
3.3000000000000016 0.21000000000000035 1.6932064698683793 0.0543806924824746
3.3000000000000016 0.22000000000000036 2.209396674845747 0.0651661855798407
3.3000000000000016 0.23000000000000037 2.8823383572069687 0.0778681276327346
3.3000000000000016 0.24000000000000038 3.7596003743887088 0.0924673666351703
3.3000000000000016 0.2500000000000004 4.903134123982542 0.1087654222372638
3.3000000000000016 0.2600000000000004 6.393613261653211 0.1262649114201313
3.3000000000000016 0.2700000000000004 8.336077580654218 0.1439934670257656
3.3000000000000016 0.2800000000000004 10.867271645781923 0.1602469986639292
3.3000000000000016 0.2900000000000004 14.165185181202622 0.172218609396058
3.3000000000000016 0.30000000000000043 18.46145313840017 0.1754663266538898
3.3000000000000016 0.31000000000000044 24.057468989506816 0.1631547088991461
3.3000000000000016 0.32000000000000045 31.345318251268914 0.1249805556406898
3.3000000000000016 0.33000000000000046 40.8349675347475 0.0456589468161006
3.3000000000000016 0.34000000000000047 53.18956947705286 -0.097200618119011
3.3000000000000016 0.3500000000000005 69.27129406844236 -0.336061557328513
3.3000000000000016 0.3600000000000005 90.20080868820915 -0.7175908125552368
3.3000000000000016 0.3700000000000005 117.43444974159493 -1.3083896521816882
3.3000000000000016 0.3800000000000005 152.86431890694237 -2.2029204718638766
3.3000000000000016 0.3900000000000005 198.94807494140537 -3.534440519884811
3.3000000000000016 0.4000000000000005 258.8771785628388 -5.490044314310666
3.3000000000000016 0.41000000000000053 336.7949128696962 -8.3313091152705
3.3000000000000016 0.42000000000000054 438.07881197488905 -12.42256697836342
3.3000000000000016 0.43000000000000055 569.7064005753008 -18.26953910777752
3.3000000000000016 0.44000000000000056 740.728652739552 -26.572025386419227
3.3000000000000016 0.45000000000000057 962.8826732794237 -38.29562653242624
3.3000000000000016 0.4600000000000006 1251.384243981524 -54.76919792483375
3.3000000000000016 0.4700000000000006 1625.952642386631 -77.81703826546823
3.3000000000000016 0.4800000000000006 2112.1352795353055 -109.93789582176078
3.3000000000000016 0.4900000000000006 2743.019171769739 -154.54698544177927
3.3000000000000016 0.5000000000000006 3561.4412848519314 -216.30268856041903
3.4000000000000017 -0.5 26151.871689905794 -162552.66429305042
3.4000000000000017 -0.49 19805.74651019591 -126018.30833210277
3.4000000000000017 -0.48 14991.51679438932 -97694.07189117325
3.4000000000000017 -0.47 11341.08432109596 -75735.20462971609
3.4000000000000017 -0.45999999999999996 8574.446956242642 -58711.399552393304
3.4000000000000017 -0.44999999999999996 6478.689449057902 -45513.6969137465
3.4000000000000017 -0.43999999999999995 4891.968719178829 -35282.29723897625
3.4000000000000017 -0.42999999999999994 3691.3096562863925 -27350.588014246885
3.4000000000000017 -0.41999999999999993 2783.3074088970798 -21201.74287574691
3.4000000000000017 -0.4099999999999999 2097.0460507441726 -16435.069719456595
3.4000000000000017 -0.3999999999999999 1578.706929024415 -12739.918190730259
3.4000000000000017 -0.3899999999999999 1187.464812781168 -9875.448697205451
3.4000000000000017 -0.3799999999999999 892.3652703342818 -7654.946376497341
3.4000000000000017 -0.3699999999999999 669.9494698064572 -5933.659124663277
3.4000000000000017 -0.3599999999999999 502.4481371182595 -4599.368073166476
3.4000000000000017 -0.34999999999999987 376.40878889433765 -3565.0766971617895
3.4000000000000017 -0.33999999999999986 281.65269268383116 -2763.3426061700093
3.4000000000000017 -0.32999999999999985 210.48266986649548 -2141.882974676835
3.4000000000000017 -0.31999999999999984 157.0816630928315 -1660.1674669881627
3.4000000000000017 -0.30999999999999983 117.05632701412631 -1286.776789328964
3.4000000000000017 -0.2999999999999998 87.09082766485673 -997.3548435516237
3.4000000000000017 -0.2899999999999998 64.68436102650206 -773.0211031699921
3.4000000000000017 -0.2799999999999998 47.952242551361934 -599.1397979190524
3.4000000000000017 -0.2699999999999998 35.47524806833542 -464.3657273207725
3.4000000000000017 -0.2599999999999998 26.185562199821625 -359.9045386300177
3.4000000000000017 -0.24999999999999978 19.280487571388406 -278.9392723745414
3.4000000000000017 -0.23999999999999977 14.157195967727976 -216.18580852715797
3.4000000000000017 -0.22999999999999976 10.363420759576368 -167.5482430468662
3.4000000000000017 -0.21999999999999975 7.560220043948989 -129.85173467131105
3.4000000000000017 -0.20999999999999974 5.4938747108016415 -100.63540924049767
3.4000000000000017 -0.19999999999999973 3.9746957099077953 -77.99182209796969
3.4000000000000017 -0.18999999999999972 2.8610539401668325 -60.442513050965005
3.4000000000000017 -0.17999999999999972 2.0473553858048366 -46.84154053693469
3.4000000000000017 -0.1699999999999997 1.4549945629093592 -36.30070522368745
3.4000000000000017 -0.1599999999999997 1.0255547438482462 -28.131587033428772
3.4000000000000017 -0.1499999999999997 0.7157018469741385 -21.800615612954683
3.4000000000000017 -0.13999999999999968 0.4933540406760963 -16.89424397181211
3.4000000000000017 -0.12999999999999967 0.3348114482097822 -13.091953732148436
3.4000000000000017 -0.11999999999999968 0.2226077813536686 -10.145331097258461
3.4000000000000017 -0.10999999999999968 0.1439042988416214 -7.861848524272711
3.4000000000000017 -0.09999999999999969 0.0892907521960723 -6.092293978192884
3.4000000000000017 -0.08999999999999969 0.051891416936402 -4.72102754966764
3.4000000000000017 -0.0799999999999997 0.0266995435380485 -3.658429643695927
3.4000000000000017 -0.0699999999999997 0.0100825956321143 -2.835047912114507
3.4000000000000017 -0.0599999999999997 -0.0005850148351826 -2.197060929076261
3.4000000000000017 -0.0499999999999997 -0.0071941891453543 -1.702762521035041
3.4000000000000017 -0.039999999999999696 -0.0111027759558664 -1.3198372625684918
3.4000000000000017 -0.029999999999999694 -0.0132848596951315 -1.0232492794483328
3.4000000000000017 -0.01999999999999969 -0.0144414191367305 -0.793606527660837
3.4000000000000017 -0.009999999999999691 -0.0150826616738782 -0.6158937521367677
3.4000000000000017 3.0878077872387166e-16 -0.0155898029157994 -0.4784913960758939
3.4000000000000017 0.010000000000000309 -0.0162621893248193 -0.3724164009251448
3.4000000000000017 0.02000000000000031 -0.0173542968174628 -0.2907353263280222
3.4000000000000017 0.03000000000000031 -0.019106164768441 -0.2281114741539328
3.4000000000000017 0.04000000000000031 -0.0217701586730364 -0.180456455608953
3.4000000000000017 0.050000000000000315 -0.0256365368026173 -0.1446634669727414
3.4000000000000017 0.06000000000000032 -0.0310600875742929 -0.1184048835377435
3.4000000000000017 0.07000000000000031 -0.0384900828824071 -0.0999809920563613
3.4000000000000017 0.08000000000000031 -0.0485059509053622 -0.0882100348093624
3.4000000000000017 0.0900000000000003 -0.0618614163977168 -0.08235245283233
3.4000000000000017 0.1000000000000003 -0.0795404077497585 -0.0820644699244056
3.4000000000000017 0.11000000000000029 -0.1028288239458551 -0.08737810102491
3.4000000000000017 0.12000000000000029 -0.1334073443464464 -0.0987064264664794
3.4000000000000017 0.13000000000000028 -0.1734719244503306 -0.116874663870974
3.4000000000000017 0.1400000000000003 -0.2258905521347792 -0.143179304360154
3.4000000000000017 0.1500000000000003 -0.2944073750425074 -0.1794794749564182
3.4000000000000017 0.1600000000000003 -0.3839086267261128 -0.2283268711592916
3.4000000000000017 0.17000000000000032 -0.5007691070981669 -0.2931432186100896
3.4000000000000017 0.18000000000000033 -0.6533036119871402 -0.3784574453151354
3.4000000000000017 0.19000000000000034 -0.8523550481600788 -0.4902187912893569
3.4000000000000017 0.20000000000000034 -1.112060522499773 -0.6362072203972085
3.4000000000000017 0.21000000000000035 -1.4508491177937386 -0.8265690714114795
3.4000000000000017 0.22000000000000036 -1.892741220807426 -1.0745143280657161
3.4000000000000017 0.23000000000000037 -2.4690402647322878 -1.3972227600284337
3.4000000000000017 0.24000000000000038 -3.220535032983197 -1.817020206055858
3.4000000000000017 0.2500000000000004 -4.200366119419401 -2.362904360025258
3.4000000000000017 0.2600000000000004 -5.477756182582457 -3.072522767602835
3.4000000000000017 0.2700000000000004 -7.142863420208762 -3.9947358740134233
3.4000000000000017 0.2800000000000004 -9.313095309721117 -5.192936847968838
3.4000000000000017 0.2900000000000004 -12.141320402602869 -6.749350072644907
3.4000000000000017 0.30000000000000043 -15.826546679405693 -8.770594894566008
3.4000000000000017 0.31000000000000044 -20.6278045418211 -11.394884636966715
3.4000000000000017 0.32000000000000045 -26.88219242441297 -14.801338389135084
3.4000000000000017 0.33000000000000046 -35.028328112310525 -19.222021579132793
3.4000000000000017 0.34000000000000047 -45.63681837332319 -24.957509684896763
3.4000000000000017 0.3500000000000005 -59.449838305437105 -32.396999008512466
3.4000000000000017 0.3600000000000005 -77.43253198196561 -42.04428381383929
3.4000000000000017 0.3700000000000005 -100.83974904388975 -54.551299005005546
3.4000000000000017 0.3800000000000005 -131.30267143123825 -70.76141585790279
3.4000000000000017 0.3900000000000005 -170.94122964367716 -91.76530578893178
3.4000000000000017 0.4000000000000005 -222.50994804379155 -118.97299302662846
3.4000000000000017 0.41000000000000053 -289.58710890787154 -154.2067515859738
3.4000000000000017 0.42000000000000054 -376.820033641309 -199.8208293813858
3.4000000000000017 0.43000000000000055 -490.24303812016365 -258.85568476769026
3.4000000000000017 0.44000000000000056 -637.6894739326567 -335.23660316526616
3.4000000000000017 0.45000000000000057 -829.3255356703371 -434.029357636754
3.4000000000000017 0.4600000000000006 -1078.341604690515 -561.7691582494267
3.4000000000000017 0.4700000000000006 -1401.8473371944744 -726.8837187773679
3.4000000000000017 0.4800000000000006 -1822.030164341344 -940.2371336873986
3.4000000000000017 0.4900000000000006 -2367.6542222515272 -1215.828757535689
3.4000000000000017 0.5000000000000006 -3075.9990847536583 -1571.69086390404
3.5000000000000018 -0.5 66269.20634189293 144273.08795450174
3.5000000000000018 -0.49 51752.711769953254 111595.53820841559
3.5000000000000018 -0.48 40413.09065169 86318.17063539772
3.5000000000000018 -0.47 31555.79891796768 66765.40575015417
3.5000000000000018 -0.45999999999999996 24637.973889661156 51640.99494502172
3.5000000000000018 -0.44999999999999996 19235.34668208173 39942.15816381983
3.5000000000000018 -0.43999999999999995 15016.36340755402 30893.15364568664
3.5000000000000018 -0.42999999999999994 11721.946672188398 23893.882621884335
3.5000000000000018 -0.41999999999999993 9149.669654811398 18480.126681150276
3.5000000000000018 -0.4099999999999999 7141.38191724705 14292.785308800028
3.5000000000000018 -0.3999999999999999 5573.535037420995 11054.076751185708
3.5000000000000018 -0.3899999999999999 4349.619730235694 8549.126249087687
3.5000000000000018 -0.3799999999999999 3394.2541613107214 6611.722302401366
3.5000000000000018 -0.3699999999999999 2648.563372497779 5113.297561462745
3.5000000000000018 -0.3599999999999999 2066.568163717562 3954.404440035043
3.5000000000000018 -0.34999999999999987 1612.3631432196692 3058.120735548413
3.5000000000000018 -0.33999999999999986 1257.9116726954812 2364.948352955595
3.5000000000000018 -0.32999999999999985 981.3229962251911 1828.8671166709137
3.5000000000000018 -0.31999999999999984 765.506224812658 1414.2821644692362
3.5000000000000018 -0.30999999999999983 597.1188300831103 1093.662611517214
3.5000000000000018 -0.2999999999999998 465.7452741755505 845.7149699415655
3.5000000000000018 -0.2899999999999998 363.255457976141 653.9702411024532
3.5000000000000018 -0.2799999999999998 283.30365975984034 505.691009721487
3.5000000000000018 -0.2699999999999998 220.93722866281416 391.0260761734547
3.5000000000000018 -0.2599999999999998 172.29101461108456 302.3565698502766
3.5000000000000018 -0.24999999999999978 134.34876711628522 233.7901790549289
3.5000000000000018 -0.23999999999999977 104.75683947111052 180.76995202180998
3.5000000000000018 -0.22999999999999976 81.67874245228403 139.7717197822926
3.5000000000000018 -0.21999999999999975 63.681598298799884 108.07006790330854
3.5000000000000018 -0.20999999999999974 49.64750447121034 83.55732993964511
3.5000000000000018 -0.19999999999999973 38.7043471506331 64.60359195456887
3.5000000000000018 -0.18999999999999972 30.171800151558035 49.94841770469483
3.5000000000000018 -0.17999999999999972 23.519179036238413 38.61710833004637
3.5000000000000018 -0.1699999999999997 18.332549905686097 29.855938109971365
3.5000000000000018 -0.1599999999999997 14.289062296010464 23.082066934467484
3.5000000000000018 -0.1499999999999997 11.136920761065873 17.844804070827124
3.5000000000000018 -0.13999999999999968 8.679757374213183 13.795651148566495
3.5000000000000018 -0.12999999999999967 6.764438868609904 10.66513499551779
3.5000000000000018 -0.11999999999999968 5.271554127693207 8.244891676675072
3.5000000000000018 -0.10999999999999968 4.107993261760235 6.373811708720201
3.5000000000000018 -0.09999999999999969 3.20115873926616 4.927326070494334
3.5000000000000018 -0.08999999999999969 2.4944499331754124 3.809121191369924
3.5000000000000018 -0.0799999999999997 1.9437412036788628 2.944732412144321
3.5000000000000018 -0.0699999999999997 1.5146351198755776 2.2765901804225184
3.5000000000000018 -0.0599999999999997 1.1803204134127625 1.760189743888564
3.5000000000000018 -0.0499999999999997 0.9199017156851524 1.3611297450414277
3.5000000000000018 -0.039999999999999696 0.7170973680885218 1.0528228540809221
3.5000000000000018 -0.029999999999999694 0.5592244167727874 0.8147262352138529
3.5000000000000018 -0.01999999999999969 0.4364077189822634 0.6309741906630302
3.5000000000000018 -0.009999999999999691 0.3409639983810564 0.4893220601525036
3.5000000000000018 3.0878077872387166e-16 0.2669225519217325 0.3803311470041554
3.5000000000000018 0.010000000000000309 0.2096528031290348 0.2967404696909564
3.5000000000000018 0.02000000000000031 0.1655755420092126 0.2329835645448602
3.5000000000000018 0.03000000000000031 0.1319399020225204 0.1848182171147207
3.5000000000000018 0.04000000000000031 0.1066522229547889 0.1490445180176048
3.5000000000000018 0.050000000000000315 0.0881461897779755 0.1232925240672326
3.5000000000000018 0.06000000000000032 0.0752862235519142 0.1058654486881746
3.5000000000000018 0.07000000000000031 0.0672981926360807 0.0956280165217488
3.5000000000000018 0.08000000000000031 0.0637232422502129 0.091932643367432
3.5000000000000018 0.0900000000000003 0.0643920170076106 0.0945786466438398
3.5000000000000018 0.1000000000000003 0.0694178685520422 0.1038019241632104
3.5000000000000018 0.11000000000000029 0.0792088837871395 0.1202946107048118
3.5000000000000018 0.12000000000000029 0.0944998196021009 0.145256273012135
3.5000000000000018 0.13000000000000028 0.1164063702311728 0.1804803741163681
3.5000000000000018 0.1400000000000003 0.1465057132001645 0.2284821757711564
3.5000000000000018 0.1500000000000003 0.1869490819390746 0.2926771205986198
3.5000000000000018 0.1600000000000003 0.2406143201488906 0.3776222408629278
3.5000000000000018 0.17000000000000032 0.3113091355614492 0.4893375198690596
3.5000000000000018 0.18000000000000033 0.4040392777303427 0.6357296862138496
3.5000000000000018 0.19000000000000034 0.5253603558333382 0.8271480324969184
3.5000000000000018 0.20000000000000034 0.6838377952151516 1.0771110072076435
3.5000000000000018 0.21000000000000035 0.8906469004664815 1.4032541596366774
3.5000000000000018 0.22000000000000036 1.1603546575241452 1.8285653333575649
3.5000000000000018 0.23000000000000037 1.511937425471817 2.382992851688681
3.5000000000000018 0.24000000000000038 1.9701048908855991 3.105538173847529
3.5000000000000018 0.2500000000000004 2.567021683580485 4.046977877465521
3.5000000000000018 0.2600000000000004 3.3445453049496625 5.273403112678235
3.5000000000000018 0.2700000000000004 4.35713433835449 6.870820815026886
3.5000000000000018 0.2800000000000004 5.675626673716236 8.951133764300906
3.5000000000000018 0.2900000000000004 7.392146760107581 11.659910958991986
3.5000000000000018 0.30000000000000043 9.626477673565471 15.18648211317812
3.5000000000000018 0.31000000000000044 12.534333184583062 19.777048616616135
3.5000000000000018 0.32000000000000045 16.318093657556457 25.751708687897207
3.5000000000000018 0.33000000000000046 21.24073606661854 33.526560473580815
3.5000000000000018 0.34000000000000047 27.643903705220268 43.642391310099775
3.5000000000000018 0.3500000000000005 35.97133953461611 56.801907276171264
3.5000000000000018 0.3600000000000005 46.79926690871186 73.91803423401721
3.5000000000000018 0.3700000000000005 60.875766275283766 96.17656815061018
3.5000000000000018 0.3800000000000005 79.17179684183714 125.11741811819508
3.5000000000000018 0.3900000000000005 102.94728731721456 162.73993403986486
3.5000000000000018 0.4000000000000005 133.8367201510558 211.63942480457723
3.5000000000000018 0.41000000000000053 173.95992408415546 275.18405817873554
3.5000000000000018 0.42000000000000054 226.06545371421242 357.74402750431193
3.5000000000000018 0.43000000000000055 293.71607935482143 464.98834901339455
3.5000000000000018 0.44000000000000056 381.52867336794964 604.269144327629
3.5000000000000018 0.45000000000000057 495.48433704639643 785.1190579792622
3.5000000000000018 0.4600000000000006 643.3291916444927 1019.8949359526353
3.5000000000000018 0.4700000000000006 835.0921488620813 1324.6105324771627
3.5000000000000018 0.4800000000000006 1083.753552297453 1720.0134412164175
3.5000000000000018 0.4900000000000006 1406.1083188884209 2232.9774638685894
3.5000000000000018 0.5000000000000006 1823.8797184013479 2898.302262280899
3.600000000000002 -0.5 -130492.24016635958 -80013.0382253724
3.600000000000002 -0.49 -101332.84901052334 -61624.26080079717
3.600000000000002 -0.48 -78687.97310061274 -47459.3958114948
3.600000000000002 -0.47 -61102.50988911999 -36548.70055746214
3.600000000000002 -0.45999999999999996 -47446.302507253975 -28144.96135083397
3.600000000000002 -0.44999999999999996 -36841.59078853562 -21672.453170396482
3.600000000000002 -0.43999999999999995 -28606.656239616234 -16687.600914473274
3.600000000000002 -0.42999999999999994 -22212.04708894809 -12848.66068525148
3.600000000000002 -0.41999999999999993 -17246.575827222383 -9892.353795515055
3.600000000000002 -0.4099999999999999 -13390.908093261689 -7615.859797260491
3.600000000000002 -0.3999999999999999 -10397.048459071415 -5862.939983331261
3.600000000000002 -0.3899999999999999 -8072.406792388367 -4513.244335085979
3.600000000000002 -0.3799999999999999 -6267.4226394010375 -3474.0719271028943
3.600000000000002 -0.3699999999999999 -4865.9532908270085 -2674.022118330642
3.600000000000002 -0.3599999999999999 -3777.8084914999795 -2058.102843364313
3.600000000000002 -0.34999999999999987 -2932.952487005701 -1583.9617465724928
3.600000000000002 -0.33999999999999986 -2277.001097108454 -1218.9825451884255
3.600000000000002 -0.32999999999999985 -1767.724622592396 -938.0480846329202
3.600000000000002 -0.31999999999999984 -1372.3319577305315 -721.8170846572875
3.600000000000002 -0.30999999999999983 -1065.3614345051215 -555.396671161292
3.600000000000002 -0.2999999999999998 -827.0428830219356 -427.31983788404267
3.600000000000002 -0.2899999999999998 -642.0256538021845 -328.7578287944999
3.600000000000002 -0.2799999999999998 -498.3908529324706 -252.91349765063387
3.600000000000002 -0.2699999999999998 -386.88429832237205 -194.55408183269975
3.600000000000002 -0.2599999999999998 -300.3208860340589 -149.65136804950026
3.600000000000002 -0.24999999999999978 -233.12206983311083 -115.10457909959723
3.600000000000002 -0.23999999999999977 -180.95671168037904 -88.52697552334385
3.600000000000002 -0.22999999999999976 -140.46220499051435 -68.08153061547955
3.600000000000002 -0.21999999999999975 -109.02793268250835 -52.35440009202206
3.600000000000002 -0.20999999999999974 -84.62712968975798 -40.25749855438649
3.600000000000002 -0.19999999999999973 -65.68633205382848 -30.953490897431156
3.600000000000002 -0.18999999999999972 -50.98401191248608 -23.79804447442451
3.600000000000002 -0.17999999999999972 -39.57187488579791 -18.295372354552963
3.600000000000002 -0.1699999999999997 -30.713754172576692 -14.064010451613477
3.600000000000002 -0.1599999999999997 -23.838167767732678 -10.81047412970507
3.600000000000002 -0.1499999999999997 -18.501484355711185 -8.308981233474427
3.600000000000002 -0.13999999999999968 -14.359326133844261 -6.385845431866354
3.600000000000002 -0.12999999999999967 -11.144366958996454 -4.907464877625697
3.600000000000002 -0.11999999999999968 -8.64909587611647 -3.7710784834858058
3.600000000000002 -0.10999999999999968 -6.7124357490173505 -2.8976525593037916
3.600000000000002 -0.09999999999999969 -5.209354929843519 -2.2264072071044048
3.600000000000002 -0.08999999999999969 -4.04280263938329 -1.7106047978045682
3.600000000000002 -0.0799999999999997 -3.1374483840403884 -1.3143098068418164
3.600000000000002 -0.0699999999999997 -2.4348219352237717 -1.0098962381900234
3.600000000000002 -0.0599999999999997 -1.8895406199733644 -0.7761304171388156
3.600000000000002 -0.0499999999999997 -1.4663807241888822 -0.5966966250658654
3.600000000000002 -0.039999999999999696 -1.1380042004828894 -0.459063613480188
3.600000000000002 -0.029999999999999694 -0.8831941027210584 -0.3536135722928538
3.600000000000002 -0.01999999999999969 -0.6854849573942842 -0.2729732583595552
3.600000000000002 -0.009999999999999691 -0.5320997392904205 -0.2115009630750587
3.600000000000002 3.0878077872387166e-16 -0.413124884783782 -0.1648937745773846
3.600000000000002 0.010000000000000309 -0.3208701234609014 -0.129887913543115
3.600000000000002 0.02000000000000031 -0.2493718262645603 -0.1040313654709244
3.600000000000002 0.03000000000000031 -0.1940078235747336 -0.0855130412595472
3.600000000000002 0.04000000000000031 -0.1511988359044972 -0.0730366175193793
3.600000000000002 0.050000000000000315 -0.1181772463569484 -0.0657303091539682
3.600000000000002 0.06000000000000032 -0.0928082875938896 -0.0630863236857743
3.600000000000002 0.07000000000000031 -0.0734520966304192 -0.064925812367071
3.600000000000002 0.08000000000000031 -0.0588577260245784 -0.0713869104129987
3.600000000000002 0.0900000000000003 -0.0480822596085689 -0.0829350710058875
3.600000000000002 0.1000000000000003 -0.0404297972428711 -0.1003964570286323
3.600000000000002 0.11000000000000029 -0.0354063498936736 -0.1250167691972372
3.600000000000002 0.12000000000000029 -0.0326877052855335 -0.1585496716965872
3.600000000000002 0.13000000000000028 -0.032098150223994 -0.2033810505615166
3.600000000000002 0.1400000000000003 -0.0335986203584733 -0.262697850079528
3.600000000000002 0.1500000000000003 -0.037283434001904 -0.3407133527555909
3.600000000000002 0.1600000000000003 -0.0433852889193302 -0.4429647153264752
3.600000000000002 0.17000000000000032 -0.0522886899877457 -0.5767036203679126
3.600000000000002 0.18000000000000033 -0.0645524581356668 -0.7514073993264438
3.600000000000002 0.19000000000000034 -0.0809424716646794 -0.9794463770052976
3.600000000000002 0.20000000000000034 -0.1024763334289246 -1.2769540584837662
3.600000000000002 0.21000000000000035 -0.1304822643921203 -1.6649608755559158
3.600000000000002 0.22000000000000036 -0.1666752186435048 -2.170870499850294
3.600000000000002 0.23000000000000037 -0.213254019688361 -2.8303814687436306
3.600000000000002 0.24000000000000038 -0.2730242546218404 -3.6899876838723378
3.600000000000002 0.2500000000000004 -0.3495527514252364 -4.810231337105952
3.600000000000002 0.2600000000000004 -0.4473607203630974 -6.26993372446422
3.600000000000002 0.2700000000000004 -0.572164070112648 -8.171696759864354
3.600000000000002 0.2800000000000004 -0.7311710050007632 -10.64905537598684
3.600000000000002 0.2900000000000004 -0.933448739770304 -13.875774326272111
3.600000000000002 0.30000000000000043 -1.190372963026638 -18.077929852140866
3.600000000000002 0.31000000000000044 -1.51617541225988 -23.549607179843438
3.600000000000002 0.32000000000000045 -1.9286063771893325 -30.673291702984052
3.600000000000002 0.33000000000000046 -2.4497297801443096 -39.946351594166174
3.600000000000002 0.34000000000000047 -3.106868160024689 -52.01542393735672
3.600000000000002 0.3500000000000005 -3.9337126058458054 -67.72105301792406
3.600000000000002 0.3600000000000005 -4.971607253686237 -88.15562398089081
3.600000000000002 0.3700000000000005 -6.271007631049002 -114.7385339365264
3.600000000000002 0.3800000000000005 -7.893094379857387 -149.31370547993447
3.600000000000002 0.3900000000000005 -9.911495094081346 -194.27605156047963
3.600000000000002 0.4000000000000005 -12.414022024788125 -252.7354450857006
3.600000000000002 0.41000000000000053 -15.504264967281559 -328.72925972787704
3.600000000000002 0.42000000000000054 -19.302776549062344 -427.49779528343623
3.600000000000002 0.43000000000000055 -23.947437133715994 -555.8410943884116
3.600000000000002 0.44000000000000056 -29.592368829978682 -722.5810714013087
3.600000000000002 0.45000000000000057 -36.404455213616984 -939.1598614822533
3.600000000000002 0.4600000000000006 -44.556077482157434 -1220.4143120338272
3.600000000000002 0.4700000000000006 -54.212046836496484 -1585.578163176079
3.600000000000002 0.4800000000000006 -65.50782559768982 -2059.5784487542724
3.600000000000002 0.4900000000000006 -78.51488846083976 -2674.711958035861
3.600000000000002 0.5000000000000006 -93.18734751403645 -3472.812467971309
3.700000000000002 -0.5 147436.8760010147 -5927.9858706911145
3.700000000000002 -0.49 114218.42088181549 -5012.880726717465
3.700000000000002 -0.48 88483.21299075712 -4209.217750133641
3.700000000000002 -0.47 68545.71648228454 -3513.230740541121
3.700000000000002 -0.45999999999999996 53099.992671262 -2917.194221923609
3.700000000000002 -0.44999999999999996 41134.223923725265 -2411.398503405767
3.700000000000002 -0.43999999999999995 31864.481889746097 -1985.4357991315198
3.700000000000002 -0.42999999999999994 24683.407987448147 -1629.0075760783118
3.700000000000002 -0.41999999999999993 19120.44909928639 -1332.4035709983661
3.700000000000002 -0.4099999999999999 14811.047065165067 -1086.7594341592567
3.700000000000002 -0.3999999999999999 11472.766125209411 -884.1684304920836
3.700000000000002 -0.3899999999999999 8886.796243748497 -717.6998781484622
3.700000000000002 -0.3799999999999999 6883.6218916941025 -581.3606759481336
3.700000000000002 -0.3699999999999999 5331.918361003823 -470.02462604168386
3.700000000000002 -0.3599999999999999 4129.948844659035 -379.34601478244053
3.700000000000002 -0.34999999999999987 3198.8991429623793 -305.6681317204073
3.700000000000002 -0.33999999999999986 2477.713649927 -245.9333935914206
3.700000000000002 -0.32999999999999985 1919.0945227874279 -197.59899322956483
3.700000000000002 -0.31999999999999984 1486.4020679906112 -158.5601456894609
3.700000000000002 -0.30999999999999983 1151.2533673586852 -127.0817897464873
3.700000000000002 -0.2999999999999998 891.6618767887012 -101.7388306897592
3.700000000000002 -0.2899999999999998 690.5961467926408 -81.36454246098803
3.700000000000002 -0.2799999999999998 534.8632563226593 -65.00648577549808
3.700000000000002 -0.2699999999999998 414.2438140856692 -51.88917461213829
3.700000000000002 -0.2599999999999998 320.82185619637187 -41.382687850414115
3.700000000000002 -0.24999999999999978 248.46573360649887 -32.97644222242994
3.700000000000002 -0.23999999999999977 192.42597266547457 -26.25739417370832
3.700000000000002 -0.22999999999999976 149.0237547083393 -20.89200626136867
3.700000000000002 -0.21999999999999975 115.40959730528336 -16.611388273134008
3.700000000000002 -0.20999999999999974 89.37641938018821 -13.199097933558402
3.700000000000002 -0.19999999999999973 69.21473594698432 -10.481157032529824
3.700000000000002 -0.18999999999999972 53.60048905165618 -8.317903949351846
3.700000000000002 -0.17999999999999972 41.50816042745836 -6.597361877636779
3.700000000000002 -0.1699999999999997 32.14346845034301 -5.229853343198908
3.700000000000002 -0.1599999999999997 24.891235748197847 -4.1436360618170305
3.700000000000002 -0.1499999999999997 19.275008362021254 -3.281373281934557
3.700000000000002 -0.13999999999999968 14.92577782840449 -2.597284106190483
3.700000000000002 -0.12999999999999967 11.557754428201687 -2.054846541917134
3.700000000000002 -0.11999999999999968 8.949602232986088 -1.6249488466090916
3.700000000000002 -0.10999999999999968 6.929904777585462 -1.284403726723651
3.700000000000002 -0.09999999999999969 5.365907667235212 -1.0147556811774592
3.700000000000002 -0.08999999999999969 4.154799377487395 -0.8013247583502106
3.700000000000002 -0.0799999999999997 3.216958012901818 -0.6324406593020866
3.700000000000002 -0.0699999999999997 2.490720771514421 -0.4988298526821046
3.700000000000002 -0.0599999999999997 1.9283327719045191 -0.3931254955721052
3.700000000000002 -0.0499999999999997 1.4928092887287845 -0.3094757564636764
3.700000000000002 -0.039999999999999696 1.1555053853441712 -0.2432308447858666
3.700000000000002 -0.029999999999999694 0.8942333593091967 -0.1906928603463657
3.700000000000002 -0.01999999999999969 0.6918043729268744 -0.1489156469334869
3.700000000000002 -0.009999999999999691 0.5348984847952811 -0.1155442998541315
3.700000000000002 3.0878077872387166e-16 0.4131888558598072 -0.0886859457427158
3.700000000000002 0.010000000000000309 0.3186625887325383 -0.0668049722860891
3.700000000000002 0.02000000000000031 0.24509356650396 -0.048637105645542
3.700000000000002 0.03000000000000031 0.1876326335130746 -0.0331176692394041
3.700000000000002 0.04000000000000031 0.1424881597856033 -0.0193200509206111
3.700000000000002 0.050000000000000315 0.1066759578189283 -0.0064008864426311
3.700000000000002 0.06000000000000032 0.0778220633647879 0.0064512453159902
3.700000000000002 0.07000000000000031 0.0540053480772062 0.0200667166893817
3.700000000000002 0.08000000000000031 0.0336295269880597 0.0353485190609366
3.700000000000002 0.0900000000000003 0.0153160264759614 0.0533321690231118
3.700000000000002 0.1000000000000003 -0.002189488519764 0.0752558215479906
3.700000000000002 0.11000000000000029 -0.0201032811031953 0.1026453246534954
3.700000000000002 0.12000000000000029 -0.0396883406201062 0.1374200339134966
3.700000000000002 0.13000000000000028 -0.0623437454044573 0.1820266844099102
3.700000000000002 0.1400000000000003 -0.0897049346945424 0.2396105962933153
3.700000000000002 0.1500000000000003 -0.1237620978426544 0.3142361057280692
3.700000000000002 0.1600000000000003 -0.1670052718743961 0.4111715466026134
3.700000000000002 0.17000000000000032 -0.2226067458974908 0.5372585964912974
3.700000000000002 0.18000000000000033 -0.2946541533225091 0.7013916510570335
3.700000000000002 0.19000000000000034 -0.388451397510334 0.915140504876018
3.700000000000002 0.20000000000000034 -0.510909582520477 1.1935595134053547
3.700000000000002 0.21000000000000035 -0.6710567799913396 1.5562392646012118
3.700000000000002 0.22000000000000036 -0.8807042478650974 2.028673473007084
3.700000000000002 0.23000000000000037 -1.1553182750227726 2.644035455075281
3.700000000000002 0.24000000000000038 -1.515162010322054 3.44548661606263
3.700000000000002 0.2500000000000004 -1.98679156405095 4.489175770037259
3.700000000000002 0.2600000000000004 -2.605016812222988 5.848135274548893
3.700000000000002 0.2700000000000004 -3.415471613585749 7.617341056167299
3.700000000000002 0.2800000000000004 -4.477983087095019 9.920282722748098
3.700000000000002 0.2900000000000004 -5.870988497055899 12.917492385742946
3.700000000000002 0.30000000000000043 -7.697325480276566 16.817613370705867
3.700000000000002 0.31000000000000044 -10.09182248937472 21.89176147633536
3.700000000000002 0.32000000000000045 -13.23124883536833 28.492153201580358
3.700000000000002 0.33000000000000046 -17.34735729888705 37.07626202841603
3.700000000000002 0.34000000000000047 -22.743979647692996 48.23813427818372
3.700000000000002 0.3500000000000005 -29.819433172704652 62.748974533223446
3.700000000000002 0.3600000000000005 -39.09588628222359 81.60972838807814
3.700000000000002 0.3700000000000005 -51.25784171783566 106.11918757669582
3.700000000000002 0.3800000000000005 -67.20256426703732 137.96217101764915
3.700000000000002 0.3900000000000005 -88.10615456756337 179.32366147244483
3.700000000000002 0.4000000000000005 -115.51011527040423 233.03648665769128
3.700000000000002 0.41000000000000053 -151.43475347880255 302.7723353228829
3.700000000000002 0.42000000000000054 -198.52772245870074 393.2887335003075
3.700000000000002 0.43000000000000055 -260.25856774052994 510.7482539605382
3.700000000000002 0.44000000000000056 -341.1734927704371 663.1309235877197
3.700000000000002 0.45000000000000057 -447.22893847348166 860.7668242796117
3.700000000000002 0.4600000000000006 -586.2282941797021 1117.0236309113236
3.700000000000002 0.4700000000000006 -768.3935347453657 1449.1937778393126
3.700000000000002 0.4800000000000006 -1007.1133453646557 1879.6387102600888
3.700000000000002 0.4900000000000006 -1319.9220486172496 2437.2640457917505
3.700000000000002 0.5000000000000006 -1729.7802957003214 3159.4204489377094
3.800000000000002 -0.5 -114880.36831163036 83843.41947332525
3.800000000000002 -0.49 -88771.18454303946 65291.1051385304
3.800000000000002 -0.48 -68594.57268026151 50841.977396103066
3.800000000000002 -0.47 -53002.82150169097 39588.98879515884
3.800000000000002 -0.45999999999999996 -40954.315013316394 30825.499962372327
3.800000000000002 -0.44999999999999996 -31644.02620752887 24001.02411042525
3.800000000000002 -0.43999999999999995 -24449.7905720022 18686.73886604876
3.800000000000002 -0.42999999999999994 -18890.77766727413 14548.611005973044
3.800000000000002 -0.41999999999999993 -14595.39189527359 11326.454603163023
3.800000000000002 -0.4099999999999999 -11276.461969147256 8817.613378156995
3.800000000000002 -0.3999999999999999 -8712.06440081785 6864.246753197105
3.800000000000002 -0.3899999999999999 -6730.7018923156265 5343.424185651836
3.800000000000002 -0.3799999999999999 -5199.847859407413 4159.407823932474
3.800000000000002 -0.3699999999999999 -4017.092767929209 3237.6403123884893
3.800000000000002 -0.3599999999999999 -3103.3014747006605 2520.0611940249078
3.800000000000002 -0.34999999999999987 -2397.3248949644385 1961.4584678411575
3.800000000000002 -0.33999999999999986 -1851.913003230434 1526.6266336025756
3.800000000000002 -0.32999999999999985 -1430.556323500871 1188.1530422290848
3.800000000000002 -0.31999999999999984 -1105.045019369546 924.6937154765297
3.800000000000002 -0.30999999999999983 -853.5825839884035 719.6304608417727
3.800000000000002 -0.2999999999999998 -659.3281467775726 560.0250018344036
3.800000000000002 -0.2899999999999998 -509.2700259493767 435.80446293967645
3.800000000000002 -0.2799999999999998 -393.35527135339856 339.1270566520958
3.800000000000002 -0.2699999999999998 -303.8170356630466 263.8881240962547
3.800000000000002 -0.2599999999999998 -234.65482365247883 205.33548812551203
3.800000000000002 -0.24999999999999978 -181.23288059247048 159.76993956020186
3.800000000000002 -0.23999999999999977 -139.96987289082824 124.31202295534992
3.800000000000002 -0.22999999999999976 -108.0991136424442 96.72045274820842
3.800000000000002 -0.21999999999999975 -83.4832997960791 75.25073472067022
3.800000000000002 -0.20999999999999974 -64.47137083610598 58.54509472235193
3.800000000000002 -0.19999999999999973 -49.787914420447954 45.54678495799068
3.800000000000002 -0.18999999999999972 -38.447720293768896 35.43337128661787
3.800000000000002 -0.17999999999999972 -29.689765300816052 27.564799090080356
3.800000000000002 -0.1699999999999997 -22.926211758712213 21.442965278880635
3.800000000000002 -0.1599999999999997 -17.70300560408636 16.68024829674274
3.800000000000002 -0.1499999999999997 -13.669436693160652 12.975012042967442
3.800000000000002 -0.13999999999999968 -10.55462324628901 10.092538885820705
3.800000000000002 -0.12999999999999967 -8.149345761281626 7.8501889913357665
3.800000000000002 -0.11999999999999968 -6.292013739021457 6.1058495399511665
3.800000000000002 -0.10999999999999968 -4.857825201843097 4.748944794786519
3.800000000000002 -0.09999999999999969 -3.7503927343715087 3.693439463958204
3.800000000000002 -0.08999999999999969 -2.895274930319118 2.8723935241533365
3.800000000000002 -0.0799999999999997 -2.234979731694046 2.2337245559243764
3.800000000000002 -0.0699999999999997 -1.7251047337885848 1.7369098446290667
3.800000000000002 -0.0599999999999997 -1.3313556951474719 1.3504198230670141
3.800000000000002 -0.0499999999999997 -1.0272433324019963 1.0497206091893347
3.800000000000002 -0.039999999999999696 -0.7923039327354535 0.8157193341415866
3.800000000000002 -0.029999999999999694 -0.6107244237725522 0.6335539274717776
3.800000000000002 -0.01999999999999969 -0.4702796517362148 0.4916507908521833
3.800000000000002 -0.009999999999999691 -0.361510548670409 0.3809907214487064
3.800000000000002 3.0878077872387166e-16 -0.2770880196571486 0.2945366088178298
3.800000000000002 0.010000000000000309 -0.2113198325630227 0.2267866552023558
3.800000000000002 0.02000000000000031 -0.1597673796279519 0.1734248034227014
3.800000000000002 0.03000000000000031 -0.1189465439379027 0.1310461997541299
3.800000000000002 0.04000000000000031 -0.086092537323408 0.0969402587168087
3.800000000000002 0.050000000000000315 -0.0589728562608267 0.068917531391074
3.800000000000002 0.06000000000000032 -0.0357357148104306 0.0451693376479448
3.800000000000002 0.07000000000000031 -0.0147836725699193 0.024151179031281
3.800000000000002 0.08000000000000031 0.0053361624521213 0.004482431846076
3.800000000000002 0.0900000000000003 0.02603290196017 -0.0151441782914805
3.800000000000002 0.1000000000000003 0.0487706067606895 -0.0360492369226257
3.800000000000002 0.11000000000000029 0.0751718969641783 -0.0596551551193764
3.800000000000002 0.12000000000000029 0.1071337767906747 -0.0875824337671268
3.800000000000002 0.13000000000000028 0.1469639409714431 -0.121760139924268
3.800000000000002 0.1400000000000003 0.1975473525879986 -0.1645580522836968
3.800000000000002 0.1500000000000003 0.2625551073520392 -0.2189494239181584
3.800000000000002 0.1600000000000003 0.3467106897466882 -0.2887153979370812
3.800000000000002 0.17000000000000032 0.4561329071932144 -0.3787049342563124
3.800000000000002 0.18000000000000033 0.5987803629931527 -0.4951678500086006
3.800000000000002 0.19000000000000034 0.785029701102455 -0.6461834885253501
3.800000000000002 0.20000000000000034 1.028429559164537 -0.8422139339820802
3.800000000000002 0.21000000000000035 1.3466849018495894 -1.0968189980621224
3.800000000000002 0.22000000000000036 1.7629430938027986 -1.4275809605622465
3.800000000000002 0.23000000000000037 2.3074749139627824 -1.857300942439406
3.800000000000002 0.24000000000000038 3.0198722846326027 -2.4155467206026606
3.800000000000002 0.2500000000000004 3.951921846468339 -3.140654905498649
3.800000000000002 0.2600000000000004 5.171362341549341 -4.082320165456467
3.800000000000002 0.2700000000000004 6.766797579702403 -5.3049424785854615
3.800000000000002 0.2800000000000004 8.854120138975201 -6.891952632305701
3.800000000000002 0.2900000000000004 11.58490986797059 -8.95139944980008
3.800000000000002 0.30000000000000043 15.157413516507859 -11.623163430019918
3.800000000000002 0.31000000000000044 19.83089759826349 -15.088265651361034
3.800000000000002 0.32000000000000045 25.944409157080777 -19.580874286010477
3.800000000000002 0.33000000000000046 33.941295773761986 -25.403782012550188
3.800000000000002 0.34000000000000047 44.401249472479826 -32.948346299507065
3.800000000000002 0.3500000000000005 58.08217856712526 -42.72016402631963
3.800000000000002 0.3600000000000005 75.97491523496338 -55.37210875418671
3.800000000000002 0.3700000000000005 99.37468461352898 -71.74681407375444
3.800000000000002 0.3800000000000005 129.97445845704243 -92.93126623726363
3.800000000000002 0.3900000000000005 169.98687743283818 -120.32690698512978
3.800000000000002 0.4000000000000005 222.3034610374794 -155.7395849080627
3.800000000000002 0.41000000000000053 290.7024760226199 -201.4948832952683
3.800000000000002 0.42000000000000054 380.1202892915337 -260.58585984499075
3.800000000000002 0.43000000000000055 497.0055314200228 -336.8621407960104
3.800000000000002 0.44000000000000056 649.7812566497962 -435.27172097855976
3.800000000000002 0.45000000000000057 849.4479126888061 -562.1698585594139
3.800000000000002 0.4600000000000006 1110.369858960229 -725.7132754264593
3.800000000000002 0.4700000000000006 1451.301082789464 -936.3626741154613
3.800000000000002 0.4800000000000006 1896.7225513127178 -1207.5225966014355
3.800000000000002 0.4900000000000006 2478.585458721871 -1556.3551681708632
3.800000000000002 0.5000000000000006 3238.582981567739 -2004.8136419990988
3.900000000000002 -0.5 46998.9543467404 -128756.72693416961
3.900000000000002 -0.49 36046.66969646866 -99897.40553250042
3.900000000000002 -0.48 27643.403789454638 -77505.42865301328
3.900000000000002 -0.47 21196.601554964356 -60131.729145401
3.900000000000002 -0.45999999999999996 16251.303320626912 -46651.85780425136
3.900000000000002 -0.44999999999999996 12458.22740084898 -36193.276268247995
3.900000000000002 -0.43999999999999995 9549.249186791101 -28078.93163400563
3.900000000000002 -0.42999999999999994 7318.564263996055 -21783.467418922963
3.900000000000002 -0.41999999999999993 5608.219217917403 -16899.241522554177
3.900000000000002 -0.4099999999999999 4296.998362840461 -13109.955222212719
3.900000000000002 -0.3999999999999999 3291.88879121358 -10170.188860631928
3.900000000000002 -0.3899999999999999 2521.526154206271 -7889.521465160178
3.900000000000002 -0.3799999999999999 1931.1619612467348 -6120.207704497936
3.900000000000002 -0.3699999999999999 1478.799549119867 -4747.61545649446
3.900000000000002 -0.3599999999999999 1132.2276202575852 -3682.8056676515366
3.900000000000002 -0.34999999999999987 866.7430763351629 -2856.7746498117654
3.900000000000002 -0.33999999999999986 663.4031534181228 -2215.9864227931375
3.900000000000002 -0.32999999999999985 507.68396369730067 -1718.9061131613562
3.900000000000002 -0.31999999999999984 388.451053547678 -1333.3101455351673
3.900000000000002 -0.30999999999999983 297.1694872749107 -1034.1991947362271
3.900000000000002 -0.2999999999999998 227.29778961241956 -802.1788498562447
3.900000000000002 -0.2899999999999998 173.82300319979095 -622.2031936250055
3.900000000000002 -0.2799999999999998 132.90404337703 -482.59997720127694
3.900000000000002 -0.2699999999999998 101.59815606828444 -374.3142889046483
3.900000000000002 -0.2599999999999998 77.65113894319116 -290.3217530136312
3.900000000000002 -0.24999999999999978 59.33648153352712 -225.17326546612748
3.900000000000002 -0.23999999999999977 45.332031657693605 -174.6417863887074
3.900000000000002 -0.22999999999999976 34.625445479068425 -135.44831529275893
3.900000000000002 -0.21999999999999975 26.441712809308925 -105.04930069777063
3.900000000000002 -0.20999999999999974 20.187610756223748 -81.47171338770066
3.900000000000002 -0.19999999999999973 15.409137273739663 -63.18509875178006
3.900000000000002 -0.18999999999999972 11.758895905195729 -49.002318352644025
3.900000000000002 -0.17999999999999972 8.971108770067111 -38.00254893780204
3.900000000000002 -0.1699999999999997 6.842476351588386 -29.471548790333273
3.900000000000002 -0.1599999999999997 5.217518079604478 -22.85531990023471
3.900000000000002 -0.1499999999999997 3.977346385277359 -17.724162323352655
3.900000000000002 -0.13999999999999968 3.0310713378036285 -13.744790458459388
3.900000000000002 -0.12999999999999967 2.3092204354403196 -10.658703405780685
3.900000000000002 -0.11999999999999968 1.758701875081483 -8.265406896239442
3.900000000000002 -0.10999999999999968 1.3389498444324235 -6.409398745809996
3.900000000000002 -0.09999999999999969 1.0189748793477895 -4.970073757618014
3.900000000000002 -0.08999999999999969 0.7751070994697161 -3.8538932671866255
3.900000000000002 -0.0799999999999997 0.5892697762925215 -2.9883113631793563
3.900000000000002 -0.0699999999999997 0.4476587267688187 -2.317063729541261
3.900000000000002 -0.0599999999999997 0.3397321681916122 -1.7965134254205388
3.900000000000002 -0.0499999999999997 0.2574379913021692 -1.392816472689116
3.900000000000002 -0.039999999999999696 0.1946224991788544 -1.0797232998032333
3.900000000000002 -0.029999999999999694 0.146577738776146 -0.8368733417368523
3.900000000000002 -0.01999999999999969 0.1096945540572367 -0.6484720925888682
3.900000000000002 -0.009999999999999691 0.0811961295838109 -0.5022647244523226
3.900000000000002 3.0878077872387166e-16 0.0589326179678926 -0.3887396322151856
3.900000000000002 0.010000000000000309 0.0412218710605353 -0.3005101871002619
3.900000000000002 0.02000000000000031 0.0267246406473659 -0.2318345497299769
3.900000000000002 0.03000000000000031 0.0143451199965352 -0.178242356660545
3.900000000000002 0.04000000000000031 0.0031495429823728 -0.1362440341671336
3.900000000000002 0.050000000000000315 -0.0077031244934723 -0.1031038599695458
3.900000000000002 0.06000000000000032 -0.0190234804581424 -0.0766620360387406
3.900000000000002 0.07000000000000031 -0.0316515327407758 -0.0551942228172687
3.900000000000002 0.08000000000000031 -0.0465184712053509 -0.0372994245333765
3.900000000000002 0.0900000000000003 -0.0647148741181806 -0.0218089659373488
3.900000000000002 0.1000000000000003 -0.0875703144310997 -0.0077106840361777
3.900000000000002 0.11000000000000029 -0.1167501491994142 0.0059165343077647
3.900000000000002 0.12000000000000029 -0.15437651083996 0.0199620390168507
3.900000000000002 0.13000000000000028 -0.2031822611309147 0.035340258405704
3.900000000000002 0.1400000000000003 -0.2667090428064138 0.053048613776587
3.900000000000002 0.1500000000000003 -0.3495637396566128 0.0742300189847714
3.900000000000002 0.1600000000000003 -0.4577518620224035 0.1002436686497364
3.900000000000002 0.17000000000000032 -0.5991119119836441 0.1327482087742572
3.900000000000002 0.18000000000000033 -0.7838820480545055 0.1738019811159502
3.900000000000002 0.19000000000000034 -1.0254398828700253 0.2259858542346627
3.900000000000002 0.20000000000000034 -1.3412686895280312 0.292555222456833
3.900000000000002 0.21000000000000035 -1.7542195518606347 0.3776290964770034
3.900000000000002 0.22000000000000036 -2.294160231401437 0.4864258557361344
3.900000000000002 0.23000000000000037 -3.0001292531961377 0.6255572115208183
3.900000000000002 0.24000000000000038 -3.9231499083747794 0.8033942623303265
3.900000000000002 0.2500000000000004 -5.129906107653426 1.0305222149116433
3.900000000000002 0.2600000000000004 -6.707543651424633 1.3203033714302528
3.900000000000002 0.2700000000000004 -8.769940879779492 1.689571271636801
3.900000000000002 0.2800000000000004 -11.465897522992478 2.159482274614029
3.900000000000002 0.2900000000000004 -14.989827303363917 2.7565540894772056
3.900000000000002 0.30000000000000043 -19.595718093851513 3.513923351280013
3.900000000000002 0.31000000000000044 -25.61535577722119 4.472855539247279
3.900000000000002 0.32000000000000045 -33.482110711311094 5.684539187726934
3.900000000000002 0.33000000000000046 -43.761980141490696 7.212190682751294
3.900000000000002 0.34000000000000047 -57.19409363726368 9.13348333868927
3.900000000000002 0.3500000000000005 -74.74355756890088 11.543291039199687
3.900000000000002 0.3600000000000005 -97.6703854219931 14.556696870100934
3.900000000000002 0.3700000000000005 -127.61939393515898 18.312152740844894
3.900000000000002 0.3800000000000005 -166.73741924515517 22.97457535088317
3.900000000000002 0.3900000000000005 -217.8261244124653 28.738010459610948
3.900000000000002 0.4000000000000005 -284.5411621128825 35.82726786184273
3.900000000000002 0.41000000000000053 -371.65169529197294 44.497590825176104
3.900000000000002 0.42000000000000054 -485.37848617288466 55.03092987655981
3.900000000000002 0.43000000000000055 -633.8342275445704 67.72667735491143
3.900000000000002 0.44000000000000056 -827.596881511092 82.88369655874578
3.900000000000002 0.45000000000000057 -1080.455990508128 100.76902354867582
3.900000000000002 0.4600000000000006 -1410.3838544031548 121.5665592819497
3.900000000000002 0.4700000000000006 -1840.79892763608 145.2961685320961
3.900000000000002 0.4800000000000006 -2402.208815933016 171.68953530184695
3.900000000000002 0.4900000000000006 -3134.346176336687 200.0034470079554
3.900000000000002 0.5000000000000006 -4088.94436414616 228.74328263197367
4.000000000000002 -0.5 31446.54244065536 128286.80514557422
4.000000000000002 -0.49 24733.779325134587 99308.78421856178
4.000000000000002 -0.48 19449.37135962695 76875.40216518054
4.000000000000002 -0.47 15290.48253288684 59508.79922760982
4.000000000000002 -0.45999999999999996 12018.222590413963 46064.7813857562
4.000000000000002 -0.44999999999999996 9444.20693699947 35657.498487565295
4.000000000000002 -0.43999999999999995 7419.926351404844 27601.12288512017
4.000000000000002 -0.42999999999999994 5828.342718772956 21364.69208704458
4.000000000000002 -0.41999999999999993 4577.247399439124 16537.144578644587
4.000000000000002 -0.4099999999999999 3594.0146449985405 12800.248314951801
4.000000000000002 -0.3999999999999999 2821.4586251512947 9907.640508340455
4.000000000000002 -0.3899999999999999 2214.5631283952225 7668.599326418942
4.000000000000002 -0.3799999999999999 1737.9010333627903 5935.479408526043
4.000000000000002 -0.3699999999999999 1363.5987612005329 4593.984161751823
4.000000000000002 -0.3599999999999999 1069.7311444089928 3555.634456679518
4.000000000000002 -0.34999999999999987 839.0561036094275 2751.937880645647
4.000000000000002 -0.33999999999999986 658.0175012535886 2129.8746261253273
4.000000000000002 -0.32999999999999985 515.9595673966282 1648.4027534473614
4.000000000000002 -0.31999999999999984 404.5081844638794 1275.7526699079206
4.000000000000002 -0.30999999999999983 317.0837249284755 987.3326249703626
4.000000000000002 -0.2999999999999998 248.5175739300329 764.1072514139767
4.000000000000002 -0.2899999999999998 194.7503477302971 591.3423316094107
4.000000000000002 -0.2799999999999998 152.59446350329898 457.6330859933919
4.000000000000002 -0.2699999999999998 119.54738400484318 354.1519542627248
4.000000000000002 -0.2599999999999998 93.64475641060442 274.0662976545699
4.000000000000002 -0.24999999999999978 73.34494983259415 212.08764446583044
4.000000000000002 -0.23999999999999977 57.43829882212731 164.122767481028
4.000000000000002 -0.22999999999999976 44.97578190724748 127.00359172490846
4.000000000000002 -0.21999999999999975 35.212985079289055 98.27812567522773
4.000000000000002 -0.20999999999999974 27.566083532892623 76.04863079097649
4.000000000000002 -0.19999999999999973 21.57727098229344 58.84635776355216
4.000000000000002 -0.18999999999999972 16.887614106665634 45.5345883262589
4.000000000000002 -0.17999999999999972 13.215741378202337 35.233587521626205
4.000000000000002 -0.1699999999999997 10.341115375385783 27.26251594408843
4.000000000000002 -0.1599999999999997 8.090905152939378 21.094469814578265
4.000000000000002 -0.1499999999999997 6.329685691522027 16.321682485234803
4.000000000000002 -0.13999999999999968 4.9513569978268475 12.628591160961287
4.000000000000002 -0.12999999999999967 3.8728056198581298 9.770991424449779
4.000000000000002 -0.11999999999999968 3.0289337093085376 7.559903754543912
4.000000000000002 -0.10999999999999968 2.3687612328690237 5.8490871045195885
4.000000000000002 -0.09999999999999969 1.8523701780162551 4.525375250412555
4.000000000000002 -0.08999999999999969 1.4485092940833995 3.5011978943476305
4.000000000000002 -0.0799999999999997 1.1327169517959237 2.708792695951627
4.000000000000002 -0.0699999999999997 0.8858503728164747 2.095726014134317
4.000000000000002 -0.0599999999999997 0.6929335685366148 1.6214265322894679
4.000000000000002 -0.0499999999999997 0.5422552453474865 1.2545028102082443
4.000000000000002 -0.039999999999999696 0.4246627920132217 0.9706675667042752
4.000000000000002 -0.029999999999999694 0.3330101369093189 0.7511315627925949
4.000000000000002 -0.01999999999999969 0.261726436113003 0.5813609697691444
4.000000000000002 -0.009999999999999691 0.206479768777806 0.4501161162904314
4.000000000000002 3.0878077872387166e-16 0.1639157004410206 0.3487080981619368
4.000000000000002 0.010000000000000309 0.1314550646988455 0.2704241311464104
4.000000000000002 0.02000000000000031 0.107138875834713 0.210083681282562
4.000000000000002 0.03000000000000031 0.0895111319742995 0.1636960557326374
4.000000000000002 0.04000000000000031 0.0775325708405914 0.128196851626486
4.000000000000002 0.050000000000000315 0.0705203372311168 0.101245884888597
4.000000000000002 0.06000000000000032 0.0681101286507374 0.0810733016963672
4.000000000000002 0.07000000000000031 0.070238802526461 0.0663637829662487
4.000000000000002 0.08000000000000031 0.0771467443522517 0.0561713009006042
4.000000000000002 0.0900000000000003 0.0894005956447983 0.0498589470965047
4.000000000000002 0.1000000000000003 0.107938309309243 0.0470600636041696
4.000000000000002 0.11000000000000029 0.1341400300034376 0.047658389372025
4.000000000000002 0.12000000000000029 0.1699300931454515 0.0517862887962764
4.000000000000002 0.13000000000000028 0.2179176229845506 0.059841454408301
4.000000000000002 0.1400000000000003 0.2815859407717986 0.072523870785896
4.000000000000002 0.1500000000000003 0.3655444607626222 0.0908963986431362
4.000000000000002 0.1600000000000003 0.4758611993430265 0.1164742105358331
4.000000000000002 0.17000000000000032 0.6204997654434526 0.151350633117732
4.000000000000002 0.18000000000000033 0.809892144714417 0.1983699146125612
4.000000000000002 0.19000000000000034 1.0576882618851475 0.261361283709428
4.000000000000002 0.20000000000000034 1.3817358883344935 0.3454537155440644
4.000000000000002 0.21000000000000035 1.8053608426440713 0.457497490874282
4.000000000000002 0.22000000000000036 2.359038764441741 0.606627480999633
4.000000000000002 0.23000000000000037 3.082577526101256 0.8050148507027528
4.000000000000002 0.24000000000000038 4.0279655328875394 1.0688695257532725
4.000000000000002 0.2500000000000004 5.263088284705929 1.4197766276092072
4.000000000000002 0.2600000000000004 6.876576925710838 1.8864778786509473
4.000000000000002 0.2700000000000004 8.984132370896496 2.5072460507157697
4.000000000000002 0.2800000000000004 11.736772528495575 3.333049967862708
4.000000000000002 0.2900000000000004 15.331585347035295 4.43177351642296
4.000000000000002 0.30000000000000043 20.02574626580055 5.893840077904494
4.000000000000002 0.31000000000000044 26.154787275254137 7.839711141916677
4.000000000000002 0.32000000000000045 34.156401933014635 10.42988439290129
4.000000000000002 0.33000000000000046 44.60145671351895 13.878225388696574
4.000000000000002 0.34000000000000047 58.2343803845104 18.469745522505164
4.000000000000002 0.3500000000000005 76.02575384578874 24.584310568443527
4.000000000000002 0.3600000000000005 99.24076718494933 32.72825980341815
4.000000000000002 0.3700000000000005 129.52830564639754 43.57657686757588
4.000000000000002 0.3800000000000005 169.03684542493895 58.02913534743653
4.000000000000002 0.3900000000000005 220.5651786948047 77.28571807048738
4.000000000000002 0.4000000000000005 287.7583675280972 102.94607726164847
4.000000000000002 0.41000000000000053 375.3624060308973 137.14339354075344
4.000000000000002 0.42000000000000054 489.5550519695781 182.7222790439988
4.000000000000002 0.43000000000000055 638.3754340180284 243.47618513732056
4.000000000000002 0.44000000000000056 832.2816830455686 324.464026251058
4.000000000000002 0.45000000000000057 1084.874404376865 432.4324281036246
4.000000000000002 0.4600000000000006 1413.8348515748994 576.3787960541222
4.000000000000002 0.4700000000000006 1842.1408825957294 768.3021022110017
4.000000000000002 0.4800000000000006 2399.64207143669 1024.203871309144
4.000000000000002 0.4900000000000006 3125.0988531913936 1365.4225846111863
4.000000000000002 0.5000000000000006 4068.8207479494754 1820.4123168345782
4.100000000000001 -0.5 -93988.9683349155 -85818.04999909257
4.100000000000001 -0.49 -73071.68039446905 -66223.29270205188
4.100000000000001 -0.48 -56808.1377857501 -51101.08167982377
4.100000000000001 -0.47 -44163.281896520166 -39430.88277823897
4.100000000000001 -0.45999999999999996 -34332.192203692066 -30424.95049317345
4.100000000000001 -0.44999999999999996 -26688.93349662638 -23475.2442676833
4.100000000000001 -0.43999999999999995 -20746.768972523474 -18112.446009105483
4.100000000000001 -0.42999999999999994 -16127.214650298913 -13974.32098757925
4.100000000000001 -0.41999999999999993 -12535.971093553042 -10781.29260095638
4.100000000000001 -0.4099999999999999 -9744.204562263918 -8317.586702646078
4.100000000000001 -0.3999999999999999 -7573.989030523486 -6416.675876226405
4.100000000000001 -0.3899999999999999 -5886.984495767354 -4950.043372233492
4.100000000000001 -0.3799999999999999 -4575.632380767511 -3818.5098376787746
4.100000000000001 -0.3699999999999999 -3556.3086015925364 -2945.538480458299
4.100000000000001 -0.3599999999999999 -2763.999165569785 -2272.0675137249973
4.100000000000001 -0.34999999999999987 -2148.1598494660493 -1752.52157383251
4.100000000000001 -0.33999999999999986 -1669.4967183274923 -1351.7332148230591
4.100000000000001 -0.32999999999999985 -1297.4627482441965 -1042.5668928836615
4.100000000000001 -0.31999999999999984 -1008.3113217891953 -804.0851895936477
4.100000000000001 -0.30999999999999983 -783.5827596226707 -620.1335677066311
4.100000000000001 -0.2999999999999998 -608.9275813970686 -478.24816665186097
4.100000000000001 -0.2899999999999998 -473.1916007805057 -368.81292578734707
4.100000000000001 -0.2799999999999998 -367.7046122611219 -284.409137836833
4.100000000000001 -0.2699999999999998 -285.72737871587884 -219.31351501628973
4.100000000000001 -0.2599999999999998 -222.02170100661283 -169.1108702028752
4.100000000000001 -0.24999999999999978 -172.51618389112775 -130.395250023712
4.100000000000001 -0.23999999999999977 -134.04640397091393 -100.53932701954666
4.100000000000001 -0.22999999999999976 -104.15292233590277 -77.51646636787258
4.100000000000001 -0.21999999999999975 -80.92426809916972 -59.76343962556317
4.100000000000001 -0.20999999999999974 -62.87488332326911 -46.0745033544792
4.100000000000001 -0.19999999999999973 -48.85024706147111 -35.51967943757807
4.100000000000001 -0.18999999999999972 -37.953128031003786 -27.381709280623305
4.100000000000001 -0.17999999999999972 -29.486261969664543 -21.107416240955086
4.100000000000001 -0.1699999999999997 -22.907796681146884 -16.270184686309324
4.100000000000001 -0.1599999999999997 -17.7966617793824 -12.541015797564157
4.100000000000001 -0.1499999999999997 -13.825653013120224 -9.66620032888528
4.100000000000001 -0.13999999999999968 -10.740513083773216 -7.450096192550937
4.100000000000001 -0.12999999999999967 -8.343673394825093 -5.7418441728028675
4.100000000000001 -0.11999999999999968 -6.481618554868992 -4.4251216262216095
4.100000000000001 -0.10999999999999968 -5.035066643842551 -3.4102397031777882
4.100000000000001 -0.09999999999999969 -3.9113379745156553 -2.6280483248583177
4.100000000000001 -0.08999999999999969 -3.0384247927984256 -2.025235599593981
4.100000000000001 -0.0799999999999997 -2.360382966868598 -1.5607028392606785
4.100000000000001 -0.0699999999999997 -1.8337511408505351 -1.202769230079648
4.100000000000001 -0.0599999999999997 -1.4247684576931328 -0.9270164526799604
4.100000000000001 -0.0499999999999997 -1.1072129738477163 -0.7146269387743056
4.100000000000001 -0.039999999999999696 -0.8607225501080195 -0.5511029327105199
4.100000000000001 -0.029999999999999694 -0.6694908392591528 -0.4252793618575298
4.100000000000001 -0.01999999999999969 -0.5212549700494574 -0.3285634595612954
4.100000000000001 -0.009999999999999691 -0.4065101791999508 -0.2543494788097358
4.100000000000001 3.0878077872387166e-16 -0.3179011597595826 -0.1975687268130146
4.100000000000001 0.010000000000000309 -0.2497512023770908 -0.1543443465297312
4.100000000000001 0.02000000000000031 -0.1976990286559521 -0.1217273944363064
4.100000000000001 0.03000000000000031 -0.1584201168490978 -0.0974962980485623
4.100000000000001 0.04000000000000031 -0.1294147414102137 -0.0800060979447902
4.100000000000001 0.050000000000000315 -0.1088492367810146 -0.0680772814901486
4.100000000000001 0.06000000000000032 -0.0954404276678243 -0.0609167314098429
4.100000000000001 0.07000000000000031 -0.0883759640062148 -0.0580655280413784
4.100000000000001 0.08000000000000031 -0.087265639749105 -0.0593702124769477
4.100000000000001 0.0900000000000003 -0.0921208130134254 -0.0649757691486764
4.100000000000001 0.1000000000000003 -0.1033609149164324 -0.0753401373845886
4.100000000000001 0.11000000000000029 -0.1218478597919051 -0.0912716234387496
4.100000000000001 0.12000000000000029 -0.1489510730107393 -0.1139922715847064
4.100000000000001 0.13000000000000028 -0.186647963576911 -0.1452321903156308
4.100000000000001 0.1400000000000003 -0.2376671315887836 -0.187362163299714
4.100000000000001 0.1500000000000003 -0.3056845852128899 -0.2435747818703504
4.100000000000001 0.1600000000000003 -0.3955869543087806 -0.318128039047469
4.100000000000001 0.17000000000000032 -0.5138203852189469 -0.4166701093171678
4.100000000000001 0.18000000000000033 -0.6688498085571292 -0.5466702730304998
4.100000000000001 0.19000000000000034 -0.8717610043013018 -0.7179891119215533
4.100000000000001 0.20000000000000034 -1.1370478795399 -0.943631836328759
4.100000000000001 0.21000000000000035 -1.48364031138015 -1.2407427390229966
4.100000000000001 0.22000000000000036 -1.9362446785732457 -1.6319174044458347
4.100000000000001 0.23000000000000037 -2.5270909575705662 -2.146933886680296
4.100000000000001 0.24000000000000038 -3.2982084748173075 -2.8250365210737445
4.100000000000001 0.2500000000000004 -4.304389003391379 -3.717948885388203
4.100000000000001 0.2600000000000004 -5.617043343974363 -4.893849023601211
4.100000000000001 0.2700000000000004 -7.329219033345409 -6.442614813601093
4.100000000000001 0.2800000000000004 -9.5621265007747 -8.48274614908329
4.100000000000001 0.2900000000000004 -12.473624158018842 -11.170501151775813
4.100000000000001 0.30000000000000043 -16.269246405472494 -14.711956162863613
4.100000000000001 0.31000000000000044 -21.21653116925033 -19.3789273122825
4.100000000000001 0.32000000000000045 -27.663626664457716 -25.529992926511838
4.100000000000001 0.33000000000000046 -36.06344512810142 -33.63825457957198
4.100000000000001 0.34000000000000047 -47.00500289028975 -44.32800152645643
4.100000000000001 0.3500000000000005 -61.25406517109673 -58.42313999636326
4.100000000000001 0.3600000000000005 -79.80583083439565 -77.01117014339525
4.100000000000001 0.3700000000000005 -103.95318581360237 -101.5277118104035
4.100000000000001 0.3800000000000005 -135.37507345928407 -133.86819149261117
4.100000000000001 0.3900000000000005 -176.25083840959104 -176.53543374038625
4.100000000000001 0.4000000000000005 -229.40807728745793 -232.83471833919126
4.100000000000001 0.41000000000000053 -298.51367510666887 -307.13159160842156
4.100000000000001 0.42000000000000054 -388.32044738432614 -405.19264914332985
4.100000000000001 0.43000000000000055 -504.9853036834183 -534.6360257325529
4.100000000000001 0.44000000000000056 -656.47929765408 -705.5269481290345
4.100000000000001 0.45000000000000057 -853.1155795017966 -931.165104594935
4.100000000000001 0.4600000000000006 -1108.2284264378995 -1229.125655805485
4.100000000000001 0.4700000000000006 -1439.045573682818 -1622.6356357882291
4.100000000000001 0.4800000000000006 -1867.8074663877615 -2142.393828519171
4.100000000000001 0.4900000000000006 -2423.201363993524 -2828.977014045563
4.100000000000001 0.5000000000000006 -3142.196129390832 -3736.0214736138846
4.200000000000001 -0.5 121261.65538617101 18268.13908464997
4.200000000000001 -0.49 94009.21690881057 13805.096564116287
4.200000000000001 -0.48 72880.52141621658 10425.599882589984
4.200000000000001 -0.47 56499.761053936905 7867.996745474365
4.200000000000001 -0.45999999999999996 43800.1769671013 5933.523000367031
4.200000000000001 -0.44999999999999996 33954.64881726036 4471.249427836819
4.200000000000001 -0.43999999999999995 26321.870862042826 3366.6186700900303
4.200000000000001 -0.42999999999999994 20404.615125429533 2532.718831042181
4.200000000000001 -0.41999999999999993 15817.367749297458 1903.6425832007058
4.200000000000001 -0.4099999999999999 12261.233866582737 1429.4350913855244
4.200000000000001 -0.3999999999999999 9504.47883811536 1072.2519911082218
4.200000000000001 -0.3899999999999999 7367.440137021793 803.4386656401306
4.200000000000001 -0.3799999999999999 5710.828349300307 601.310744886485
4.200000000000001 -0.3699999999999999 4426.656148108828 449.46814150895796
4.200000000000001 -0.3599999999999999 3431.205011424602 335.51489733871273
4.200000000000001 -0.34999999999999987 2659.571993563205 250.08757914551953
4.200000000000001 -0.33999999999999986 2061.44164379091 186.11818553608697
4.200000000000001 -0.32999999999999985 1597.8078700858205 138.27522325461624
4.200000000000001 -0.31999999999999984 1238.4323538634687 102.54009252284965
4.200000000000001 -0.30999999999999983 959.8740500948128 75.88618820596238
4.200000000000001 -0.2999999999999998 743.9614728344984 56.03594037839623
4.200000000000001 -0.2899999999999998 576.6082853030249 41.27696717897524
4.200000000000001 -0.2799999999999998 446.8950604235726 30.323039301170425
4.200000000000001 -0.2699999999999998 346.3574054677558 22.20899816075041
4.200000000000001 -0.2599999999999998 268.4340802738494 16.211387251615978
4.200000000000001 -0.24999999999999978 208.0391563798498 11.788545501687238
4.200000000000001 -0.23999999999999977 161.23034213693506 8.535422738553105
4.200000000000001 -0.22999999999999976 124.95186201088899 6.1495250589478
4.200000000000001 -0.21999999999999975 96.83513440432753 4.405269082379249
4.200000000000001 -0.20999999999999974 75.04425747366705 3.134685078954856
4.200000000000001 -0.19999999999999973 58.156231634496464 2.2129102695198064
4.200000000000001 -0.18999999999999972 45.068110770872295 1.5472936042099166
4.200000000000001 -0.17999999999999972 34.92502893263039 1.0692212397782024
4.200000000000001 -0.1699999999999997 27.06440977026123 0.7279899605360662
4.200000000000001 -0.1599999999999997 20.972720706169973 0.4862207972089525
4.200000000000001 -0.1499999999999997 16.251951562087324 0.3164299120478262
4.200000000000001 -0.13999999999999968 12.59363131238835 0.198468171502233
4.200000000000001 -0.12999999999999967 9.758688105912448 0.1176121087523334
4.200000000000001 -0.11999999999999968 7.561838710044462 0.06314279371487
4.200000000000001 -0.10999999999999968 5.859488904070572 0.0272897291527436
4.200000000000001 -0.09999999999999969 4.540355329376145 0.0044475010179273
4.200000000000001 -0.08999999999999969 3.5181968136822737 -0.0094040291467801
4.200000000000001 -0.0799999999999997 2.726180793529812 -0.0171278430937418
4.200000000000001 -0.0699999999999997 2.1125171327545806 -0.0207449918019341
4.200000000000001 -0.0599999999999997 1.6370743282880573 -0.0216659090944088
4.200000000000001 -0.0499999999999997 1.2687571992469702 -0.0208594201574289
4.200000000000001 -0.039999999999999696 0.9834748505741078 -0.0189755150825445
4.200000000000001 -0.029999999999999694 0.7625662289263477 -0.0164337990951788
4.200000000000001 -0.01999999999999969 0.5915804585552633 -0.0134864052126377
4.200000000000001 -0.009999999999999691 0.4593323067866438 -0.010261799629285
4.200000000000001 3.0878077872387166e-16 0.3571710932447112 -0.0067941262725445
4.200000000000001 0.010000000000000309 0.2784152961875221 -0.0030413730493607
4.200000000000001 0.02000000000000031 0.2179159327745814 0.0011054183447149
4.200000000000001 0.03000000000000031 0.1717202041546837 0.0058205256215944
4.200000000000001 0.04000000000000031 0.1368134502188074 0.0113488377818288
4.200000000000001 0.050000000000000315 0.1109225807028583 0.0180180317507961
4.200000000000001 0.06000000000000032 0.0923681736713285 0.0262582047608409
4.200000000000001 0.07000000000000031 0.0799556223580471 0.0366301631215708
4.200000000000001 0.08000000000000031 0.0728982756078011 0.0498642735705153
4.200000000000001 0.0900000000000003 0.0707676237347372 0.0669126210397546
4.200000000000001 0.1000000000000003 0.0734673686894524 0.0890182520416813
4.200000000000001 0.11000000000000029 0.0812298024390419 0.1178065961399166
4.200000000000001 0.12000000000000029 0.094634404720991 0.1554058500360253
4.200000000000001 0.13000000000000028 0.1146500587870872 0.2046053090762805
4.200000000000001 0.1400000000000003 0.142703869325759 0.269063507303738
4.200000000000001 0.1500000000000003 0.1807813545877376 0.3535817986877382
4.200000000000001 0.1600000000000003 0.2315648918051422 0.4644639660829099
4.200000000000001 0.17000000000000032 0.2986198583746414 0.6099889581351225
4.200000000000001 0.18000000000000033 0.3866410966089472 0.8010324241215889
4.200000000000001 0.19000000000000034 0.5017763413707281 1.051883996061848
4.200000000000001 0.20000000000000034 0.6520483425420986 1.381322117107712
4.200000000000001 0.21000000000000035 0.8479039086322759 1.8140277693811089
4.200000000000001 0.22000000000000036 1.1029263984298785 2.382444207845405
4.200000000000001 0.23000000000000037 1.4347588056156249 3.129223729915865
4.200000000000001 0.24000000000000038 1.8662981622910209 4.110447201172658
4.200000000000001 0.2500000000000004 2.4272393457746673 5.399860941276379
4.200000000000001 0.2600000000000004 3.1560685335136496 7.094453168382119
4.200000000000001 0.2700000000000004 4.102634799293284 9.32179446312077
4.200000000000001 0.2800000000000004 5.331464287308217 12.24970150343616
4.200000000000001 0.2900000000000004 6.926027039476948 16.098961006597737
4.200000000000001 0.30000000000000043 8.994224362460342 21.160085071998523
4.200000000000001 0.31000000000000044 11.675437652050292 27.815377993959018
4.200000000000001 0.32000000000000045 15.14957156726437 36.568001919337384
4.200000000000001 0.33000000000000046 19.64863987259469 48.08026588162167
4.200000000000001 0.34000000000000047 25.471586543100113 63.22407121614903
4.200000000000001 0.3500000000000005 33.00321423071528 83.14738087168386
4.200000000000001 0.3600000000000005 42.73831432123734 109.36181289862037
4.200000000000001 0.3700000000000005 55.31236595504396 143.858084722807
4.200000000000001 0.3800000000000005 71.54050472791926 189.25818048917753
4.200000000000001 0.3900000000000005 92.46686489998181 249.01594477889483
4.200000000000001 0.4000000000000005 119.42688096825866 327.68154142853393
4.200000000000001 0.41000000000000053 154.12570273690807 431.2501450777345
4.200000000000001 0.42000000000000054 198.7365357718405 567.6217368580365
4.200000000000001 0.43000000000000055 256.0234618138413 747.2074575186803
4.200000000000001 0.44000000000000056 329.494103365716 983.7292950625905
4.200000000000001 0.45000000000000057 423.588333194002 1295.2748251318071
4.200000000000001 0.4600000000000006 543.9100177268226 1705.6884353881424
4.200000000000001 0.4700000000000006 697.5093937097665 2246.406471935169
4.200000000000001 0.4800000000000006 893.2238975469448 2958.878052267707
4.200000000000001 0.4900000000000006 1142.0847596351855 3897.7585380661803
4.200000000000001 0.5000000000000006 1457.7949200473067 5135.122332948857
4.300000000000001 -0.5 -106846.34884219832 50427.633882689
4.300000000000001 -0.49 -82641.9244797985 39381.124657521825
4.300000000000001 -0.48 -63919.598619727825 30752.116898609078
4.300000000000001 -0.47 -49437.95666682834 24012.08194835511
4.300000000000001 -0.45999999999999996 -38236.648314166065 18747.916939986608
4.300000000000001 -0.44999999999999996 -29572.76454770365 14636.765749132957
4.300000000000001 -0.43999999999999995 -22871.614002514852 11426.32580032928
4.300000000000001 -0.42999999999999994 -17688.640357241267 8919.447068510504
4.300000000000001 -0.41999999999999993 -13679.959618118677 6962.088977717891
4.300000000000001 -0.4099999999999999 -10579.566561384356 5433.903991670608
4.300000000000001 -0.3999999999999999 -8181.70098469414 4240.8757013400955
4.300000000000001 -0.3899999999999999 -6327.205948905571 3309.5636962398094
4.300000000000001 -0.3799999999999999 -4892.974455656828 2582.604945016278
4.300000000000001 -0.3699999999999999 -3783.7854811019483 2015.1976728798024
4.300000000000001 -0.3599999999999999 -2925.9884966763866 1572.3534042013162
4.300000000000001 -0.34999999999999987 -2262.618019729497 1226.7495380078158
4.300000000000001 -0.33999999999999986 -1749.614449026572 957.0513617427183
4.300000000000001 -0.32999999999999985 -1352.9007193658138 746.6009926512302
4.300000000000001 -0.31999999999999984 -1046.1210051758214 582.3930954679767
4.300000000000001 -0.30999999999999983 -808.8915672505703 454.2747134593592
4.300000000000001 -0.2999999999999998 -625.4477732258584 354.3202270277699
4.300000000000001 -0.2899999999999998 -483.59757754682687 276.34314952923853
4.300000000000001 -0.2799999999999998 -373.9120588288921 215.51483288848374
4.300000000000001 -0.2699999999999998 -289.099326658033 168.06669408195657
4.300000000000001 -0.2599999999999998 -223.52026665520813 131.05768512535406
4.300000000000001 -0.24999999999999978 -172.81399721107056 102.19272488317722
4.300000000000001 -0.23999999999999977 -133.6081866462375 79.68093413067781
4.300000000000001 -0.22999999999999976 -103.29500764082482 62.12495617457793
4.300000000000001 -0.21999999999999975 -79.85785950718994 48.434552842676496
4.300000000000001 -0.20999999999999974 -61.73735674603559 37.75915620531924
4.300000000000001 -0.19999999999999973 -47.7276875287356 29.43522103395859
4.300000000000001 -0.18999999999999972 -36.89646096200961 22.945132917698253
4.300000000000001 -0.17999999999999972 -28.52272080298223 17.885137802324873
4.300000000000001 -0.1699999999999997 -22.049009048100782 13.940313996107129
4.300000000000001 -0.1599999999999997 -17.044295467721753 10.865041411799572
4.300000000000001 -0.1499999999999997 -13.175310546929595 8.467761567661876
4.300000000000001 -0.13999999999999968 -10.184377267103107 6.599086426822017
4.300000000000001 -0.12999999999999967 -7.872268732748705 5.142520749250178
4.300000000000001 -0.11999999999999968 -6.084952444445616 4.007223950429086
4.300000000000001 -0.10999999999999968 -4.703340188119469 3.122363417532559
4.300000000000001 -0.09999999999999969 -3.635362184488641 2.432709571833035
4.300000000000001 -0.08999999999999969 -2.8098385717894576 1.8951997346136025
4.300000000000001 -0.0799999999999997 -2.1717407297828206 1.4762577786538178
4.300000000000001 -0.0699999999999997 -1.6785273219868673 1.1497033190863775
4.300000000000001 -0.0599999999999997 -1.2973113684217357 0.8951206983710831
4.300000000000001 -0.0499999999999997 -1.0026699062440496 0.6965865008373502
4.300000000000001 -0.039999999999999696 -0.7749505191353209 0.541676549617328
4.300000000000001 -0.029999999999999694 -0.59896205574553 0.420690663999838
4.300000000000001 -0.01999999999999969 -0.4629624075117389 0.3260469579325774
4.300000000000001 -0.009999999999999691 -0.3578759741038759 0.2518079744848358
4.300000000000001 3.0878077872387166e-16 -0.2766887233014574 0.1933091259236136
4.300000000000001 0.010000000000000309 -0.2139805664607014 0.1468662494528539
4.300000000000001 0.02000000000000031 -0.1655639059225536 0.1095439858444234
4.300000000000001 0.03000000000000031 -0.1282042737455735 0.0789704438383991
4.300000000000001 0.04000000000000031 -0.0994044412684903 0.053186457929303
4.300000000000001 0.050000000000000315 -0.077237598839625 0.0305198546102493
4.300000000000001 0.06000000000000032 -0.0602184646392966 0.0094766394545188
4.300000000000001 0.07000000000000031 -0.0472036968769161 -0.011358007210961
4.300000000000001 0.08000000000000031 -0.0373149210117911 -0.0334155304625271
4.300000000000001 0.0900000000000003 -0.0298791704460296 -0.0582431375027997
4.300000000000001 0.1000000000000003 -0.0243826722808117 -0.0876131988771544
4.300000000000001 0.11000000000000029 -0.0204347618503091 -0.1236507183491928
4.300000000000001 0.12000000000000029 -0.0177393337614507 -0.1689881139628697
4.300000000000001 0.13000000000000028 -0.0160716693824609 -0.2269586673012632
4.300000000000001 0.1400000000000003 -0.0152587427301489 -0.3018429524858198
4.300000000000001 0.1500000000000003 -0.0151612060792339 -0.3991865776613256
4.300000000000001 0.1600000000000003 -0.0156551864069128 -0.5262129663431754
4.300000000000001 0.17000000000000032 -0.0166117606696157 -0.6923620845176977
4.300000000000001 0.18000000000000033 -0.0178714787318099 -0.9099955273610234
4.300000000000001 0.19000000000000034 -0.0192104990462547 -1.1953209393246291
4.300000000000001 0.20000000000000034 -0.020293691947936 -1.569605307734526
4.300000000000001 0.21000000000000035 -0.0206083014572214 -2.0607685028158453
4.300000000000001 0.22000000000000036 -0.0193692297162431 -2.7054771977758367
4.300000000000001 0.23000000000000037 -0.0153834243605098 -3.5518971820061895
4.300000000000001 0.24000000000000038 -0.006855796329162 -4.663311966574009
4.300000000000001 0.2500000000000004 0.0088880009650363 -6.122881281025059
4.300000000000001 0.2600000000000004 0.0357965410065684 -8.039899592868824
4.300000000000001 0.2700000000000004 0.0796538501326936 -10.558028762690569
4.300000000000001 0.2800000000000004 0.1488747998504874 -13.866129102752396
4.300000000000001 0.2900000000000004 0.2556296269192213 -18.212510939476193
4.300000000000001 0.30000000000000043 0.4174302215368986 -23.923689461967143
4.300000000000001 0.31000000000000044 0.6593632582418429 -31.42906918041522
4.300000000000001 0.32000000000000045 1.017228154711173 -41.29343711559022
4.300000000000001 0.33000000000000046 1.5419391556958821 -54.259740715291045
4.300000000000001 0.34000000000000047 2.3056915283535346 -71.30541338775947
4.300000000000001 0.3500000000000005 3.41058711550356 -93.7165480734967
4.300000000000001 0.3600000000000005 5.000685355531878 -123.18558743546312
4.300000000000001 0.3700000000000005 7.278821442132923 -161.94000358979375
4.300000000000001 0.3800000000000005 10.530053824048963 -212.91182012964413
4.300000000000001 0.3900000000000005 15.154324422277298 -279.9609683601385
4.300000000000001 0.4000000000000005 21.71191378844233 -368.1696108000981
4.300000000000001 0.41000000000000053 30.98665644444668 -484.230028341458
4.300000000000001 0.42000000000000054 44.073796087929225 -636.9558756056545
4.300000000000001 0.43000000000000055 62.50200981192694 -837.9561197148755
4.300000000000001 0.44000000000000056 88.40279641445602 -1102.5235268583501
4.300000000000001 0.45000000000000057 124.74549532587889 -1450.8061197248096
4.300000000000001 0.4600000000000006 175.66321742978812 -1909.35187816418
4.300000000000001 0.4700000000000006 246.90467040943804 -2513.1457850805045
4.300000000000001 0.4800000000000006 346.4602765809773 -3308.2963579082634
4.300000000000001 0.4900000000000006 485.4295303829199 -4355.578990915788
4.300000000000001 0.5000000000000006 679.222188191299 -5735.109636972587
4.4 -0.5 58453.65369572715 -97669.7406579147
4.4 -0.49 45009.35471391471 -75846.34009808328
4.4 -0.48 34655.41380309683 -58898.084318898225
4.4 -0.47 26681.870718275743 -45736.15975862446
4.4 -0.45999999999999996 20541.77871641297 -35514.871659559794
4.4 -0.44999999999999996 15813.79465869509 -27577.37146823883
4.4 -0.43999999999999995 12173.349983148008 -21413.49684388828
4.4 -0.42999999999999994 9370.435268551488 -16627.02163934842
4.4 -0.41999999999999993 7212.481925101302 -12910.216094706162
4.4 -0.4099999999999999 5551.172101205589 -10024.085910879929
4.4 -0.3999999999999999 4272.275831285027 -7783.02282487507
4.4 -0.3899999999999999 3287.820997417962 -6042.882084197054
4.4 -0.3799999999999999 2530.0608967264616 -4691.721917252769
4.4 -0.3699999999999999 1946.8269366258762 -3642.610785459606
4.4 -0.3599999999999999 1497.9485800031764 -2828.0408118799323
4.4 -0.34999999999999987 1152.495576659347 -2195.5888035894404
4.4 -0.33999999999999986 886.6537147738185 -1704.5463202493854
4.4 -0.32999999999999985 682.0886375738955 -1323.3024171954098
4.4 -0.31999999999999984 524.6856491382067 -1027.3109920373238
4.4 -0.30999999999999983 403.5791561546085 -797.5121848919734
4.4 -0.2999999999999998 310.4052145865745 -619.1064290829747
4.4 -0.2899999999999998 238.72592455127574 -480.60239008138495
4.4 -0.2799999999999998 183.5861861543423 -373.0776174228786
4.4 -0.2699999999999998 141.17239740818204 -289.6043951933173
4.4 -0.2599999999999998 108.54966226078369 -224.80388769326242
4.4 -0.24999999999999978 83.45945970117724 -174.49991878594963
4.4 -0.23999999999999977 64.16387191342511 -135.4501250362387
4.4 -0.22999999999999976 49.325664148581616 -105.13719487012231
4.4 -0.21999999999999975 37.915969944212584 -81.6067677555755
4.4 -0.20999999999999974 29.143230973705318 -63.34156672412169
4.4 -0.19999999999999973 22.398500939854177 -49.16366698680979
4.4 -0.18999999999999972 17.21334754450246 -38.15861252963795
4.4 -0.17999999999999972 13.227452720852234 -29.616497588752235
4.4 -0.1699999999999997 10.163678375891623 -22.98622105471405
4.4 -0.1599999999999997 7.808878594033883 -17.83996923623987
4.4 -0.1499999999999997 5.999134836770513 -13.84564047288535
4.4 -0.13999999999999968 4.608395281068249 -10.745436112352186
4.4 -0.12999999999999967 3.539733981547416 -8.3392392055075
4.4 -0.11999999999999968 2.7186261248804047 -6.471710430326134
4.4 -0.10999999999999968 2.0877746754929873 -5.022270046633917
4.4 -0.09999999999999969 1.6031307447645333 -3.897320493026804
4.4 -0.08999999999999969 1.2308324107954698 -3.0242085152090983
4.4 -0.0799999999999997 0.9448501398149673 -2.34653774089787
4.4 -0.0699999999999997 0.7251757779584237 -1.8205295968728883
4.4 -0.0599999999999997 0.5564296540953394 -1.4121979946777297
4.4 -0.0499999999999997 0.4267892483045026 -1.095155638247977
4.4 -0.039999999999999696 0.3271651286604459 -0.8489105031681925
4.4 -0.029999999999999694 0.2505669747551313 -0.6575426225433132
4.4 -0.01999999999999969 0.1916156701180024 -0.5086758216444803
4.4 -0.009999999999999691 0.1461675655142978 -0.3926780499943839
4.4 3.0878077872387166e-16 0.11102478935804 -0.3020386887823471
4.4 0.010000000000000309 0.0837114468266756 -0.2308826113440382
4.4 0.02000000000000031 0.0623001175440497 -0.1745895782844114
4.4 0.03000000000000031 0.0452765482690535 -0.1294943226279533
4.4 0.04000000000000031 0.0314330824448927 -0.0926478590109388
4.4 0.050000000000000315 0.0197833550103305 -0.0616244660290177
4.4 0.06000000000000032 0.0094922450505709 -0.0343616920145263
4.4 0.07000000000000031 -0.0001838792873727 -0.009022805145001
4.4 0.08000000000000031 -0.0099508993154877 0.0161275223849311
4.4 0.0900000000000003 -0.0205285601994893 0.0428427573813495
4.4 0.1000000000000003 -0.0327037537490082 0.073017567904312
4.4 0.11000000000000029 -0.047389443085116 0.1088231074532669
4.4 0.12000000000000029 -0.0656936830771185 0.1528642552785181
4.4 0.13000000000000028 -0.0890040117666746 0.2083702850814753
4.4 0.1400000000000003 -0.1190937182288062 0.2794330165351266
4.4 0.1500000000000003 -0.1582582317098451 0.371310130555307
4.4 0.1600000000000003 -0.2094922662874894 0.490816278630675
4.4 0.17000000000000032 -0.2767215878294194 0.6468312671831604
4.4 0.18000000000000033 -0.3651076070029848 0.8509634573101266
4.4 0.19000000000000034 -0.4814487946356755 1.1184182638488456
4.4 0.20000000000000034 -0.634710633868965 1.469137161012377
4.4 0.21000000000000035 -0.8367260952482306 1.9292930893116085
4.4 0.22000000000000036 -1.1031222843795678 2.533255174670596
4.4 0.23000000000000037 -1.4545470856724383 3.3261712808727184
4.4 0.24000000000000038 -1.9182938028597147 4.367363846207984
4.4 0.2500000000000004 -2.53045397045124 5.7347963006481155
4.4 0.2600000000000004 -3.338771341781056 7.530948866348036
4.4 0.2700000000000004 -4.406427105581274 9.890549973818636
4.4 0.2800000000000004 -5.817062399295015 12.990751143495917
4.4 0.2900000000000004 -7.68144553498665 17.064519897361127
4.4 0.30000000000000043 -10.146326547990446 22.418271481305034
4.4 0.31000000000000044 -13.406202125096124 29.455084915991904
4.4 0.32000000000000045 -17.718954955520097 38.7052772723554
4.4 0.33000000000000046 -23.426653578134058 50.86667527122482
4.4 0.34000000000000047 -30.983229392025333 66.85766917804624
4.4 0.3500000000000005 -40.99132361626868 87.88711844113497
4.4 0.3600000000000005 -54.25136830777552 115.54647818159309
4.4 0.3700000000000005 -71.82699889510391 151.93123171480767
4.4 0.3800000000000005 -95.13228100677561 199.8009806075226
4.4 0.3900000000000005 -126.04809282959066 262.79053733732377
4.4 0.4000000000000005 -167.07749917239954 345.6883204952397
4.4 0.41000000000000053 -221.5533052159664 454.80357827425485
4.4 0.42000000000000054 -293.91548417757514 598.4508723026007
4.4 0.43000000000000055 -390.0822359385936 787.589382607506
4.4 0.44000000000000056 -517.9465969410703 1036.66666262989
4.4 0.45000000000000057 -688.041521519628 1364.7324295076603
4.4 0.4600000000000006 -914.4311885960794 1796.909074742587
4.4 0.4700000000000006 -1215.9063075205336 2366.3334851839672
4.4 0.4800000000000006 -1617.588237756713 3116.7216723010674
4.4 0.4900000000000006 -2153.083291305662 4105.756527722804
4.4 0.5000000000000006 -2867.378042065922 5409.563603303635
4.5 -0.5 5617.262261756079 109511.72904905358
4.5 -0.49 4669.251644550217 84836.89277366994
4.5 -0.48 3863.304300734604 65720.81789974966
4.5 -0.47 3183.5204310846666 50911.42502847559
4.5 -0.45999999999999996 2613.9556460139474 39438.613086973
4.5 -0.44999999999999996 2139.4475493821024 30550.765792843693
4.5 -0.43999999999999995 1746.0722834497417 23665.552754196047
4.5 -0.42999999999999994 1421.3557761549123 18331.80749969837
4.5 -0.41999999999999993 1154.327017172051 14199.988917166802
4.5 -0.4099999999999999 935.4737991270822 10999.293803368171
4.5 -0.3999999999999999 756.6421521318063 8519.923155910485
4.5 -0.3899999999999999 610.9070776936286 6599.341887252208
4.5 -0.3799999999999999 492.43261007456306 5111.632834439611
4.5 -0.3699999999999999 396.33256901762417 3959.2483453611
4.5 -0.3599999999999999 318.5387906875594 3066.6195719866837
4.5 -0.34999999999999987 255.6805317382483 2375.2051454408174
4.5 -0.33999999999999986 204.9766978848652 1839.6550925204908
4.5 -0.32999999999999985 164.14123780775572 1424.8388360036467
4.5 -0.31999999999999984 131.30123919456395 1103.5426738716285
4.5 -0.30999999999999983 104.92680455965571 854.6859534884364
4.5 -0.2999999999999998 83.771555610246 661.9391117535647
4.5 -0.2899999999999998 66.82253594175356 512.6530621461891
4.5 -0.2799999999999998 53.258296819884265 397.02979544057064
4.5 -0.2699999999999998 42.41402144588983 307.4798563628051
4.5 -0.2599999999999998 33.75264356076644 238.12459704354535
4.5 -0.24999999999999978 26.841029518246152 184.4105906296698
4.5 -0.23999999999999977 21.330408171630566 142.8109354095815
4.5 -0.22999999999999976 16.94034345981903 110.59387213350456
4.5 -0.21999999999999975 13.445646702314527 85.6435474693468
4.5 -0.20999999999999974 10.665717506170887 66.32117343855394
4.5 -0.19999999999999973 8.455883278081993 51.35747992714887
4.5 -0.18999999999999972 6.700377825582515 39.76940830199065
4.5 -0.17999999999999972 5.3066600852140935 30.795583084314508
4.5 -0.1699999999999997 4.200825530973544 23.846329601670647
4.5 -0.1599999999999997 3.3239062944830984 18.46495918335374
4.5 -0.1499999999999997 2.6288924750591915 14.29778225056131
4.5 -0.13999999999999968 2.0783374959387007 11.070881981675615
4.5 -0.12999999999999967 1.6424355566232882 8.572124602882173
4.5 -0.11999999999999968 1.297480035583553 6.637225818062159
4.5 -0.10999999999999968 1.0246288116910904 5.138958957163064
4.5 -0.09999999999999969 0.8089165043131182 3.9787965276213546
4.5 -0.08999999999999969 0.6384651019506078 3.080436508150737
4.5 -0.0799999999999997 0.5038538007601835 2.384788394568959
4.5 -0.0699999999999997 0.3976164809434652 1.8460898012368672
4.5 -0.0599999999999997 0.313841424094572 1.428898620073788
4.5 -0.0499999999999997 0.247852879390615 1.1057632075609003
4.5 -0.039999999999999696 0.1959581378878384 0.8554175774415232
4.5 -0.029999999999999694 0.155247051646704 0.6613830420307765
4.5 -0.01999999999999969 0.123433586217311 0.5108844287623133
4.5 -0.009999999999999691 0.0987311435443429 0.3940096511088975
4.5 3.0878077872387166e-16 0.0797551387281615 0.3030573889797246
4.5 0.010000000000000309 0.0654477422496649 0.232029980960691
4.5 0.02000000000000031 0.0550208794822304 0.176238158988125
4.5 0.03000000000000031 0.0479145712217814 0.131991589753707
4.5 0.04000000000000031 0.0437685543822108 0.0963548066185524
4.5 0.050000000000000315 0.0424058874501264 0.0669523885052263
4.5 0.06000000000000032 0.043827964463343 0.0418104467340413
4.5 0.07000000000000031 0.0482210775014377 0.0192238249288863
4.5 0.08000000000000031 0.0559754265650767 -0.0023599485108656
4.5 0.0900000000000003 0.0677183281342266 -0.0244478884462545
4.5 0.1000000000000003 0.0843643792394267 -0.0486074126064707
4.5 0.11000000000000029 0.1071865651824669 -0.0765783234957316
4.5 0.12000000000000029 0.1379138471162876 -0.1103989777849267
4.5 0.13000000000000028 0.1788627468065763 -0.1525558693464222
4.5 0.1400000000000003 0.2331130104659722 -0.2061676944467712
4.5 0.1500000000000003 0.3047407777664289 -0.2752176371412732
4.5 0.1600000000000003 0.3991270632228529 -0.3648513179538146
4.5 0.17000000000000032 0.523365113490697 -0.4817628767898296
4.5 0.18000000000000033 0.6867977818593614 -0.6346984005398839
4.5 0.19000000000000034 0.9017260494091927 -0.8351148777502216
4.5 0.20000000000000034 1.1843429995123602 -1.0980447605116423
4.5 0.21000000000000035 1.5559649485236773 -1.443231957789402
4.5 0.22000000000000036 2.0446544139093072 -1.896625894366144
4.5 0.23000000000000037 2.68735996728314 -2.4923477599238115
4.5 0.24000000000000038 3.5327381664841626 -3.2752793800372757
4.5 0.2500000000000004 4.64487586008164 -4.3044730919216
4.5 0.2600000000000004 6.108201417230214 -5.6576443434254795
4.5 0.2700000000000004 8.033966439858565 -7.437092404828963
4.5 0.2800000000000004 10.56880267746875 -9.777505143484792
4.5 0.2900000000000004 13.906022038072205 -12.856249939872644
4.5 0.30000000000000043 18.300543865815264 -16.90694601592941
4.5 0.31000000000000044 24.08862045140497 -22.237368934543817
4.5 0.32000000000000045 31.713912230462142 -29.25307600257097
4.5 0.33000000000000046 41.76196916618796 -38.488588538761206
4.5 0.34000000000000047 55.005845522829304 -50.64855896104423
4.5 0.3500000000000005 72.46646643389549 -66.66213452050434
4.5 0.3600000000000005 95.4925494909808 -87.75476780353266
4.5 0.3700000000000005 125.8664606683103 -115.54309988701796
4.5 0.3800000000000005 165.94448171047043 -152.16036558536092
4.5 0.3900000000000005 218.84276006801636 -200.42218817883514
4.5 0.4000000000000005 288.6839359565845 -264.0458382645661
4.5 0.41000000000000053 380.9244066745101 -347.94028713418766
4.5 0.42000000000000054 502.7888148092423 -458.590034229857
4.5 0.43000000000000055 663.847196251947 -604.5631897830627
4.5 0.44000000000000056 876.7820503347915 -797.1842588938853
4.5 0.45000000000000057 1158.4084115335288 -1051.4253161848944
4.5 0.4600000000000006 1531.0311733818949 -1387.0868656219275
4.5 0.4700000000000006 2024.252276027683 -1830.3630942856644
4.5 0.4800000000000006 2677.3783928672797 -2415.917380309283
4.5 0.4900000000000006 3542.6307759853803 -3189.635376495375
4.5 0.5000000000000006 4689.42745132648 -4212.278195423741
4.6 -0.5 -63239.27689091032 -84614.17586322526
4.6 -0.49 -49244.90210185201 -65378.76610438708
4.6 -0.48 -38345.89851963976 -50515.07531676596
4.6 -0.47 -29857.950063047527 -39029.76450488883
4.6 -0.45999999999999996 -23247.94947494848 -30155.146608269028
4.6 -0.44999999999999996 -18100.604590728664 -23297.938286112025
4.6 -0.43999999999999995 -14092.415338634379 -17999.64809079437
4.6 -0.42999999999999994 -10971.395534459152 -13905.959478582441
4.6 -0.41999999999999993 -8541.271987200002 -10743.066624880821
4.6 -0.4099999999999999 -6649.17291178772 -8299.38449513922
4.6 -0.3999999999999999 -5176.0355379951325 -6411.412931825334
4.6 -0.3899999999999999 -4029.1326733183673 -4952.811513888241
4.6 -0.3799999999999999 -3136.250400226585 -3825.9560766977115
4.6 -0.3699999999999999 -2441.152313767645 -2955.413311561434
4.6 -0.3599999999999999 -1900.0461677790295 -2282.8978228094957
4.6 -0.34999999999999987 -1478.831513328538 -1763.3749332799816
4.6 -0.33999999999999986 -1150.9557935490022 -1362.0489877377188
4.6 -0.32999999999999985 -895.7444547026956 -1052.036004459813
4.6 -0.31999999999999984 -697.1003222855912 -812.5652077053123
4.6 -0.30999999999999983 -542.4906272870633 -627.5892838719137
4.6 -0.2999999999999998 -422.1580967556545 -484.7104963673221
4.6 -0.2899999999999998 -328.50657134592836 -374.3508888034866
4.6 -0.2799999999999998 -255.62255887844537 -289.111110112858
4.6 -0.2699999999999998 -198.90266174838334 -223.27499629444424
4.6 -0.2599999999999998 -154.76346091186045 -172.42678249968924
4.6 -0.24999999999999978 -120.4156160601274 -133.1553459969164
4.6 -0.23999999999999977 -93.68797460470321 -102.82569756775285
4.6 -0.22999999999999976 -72.89062385199215 -79.40243441182479
4.6 -0.21999999999999975 -56.70826809735905 -61.31334180430012
4.6 -0.20999999999999974 -44.11721871779578 -47.34401555779215
4.6 -0.19999999999999973 -34.32077021692417 -36.556452090369376
4.6 -0.18999999999999972 -26.698891713812017 -28.226156184895103
4.6 -0.17999999999999972 -20.769064132899764 -21.793555449860417
4.6 -0.1699999999999997 -16.155794882396968 -16.826467842813923
4.6 -0.1599999999999997 -12.566888149550847 -12.99110837256262
4.6 -0.1499999999999997 -9.774974406486843 -10.029692700646065
4.6 -0.13999999999999968 -7.603134040411475 -7.743137028467091
4.6 -0.12999999999999967 -5.913708019246314 -5.977694914330222
4.6 -0.11999999999999968 -4.599589397767917 -4.614635335417613
4.6 -0.10999999999999968 -3.577445893389822 -3.562270028759845
4.6 -0.09999999999999969 -2.7824455549154568 -2.7497955401562306
4.6 -0.08999999999999969 -2.164152375952211 -2.1225370117270987
4.6 -0.0799999999999997 -1.6833325360094655 -1.6382746843423903
4.6 -0.0699999999999997 -1.3094694354636922 -1.2644066684223814
4.6 -0.0599999999999997 -1.0188304460193611 -0.9757576037332814
4.6 -0.0499999999999997 -0.7929631457859592 -0.7528861396295812
4.6 -0.039999999999999696 -0.6175259439028011 -0.5807776218904693
4.6 -0.029999999999999694 -0.4813791345520655 -0.4478342113899818
4.6 -0.01999999999999969 -0.3758788872758102 -0.3450946141459824
4.6 -0.009999999999999691 -0.2943295187912359 -0.2656310085474982
4.6 3.0878077872387166e-16 -0.2315594116029598 -0.2040826459768302
4.6 0.010000000000000309 -0.1835937797793222 -0.1562947722938212
4.6 0.02000000000000031 -0.1474036279644183 -0.1190385841996732
4.6 0.03000000000000031 -0.1207150955021583 -0.0897933696852042
4.6 0.04000000000000031 -0.1018672313810695 -0.0665761494936123
4.6 0.050000000000000315 -0.089709353511907 -0.0478073155289422
4.6 0.06000000000000032 -0.0835317072783156 -0.0322031646309676
4.6 0.07000000000000031 -0.0830253195839866 -0.018688011901552
4.6 0.08000000000000031 -0.0882688893859374 -0.0063198547656719
4.6 0.0900000000000003 -0.0997423945130094 0.0057755689606216
4.6 0.1000000000000003 -0.1183689537653705 0.0184669733762473
4.6 0.11000000000000029 -0.1455884937928128 0.0326804290896665
4.6 0.12000000000000029 -0.1834690769080592 0.0494675832634053
4.6 0.13000000000000028 -0.2348645181762644 0.0700842808940268
4.6 0.1400000000000003 -0.3036303643501835 0.0960855405228074
4.6 0.1500000000000003 -0.3949146827585258 0.1294441628197842
4.6 0.1600000000000003 -0.5155457469173451 0.1727021424948168
4.6 0.17000000000000032 -0.6745460373004695 0.2291666666773224
4.6 0.18000000000000033 -0.8838115615584865 0.3031660279174887
4.6 0.19000000000000034 -1.1590080745916622 0.400385544183352
4.6 0.20000000000000034 -1.5207523135679235 0.5283099474652729
4.6 0.21000000000000035 -1.9961681324958649 0.6968071935249434
4.6 0.22000000000000036 -2.6209361095849877 0.9188999482743474
4.6 0.23000000000000037 -3.441993033043989 1.2117860427059415
4.6 0.24000000000000038 -4.521087587799778 1.5981891876072143
4.6 0.2500000000000004 -5.93946445583996 2.108147841772779
4.6 0.2600000000000004 -7.804036052474984 2.781385522074266
4.6 0.2700000000000004 -10.255516061988065 3.670452952802772
4.6 0.2800000000000004 -13.479140831276384 4.844895178268413
4.6 0.2900000000000004 -17.718805484013703 6.396780322202834
4.6 0.30000000000000043 -23.295707178489245 8.448038043452609
4.6 0.31000000000000044 -30.63293926849801 11.160204238622411
4.6 0.32000000000000045 -40.28794512903892 14.747366666192374
4.6 0.33000000000000046 -52.99535610517307 19.49337063939509
4.6 0.34000000000000047 -69.72355361831421 25.77469717424806
4.6 0.3500000000000005 -91.74937628899771 34.090898049817206
4.6 0.3600000000000005 -120.75682593755505 45.10510348892664
4.6 0.3700000000000005 -158.96752717342952 59.697962786210525
4.6 0.3800000000000005 -209.3132179835923 79.03950901804834
4.6 0.3900000000000005 -275.66389845984287 104.68495390173365
4.6 0.4000000000000005 -363.12971510563386 138.7024497335458
4.6 0.41000000000000053 -478.46057397009093 183.8435796503963
4.6 0.42000000000000054 -630.5753443947333 243.7709945018881
4.6 0.43000000000000055 -831.2629874063118 323.3625271556415
4.6 0.44000000000000056 -1096.1118892113082 429.1177188133521
4.6 0.45000000000000057 -1445.7422657510724 569.7015755862158
4.6 0.4600000000000006 -1907.4412891474055 756.6723332045368
4.6 0.4700000000000006 -2517.3336628332636 1005.4561205888884
4.6 0.4800000000000006 -3323.264546011789 1336.6531382453963
4.6 0.4900000000000006 -4388.63076976749 1777.7892831499005
4.6 0.5000000000000006 -5797.475265409172 2365.6667418845836
4.699999999999999 -0.5 95988.59808235812 33779.23704429113
4.699999999999999 -0.49 74473.18979908833 25895.180435309878
4.699999999999999 -0.48 57779.46791601254 19848.700351423606
4.699999999999999 -0.47 44827.076499654264 15212.059305113577
4.699999999999999 -0.45999999999999996 34777.68022692474 11656.964514035506
4.699999999999999 -0.44999999999999996 26980.75750150431 8931.47432336766
4.699999999999999 -0.43999999999999995 20931.532267598668 6842.261800278053
4.699999999999999 -0.42999999999999994 16238.326804294758 5240.994014878757
4.699999999999999 -0.41999999999999993 12597.22612834146 4013.8729532918605
4.699999999999999 -0.4099999999999999 9772.416830981525 3073.604952992645
4.699999999999999 -0.3999999999999999 7580.929688759571 2353.235374594701
4.699999999999999 -0.3899999999999999 5880.79986745932 1801.415745261961
4.699999999999999 -0.3799999999999999 4561.879340173512 1378.770915106224
4.699999999999999 -0.3699999999999999 3538.7075156320216 1055.1108474411471
4.699999999999999 -0.3599999999999999 2744.9790831700866 807.2908901316429
4.699999999999999 -0.34999999999999987 2129.251313069791 617.569879757958
4.699999999999999 -0.33999999999999986 1651.6131705850003 472.35038912922636
4.699999999999999 -0.32999999999999985 1281.1007825282018 361.2122834196531
4.699999999999999 -0.31999999999999984 993.6920526442692 276.17137774772345
4.699999999999999 -0.30999999999999983 770.7506731207054 211.110831902249
4.699999999999999 -0.2999999999999998 597.8188438632733 161.34508488096412
4.699999999999999 -0.2899999999999998 463.68056635872244 123.2854749610397
4.699999999999999 -0.2799999999999998 359.63488253730713 94.18386490661705
4.699999999999999 -0.2699999999999998 278.93201218661244 71.93609972972384
4.699999999999999 -0.2599999999999998 216.33588309316457 54.93135265629981
4.699999999999999 -0.24999999999999978 167.78472756771615 41.936660569429584
4.699999999999999 -0.23999999999999977 130.12776614481717 32.00844129801317
4.699999999999999 -0.22999999999999976 100.9209244378813 24.4246969019055
4.699999999999999 -0.21999999999999975 78.26835087309883 18.633074141442822
4.699999999999999 -0.20999999999999974 60.69946849057659 14.211078948869769
4.699999999999999 -0.19999999999999973 47.073595005051175 10.835605300213121
4.699999999999999 -0.18999999999999972 36.50595071616169 8.259601348428934
4.699999999999999 -0.17999999999999972 28.310259165652436 6.294203802663292
4.699999999999999 -0.1699999999999997 21.95422029408182 4.795061235582294
4.699999999999999 -0.1599999999999997 17.024969814019663 3.6518658367486743
4.699999999999999 -0.1499999999999997 13.202285567544587 2.7803422618991394
4.699999999999999 -0.13999999999999968 10.23780365749909 2.1161178925810296
4.699999999999999 -0.12999999999999967 7.9388966356925135 1.6100334770779434
4.699999999999999 -0.11999999999999968 6.156168215829424 1.2245563319193915
4.699999999999999 -0.10999999999999968 4.773753422620031 0.9310373772733642
4.699999999999999 -0.09999999999999969 3.701794974779371 0.7076138854917875
4.699999999999999 -0.08999999999999969 2.8706078096824394 0.5376062550043266
4.699999999999999 -0.0799999999999997 2.226153132277775 0.4082926912573096
4.699999999999999 -0.0699999999999997 1.7265283032561722 0.3099729201741504
4.699999999999999 -0.0599999999999997 1.3392447747286165 0.2352529236107952
4.699999999999999 -0.0499999999999997 1.0391174059584876 0.178498662225615
4.699999999999999 -0.039999999999999696 0.8066281606908842 0.1354189827055793
4.699999999999999 -0.029999999999999694 0.626657972808518 0.1027472698586718
4.699999999999999 -0.01999999999999969 0.4875044644261605 0.0779985715060759
4.699999999999999 -0.009999999999999691 0.3801217599280656 0.0592844101661477
4.699999999999999 3.0878077872387166e-16 0.2975330647850522 0.0451716947154207
4.699999999999999 0.010000000000000309 0.2343779054934127 0.0345753598363315
4.699999999999999 0.02000000000000031 0.1865646857664992 0.0266768227673293
4.699999999999999 0.03000000000000031 0.1510060735966909 0.0208622332204916
4.699999999999999 0.04000000000000031 0.1254201406366413 0.0166759394610277
4.699999999999999 0.050000000000000315 0.1081844825264535 0.0137857058933349
4.699999999999999 0.06000000000000032 0.0982340387184134 0.0119570752684956
4.699999999999999 0.07000000000000031 0.0949962333618641 0.0110349334890981
4.699999999999999 0.08000000000000031 0.0983595684394433 0.0109308544468654
4.699999999999999 0.0900000000000003 0.1086740862752353 0.0116152130760654
4.699999999999999 0.1000000000000003 0.126784338153355 0.0131133852333508
4.699999999999999 0.11000000000000029 0.154097805130451 0.0155056251198212
4.699999999999999 0.12000000000000029 0.1926942819747081 0.0189304417180115
4.699999999999999 0.13000000000000028 0.2454847430913854 0.0235914980168801
4.699999999999999 0.1400000000000003 0.3164318835598705 0.0297682399862828
4.699999999999999 0.1500000000000003 0.410849144746514 0.0378306322678738
4.699999999999999 0.1600000000000003 0.5358009415352463 0.0482585365653535
4.699999999999999 0.17000000000000032 0.700634456379034 0.0616664143318098
4.699999999999999 0.18000000000000033 0.9176833382535916 0.0788341589558237
4.699999999999999 0.19000000000000034 1.2031967063089395 0.1007449468632252
4.699999999999999 0.20000000000000034 1.5785640119884254 0.1286310116852927
4.699999999999999 0.21000000000000035 2.0719288804735347 0.1640281422128532
4.699999999999999 0.22000000000000036 2.720314773920264 0.2088394073715145
4.699999999999999 0.23000000000000037 3.5724244933416665 0.265408004274962
4.699999999999999 0.24000000000000038 4.692327198586955 0.3365980351251179
4.699999999999999 0.2500000000000004 6.16431478805155 0.4258801881386734
4.699999999999999 0.2600000000000004 8.099299445184773 0.5374163487833128
4.699999999999999 0.2700000000000004 10.643242942726069 0.6761325486140843
4.699999999999999 0.2800000000000004 13.988265180876477 0.8477625691268118
4.699999999999999 0.2900000000000004 18.387286710586775 1.058833800602387
4.699999999999999 0.30000000000000043 24.173333931322166 1.3165509470189551
4.699999999999999 0.31000000000000044 31.7849978130192 1.6285094823346729
4.699999999999999 0.32000000000000045 41.80001594804729 2.0021359914391716
4.699999999999999 0.33000000000000046 54.97958137585441 2.443701810147026
4.699999999999999 0.34000000000000047 72.32682019428337 2.9566827990320057
4.699999999999999 0.3500000000000005 95.1639901660291 3.539131830317764
4.699999999999999 0.3600000000000005 125.23442288526502 4.179577724905627
4.699999999999999 0.3700000000000005 164.83718019357295 4.850745262437734
4.699999999999999 0.3800000000000005 217.00497771116167 5.500077679465733
4.699999999999999 0.3900000000000005 285.7393523768223 6.035596491814971
4.699999999999999 0.4000000000000005 376.32159319304174 6.304998131336049
4.699999999999999 0.41000000000000053 495.7239828710948 6.064984708781765
4.699999999999999 0.42000000000000054 653.153902730219 4.9365472658698195
4.699999999999999 0.43000000000000055 860.7739869021914 2.3401094327519445
4.699999999999999 0.44000000000000056 1134.6556450905216 -2.598120211810567
4.699999999999999 0.45000000000000057 1496.0420671149723 -11.180853672440264
4.699999999999999 0.4600000000000006 1973.0218274935091 -25.33285407119297
4.699999999999999 0.4700000000000006 2602.7474952412035 -47.87704932393558
4.699999999999999 0.4800000000000006 3434.3779911003176 -82.92831881288862
4.699999999999999 0.4900000000000006 4532.982524551037 -136.45391013531685
4.699999999999999 0.5000000000000006 5984.722743234982 -217.0695250612123
4.799999999999999 -0.5 -94920.35318796884 24463.941778327964
4.799999999999999 -0.49 -73476.78778768764 19230.773201275868
4.799999999999999 -0.48 -56876.72653880037 15113.742207157367
4.799999999999999 -0.47 -44026.34455505115 11875.581942112534
4.799999999999999 -0.45999999999999996 -34078.79692830142 9329.276770297436
4.799999999999999 -0.44999999999999996 -26378.461411918288 7327.464003603975
4.799999999999999 -0.43999999999999995 -20417.766545905833 5754.0601998738575
4.799999999999999 -0.42999999999999994 -15803.764939308074 4517.647660386838
4.799999999999999 -0.41999999999999993 -12232.252313697047 3546.253072330268
4.799999999999999 -0.4099999999999999 -9467.7292123734 2783.2267309389063
4.799999999999999 -0.3999999999999999 -7327.886607674729 2183.9914831487617
4.799999999999999 -0.3899999999999999 -5671.594252020632 1713.4786883959744
4.799999999999999 -0.3799999999999999 -4389.601078980892 1344.1066673084342
4.799999999999999 -0.3699999999999999 -3397.3354181177483 1054.1873574506562
4.799999999999999 -0.3599999999999999 -2629.3309743305012 826.6708507392186
4.799999999999999 -0.34999999999999987 -2034.9115245728867 648.1564497568056
4.799999999999999 -0.33999999999999986 -1574.850138640491 508.1138836189654
4.799999999999999 -0.32999999999999985 -1218.7828850151714 398.2701896588235
4.799999999999999 -0.31999999999999984 -943.206657191697 312.127147260793
4.799999999999999 -0.30999999999999983 -729.9292181204482 244.5815623084498
4.799999999999999 -0.2999999999999998 -564.8693406634738 191.6265554906555
4.799999999999999 -0.2899999999999998 -437.1279797519351 150.11663060493635
4.799999999999999 -0.2799999999999998 -338.26926445215173 117.5829478696516
4.799999999999999 -0.2699999999999998 -261.7639203050127 92.08810632374464
4.799999999999999 -0.2599999999999998 -202.55843382945795 72.1120102897448
4.799999999999999 -0.24999999999999978 -156.7415563977621 56.462185492519396
4.799999999999999 -0.23999999999999977 -121.28615924603257 44.20332188747795
4.799999999999999 -0.22999999999999976 -93.84941750708171 34.601932510934034
4.799999999999999 -0.21999999999999975 -72.61814585146996 27.08289388361564
4.799999999999999 -0.20999999999999974 -56.18908478795685 21.195323574650537
4.799999999999999 -0.19999999999999973 -43.476240942166754 16.585793861270474
4.799999999999999 -0.18999999999999972 -33.63916848446026 12.977308090601401
4.799999999999999 -0.17999999999999972 -26.0274598292094 10.152802897846037
4.799999999999999 -0.1699999999999997 -20.137782762557578 7.9422042089220035
4.799999999999999 -0.1599999999999997 -15.580628713798125 6.2122732110177346
4.799999999999999 -0.1499999999999997 -12.054577504337955 4.8586422376923135
4.799999999999999 -0.13999999999999968 -9.326379807884514 3.7995692617530654
4.799999999999999 -0.12999999999999967 -7.215542424430109 2.971040884016727
4.799999999999999 -0.11999999999999968 -5.582398613305101 2.3229332277913906
4.799999999999999 -0.10999999999999968 -4.318875738529357 1.8160026259680413
4.799999999999999 -0.09999999999999969 -3.341350518671221 1.41952706297636
4.799999999999999 -0.08999999999999969 -2.585119984479282 1.1094578740801238
4.799999999999999 -0.0799999999999997 -2.0001229197052806 0.8669714648094771
4.799999999999999 -0.0699999999999997 -1.5476291300397034 0.6773345672121887
4.799999999999999 -0.0599999999999997 -1.1976777989721548 0.5290151916725023
4.799999999999999 -0.0499999999999997 -0.9270956645363924 0.4129860592910258
4.799999999999999 -0.039999999999999696 -0.7179640520336967 0.3221787716122698
4.799999999999999 -0.029999999999999694 -0.5564334526347684 0.2510559682550915
4.799999999999999 -0.01999999999999969 -0.4318073036990998 0.1952757698447226
4.799999999999999 -0.009999999999999691 -0.335834419961077 0.1514283201871778
4.799999999999999 3.0878077872387166e-16 -0.2621633204397726 0.1168285543380925
4.799999999999999 0.010000000000000309 -0.2059224054535774 0.0893526835672437
4.799999999999999 0.02000000000000031 -0.163398269354497 0.067308503557891
4.799999999999999 0.03000000000000031 -0.1317909387257611 0.0493316534625784
4.799999999999999 0.04000000000000031 -0.1090299337053793 0.0343015002673
4.799999999999999 0.050000000000000315 -0.0936391009670716 0.0212714865682405
4.799999999999999 0.06000000000000032 -0.0846414306486816 0.0094096285785877
4.799999999999999 0.07000000000000031 -0.0814977649008075 -0.0020545658614212
4.799999999999999 0.08000000000000031 -0.0840756149526199 -0.013880139379455
4.799999999999999 0.0900000000000003 -0.0926463847246794 -0.0268649316026977
4.799999999999999 0.1000000000000003 -0.1079112968653442 -0.0418993480085408
4.799999999999999 0.11000000000000029 -0.1310583733476666 -0.0600272602090206
4.799999999999999 0.12000000000000029 -0.1638550861919502 -0.0825181781436999
4.799999999999999 0.13000000000000028 -0.2087839311662302 -0.1109556442963295
4.799999999999999 0.1400000000000003 -0.2692313855212506 -0.1473479444376892
4.799999999999999 0.1500000000000003 -0.3497447322684251 -0.1942687870779663
4.799999999999999 0.1600000000000003 -0.4563763743420268 -0.2550376805711138
4.799999999999999 0.17000000000000032 -0.597141915723538 -0.3339524725351706
4.799999999999999 0.18000000000000033 -0.7826269646600441 -0.4365900938977791
4.799999999999999 0.19000000000000034 -1.0267889855640366 -0.5701962070776285
4.799999999999999 0.20000000000000034 -1.3480154700377276 -0.7441905017926422
4.799999999999999 0.21000000000000035 -1.7705193714315532 -0.9708222085780848
4.799999999999999 0.22000000000000036 -2.3261786786950247 -1.2660205179137853
4.799999999999999 0.23000000000000037 -3.056961210938909 -1.6504976539243665
4.799999999999999 0.24000000000000038 -4.018120859684542 -2.1511791898714074
4.799999999999999 0.2500000000000004 -5.282411115958771 -2.8030578723808426
4.799999999999999 0.2600000000000004 -6.945640457094125 -3.6515950974379896
4.799999999999999 0.2700000000000004 -9.133998204247927 -4.755829974104262
4.799999999999999 0.2800000000000004 -12.01371696561593 -6.1924017999059835
4.799999999999999 0.2900000000000004 -15.803819570844874 -8.060750503754594
4.799999999999999 0.30000000000000043 -20.792938810860967 -10.489834644032285
4.799999999999999 0.31000000000000044 -27.361516315477026 -13.646802207249381
4.799999999999999 0.32000000000000045 -36.0111077023434 -17.748171124635192
4.799999999999999 0.33000000000000046 -47.403078094063346 -23.07423078165676
4.799999999999999 0.34000000000000047 -62.409709498568574 -29.987571039711195
4.799999999999999 0.3500000000000005 -82.18171812169138 -38.9568914164106
4.799999999999999 0.3600000000000005 -108.23747339138487 -50.58755213410973
4.799999999999999 0.3700000000000005 -142.58092482398013 -65.66071508765599
4.799999999999999 0.3800000000000005 -187.8575153118 -85.18340316919182
4.799999999999999 0.3900000000000005 -247.56037256942417 -110.45239997087371
4.799999999999999 0.4000000000000005 -326.30306701379516 -143.13563982060046
4.799999999999999 0.41000000000000053 -430.18052686092307 -185.37562261627477
4.799999999999999 0.42000000000000054 -567.2467386602689 -239.9204504429573
4.799999999999999 0.43000000000000055 -748.1472044483268 -310.28934082666433
4.799999999999999 0.44000000000000056 -986.9565343924169 -400.9809323577574
4.799999999999999 0.45000000000000057 -1302.2880367116204 -517.7343512609083
4.799999999999999 0.4600000000000006 -1718.7640701368364 -667.8548082221444
4.799999999999999 0.4700000000000006 -2268.9650398762187 -860.6173441158161
4.799999999999999 0.4800000000000006 -2996.0136326911147 -1107.7640527044869
4.799999999999999 0.4900000000000006 -3957.0023804959505 -1424.111348789842
4.799999999999999 0.5000000000000006 -5227.541153518836 -1828.2840747416094
4.899999999999999 -0.5 62820.03267842099 -70490.71898681321
4.899999999999999 -0.49 48470.80798742334 -54801.09022408194
4.899999999999999 -0.48 37398.02278284004 -42602.55345662249
4.899999999999999 -0.47 28853.81135605695 -33118.54963931133
4.899999999999999 -0.45999999999999996 22260.954318928205 -25745.202386054545
4.899999999999999 -0.44999999999999996 17173.95384379148 -20012.9313090343
4.899999999999999 -0.43999999999999995 13248.984842921549 -15556.595679724012
4.899999999999999 -0.42999999999999994 10220.698762784517 -12092.273452479918
4.899999999999999 -0.41999999999999993 7884.317755601335 -9399.201495068146
4.899999999999999 -0.4099999999999999 6081.813034122508 -7305.730262568421
4.899999999999999 -0.3999999999999999 4691.236139120637 -5678.400860119394
4.899999999999999 -0.3899999999999999 3618.484129436646 -4413.450595473969
4.899999999999999 -0.3799999999999999 2790.9436109387875 -3430.2072766469964
4.899999999999999 -0.3699999999999999 2152.58507344465 -2665.952429998368
4.899999999999999 -0.3599999999999999 1660.1767137928584 -2071.9268997467248
4.899999999999999 -0.34999999999999987 1280.3623607539573 -1610.2248546535036
4.899999999999999 -0.33999999999999986 987.4063583335866 -1251.3786722652776
4.899999999999999 -0.32999999999999985 761.4532272127198 -972.4810755558589
4.899999999999999 -0.31999999999999984 587.1846355967357 -755.7250459957884
4.899999999999999 -0.30999999999999983 452.783007337479 -587.268597868031
4.899999999999999 -0.2999999999999998 349.1317810116834 -456.35215666825036
4.899999999999999 -0.2899999999999998 269.19830176327076 -354.6123510290653
4.899999999999999 -0.2799999999999998 207.55765376012 -275.54852293982816
4.899999999999999 -0.2699999999999998 160.0252554859738 -214.1079786302253
4.899999999999999 -0.2599999999999998 123.37338396642657 -166.3635596470309
4.899999999999999 -0.24999999999999978 95.1124623853867 -129.26299051928348
4.899999999999999 -0.23999999999999977 73.32232054267706 -100.43402946911534
4.899999999999999 -0.22999999999999976 56.52201424249582 -78.03300236813291
4.899999999999999 -0.21999999999999975 43.56939573096938 -60.627063505747536
4.899999999999999 -0.20999999999999974 33.58363852823063 -47.1026754551894
4.899999999999999 -0.19999999999999973 25.88547213685191 -36.594471063930015
4.899999999999999 -0.18999999999999972 19.951079913251917 -28.429959650223296
4.899999999999999 -0.17999999999999972 15.376537722296627 -22.0865495174008
4.899999999999999 -0.1699999999999997 11.850384272915308 -17.158144188104533
4.899999999999999 -0.1599999999999997 9.132464428147735 -13.32918030113981
4.899999999999999 -0.1499999999999997 7.03761147903698 -10.354449779682229
4.899999999999999 -0.13999999999999968 5.4230620654163255 -8.043417899940472
4.899999999999999 -0.12999999999999967 4.178750265825822 -6.2480357699598015
4.899999999999999 -0.11999999999999968 3.219822456496073 -4.8532687466740505
4.899999999999999 -0.10999999999999968 2.48086504687909 -3.769735687096632
4.899999999999999 -0.09999999999999969 1.9114533161985825 -2.9279886964758433
4.899999999999999 -0.08999999999999969 1.4727191578698875 -2.274067793618898
4.899999999999999 -0.0799999999999997 1.1347046484715384 -1.7660463409119411
4.899999999999999 -0.0699999999999997 0.8743216730431467 -1.3713463766350058
4.899999999999999 -0.0599999999999997 0.6737789686648141 -1.0646521770964814
4.899999999999999 -0.0499999999999997 0.5193696789403097 -0.8262886039408928
4.899999999999999 -0.039999999999999696 0.4005369927091036 -0.640960497061576
4.899999999999999 -0.029999999999999694 0.3091543298647188 -0.4967724515231915
4.899999999999999 -0.01999999999999969 0.2389711159666174 -0.3844662408000606
4.899999999999999 -0.009999999999999691 0.1851864439286566 -0.2968270626086244
4.899999999999999 3.0878077872387166e-16 0.1441216190384896 -0.2282205758548904
4.899999999999999 0.010000000000000309 0.1129693132416225 -0.1742310566429497
4.899999999999999 0.02000000000000031 0.0896022730801361 -0.1313774613862561
4.899999999999999 0.03000000000000031 0.0724285876982186 -0.096889157905799
4.899999999999999 0.04000000000000031 0.0602837055091303 -0.0685268878967633
4.899999999999999 0.050000000000000315 0.0523519076698253 -0.0444373982041421
4.899999999999999 0.06000000000000032 0.0481119760596912 -0.0230323062243954
4.899999999999999 0.07000000000000031 0.0473034728996959 -0.0028832806040862
4.899999999999999 0.08000000000000031 0.0499114952736255 0.0173733832691904
4.899999999999999 0.0900000000000003 0.0561690824797472 0.0391291719873306
4.899999999999999 0.1000000000000003 0.0665777314772078 0.063899010781193
4.899999999999999 0.11000000000000029 0.0819478088901186 0.0934267406125653
4.899999999999999 0.12000000000000029 0.1034621362224958 0.1298077474092353
4.899999999999999 0.13000000000000028 0.1327677806395545 0.1756373419283206
4.899999999999999 0.1400000000000003 0.1721032414125711 0.2341953550262478
4.899999999999999 0.1500000000000003 0.2244709488734499 0.3096800122691366
4.899999999999999 0.1600000000000003 0.2938685009791654 0.4075076678898485
4.899999999999999 0.17000000000000032 0.3855966271326414 0.5346996586217536
4.899999999999999 0.18000000000000033 0.5066678486210225 0.7003837109873924
4.899999999999999 0.19000000000000034 0.666347671440076 0.9164454322941928
4.899999999999999 0.20000000000000034 0.8768705221911927 1.1983759994216718
4.899999999999999 0.21000000000000035 1.1543863430354038 1.5663759646607214
4.899999999999999 0.22000000000000036 1.5202118852075412 2.0467930788034088
4.899999999999999 0.23000000000000037 2.0024847235269405 2.6739954270226716
4.899999999999999 0.24000000000000038 2.6383497672876493 3.4928115883651554
4.899999999999999 0.2500000000000004 3.4768500998861036 4.561709043660976
4.899999999999999 0.2600000000000004 4.582749702716565 5.956933358032256
4.899999999999999 0.2700000000000004 6.041589470461916 7.777897227015947
4.899999999999999 0.2800000000000004 7.966375828957182 10.154194783688709
4.899999999999999 0.2900000000000004 10.506431089555567 13.254728399196496
4.899999999999999 0.30000000000000043 13.859106863716924 17.299580015354316
4.899999999999999 0.31000000000000044 18.28529029824351 22.575446398789943
4.899999999999999 0.32000000000000045 24.12993601874188 29.45569989506457
4.899999999999999 0.33000000000000046 31.84925899788578 38.426449048788974
4.899999999999999 0.34000000000000047 42.0467576775808 50.120377010929985
4.899999999999999 0.3500000000000005 55.520945887272134 65.36065573572449
4.899999999999999 0.3600000000000005 73.32861401186322 85.21790339976648
4.899999999999999 0.3700000000000005 96.86869107005614 111.08401297162968
4.899999999999999 0.3800000000000005 127.99344174374187 144.76778428969126
4.899999999999999 0.3900000000000005 169.15594146801993 188.6187071463117
4.899999999999999 0.4000000000000005 223.60570872006653 245.68705275201162
4.899999999999999 0.41000000000000053 295.6482764649406 319.93074082407145
4.899999999999999 0.42000000000000054 390.98967339631974 416.48239059101434
4.899999999999999 0.43000000000000055 517.1936846454223 541.9936987114921
4.899999999999999 0.44000000000000056 684.2889357588806 705.0790152688899
4.899999999999999 0.45000000000000057 905.5750442226542 916.8859540992214
4.899999999999999 0.4600000000000006 1198.6933089078175 1191.8283692164066
4.899999999999999 0.4700000000000006 1587.0489884909628 1548.526403822208
4.899999999999999 0.4800000000000006 2101.7009221945145 2011.0099794531263
4.899999999999999 0.4900000000000006 2783.8724189837762 2610.2565037906547
4.899999999999999 0.5000000000000006 3688.288105907718 3386.1512462705223
4.999999999999998 -0.5 -12445.904516425506 90094.54371075536
4.999999999999998 -0.49 -9382.074334550569 69844.83832900306
4.999999999999998 -0.48 -7066.8818807371445 54145.703250192564
4.999999999999998 -0.47 -5318.551320460052 41974.69457491967
4.999999999999998 -0.45999999999999996 -3999.2046288524216 32539.05692756403
4.999999999999998 -0.44999999999999996 -3004.310427440248 25224.133539091476
4.999999999999998 -0.43999999999999995 -2254.658392842872 19553.361852609574
4.999999999999998 -0.42999999999999994 -1690.2569161857991 15157.25334708383
4.999999999999998 -0.41999999999999993 -1265.6948706808016 11749.340245157822
4.999999999999998 -0.4099999999999999 -946.6175879166792 9107.52466846096
4.999999999999998 -0.3999999999999999 -707.0504728366642 7059.617042062187
4.999999999999998 -0.3899999999999999 -527.3672335247181 5472.1229439516665
4.999999999999998 -0.3799999999999999 -392.74814828408876 4241.548840705431
4.999999999999998 -0.3699999999999999 -292.0107168345338 3287.660971729056
4.999999999999998 -0.3599999999999999 -216.72317676784274 2548.25868627853
4.999999999999998 -0.34999999999999987 -160.53279692877442 1975.1220557891118
4.999999999999998 -0.33999999999999986 -118.65717828569086 1530.8699818096788
4.999999999999998 -0.32999999999999985 -87.4992154704515 1186.5242630383132
4.999999999999998 -0.31999999999999984 -64.35582557093811 919.6210247894218
4.999999999999998 -0.30999999999999983 -47.19774217930035 712.7465375448498
4.999999999999998 -0.2999999999999998 -34.50314141957597 552.4020743758953
4.999999999999998 -0.2899999999999998 -25.132023821234668 428.12387632021876
4.999999999999998 -0.2799999999999998 -18.2314348129309 331.8009033237674
4.999999999999998 -0.2699999999999998 -13.164006023191387 257.14592643304263
4.999999999999998 -0.2599999999999998 -9.454121330039072 199.28550229337026
4.999999999999998 -0.24999999999999978 -6.747394177405884 154.44211333579418
4.999999999999998 -0.23999999999999977 -4.7801914637854725 119.68776009033131
4.999999999999998 -0.22999999999999976 -3.356734522871953 92.7529464983379
4.999999999999998 -0.21999999999999975 -2.3319103627560622 71.87860783725019
4.999999999999998 -0.20999999999999974 -1.5983828089941907 55.70132880494282
4.999999999999998 -0.19999999999999973 -1.0769387706229594 43.164368582883334
4.999999999999998 -0.18999999999999972 -0.7092663149184535 33.44869153184077
4.999999999999998 -0.17999999999999972 -0.4525589496201219 25.919506082901243
4.999999999999998 -0.1699999999999997 -0.2754899215239144 20.0848252777363
4.999999999999998 -0.1599999999999997 -0.1552131755353172 15.563346122376055
4.999999999999998 -0.1499999999999997 -0.0751327723286186 12.05955249445477
4.999999999999998 -0.13999999999999968 -0.023246780409182 9.34441736337806
4.999999999999998 -0.12999999999999967 0.0090799503605549 7.240445232376241
4.999999999999998 -0.11999999999999968 0.0280232907487942 5.610078782769944
4.999999999999998 -0.10999999999999968 0.0379693559000825 4.346713139803982
4.999999999999998 -0.09999999999999969 0.0420071947057214 3.367731287100078
4.999999999999998 -0.08999999999999969 0.0422903183627718 2.6091060203392225
4.999999999999998 -0.0799999999999997 0.0403011368236336 2.021216045774934
4.999999999999998 -0.0699999999999997 0.0370436758420114 1.5656030591516163
4.999999999999998 -0.0599999999999997 0.0331834383131882 1.2124580512914165
4.999999999999998 -0.0499999999999997 0.0291484071370126 0.9386726823117312
4.999999999999998 -0.039999999999999696 0.0252015525856639 0.7263284509689942
4.999999999999998 -0.029999999999999694 0.0214924960454268 0.5615249644755387
4.999999999999998 -0.01999999999999969 0.0180939613586713 0.4334707512921034
4.999999999999998 -0.009999999999999691 0.0150271396714662 0.3337771987364128
4.999999999999998 3.0878077872387166e-16 0.0122789718637449 0.2559094566573994
4.999999999999998 0.010000000000000309 0.0098135149467646 0.1947583926602742
4.999999999999998 0.02000000000000031 0.0075789301854273 0.146305581394849
4.999999999999998 0.03000000000000031 0.0055111541164152 0.1073593749035693
4.999999999999998 0.04000000000000031 0.0035349453268276 0.0753447278828081
4.999999999999998 0.050000000000000315 0.0015627056330695 0.0481329417601058
4.999999999999998 0.06000000000000032 -0.0005087733881128 0.0239000710181279
4.999999999999998 0.07000000000000031 -0.0028037119832695 0.0010045705922885
4.999999999999998 0.08000000000000031 -0.0054751875425846 -0.0221240283441682
4.999999999999998 0.0900000000000003 -0.0087159597511352 -0.0470929697976171
4.999999999999998 0.1000000000000003 -0.0127730924102714 -0.0756580629412099
4.999999999999998 0.11000000000000029 -0.0179675350532433 -0.1098471869489666
4.999999999999998 0.12000000000000029 -0.0247202700924729 -0.1521041921671606
4.999999999999998 0.13000000000000028 -0.0335872091962909 -0.2054633932184732
4.999999999999998 0.1400000000000003 -0.0453057865603794 -0.2737670837262946
4.999999999999998 0.1500000000000003 -0.0608572134547082 -0.3619416180569574
4.999999999999998 0.1600000000000003 -0.0815497165452995 -0.4763518265068676
4.999999999999998 0.17000000000000032 -0.109129900334271 -0.625259158334925
4.999999999999998 0.18000000000000033 -0.1459318099685708 -0.8194163827822416
4.999999999999998 0.19000000000000034 -0.1950765368269937 -1.0728414498939078
4.999999999999998 0.20000000000000034 -0.2607395903122122 -1.4038259130507336
4.999999999999998 0.21000000000000035 -0.3485091370560508 -1.8362500487535076
4.999999999999998 0.22000000000000036 -0.465866095903813 -2.4012986570701917
4.999999999999998 0.23000000000000037 -0.6228276617495079 -3.1397000263490247
4.999999999999998 0.24000000000000038 -0.8328100374522058 -4.104647700032937
4.999999999999998 0.2500000000000004 -1.1137852211945907 -5.365613094654337
4.999999999999998 0.2600000000000004 -1.4898322922817453 -7.013320068954082
4.999999999999998 0.2700000000000004 -1.9932179978639613 -9.166234627385597
4.999999999999998 0.2800000000000004 -2.6671875688750033 -11.979029758197573
4.999999999999998 0.2900000000000004 -3.56970861677517 -15.653624351160865
4.999999999999998 0.30000000000000043 -4.778494095128402 -20.453575796502
4.999999999999998 0.31000000000000044 -6.397741916318644 -26.72284064670422
4.999999999999998 0.32000000000000045 -8.567178644734547 -34.91022268930458
4.999999999999998 0.33000000000000046 -11.474195830212345 -45.60122369967185
4.999999999999998 0.34000000000000047 -15.370137560352118 -59.55952584722311
4.999999999999998 0.3500000000000005 -20.592160258504457 -77.78100083665292
4.999999999999998 0.3600000000000005 -27.592572240791363 -101.56400400542964
4.999999999999998 0.3700000000000005 -36.97821345589327 -132.6008292245233
4.999999999999998 0.3800000000000005 -49.56331199462562 -173.09664643240086
4.999999999999998 0.3900000000000005 -66.44042954429766 -225.92411280968838
4.999999999999998 0.4000000000000005 -89.07568504104532 -294.82426252771165
4.999999999999998 0.41000000000000053 -119.43656105078449 -384.66739419787444
4.999999999999998 0.42000000000000054 -160.1634339234788 -501.7916881826804
4.999999999999998 0.43000000000000055 -214.79977146658712 -654.4424507796377
4.999999999999998 0.44000000000000056 -288.10103840630893 -853.3415204490863
4.999999999999998 0.45000000000000057 -386.44917822120635 -1112.4248901098292
4.999999999999998 0.4600000000000006 -518.4086851427717 -1449.7975137084366
4.999999999999998 0.4700000000000006 -695.472523275633 -1888.9682224873375
4.999999999999998 0.4800000000000006 -933.0625327492143 -2460.4454885382556
4.999999999999998 0.4900000000000006 -1251.8708739619437 -3203.7974531356303
4.999999999999998 0.5000000000000006 -1679.658348779079 -4170.3084415293215
5.099999999999998 -0.5 -38372.408738751794 -78754.74103502126
5.099999999999998 -0.49 -29961.11717659345 -60910.861094064254
5.099999999999998 -0.48 -23391.905274561504 -47109.15091300189
5.099999999999998 -0.47 -18261.74689436853 -36434.12072291579
5.099999999999998 -0.45999999999999996 -14255.702914050176 -28177.58447727616
5.099999999999998 -0.44999999999999996 -11127.68956773618 -21791.72707138236
5.099999999999998 -0.43999999999999995 -8685.440678361887 -16852.7949224243
5.099999999999998 -0.42999999999999994 -6778.75034361856 -13033.005741924771
5.099999999999998 -0.41999999999999993 -5290.281321401006 -10078.817316049151
5.099999999999998 -0.4099999999999999 -4128.379891179863 -7794.116030400032
5.099999999999998 -0.3999999999999999 -3221.459701806264 -6027.211569234852
5.099999999999998 -0.3899999999999999 -2513.612386747317 -4660.776224418426
5.099999999999998 -0.3799999999999999 -1961.1772793626285 -3604.062235889113
5.099999999999998 -0.3699999999999999 -1530.0608927414528 -2786.8814513644893
5.099999999999998 -0.3599999999999999 -1193.6424647781669 -2154.948320165866
5.099999999999998 -0.34999999999999987 -931.1375689798609 -1666.2775480298478
5.099999999999998 -0.33999999999999986 -726.3197154064305 -1288.397613086988
5.099999999999998 -0.32999999999999985 -566.5217056929949 -996.1954025785636
5.099999999999998 -0.31999999999999984 -441.85558525568035 -770.2490536628707
5.099999999999998 -0.30999999999999983 -344.60339085112275 -595.5384386897014
5.099999999999998 -0.2999999999999998 -268.7413336856222 -460.44776796653775
5.099999999999998 -0.2899999999999998 -209.56822185616534 -355.9941489588266
5.099999999999998 -0.2799999999999998 -163.41530762051707 -275.2309225913602
5.099999999999998 -0.2699999999999998 -127.41973330604522 -212.78618719715774
5.099999999999998 -0.2599999999999998 -99.34764846541582 -164.5058864490291
5.099999999999998 -0.24999999999999978 -77.45611786614464 -127.17777332055918
5.099999999999998 -0.23999999999999977 -60.38532096177838 -98.3179273309639
5.099999999999998 -0.22999999999999976 -47.074404009814906 -76.00565257787376
5.099999999999998 -0.21999999999999975 -36.695799657033724 -58.75579443584949
5.099999999999998 -0.20999999999999974 -28.603964482738483 -45.41999609553741
5.099999999999998 -0.19999999999999973 -22.29537216366828 -35.110336976033544
5.099999999999998 -0.18999999999999972 -17.377292917922702 -27.140280821539676
5.099999999999998 -0.17999999999999972 -13.543431158146294 -20.979010519403715
5.099999999999998 -0.1699999999999997 -10.554916020671964 -16.216115570220953
5.099999999999998 -0.1599999999999997 -8.225469570881376 -12.534285662134216
5.099999999999998 -0.1499999999999997 -6.4098352818804765 -9.688195561052279
5.099999999999998 -0.13999999999999968 -4.994750678708215 -7.488177807710794
5.099999999999998 -0.12999999999999967 -3.8919052060076686 -5.787597802599004
5.099999999999998 -0.11999999999999968 -3.032447079000735 -4.473091871406816
5.099999999999998 -0.10999999999999968 -2.36269866647958 -3.4570191655703306
5.099999999999998 -0.09999999999999969 -1.8408147284104035 -2.6716253954204827
5.099999999999998 -0.08999999999999969 -1.4341761962629804 -2.0645301863611065
5.099999999999998 -0.0799999999999997 -1.117357739274506 -1.5952378476267
5.099999999999998 -0.0699999999999997 -0.8705429142814971 -1.2324393925308714
5.099999999999998 -0.0599999999999997 -0.6782884446202808 -0.9519262685479752
5.099999999999998 -0.0499999999999997 -0.5285608282990941 -0.7349769404726444
5.099999999999998 -0.039999999999999696 -0.4119853749364472 -0.5671089232245986
5.099999999999998 -0.029999999999999694 -0.321260959467333 -0.4371131725135906
5.099999999999998 -0.01999999999999969 -0.2507040739627118 -0.3363065270431549
5.099999999999998 -0.009999999999999691 -0.1958937940197999 -0.2579524036435978
5.099999999999998 3.0878077872387166e-16 -0.153395550503172 -0.1968111407894746
5.099999999999998 0.010000000000000309 -0.1205464995731371 -0.1487900102864331
5.099999999999998 0.02000000000000031 -0.0952891177272196 -0.1106695445042679
5.099999999999998 0.03000000000000031 -0.0760426516708545 -0.0798878975617632
5.099999999999998 0.04000000000000031 -0.0616044114939073 -0.0543688098495255
5.099999999999998 0.050000000000000315 -0.0510747561616608 -0.0323816313831534
5.099999999999998 0.06000000000000032 -0.0438010981539972 -0.0124239714297921
5.099999999999998 0.07000000000000031 -0.039337440807572 0.0068809815131317
5.099999999999998 0.08000000000000031 -0.0374169309853888 0.0268794879085473
5.099999999999998 0.0900000000000003 -0.037935720889921 0.0489811943442619
5.099999999999998 0.1000000000000003 -0.0409471358786289 0.0747585356550674
5.099999999999998 0.11000000000000029 -0.0466657826862748 0.1060586105041971
5.099999999999998 0.12000000000000029 -0.0554818425660607 0.1451354850805204
5.099999999999998 0.13000000000000028 -0.0679864121378855 0.1948123903357182
5.099999999999998 0.1400000000000003 -0.0850094162191831 0.2586854644787885
5.099999999999998 0.1500000000000003 -0.1076723578271128 0.3413837131692179
5.099999999999998 0.1600000000000003 -0.1374590298928008 0.4489039333498862
5.099999999999998 0.17000000000000032 -0.1763083343891588 0.5890447663555616
5.099999999999998 0.18000000000000033 -0.2267345867658418 0.7719712012613273
5.099999999999998 0.19000000000000034 -0.291982183269346 1.010950253561894
5.099999999999998 0.20000000000000034 -0.3762233408230402 1.3233108705153678
5.099999999999998 0.21000000000000035 -0.4848098578537384 1.7316972439977165
5.099999999999998 0.22000000000000036 -0.6245925735508678 2.2657057957318107
5.099999999999998 0.23000000000000037 -0.804325514992442 2.964023640756562
5.099999999999998 0.24000000000000038 -1.0351757150803165 3.8772222923101785
5.099999999999998 0.2500000000000004 -1.3313644590355715 5.071407298492387
5.099999999999998 0.2600000000000004 -1.7109713648398102 6.632985724535887
5.099999999999998 0.2700000000000004 -2.1969392913841763 8.674893245281698
5.099999999999998 0.2800000000000004 -2.8183256169402604 11.344726727160902
5.099999999999998 0.2900000000000004 -3.611853873589425 14.835363890196977
5.099999999999998 0.30000000000000043 -4.623828850801892 19.39882848237725
5.099999999999998 0.31000000000000044 -5.9124876553836785 25.364389762146356
5.099999999999998 0.32000000000000045 -7.550868044179837 33.16218506468347
5.099999999999998 0.33000000000000046 -9.630282304566286 43.354044719272906
5.099999999999998 0.34000000000000047 -12.264487925511713 56.67370669854032
5.099999999999998 0.3500000000000005 -15.594641991692093 74.07926926782774
5.099999999999998 0.3600000000000005 -19.795109665341847 96.82158911225055
5.099999999999998 0.3700000000000005 -25.080160878584785 126.5334489241655
5.099999999999998 0.3800000000000005 -31.711522551768383 165.34576853379747
5.099999999999998 0.3900000000000005 -40.00664045973103 216.03901598779987
5.099999999999998 0.4000000000000005 -50.34732252142685 282.24041689810025
5.099999999999998 0.41000000000000053 -63.188151287067036 368.6807262307962
5.099999999999998 0.42000000000000054 -79.06362165433808 481.52842827885115
5.099999999999998 0.43000000000000055 -98.59231541455421 628.8245405046049
5.099999999999998 0.44000000000000056 -122.47547607089132 821.0480657979421
5.099999999999998 0.45000000000000057 -151.48596850492237 1071.851015549326
5.099999999999998 0.4600000000000006 -186.4416221879959 1399.0133898514027
5.099999999999998 0.4700000000000006 -228.15411996043963 1825.6832897706834
5.099999999999998 0.4800000000000006 -277.3405712505587 2381.9863939211446
5.099999999999998 0.4900000000000006 -334.479238417709 3107.1135614874074
5.099999999999998 0.5000000000000006 -399.582938238314 4052.0268589992565
5.1999999999999975 -0.5 72945.15822023171 42420.650536918605
5.1999999999999975 -0.49 56644.04726611907 32657.36587707986
5.1999999999999975 -0.48 43984.93680183516 25139.73169674439
5.1999999999999975 -0.47 34154.31621017606 19351.536930458555
5.1999999999999975 -0.45999999999999996 26520.345690167072 14895.164309253236
5.1999999999999975 -0.44999999999999996 20592.295688656377 11464.359835407151
5.1999999999999975 -0.43999999999999995 15989.039861825324 8823.25137444103
5.1999999999999975 -0.42999999999999994 12414.58122448696 6790.182993472099
5.1999999999999975 -0.41999999999999993 9639.04188171823 5225.260287429728
5.1999999999999975 -0.4099999999999999 7483.896940748849 4020.7552455909336
5.1999999999999975 -0.3999999999999999 5810.505288636441 3093.714468125971
5.1999999999999975 -0.3899999999999999 4511.201312593203 2380.265044090449
5.1999999999999975 -0.3799999999999999 3502.375871601957 1831.228402506027
5.1999999999999975 -0.3699999999999999 2719.102418141284 1408.741852205045
5.1999999999999975 -0.3599999999999999 2110.9632905875783 1083.6564289955404
5.1999999999999975 -0.34999999999999987 1638.808200381159 833.5327692545657
5.1999999999999975 -0.33999999999999986 1272.2367577789905 641.0976496077175
5.1999999999999975 -0.32999999999999985 987.6433495032862 493.0553653621625
5.1999999999999975 -0.31999999999999984 766.6987796544315 379.1724183218753
5.1999999999999975 -0.30999999999999983 595.171125998801 291.57270670560683
5.1999999999999975 -0.2999999999999998 462.0100452431228 224.19483504225454
5.1999999999999975 -0.2899999999999998 358.635679943058 172.37427577571623
5.1999999999999975 -0.2799999999999998 278.38646154447804 132.52167662313067
5.1999999999999975 -0.2699999999999998 216.0903117326183 101.8752039505286
5.1999999999999975 -0.2599999999999998 167.73167274978562 78.30989378730783
5.1999999999999975 -0.24999999999999978 130.19295540040517 60.1908963036827
5.1999999999999975 -0.23999999999999977 101.05377634055735 46.26051455931066
5.1999999999999975 -0.22999999999999976 78.43507097073659 35.55126056963575
5.1999999999999975 -0.21999999999999975 60.878053309447154 27.318940304226526
5.1999999999999975 -0.20999999999999974 47.250234877848094 20.991156705311823
5.1999999999999975 -0.19999999999999973 36.6724547739192 16.127680626699004
5.1999999999999975 -0.18999999999999972 28.462224531892083 12.389956498256884
5.1999999999999975 -0.17999999999999972 22.089740867070887 9.517638565777686
5.1999999999999975 -0.1699999999999997 17.14373443152383 7.310537916589017
5.1999999999999975 -0.1599999999999997 13.304955627222554 5.6147334358707806
5.1999999999999975 -0.1499999999999997 10.325590019088168 4.311886964442926
5.1999999999999975 -0.13999999999999968 8.01327755555137 3.311023977762482
5.1999999999999975 -0.12999999999999967 6.2187061760486415 2.542211274438779
5.1999999999999975 -0.11999999999999968 4.825980520647559 1.9516941546550188
5.1999999999999975 -0.10999999999999968 3.7451451566664966 1.4981563975538008
5.1999999999999975 -0.09999999999999969 2.9063804948570744 1.149843952723344
5.1999999999999975 -0.08999999999999969 2.255497309625265 0.8823529886781049
5.1999999999999975 -0.0799999999999997 1.7504394359472393 0.6769289058730231
5.1999999999999975 -0.0699999999999997 1.358569173359179 0.5191582914313755
5.1999999999999975 -0.0599999999999997 1.0545603652758848 0.3979630065464046
5.1999999999999975 -0.0499999999999997 0.8187632864643708 0.3048265327975354
5.1999999999999975 -0.039999999999999696 0.635935884152344 0.2331988054720651
5.1999999999999975 -0.029999999999999694 0.4942595371423222 0.1780381422053891
5.1999999999999975 -0.01999999999999969 0.3845758435033615 0.1354583891431701
5.1999999999999975 -0.009999999999999691 0.2997952025773238 0.1024567118980034
5.1999999999999975 3.0878077872387166e-16 0.2344390395452551 0.0767030598933
5.1999999999999975 0.010000000000000309 0.1842861447892281 0.0563766176563946
5.1999999999999975 0.02000000000000031 0.1461003216377578 0.0400378216626778
5.1999999999999975 0.03000000000000031 0.1174217882117783 0.0265269923131987
5.1999999999999975 0.04000000000000031 0.0964089008482929 0.0148824784346429
5.1999999999999975 0.050000000000000315 0.0817200240949493 0.0042725639849591
5.1999999999999975 0.06000000000000032 0.0724279761027982 -0.0060636633363046
5.1999999999999975 0.07000000000000031 0.0679615969680664 -0.0168706689484954
5.1999999999999975 0.08000000000000031 0.0680707586615942 -0.0289299236540214
5.1999999999999975 0.0900000000000003 0.072812673907871 -0.0431162784555122
5.1999999999999975 0.1000000000000003 0.0825587682562187 -0.0604613195561421
5.1999999999999975 0.11000000000000029 0.098022746933337 -0.0822282829749614
5.1999999999999975 0.12000000000000029 0.1203119059582256 -0.110003960233961
5.1999999999999975 0.13000000000000028 0.1510052991477645 -0.1458142714564121
5.1999999999999975 0.1400000000000003 0.1922641824689097 -0.1922719108997853
5.1999999999999975 0.1500000000000003 0.2469823345415217 -0.252766808291412
5.1999999999999975 0.1600000000000003 0.3189865409607615 -0.3317132672269412
5.1999999999999975 0.17000000000000032 0.4133009078963694 -0.4348717655081632
5.1999999999999975 0.18000000000000033 0.5364929593073688 -0.569768830407794
5.1999999999999975 0.19000000000000034 0.6971249531434159 -0.7462455273023473
5.1999999999999975 0.20000000000000034 0.9063408828049672 -0.977174438060035
5.1999999999999975 0.21000000000000035 1.1786286677591629 -1.2793972303847543
5.1999999999999975 0.22000000000000036 1.5328086660371603 -1.6749509128808728
5.1999999999999975 0.23000000000000037 1.9933146097244068 -2.1926717853136566
5.1999999999999975 0.24000000000000038 2.5918523307049584 -2.8702934344986866
5.1999999999999975 0.2500000000000004 3.369546434411303 -3.7571908583539937
5.1999999999999975 0.2600000000000004 4.379716963282264 -4.917969488216972
5.1999999999999975 0.2700000000000004 5.691469074911191 -6.437158867888995
5.1999999999999975 0.2800000000000004 7.3943314041999875 -8.425350399932235
5.1999999999999975 0.2900000000000004 9.60424635269702 -11.027222573521477
5.1999999999999975 0.30000000000000043 12.471302217206295 -14.432032856673834
5.1999999999999975 0.31000000000000044 16.18970813613338 -18.887332626535688
5.1999999999999975 0.32000000000000045 21.01065503733382 -24.716892701668897
5.1999999999999975 0.33000000000000046 27.258887674536084 -32.34412860214954
5.1999999999999975 0.34000000000000047 35.35404529249613 -42.3227078999993
5.1999999999999975 0.3500000000000005 45.838125201765045 -55.37653464120494
5.1999999999999975 0.3600000000000005 59.410801935942025 -72.45197383831913
5.1999999999999975 0.3700000000000005 76.9748166171378 -94.78604924662237
5.1999999999999975 0.3800000000000005 99.69426426553328 -123.99548081387888
5.1999999999999975 0.3900000000000005 129.06938574950667 -162.1929031984521
5.1999999999999975 0.4000000000000005 167.03245941136947 -212.1385258662527
5.1999999999999975 0.41000000000000053 216.07063961743646 -277.43799107843756
5.1999999999999975 0.42000000000000054 279.38317364104967 -362.80043027844465
5.1999999999999975 0.43000000000000055 361.0824292256524 -474.37493421932584
5.1999999999999975 0.44000000000000056 466.450688336545 -620.1891250487259
5.1999999999999975 0.45000000000000057 602.2678387013722 -810.7206208765526
5.1999999999999975 0.4600000000000006 777.229085341822 -1059.6413945677164
5.1999999999999975 0.4700000000000006 1002.4768085181196 -1384.7869671008239
5.1999999999999975 0.4800000000000006 1292.276956942616 -1809.41783879484
5.1999999999999975 0.4900000000000006 1664.878185214099 -2363.860575014681
5.1999999999999975 0.5000000000000006 2143.6016874485376 -3087.641846008367
5.299999999999997 -0.5 -81112.15088088058 5193.876267914445
5.299999999999997 -0.49 -62833.923518265845 4260.063982528686
5.299999999999997 -0.48 -48673.92225178966 3483.405062127278
5.299999999999997 -0.47 -37704.43271703283 2840.4804038852885
5.299999999999997 -0.45999999999999996 -29206.69246726706 2310.4482486096076
5.299999999999997 -0.44999999999999996 -22623.835905955657 1875.071082517887
5.299999999999997 -0.43999999999999995 -17524.434057854924 1518.5997252585353
5.299999999999997 -0.42999999999999994 -13574.244059447788 1227.5775555336445
5.299999999999997 -0.41999999999999993 -10514.320100038365 990.6067179603139
5.299999999999997 -0.4099999999999999 -8144.053579746636 798.1033605812065
5.299999999999997 -0.3999999999999999 -6308.032653867342 642.0586988293093
5.299999999999997 -0.3899999999999999 -4885.861173802016 515.8156940552052
5.299999999999997 -0.3799999999999999 -3784.2706416407423 413.86643126555845
5.299999999999997 -0.3699999999999999 -2931.008823551366 331.67219903628717
5.299999999999997 -0.3599999999999999 -2270.1049237328243 265.5063228688057
5.299999999999997 -0.34999999999999987 -1758.2013066883865 212.31862893443983
5.299999999999997 -0.33999999999999986 -1361.711561157371 169.6197670691924
5.299999999999997 -0.32999999999999985 -1054.618789128404 135.3833226219299
5.299999999999997 -0.31999999999999984 -816.7699153477389 107.96357207489181
5.299999999999997 -0.30999999999999983 -632.554288063547 86.02680130051729
5.299999999999997 -0.2999999999999998 -489.88000473052375 68.49424924587062
5.299999999999997 -0.2899999999999998 -379.38089327342215 54.49492447845604
5.299999999999997 -0.2799999999999998 -293.8021859329115 43.32674175590462
5.299999999999997 -0.2699999999999998 -227.5246271921562 34.42462443638927
5.299999999999997 -0.2599999999999998 -176.19582581299377 27.33440648414809
5.299999999999997 -0.24999999999999978 -136.44468711765018 21.691539795187417
5.299999999999997 -0.23999999999999977 -105.6602052669971 17.203766235464336
5.299999999999997 -0.22999999999999976 -81.82011277095799 13.637048666524418
5.299999999999997 -0.21999999999999975 -63.35815195157531 10.804172000811342
5.299999999999997 -0.20999999999999974 -49.06126451923504 8.555525298723694
5.299999999999997 -0.19999999999999973 -37.98995659485934 6.771660733704388
5.299999999999997 -0.18999999999999972 -29.41661585926941 5.3572966684021495
5.299999999999997 -0.17999999999999972 -22.77773455688467 4.236491834476919
5.299999999999997 -0.1699999999999997 -17.63690393046369 3.3487673252342574
5.299999999999997 -0.1599999999999997 -13.656152057371475 2.6459942815989743
5.299999999999997 -0.1499999999999997 -10.573744281288139 2.0898991053635982
5.299999999999997 -0.13999999999999968 -8.186989346386179 1.6500659321344122
5.299999999999997 -0.12999999999999967 -6.338922725542988 1.302338944800078
5.299999999999997 -0.11999999999999968 -4.907993014600781 1.0275457665093062
5.299999999999997 -0.10999999999999968 -3.8000743160277817 0.8104783685893213
5.299999999999997 -0.09999999999999969 -2.9422801760576824 0.6390802765210575
5.299999999999997 -0.08999999999999969 -2.278172877973063 0.5037988686954652
5.299999999999997 -0.0799999999999997 -1.7640534836409634 0.397069664376352
5.299999999999997 -0.0699999999999997 -1.3660889626761321 0.3129060420839256
5.299999999999997 -0.0599999999999997 -1.0580877067657963 0.246573108364375
5.299999999999997 -0.0499999999999997 -0.8197773009721547 0.1943286887987012
5.299999999999997 -0.039999999999999696 -0.6354714072682219 0.153217833949583
5.299999999999997 -0.029999999999999694 -0.4930381722685163 0.1209099828693572
5.299999999999997 -0.01999999999999969 -0.3831023782232196 0.0955701363676401
5.299999999999997 -0.009999999999999691 -0.2984289137916158 0.0757571678773106
5.299999999999997 3.0878077872387166e-16 -0.2334470570685004 0.0603438281186546
5.299999999999997 0.010000000000000309 -0.1838843201712672 0.0484541515254889
5.299999999999997 0.02000000000000031 -0.1464858104222769 0.03941490536497
5.299999999999997 0.03000000000000031 -0.1188006912446674 0.0327184842308713
5.299999999999997 0.04000000000000031 -0.0990217463902731 0.02799528268861
5.299999999999997 0.050000000000000315 -0.0858675549611409 0.0249941107861361
5.299999999999997 0.06000000000000032 -0.0784996028057277 0.0235696800094013
5.299999999999997 0.07000000000000031 -0.0764689744049799 0.0236766072834306
5.299999999999997 0.08000000000000031 -0.0796892419221875 0.0253697866216314
5.299999999999997 0.0900000000000003 -0.0884339259242078 0.028811386885998
5.299999999999997 0.1000000000000003 -0.1033585629683191 0.0342851763139166
5.299999999999997 0.11000000000000029 -0.1255490905401136 0.0422193798006108
5.299999999999997 0.12000000000000029 -0.1566000631114819 0.0532198785619771
5.299999999999997 0.13000000000000028 -0.1987282670040876 0.0681163067223302
5.299999999999997 0.1400000000000003 -0.2549297464411488 0.0880245394487313
5.299999999999997 0.1500000000000003 -0.3291912557535947 0.1144302711542188
5.299999999999997 0.1600000000000003 -0.42677091850242 0.1492999384840964
5.299999999999997 0.17000000000000032 -0.5545676606695037 0.195227266040138
5.299999999999997 0.18000000000000033 -0.72160511880921 0.2556263525590112
5.299999999999997 0.19000000000000034 -0.939663623182677 0.3349856667299891
5.299999999999997 0.20000000000000034 -1.2241040577587794 0.4392018402517457
5.299999999999997 0.21000000000000035 -1.5949405960556131 0.5760180651472412
5.299999999999997 0.22000000000000036 -2.0782363978766556 0.7555996601711452
5.299999999999997 0.23000000000000037 -2.707918481446197 0.991289540152072
5.299999999999997 0.24000000000000038 -3.528136649585873 1.3005996524312242
5.299999999999997 0.2500000000000004 -4.596328474091887 1.7065119184592161
5.299999999999997 0.2600000000000004 -5.98720041797993 2.2391851221513734
5.299999999999997 0.2700000000000004 -7.797897414383538 2.938194203211795
5.299999999999997 0.2800000000000004 -10.154713771890155 3.855467746461208
5.299999999999997 0.2900000000000004 -13.221802491663713 5.059140989602437
5.299999999999997 0.30000000000000043 -17.212474865575487 6.638609171899441
5.299999999999997 0.31000000000000044 -22.40385647706457 8.711154444318037
5.299999999999997 0.32000000000000045 -29.15589091589424 11.43063530075569
5.299999999999997 0.33000000000000046 -37.93597341531283 14.998878988758127
5.299999999999997 0.34000000000000047 -49.35087223856686 19.680615611204598
5.299999999999997 0.3500000000000005 -64.18808044464336 25.823051992967695
5.299999999999997 0.3600000000000005 -83.46936610620453 33.88152258957325
5.299999999999997 0.3700000000000005 -108.5200955637932 44.45309819219695
5.299999999999997 0.3800000000000005 -141.05894380590098 58.320612787340906
5.299999999999997 0.3900000000000005 -183.3139452231889 76.51032616671758
5.299999999999997 0.4000000000000005 -238.17256231902786 100.36742880674637
5.299999999999997 0.41000000000000053 -309.3756691207757 131.65488650309146
5.299999999999997 0.42000000000000054 -401.7682005416268 172.68280677192658
5.299999999999997 0.43000000000000055 -521.6228887403956 226.4777060870581
5.299999999999997 0.44000000000000056 -677.0582229190411 297.0039211722167
5.299999999999997 0.45000000000000057 -878.5778245720762 389.45313946445276
5.299999999999997 0.4600000000000006 -1139.766202493543 510.62288382751865
5.299999999999997 0.4700000000000006 -1478.1858219128699 669.4111120810664
5.299999999999997 0.4800000000000006 -1916.5332040909152 877.4623200762362
5.299999999999997 0.4900000000000006 -2484.1281501773237 1150.0112336990915
5.299999999999997 0.5000000000000006 -3218.8311553207295 1506.9840720937877
5.399999999999997 -0.5 62102.740483671194 -47666.72607895208
5.399999999999997 -0.49 47981.274598260985 -37114.598008325636
5.399999999999997 -0.48 37070.041935779154 -28897.341014859485
5.399999999999997 -0.47 28639.445145070247 -22498.56660462758
5.399999999999997 -0.45999999999999996 22125.66290995847 -17516.035568671396
5.399999999999997 -0.44999999999999996 17092.992233779634 -13636.43801821546
5.399999999999997 -0.43999999999999995 13204.743000125272 -10615.742474388531
5.399999999999997 -0.42999999999999994 10200.74299977318 -8263.884948211356
5.399999999999997 -0.41999999999999993 7879.952402854648 -6432.840036526815
5.399999999999997 -0.4099999999999999 6087.027408325134 -5007.327392900688
5.399999999999997 -0.3999999999999999 4701.9362180396865 -3897.5716728676985
5.399999999999997 -0.3899999999999999 3631.934108618384 -3033.662466225622
5.399999999999997 -0.3799999999999999 2805.3617787378234 -2361.1608209373
5.399999999999997 -0.3699999999999999 2166.852821921462 -1837.6769760202474
5.399999999999997 -0.3599999999999999 1673.630224908123 -1430.20472203069
5.399999999999997 -0.34999999999999987 1292.6444887529312 -1113.045192352936
5.399999999999997 -0.33999999999999986 998.3621607532021 -866.1898153948591
5.399999999999997 -0.32999999999999985 771.0569969819518 -674.0609335160034
5.399999999999997 -0.31999999999999984 595.4895442483829 -524.5310174009189
5.399999999999997 -0.30999999999999983 459.8868757713663 -408.1588762923219
5.399999999999997 -0.2999999999999998 355.1542677028818 -317.59487770969497
5.399999999999997 -0.2899999999999998 274.26610182779854 -247.11779661648137
5.399999999999997 -0.2799999999999998 211.7952575805452 -192.27417727507773
5.399999999999997 -0.2699999999999998 163.5495134022863 -149.59752854949977
5.399999999999997 -0.2599999999999998 126.2906313663264 -116.38968837955558
5.399999999999997 -0.24999999999999978 97.51732756224365 -90.55059973372667
5.399999999999997 -0.23999999999999977 75.29760313521055 -70.44578339549643
5.399999999999997 -0.22999999999999976 58.13921246716078 -54.80316323052151
5.399999999999997 -0.21999999999999975 44.8895963072181 -42.63274577603284
5.399999999999997 -0.20999999999999974 34.65857916183486 -33.164093913360915
5.399999999999997 -0.19999999999999973 26.75865367763988 -25.79765427299261
5.399999999999997 -0.18999999999999972 20.658851907133215 -20.066870182703493
5.399999999999997 -0.17999999999999972 15.949112922341968 -15.608691177082749
5.399999999999997 -0.1699999999999997 12.31275904476538 -12.140619006601064
5.399999999999997 -0.1599999999999997 9.50523598390119 -9.442841956108374
5.399999999999997 -0.1499999999999997 7.337691737946104 -7.344329994852551
5.399999999999997 -0.13999999999999968 5.664293272095937 -5.712013000659847
5.399999999999997 -0.12999999999999967 4.372430439172336 -4.442358736001448
5.399999999999997 -0.11999999999999968 3.375150101648836 -3.4548186378522985
5.399999999999997 -0.10999999999999968 2.6053129029787363 -2.686727343779281
5.399999999999997 -0.09999999999999969 2.011080625382237 -2.0893336341084954
5.399999999999997 -0.08999999999999969 1.5524312925774846 -1.6247119026498378
5.399999999999997 -0.0799999999999997 1.1984681034822484 -1.2633588762861008
5.399999999999997 -0.0699999999999997 0.925341532708454 -0.9823235907023719
5.399999999999997 -0.0599999999999997 0.7146450726646671 -0.7637523241316421
5.399999999999997 -0.0499999999999997 0.5521768762823532 -0.5937564176438395
5.399999999999997 -0.039999999999999696 0.4269841186383751 -0.4615313232108555
5.399999999999997 -0.029999999999999694 0.330625876045369 -0.3586711073278286
5.399999999999997 -0.01999999999999969 0.2566049948725248 -0.2786350007982519
5.399999999999997 -0.009999999999999691 0.1999307733316136 -0.2163322047454056
5.399999999999997 3.0878077872387166e-16 0.1567830690081436 -0.1677986463361194
5.399999999999997 0.010000000000000309 0.1242552627291655 -0.1299451976768971
5.399999999999997 0.02000000000000031 0.1001588130142565 -0.1003613955196282
5.399999999999997 0.03000000000000031 0.0828762810094625 -0.0771622136360297
5.399999999999997 0.04000000000000031 0.0712529720458821 -0.0588681660879611
5.399999999999997 0.050000000000000315 0.0645199465142554 -0.0443111304649548
5.399999999999997 0.06000000000000032 0.062243275221472 -0.0325599089443537
5.399999999999997 0.07000000000000031 0.0642961960999282 -0.0228607947533949
5.399999999999997 0.08000000000000031 0.0708523907333054 -0.0145893613253116
5.399999999999997 0.0900000000000003 0.0824000467961656 -0.0072104012417507
5.399999999999997 0.1000000000000003 0.0997778050166958 -0.0002434568843348
5.399999999999997 0.11000000000000029 0.124235204897316 0.0067682627728997
5.399999999999997 0.12000000000000029 0.1575219464941351 0.0142875721817278
5.399999999999997 0.13000000000000028 0.2020122936080295 0.0228135126171796
5.399999999999997 0.1400000000000003 0.2608733955791298 0.0329140095828378
5.399999999999997 0.1500000000000003 0.3382893700532726 0.0452630810102188
5.399999999999997 0.1600000000000003 0.439756879502321 0.0606849804196584
5.399999999999997 0.17000000000000032 0.5724729186452856 0.0802080948735318
5.399999999999997 0.18000000000000033 0.7458419520904783 0.1051320274176504
5.399999999999997 0.19000000000000034 0.9721378439152926 0.1371121139751422
5.399999999999997 0.20000000000000034 1.2673667745355028 0.178266703807852
5.399999999999997 0.21000000000000035 1.6523912834461179 0.231313934110546
5.399999999999997 0.22000000000000036 2.1543936648504793 0.29974653487289
5.399999999999997 0.23000000000000037 2.808780414253487 0.3880555144739916
5.399999999999997 0.24000000000000038 3.6616598802546343 0.5020165326393089
5.399999999999997 0.2500000000000004 4.773064792323193 0.6490565339691448
5.399999999999997 0.2600000000000004 6.221142599279798 0.8387230050851278
5.399999999999997 0.2700000000000004 8.107603043049965 1.0832842997990113
5.399999999999997 0.2800000000000004 10.564798609679318 1.3984971867817686
5.399999999999997 0.2900000000000004 13.76492526884148 1.804587536257152
5.399999999999997 0.30000000000000043 17.931975767095167 2.3275024065372456
5.399999999999997 0.31000000000000044 23.35726541840789 3.00050738091975
5.399999999999997 0.32000000000000045 30.419593426059475 3.8662226686627648
5.399999999999997 0.33000000000000046 39.61141753703163 4.97921625250175
5.399999999999997 0.34000000000000047 51.57282727860659 6.4093035236889975
5.399999999999997 0.3500000000000005 67.13562827560449 8.24574198895673
5.399999999999997 0.3600000000000005 87.3805321936167 10.60255873955606
5.399999999999997 0.3700000000000005 113.71132884495867 13.62530988810552
5.399999999999997 0.3800000000000005 147.95105714820215 17.499648127590746
5.399999999999997 0.3900000000000005 192.46666498820758 22.462170675721694
5.399999999999997 0.4000000000000005 250.33055126328577 28.814139723956828
5.399999999999997 0.41000000000000053 325.52984104494533 36.93881674896949
5.399999999999997 0.42000000000000054 423.23741709999365 47.32333757131698
5.399999999999997 0.43000000000000055 550.1628242818947 60.586285319892056
5.399999999999997 0.44000000000000056 715.0064427595421 77.51240380433899
5.399999999999997 0.45000000000000057 929.0471327418186 99.096246818037
5.399999999999997 0.4600000000000006 1206.9023254849926 126.59699492512415
5.399999999999997 0.4700000000000006 1567.5108358024913 161.60720900041656
5.399999999999997 0.4800000000000006 2035.4032225940653 206.13895185626552
5.399999999999997 0.4900000000000006 2642.343253335921 262.7315232365754
5.399999999999997 0.5000000000000006 3429.4481252819896 334.58605269472855
5.4999999999999964 -0.5 -24110.839219939444 71446.92956320208
5.4999999999999964 -0.49 -18474.458029141628 55430.12095643961
5.4999999999999964 -0.48 -14153.700826552911 43003.25369957745
5.4999999999999964 -0.47 -10841.911151340528 33361.84489027545
5.4999999999999964 -0.45999999999999996 -8303.816747622835 25881.656728510854
5.4999999999999964 -0.44999999999999996 -6358.932989760982 20078.320232119066
5.4999999999999964 -0.43999999999999995 -4868.820507473873 15576.001783705817
5.4999999999999964 -0.42999999999999994 -3727.3029245756775 12083.087641308102
5.4999999999999964 -0.41999999999999993 -2852.957821048702 9373.314862004616
5.4999999999999964 -0.4099999999999999 -2183.353254684149 7271.128938876626
5.4999999999999964 -0.3999999999999999 -1670.6245312262406 5640.321543632565
5.4999999999999964 -0.3899999999999999 -1278.0799221992015 4375.213725930965
5.4999999999999964 -0.3799999999999999 -977.5962566866529 3393.814428102004
5.4999999999999964 -0.3699999999999999 -747.6207996953997 2632.5118513591633
5.4999999999999964 -0.3599999999999999 -571.6384519035698 2041.954300578413
5.4999999999999964 -0.34999999999999987 -436.9960429642759 1583.8540384296587
5.4999999999999964 -0.33999999999999986 -334.0006333683832 1228.5073629734384
5.4999999999999964 -0.32999999999999985 -255.2280480946311 952.8704410212187
5.4999999999999964 -0.31999999999999984 -194.9926915016195 739.0663749250027
5.4999999999999964 -0.30999999999999983 -148.9410764210533 573.2268754946141
5.4999999999999964 -0.2999999999999998 -113.74023976031174 444.5935610617663
5.4999999999999964 -0.2899999999999998 -86.83892561826784 344.82070133254354
5.4999999999999964 -0.2799999999999998 -66.28456628316681 267.4342604389274
5.4999999999999964 -0.2699999999999998 -50.583043530348505 207.41220921049162
5.4999999999999964 -0.2599999999999998 -38.591245460193235 160.85892616792205
5.4999999999999964 -0.24999999999999978 -29.434761257033607 124.75259765111534
5.4999999999999964 -0.23999999999999977 -22.444841716423156 96.74925374775063
5.4999999999999964 -0.22999999999999976 -17.1101231059113 75.03074397138289
5.4999999999999964 -0.21999999999999975 -13.039662581646489 58.186802180521
5.4999999999999964 -0.20999999999999974 -9.93463920653068 45.123558127200845
5.4999999999999964 -0.19999999999999973 -7.566692584710565 34.99256613399799
5.4999999999999964 -0.18999999999999972 -5.761344977142751 27.135750583521233
5.4999999999999964 -0.17999999999999972 -4.3853160588746825 21.04269918783485
5.4999999999999964 -0.1699999999999997 -3.336817978783273 16.317535142678995
5.4999999999999964 -0.1599999999999997 -2.538131850853118 12.653220059221661
5.4999999999999964 -0.1499999999999997 -1.929930406623918 9.811621198766636
5.4999999999999964 -0.13999999999999968 -1.4669369036316713 7.608050199557423
5.4999999999999964 -0.12999999999999967 -1.1146064375946287 5.899270379054778
5.4999999999999964 -0.11999999999999968 -0.8465893901588885 4.574194595518671
5.4999999999999964 -0.10999999999999968 -0.6427931074490949 3.546670128228708
5.4999999999999964 -0.09999999999999969 -0.4879010716317511 2.7498823892635356
5.4999999999999964 -0.08999999999999969 -0.370241883572847 2.132014281689264
5.4999999999999964 -0.0799999999999997 -0.2809256847953346 1.652879473276387
5.4999999999999964 -0.0699999999999997 -0.2131850243609999 1.2813110405625503
5.4999999999999964 -0.0599999999999997 -0.1618720108228983 0.9931359505844208
5.4999999999999964 -0.0499999999999997 -0.1230749461519378 0.7696038641424372
5.4999999999999964 -0.039999999999999696 -0.0938263340111485 0.5961682296849306
5.4999999999999964 -0.029999999999999694 -0.0718808148254156 0.4615405025723833
5.4999999999999964 -0.01999999999999969 -0.0555466847673125 0.356956053319639
5.4999999999999964 -0.009999999999999691 -0.0435585734069088 0.2756040701338716
5.4999999999999964 3.0878077872387166e-16 -0.0349818684049604 0.2121844068666947
5.4999999999999964 0.010000000000000309 -0.02914180325803 0.1625625678042064
5.4999999999999964 0.02000000000000031 -0.025571934287233 0.1235003899284503
5.4999999999999964 0.03000000000000031 -0.0239781569897157 0.0924448943753848
5.4999999999999964 0.04000000000000031 -0.0242155527883579 0.0673615501052359
5.4999999999999964 0.050000000000000315 -0.0262762978209547 0.046601068566165
5.4999999999999964 0.06000000000000032 -0.0302876737926079 0.0287910144033351
5.4999999999999964 0.07000000000000031 -0.0365199554248268 0.0127451138573211
5.4999999999999964 0.08000000000000031 -0.0454046624529126 -0.0026157279700706
5.4999999999999964 0.0900000000000003 -0.0575644074102859 -0.018335955321286
5.4999999999999964 0.1000000000000003 -0.0738563963374606 -0.0354963043714142
5.4999999999999964 0.11000000000000029 -0.0954326062921393 -0.0552879698900731
5.4999999999999964 0.12000000000000029 -0.1238208388834825 -0.079095071590019
5.4999999999999964 0.13000000000000028 -0.1610323150178946 -0.1085911076729734
5.4999999999999964 0.1400000000000003 -0.2097033345261884 -0.1458560852404928
5.4999999999999964 0.1500000000000003 -0.2732809041338134 -0.1935224805473158
5.4999999999999964 0.1600000000000003 -0.3562653028295128 -0.2549602089736362
5.4999999999999964 0.17000000000000032 -0.4645265164963113 -0.334513516149721
5.4999999999999964 0.18000000000000033 -0.605716606409744 -0.4378063272858504
5.4999999999999964 0.19000000000000034 -0.7898067314077816 -0.57213736216033
5.4999999999999964 0.20000000000000034 -1.029786177396426 -0.7469925675829919
5.4999999999999964 0.21000000000000035 -1.3425719510471614 -0.9747105675693796
5.4999999999999964 0.22000000000000036 -1.7501920320218427 -1.271347444228987
5.4999999999999964 0.23000000000000037 -2.2813242404442735 -1.6578009680452546
5.4999999999999964 0.24000000000000038 -2.9732971463362445 -2.1612723410677583
5.4999999999999964 0.2500000000000004 -3.874691185893057 -2.8171668285499645
5.4999999999999964 0.2600000000000004 -5.048719304972963 -3.6715649265690966
5.4999999999999964 0.2700000000000004 -6.577619803635187 -4.784435010114673
5.4999999999999964 0.2800000000000004 -8.568363203754984 -6.233809404426944
5.4999999999999964 0.2900000000000004 -11.160064555175133 -8.121211989488952
5.4999999999999964 0.30000000000000043 -14.533608645751023 -10.578711274971221
5.4999999999999964 0.31000000000000044 -18.924145854124323 -13.778084186739257
5.4999999999999964 0.32000000000000045 -24.637310913489145 -17.942720115875723
5.4999999999999964 0.33000000000000046 -32.07026859295087 -23.36308184244504
5.4999999999999964 0.34000000000000047 -41.73901596845287 -30.416782369235616
5.4999999999999964 0.3500000000000005 -54.31379211560824 -39.59465079851675
5.4999999999999964 0.3600000000000005 -70.6649905270706 -51.53456725520587
5.4999999999999964 0.3700000000000005 -91.92267319142618 -67.06537378198921
5.4999999999999964 0.3800000000000005 -119.55369426946575 -87.26385036818003
5.4999999999999964 0.3900000000000005 -155.46161516882717 -113.52862839512851
5.4999999999999964 0.4000000000000005 -202.11610815446357 -147.67605666145036
5.4999999999999964 0.41000000000000053 -262.7205010107711 -192.06451384042703
5.4999999999999964 0.42000000000000054 -341.42863747833667 -249.75557391475533
5.4999999999999964 0.43000000000000055 -443.625480217785 -324.72290460529905
5.4999999999999964 0.44000000000000056 -576.2900743458774 -422.1229766653903
5.4999999999999964 0.45000000000000057 -748.4648891469606 -548.6457952570236
5.4999999999999964 0.4600000000000006 -971.8625086911281 -712.9692057428499
5.4999999999999964 0.4700000000000006 -1261.6495918520689 -926.3472262714114
5.4999999999999964 0.4800000000000006 -1637.4595367704353 -1203.3717711550185
5.4999999999999964 0.4900000000000006 -2124.7000923782944 -1562.9586356721336
5.4999999999999964 0.5000000000000006 -2756.2411930807284 -2029.6234662387892
5.599999999999996 -0.5 -19038.618416869278 -70090.01715041
5.599999999999996 -0.49 -14955.616894829032 -54253.31582896867
5.599999999999996 -0.48 -11745.914283461025 -41994.25195059244
5.599999999999996 -0.47 -9223.27629023413 -32504.751148238647
5.599999999999996 -0.45999999999999996 -7241.052796996347 -25159.225265615893
5.599999999999996 -0.44999999999999996 -5683.795375494295 -19473.368984152294
5.599999999999996 -0.43999999999999995 -4460.642475952875 -15072.258094066874
5.599999999999996 -0.42999999999999994 -3500.1013068881302 -11665.649932618408
5.599999999999996 -0.41999999999999993 -2745.932854287408 -9028.86030394411
5.599999999999996 -0.4099999999999999 -2153.9078608626364 -6987.95808376809
5.599999999999996 -0.3999999999999999 -1689.2502059072945 -5408.302814902406
5.599999999999996 -0.3899999999999999 -1324.6226245382281 -4185.67059324841
5.599999999999996 -0.3799999999999999 -1038.540174153266 -3239.383892378444
5.599999999999996 -0.3699999999999999 -814.1209596307687 -2506.9928795544038
5.599999999999996 -0.3599999999999999 -638.1026884946968 -1940.1579112344318
5.599999999999996 -0.34999999999999987 -500.0686922991789 -1501.461979424634
5.599999999999996 -0.33999999999999986 -391.8389532129978 -1161.9431134918734
5.599999999999996 -0.32999999999999985 -306.99107543979056 -899.1841535403944
5.599999999999996 -0.31999999999999984 -240.48356285911444 -695.8340205327714
5.599999999999996 -0.30999999999999983 -188.35962161244723 -538.4630304818287
5.599999999999996 -0.2999999999999998 -147.51432743741003 -416.6768056770367
5.599999999999996 -0.2899999999999998 -115.5116420991566 -322.43037334642656
5.599999999999996 -0.2799999999999998 -90.44063671032009 -249.4972328844245
5.599999999999996 -0.2699999999999998 -70.8025445197481 -193.05838513497986
5.599999999999996 -0.2599999999999998 -55.42205027594858 -149.38422359986592
5.599999999999996 -0.24999999999999978 -43.37762896720518 -115.58830843971901
5.599999999999996 -0.23999999999999977 -33.94685371822799 -89.43678285227153
5.599999999999996 -0.22999999999999976 -26.563464124236766 -69.20085994654373
5.599999999999996 -0.21999999999999975 -20.78367223917129 -53.54264822913473
5.599999999999996 -0.20999999999999974 -16.259723178126016 -41.4267823716181
5.599999999999996 -0.19999999999999973 -12.719151898697492 -32.05202788843887
5.599999999999996 -0.18999999999999972 -9.948511673169008 -24.7983458681928
5.599999999999996 -0.17999999999999972 -7.780612347777826 -19.185923794718782
5.599999999999996 -0.1699999999999997 -6.0845129109741976 -14.843467985917481
5.599999999999996 -0.1599999999999997 -4.7576751335249305 -11.483664308205244
5.599999999999996 -0.1499999999999997 -3.719812530542176 -8.884186881580856
5.599999999999996 -0.13999999999999968 -2.908069052417527 -6.873000662929514
5.599999999999996 -0.12999999999999967 -2.2732405813044654 -5.316987229243531
5.599999999999996 -0.11999999999999968 -1.7768140897460283 -4.113142469325167
5.599999999999996 -0.10999999999999968 -1.3886478247844796 -3.1817647018053568
5.599999999999996 -0.09999999999999969 -1.0851539588364147 -2.461183170190988
5.599999999999996 -0.08999999999999969 -0.8478750341276573 -1.9036785927440885
5.599999999999996 -0.0799999999999997 -0.6623689785102314 -1.4723261780596513
5.599999999999996 -0.0699999999999997 -0.5173358686632981 -1.1385524515288332
5.599999999999996 -0.0599999999999997 -0.4039340474884368 -0.8802443947221861
5.599999999999996 -0.0499999999999997 -0.3152445185823449 -0.6802858914769813
5.599999999999996 -0.039999999999999696 -0.245851411544415 -0.525424709889346
5.599999999999996 -0.029999999999999694 -0.1915132630924909 -0.4053950924248493
5.599999999999996 -0.01999999999999969 -0.1489053028448899 -0.3122379190896127
5.599999999999996 -0.009999999999999691 -0.1154171924641178 -0.239773466353285
5.599999999999996 3.0878077872387166e-16 -0.0889939958779356 -0.1831918694822515
5.599999999999996 0.010000000000000309 -0.0680107545434284 -0.1387341739750962
5.599999999999996 0.02000000000000031 -0.0511730597334688 -0.1034428463834715
5.599999999999996 0.03000000000000031 -0.0374375737195307 -0.0749652009267283
5.599999999999996 0.04000000000000031 -0.0259476462637195 -0.0513966884719723
5.599999999999996 0.050000000000000315 -0.0159800729066737 -0.0311536186295734
5.599999999999996 0.06000000000000032 -0.0068997003019076 -0.0128668164870006
5.599999999999996 0.07000000000000031 0.0018809601502886 0.0047109205934235
5.599999999999996 0.08000000000000031 0.0109396697231588 0.0227898148930071
5.599999999999996 0.0900000000000003 0.0208823921581046 0.042626333283966
5.599999999999996 0.1000000000000003 0.0323836953292792 0.065610357955609
5.599999999999996 0.11000000000000029 0.046232303413681 0.0933623351986573
5.599999999999996 0.12000000000000029 0.0633848534029476 0.1278471700149662
5.599999999999996 0.13000000000000028 0.0850314875736845 0.171512839174506
5.599999999999996 0.1400000000000003 0.1126777336572349 0.227463455338555
5.599999999999996 0.1500000000000003 0.1482482425760712 0.2996789541723974
5.599999999999996 0.1600000000000003 0.1942194449901677 0.3932968662123904
5.599999999999996 0.17000000000000032 0.2537901522813771 0.5149760058068908
5.599999999999996 0.18000000000000033 0.331101695787752 0.6733676658008205
5.599999999999996 0.19000000000000034 0.4315225403618183 0.8797274498051679
5.599999999999996 0.20000000000000034 0.5620166454661203 1.1487107285654563
5.599999999999996 0.21000000000000035 0.7316204644751158 1.4994075574698138
5.599999999999996 0.22000000000000036 0.9520607390411002 1.9566896297376133
5.599999999999996 0.23000000000000037 1.2385546350399308 2.5529636232224737
5.599999999999996 0.24000000000000038 1.610845890983538 3.3304536341292597
5.599999999999996 0.2500000000000004 2.0945462949996494 4.344172234419138
5.599999999999996 0.2600000000000004 2.7228719829997687 5.665787580825066
5.599999999999996 0.2700000000000004 3.538890056090315 7.388656238156403
5.599999999999996 0.2800000000000004 4.59842451508121 9.63437223406715
5.599999999999996 0.2900000000000004 5.973813639789608 12.561287883098075
5.599999999999996 0.30000000000000043 7.758766437785629 16.375598296523258
5.599999999999996 0.31000000000000044 10.074637156029391 21.34575855432527
5.599999999999996 0.32000000000000045 13.078528574312399 27.821232339524283
5.599999999999996 0.33000000000000046 16.973752615251335 36.256869077183566
5.599999999999996 0.34000000000000047 22.023328036753803 47.24459355843376
5.599999999999996 0.3500000000000005 28.567388968851084 61.55459391956033
5.599999999999996 0.3600000000000005 37.045626740034955 80.18884467852263
5.599999999999996 0.3700000000000005 48.0262059993566 104.45064529263863
5.599999999999996 0.3800000000000005 62.243003913082724 136.03494830126346
5.599999999999996 0.3900000000000005 80.64354278311414 177.14566815750098
5.599999999999996 0.4000000000000005 104.45065302285587 230.6479974966891
5.599999999999996 0.41000000000000053 135.24175465303844 300.2661348327989
5.599999999999996 0.42000000000000054 175.05073154994534 390.8399054404582
5.599999999999996 0.43000000000000055 226.49875713813532 508.65774073676874
5.599999999999996 0.44000000000000056 292.9621934006626 661.8886358593038
5.599999999999996 0.45000000000000057 378.7879283874986 861.1423724295792
5.599999999999996 0.4600000000000006 489.5693686800726 1120.1959150613447
5.599999999999996 0.4700000000000006 632.4999234305155 1456.9350352753922
5.599999999999996 0.4800000000000006 816.825407866728 1894.5746190163666
5.599999999999996 0.4900000000000006 1054.4226102858142 2463.2397197460778
5.599999999999996 0.5000000000000006 1360.5386253352026 3202.0134465177703
5.699999999999996 -0.5 52828.816793673876 45857.65006849662
5.699999999999996 -0.49 41067.2144279246 35378.79985252738
5.699999999999996 -0.48 31923.39433372063 27293.548967566843
5.699999999999996 -0.47 24814.89280963858 21055.34778042657
5.699999999999996 -0.45999999999999996 19288.805638471655 16242.400001394124
5.699999999999996 -0.44999999999999996 14992.978899016915 12529.196903442717
5.699999999999996 -0.43999999999999995 11653.60376605474 9664.544550599952
5.699999999999996 -0.42999999999999994 9057.792236976657 7454.6034808008135
5.699999999999996 -0.41999999999999993 7040.026839313481 5749.797779238349
5.699999999999996 -0.4099999999999999 5471.623293021588 4434.711062635635
5.699999999999996 -0.3999999999999999 4252.53640672641 3420.288092950442
5.699999999999996 -0.3899999999999999 3304.9883026458765 2637.816080249292
5.699999999999996 -0.3799999999999999 2568.5138242705616 2034.2796673852067
5.699999999999996 -0.3699999999999999 1996.1080242957873 1568.7761819905363
5.699999999999996 -0.3599999999999999 1551.2306684207438 1209.749224646837
5.699999999999996 -0.34999999999999987 1205.477166623482 932.8538469635729
5.699999999999996 -0.33999999999999986 936.7677139686574 719.3091746025044
5.699999999999996 -0.32999999999999985 727.9393770579716 554.6272164704875
5.699999999999996 -0.31999999999999984 565.6514918603299 427.6319871493566
5.699999999999996 -0.30999999999999983 439.5346712652037 329.70266517284165
5.699999999999996 -0.2999999999999998 341.529222187671 254.18963528584192
5.699999999999996 -0.2899999999999998 265.37082715884725 195.96393765260336
5.699999999999996 -0.2799999999999998 206.1907200312999 151.06965809406648
5.699999999999996 -0.2699999999999998 160.20487548485767 116.45574837065168
5.699999999999996 -0.2599999999999998 124.47240085344916 89.76913330674454
5.699999999999996 -0.24999999999999978 96.70772682664692 69.19510425733755
5.699999999999996 -0.23999999999999977 75.13462113269769 53.334195537591356
5.699999999999996 -0.22999999999999976 58.37271440614366 41.10720773400313
5.699999999999996 -0.21999999999999975 45.349299634003074 31.681945831979903
5.699999999999996 -0.20999999999999974 35.230777722985515 24.416709378657426
5.699999999999996 -0.19999999999999973 27.369374382593087 18.816705678373765
5.699999999999996 -0.18999999999999972 21.261727418503575 14.500431872917234
5.699999999999996 -0.17999999999999972 16.51670069010311 11.173746800620997
5.699999999999996 -0.1699999999999997 12.830369624588041 8.609874376434766
5.699999999999996 -0.1599999999999997 9.966580795746186 6.633982097530753
5.699999999999996 -0.1499999999999997 7.741843821900117 5.111288327464787
5.699999999999996 -0.13999999999999968 6.013590385809081 3.937891214916815
5.699999999999996 -0.12999999999999967 4.6710501554011845 3.0336966425805802
5.699999999999996 -0.11999999999999968 3.6281604929217126 2.336964964315447
5.699999999999996 -0.10999999999999968 2.8180567365813234 1.8001061099164122
5.699999999999996 -0.09999999999999969 2.188790807283966 1.386437351410894
5.699999999999996 -0.08999999999999969 1.700004373874132 1.067683369449117
5.699999999999996 -0.0799999999999997 1.3203438106253844 0.8220486590541324
5.699999999999996 -0.0699999999999997 1.0254515928831158 0.6327311855977727
5.699999999999996 -0.0599999999999997 0.7964056269179621 0.4867761786263516
5.699999999999996 -0.0499999999999997 0.6185066504198424 0.3741920651543232
5.699999999999996 -0.039999999999999696 0.480336099381298 0.2872683625035256
5.699999999999996 -0.029999999999999694 0.373024136775355 0.2200490821711511
5.699999999999996 -0.01999999999999969 0.289680983469183 0.1679257720810068
5.699999999999996 -0.009999999999999691 0.2249551411407872 0.1273224625146119
5.699999999999996 3.0878077872387166e-16 0.1746902183102732 0.0954510333163742
5.699999999999996 0.010000000000000309 0.1356583830506406 0.07012031099984
5.699999999999996 0.02000000000000031 0.1053533730880824 0.0495858593437286
5.699999999999996 0.03000000000000031 0.0818298097190174 0.0324301940158847
5.699999999999996 0.04000000000000031 0.0635785304466435 0.0174652184047486
5.699999999999996 0.050000000000000315 0.0494299666145535 0.0036501842447698
5.699999999999996 0.06000000000000032 0.0384793948201928 -0.0099804713007441
5.699999999999996 0.07000000000000031 0.0300293003816841 -0.024384400057265
5.699999999999996 0.08000000000000031 0.0235451985082556 -0.0405783999313362
5.699999999999996 0.0900000000000003 0.0186221359242771 -0.0597099321339807
5.699999999999996 0.1000000000000003 0.0149597999583596 -0.083138107051258
5.699999999999996 0.11000000000000029 0.0123447403610487 -0.1125298272512936
5.699999999999996 0.12000000000000029 0.0106387007217009 -0.1499778532895278
5.699999999999996 0.13000000000000028 0.0097724959370954 -0.198149108159889
5.699999999999996 0.1400000000000003 0.0097452921029162 -0.2604736680530806
5.699999999999996 0.1500000000000003 0.0106295779900422 -0.341387749463528
5.699999999999996 0.1600000000000003 0.012582598207529 -0.4466477951793126
5.699999999999996 0.17000000000000032 0.0158655881652187 -0.5837377482041232
5.699999999999996 0.18000000000000033 0.0208728600804277 -0.7623981296113775
5.699999999999996 0.19000000000000034 0.0281737010566689 -0.9953140564255858
5.699999999999996 0.20000000000000034 0.0385712413114344 -1.2990104388668413
5.699999999999996 0.21000000000000035 0.0531840419741948 -1.695017050312408
5.699999999999996 0.22000000000000036 0.0735582826618251 -2.211384965786524
5.699999999999996 0.23000000000000037 0.1018212934319209 -2.8846603112523335
5.699999999999996 0.24000000000000038 0.140891034170258 -3.7624530380112944
5.699999999999996 0.2500000000000004 0.1947613267632024 -4.906779715615867
5.699999999999996 0.2600000000000004 0.2688896615650611 -6.398412951854912
5.699999999999996 0.2700000000000004 0.3707238613191155 -8.342539666992034
5.699999999999996 0.2800000000000004 0.510416641416624 -10.876120824179672
5.699999999999996 0.2900000000000004 0.7017942949625908 -14.177462505744655
5.699999999999996 0.30000000000000043 0.9636688846184978 -18.478660399604177
5.699999999999996 0.31000000000000044 1.3216144937491183 -24.08177714411325
5.699999999999996 0.32000000000000045 1.8103700306306865 -31.379867932638888
5.699999999999996 0.33000000000000046 2.477087482073287 -40.884301584576036
5.699999999999996 0.34000000000000047 3.3857203217518332 -53.26025429827104
5.699999999999996 0.3500000000000005 4.622948613913579 -69.3728104091249
5.699999999999996 0.3600000000000005 6.3061740750888475 -90.3468260210507
5.699999999999996 0.3700000000000005 8.594301813124261 -117.6446455954997
5.699999999999996 0.3800000000000005 11.702271493040612 -153.16697074614945
5.699999999999996 0.3900000000000005 15.920630439312518 -199.38374497847227
5.699999999999996 0.4000000000000005 21.641882922159738 -259.5039416276682
5.699999999999996 0.41000000000000053 29.395941279418988 -337.69575850021295
5.699999999999996 0.42000000000000054 39.8977958565286 -439.3721040590592
5.699999999999996 0.43000000000000055 54.11157898064931 -571.5606284344079
5.699999999999996 0.44000000000000056 73.33661252892637 -743.3831939811109
5.699999999999996 0.45000000000000057 99.32291783664505 -966.6769624551222
5.699999999999996 0.4600000000000006 134.42618865569773 -1256.7986724146474
5.699999999999996 0.4700000000000006 181.81559255948696 -1633.6657995327193
5.699999999999996 0.4800000000000006 245.75225249811595 -2123.103915865223
5.699999999999996 0.4900000000000006 331.96223838320293 -2758.589695468422
5.699999999999996 0.5000000000000006 448.13585981602637 -3583.5049412482545
5.799999999999995 -0.5 -66860.53461783136 -8347.295843638909
5.799999999999995 -0.49 -51830.40668243266 -6273.378836205746
5.799999999999995 -0.48 -40178.460105492806 -4710.123529526067
5.799999999999995 -0.47 -31145.54032394816 -3532.7306302791762
5.799999999999995 -0.45999999999999996 -24143.06324377634 -2646.70636142643
5.799999999999995 -0.44999999999999996 -18714.69720583962 -1980.5434794924336
5.799999999999995 -0.43999999999999995 -14506.651472224847 -1480.161474054756
5.799999999999995 -0.42999999999999994 -11244.63848070017 -1104.6848781459703
5.799999999999995 -0.41999999999999993 -8716.011073513944 -823.239032310627
5.799999999999995 -0.4099999999999999 -6755.9124463461285 -612.5191918646425
5.799999999999995 -0.3999999999999999 -5236.537549616933 -454.94720270854566
5.799999999999995 -0.3899999999999999 -4058.807066211628 -337.27441518359
5.799999999999995 -0.3799999999999999 -3145.912039669022 -249.52335555314744
5.799999999999995 -0.3699999999999999 -2438.308936111145 -184.1864478573798
5.799999999999995 -0.3599999999999999 -1889.839302939653 -135.61969592021813
5.799999999999995 -0.34999999999999987 -1464.721373323391 -99.58416148279372
5.799999999999995 -0.33999999999999986 -1135.2177160909564 -72.8994274836815
5.799999999999995 -0.32999999999999985 -879.8270361167835 -53.18186761000241
5.799999999999995 -0.31999999999999984 -681.8823524322937 -38.64710399020616
5.799999999999995 -0.30999999999999983 -528.4642394651594 -27.96101938700629
5.799999999999995 -0.2999999999999998 -409.5583320504668 -20.127475594963208
5.799999999999995 -0.2899999999999998 -317.4022018276714 -14.403763219638442
5.799999999999995 -0.2799999999999998 -245.9790462915306 -10.236988295530185
5.799999999999995 -0.2699999999999998 -190.62519466567807 -7.216254741945776
5.799999999999995 -0.2599999999999998 -147.7258492655995 -5.036755108944526
5.799999999999995 -0.24999999999999978 -114.47922968144564 -3.4728317461132807
5.799999999999995 -0.23999999999999977 -88.71374414934849 -2.3577896745296023
5.799999999999995 -0.22999999999999976 -68.74626804721453 -1.5687867133334237
5.799999999999995 -0.21999999999999975 -53.27228853429402 -1.0155380918620773
5.799999999999995 -0.20999999999999974 -41.28075140284504 -0.6318839763910367
5.799999999999995 -0.19999999999999973 -31.988056490082936 -0.3695034308257284
5.799999999999995 -0.18999999999999972 -24.786896386653584 -0.1932358062881012
5.799999999999995 -0.17999999999999972 -19.20660099154447 -0.0776044393035646
5.799999999999995 -0.1699999999999997 -14.882400751262276 -0.0042384631918688
5.799999999999995 -0.1599999999999997 -11.531603066006088 0.0400354446575002
5.799999999999995 -0.1499999999999997 -8.935127247079391 0.0646023471920418
5.799999999999995 -0.13999999999999968 -6.923192952489756 0.076097314976101
5.799999999999995 -0.12999999999999967 -5.364227991769351 0.0791683142860352
5.799999999999995 -0.11999999999999968 -4.156271439167615 0.0770351054925775
5.799999999999995 -0.10999999999999968 -3.220310818820894 0.0718973647764358
5.799999999999995 -0.09999999999999969 -2.4951183418398517 0.0652316335672297
5.799999999999995 -0.08999999999999969 -1.933249013359118 0.0580065247722776
5.799999999999995 -0.0799999999999997 -1.4979392672688487 0.0508380177280418
5.799999999999995 -0.0699999999999997 -1.1607035739060039 0.044101011163391
5.799999999999995 -0.0599999999999997 -0.8994720357045296 0.0380090910739161
5.799999999999995 -0.0499999999999997 -0.6971473104165775 0.0326713445195329
5.799999999999995 -0.039999999999999696 -0.540486585569086 0.0281327381940712
5.799999999999995 -0.029999999999999694 -0.419235558134318 0.024402877966685
5.799999999999995 -0.01999999999999969 -0.3254578354038698 0.0214767201234882
5.799999999999995 -0.009999999999999691 -0.2530159412464148 0.0193499035578638
5.799999999999995 3.0878077872387166e-16 -0.1971700198381531 0.0180307312003619
5.799999999999995 0.010000000000000309 -0.1542680235847172 0.0175503877271064
5.799999999999995 0.02000000000000031 -0.1215071559702006 0.0179726956532786
5.799999999999995 0.03000000000000031 -0.0967510046223232 0.0194045535757634
5.799999999999995 0.04000000000000031 -0.0783904501520579 0.0220081498188167
5.799999999999995 0.050000000000000315 -0.0652393114848313 0.0260160925057899
5.799999999999995 0.06000000000000032 -0.0564579772695516 0.0317507417349771
5.799999999999995 0.07000000000000031 -0.051500126415189 0.0396492774557642
5.799999999999995 0.08000000000000031 -0.0500791817504097 0.0502964021756352
5.799999999999995 0.0900000000000003 -0.0521524722845899 0.0644670839093167
5.799999999999995 0.1000000000000003 -0.0579222917017351 0.0831824251671497
5.799999999999995 0.11000000000000029 -0.0678542168688453 0.1077826440190775
5.799999999999995 0.12000000000000029 -0.0827142725676816 0.1400223345514682
5.799999999999995 0.13000000000000028 -0.1036278843769753 0.1821947170790174
5.799999999999995 0.1400000000000003 -0.1321651486102066 0.2372935989838527
5.799999999999995 0.1500000000000003 -0.1704588824815543 0.3092243828382756
5.799999999999995 0.1600000000000003 -0.2213643418315031 0.4030788587429352
5.799999999999995 0.17000000000000032 -0.2886725874849278 0.5254929352778688
5.799999999999995 0.18000000000000033 -0.3773934747832962 0.6851121999598533
5.799999999999995 0.19000000000000034 -0.4941294317070655 0.8931976468524604
5.799999999999995 0.20000000000000034 -0.64756796674419 1.1644135727962388
5.799999999999995 0.21000000000000035 -0.8491297143554488 1.517852180826171
5.799999999999995 0.22000000000000036 -1.1138204460602423 1.9783656889948689
5.799999999999995 0.23000000000000037 -1.4613507171978495 2.5782978236827425
5.799999999999995 0.24000000000000038 -1.9176068223537868 3.359733899209743
5.799999999999995 0.2500000000000004 -2.516582990863729 4.377424086349753
5.799999999999995 0.2600000000000004 -3.3029192293980354 5.702580323428421
5.799999999999995 0.2700000000000004 -4.33523448606181 7.427806688243611
5.799999999999995 0.2800000000000004 -5.690504249304304 9.673499880716225
5.799999999999995 0.2900000000000004 -7.469809740836707 12.596155865065665
5.799999999999995 0.30000000000000043 -9.80588833619423 16.399147261971038
5.799999999999995 0.31000000000000044 -12.873049388926038 21.346702239079647
5.799999999999995 0.32000000000000045 -16.900196268630687 27.782030334203696
5.799999999999995 0.33000000000000046 -22.18792730016569 36.150817904603045
5.799999999999995 0.34000000000000047 -29.130992662475137 47.03167379200098
5.799999999999995 0.3500000000000005 -38.247783796337096 61.17556754658971
5.799999999999995 0.3600000000000005 -50.21905615089023 79.55689798959531
5.799999999999995 0.3700000000000005 -65.93877406845709 103.4395972956724
5.799999999999995 0.3800000000000005 -86.58086925601401 134.46266424323403
5.799999999999995 0.3900000000000005 -113.68688844430223 174.75079273785988
5.799999999999995 0.4000000000000005 -149.28105904557924 227.05739873230988
5.799999999999995 0.41000000000000053 -196.02133857724826 294.9494533290725
5.799999999999995 0.42000000000000054 -257.3976845106885 383.0462339092221
5.799999999999995 0.43000000000000055 -337.99228265956964 497.327576828898
5.799999999999995 0.44000000000000056 -443.82106158266686 645.5316691670281
5.799999999999995 0.45000000000000057 -582.7818344529535 837.6681266715392
5.799999999999995 0.4600000000000006 -765.2422888193943 1086.6794184970843
5.799999999999995 0.4700000000000006 -1004.8113644760526 1409.2930590594576
5.799999999999995 0.4800000000000006 -1319.3510728174006 1827.1189551748407
5.799999999999995 0.4900000000000006 -1732.3035008118425 2368.061584965056
5.799999999999995 0.5000000000000006 -2274.4308931006017 3068.136195823785
5.899999999999995 -0.5 57964.5016219589 -29184.516716838516
5.899999999999995 -0.49 44828.01808974662 -22781.889596756046
5.899999999999995 -0.48 34668.04308176554 -17782.702345233185
5.899999999999995 -0.47 26810.286680923404 -13879.60047620321
5.899999999999995 -0.45999999999999996 20733.179767151232 -10832.476632748434
5.899999999999995 -0.44999999999999996 16033.291066490945 -8453.772105611171
5.899999999999995 -0.43999999999999995 12398.573781891071 -6596.987644056625
5.899999999999995 -0.42999999999999994 9587.669543597114 -5147.703628713165
5.899999999999995 -0.41999999999999993 7413.898496475516 -4016.5621431504233
5.899999999999995 -0.4099999999999999 5732.874671160727 -3133.7827789403345
5.899999999999995 -0.3999999999999999 4432.925894969814 -2444.8773433046886
5.899999999999995 -0.3899999999999999 3427.6832731364 -1907.301652481616
5.899999999999995 -0.3799999999999999 2650.349004047571 -1487.8397056535355
5.899999999999995 -0.3699999999999999 2049.262496089847 -1160.5602027462119
5.899999999999995 -0.3599999999999999 1584.4707887613051 -905.2203021930119
5.899999999999995 -0.34999999999999987 1225.0758423436937 -706.0188312080301
5.899999999999995 -0.33999999999999986 947.1827553665079 -550.6225197176107
5.899999999999995 -0.32999999999999985 732.3128071294992 -429.40552774881405
5.899999999999995 -0.31999999999999984 566.1760419302002 -334.8555902812227
5.899999999999995 -0.30999999999999983 437.721953615869 -261.11030777121516
5.899999999999995 -0.2999999999999998 338.4052730007492 -203.59508629226877
5.899999999999995 -0.2899999999999998 261.6181284788847 -158.74046461339384
5.899999999999995 -0.2799999999999998 202.25088720796947 -123.7614367769224
5.899999999999995 -0.2699999999999998 156.3525219502789 -96.48518517634662
5.899999999999995 -0.2599999999999998 120.86795288651894 -75.21661327983722
5.899999999999995 -0.24999999999999978 93.43492225357237 -58.6333907957385
5.899999999999995 -0.23999999999999977 72.22691115558034 -45.70403935421767
5.899999999999995 -0.22999999999999976 55.83166437321942 -35.62400480336424
5.899999999999995 -0.21999999999999975 43.157253128450144 -27.765769830452378
5.899999999999995 -0.20999999999999974 33.3594343477207 -21.639925708684714
5.899999999999995 -0.19999999999999973 25.785479299141244 -16.864797586114427
5.899999999999995 -0.18999999999999972 19.930738385019907 -13.142745337990402
5.899999999999995 -0.17999999999999972 15.405054930792978 -10.241673991047552
5.899999999999995 -0.1699999999999997 11.90679516814853 -7.980609412184949
5.899999999999995 -0.1599999999999997 9.202767691586498 -6.218446110018348
5.899999999999995 -0.1499999999999997 7.112697066291866 -4.845170075336936
5.899999999999995 -0.13999999999999968 5.497218963799966 -3.775012653993583
5.899999999999995 -0.12999999999999967 4.24859829824083 -2.9411109295240583
5.899999999999995 -0.11999999999999968 3.2835528748901996 -2.2913433554018034
5.899999999999995 -0.10999999999999968 2.5377050675664456 -1.7850821679398217
5.899999999999995 -0.09999999999999969 1.9612923115339675 -1.3906609209070573
5.899999999999995 -0.08999999999999969 1.5158509265219615 -1.0833998180093665
5.899999999999995 -0.0799999999999997 1.171652533207796 -0.8440661174935872
5.899999999999995 -0.0699999999999997 0.9057223985456346 -0.6576738817528937
5.899999999999995 -0.0599999999999997 0.7003077684561083 -0.5125484130599164
5.899999999999995 -0.0499999999999997 0.5416941945383802 -0.399597157452463
5.899999999999995 -0.039999999999999696 0.4192910255397193 -0.3117416897318656
5.899999999999995 -0.029999999999999694 0.3249251545812933 -0.2434754080074321
5.899999999999995 -0.01999999999999969 0.2522959813211959 -0.1905193866286765
5.899999999999995 -0.009999999999999691 0.1965552868573058 -0.1495549464963184
5.899999999999995 3.0878077872387166e-16 0.1539840427733824 -0.1180162806066088
5.899999999999995 0.010000000000000309 0.1217446383492224 -0.0939302169041337
5.899999999999995 0.02000000000000031 0.0976920420387987 -0.0757931427297458
5.899999999999995 0.03000000000000031 0.0802313502851532 -0.0624774383547036
5.899999999999995 0.04000000000000031 0.0682122813802841 -0.0531616160280529
5.899999999999995 0.050000000000000315 0.0608536520376986 -0.0472798510641144
5.899999999999995 0.06000000000000032 0.0576928960377748 -0.0444878160706869
5.899999999999995 0.07000000000000031 0.0585573840509977 -0.0446427654698
5.899999999999995 0.08000000000000031 0.0635557969768395 -0.0477967304958097
5.899999999999995 0.0900000000000003 0.0730891942399474 -0.0542025329921271
5.899999999999995 0.1000000000000003 0.0878827998266907 -0.0643331639652204
5.899999999999995 0.11000000000000029 0.1090409994598404 -0.0789159541108169
5.899999999999995 0.12000000000000029 0.138129706732853 -0.0989839456751832
5.899999999999995 0.13000000000000028 0.1772922337228872 -0.1259480221229185
5.899999999999995 0.1400000000000003 0.2294072355484995 -0.1616947390846032
5.899999999999995 0.1500000000000003 0.2983003653430106 -0.2087165174963853
5.899999999999995 0.1600000000000003 0.3890251996571201 -0.2702830195795798
5.899999999999995 0.17000000000000032 0.5082340607776856 -0.350665270535295
5.899999999999995 0.18000000000000033 0.6646659420376974 -0.4554275907910847
5.899999999999995 0.19000000000000034 0.8697873158274687 -0.5918068905959109
5.899999999999995 0.20000000000000034 1.1386327984493865 -0.7692046377848959
5.899999999999995 0.21000000000000035 1.4909072794140736 -0.9998242069527732
5.899999999999995 0.22000000000000036 1.9524302645436684 -1.2994958217019918
5.899999999999995 0.23000000000000037 2.5570282304994554 -1.6887435078114765
5.899999999999995 0.24000000000000038 3.349013571854331 -2.194164145171208
5.899999999999995 0.2500000000000004 4.386431632752822 -2.8502088097122282
5.899999999999995 0.2600000000000004 5.74531348286806 -3.7014823672681074
5.899999999999995 0.2700000000000004 7.525245615064429 -4.805710287311577
5.899999999999995 0.2800000000000004 9.856663963766648 -6.237563875492434
5.899999999999995 0.2900000000000004 12.91040557013665 -8.093589100180367
5.899999999999995 0.30000000000000043 16.91021600814182 -10.498553096562013
5.899999999999995 0.31000000000000044 22.14912630402204 -13.61361029321814
5.899999999999995 0.32000000000000045 29.010895176563686 -17.64680198348175
5.899999999999995 0.33000000000000046 37.99808144469897 -22.866545415539004
5.899999999999995 0.34000000000000047 49.76879411007182 -29.61894906635374
5.899999999999995 0.3500000000000005 65.1847988272653 -38.350019641477544
5.899999999999995 0.3600000000000005 85.37448480665947 -49.63411588756594
5.899999999999995 0.3700000000000005 111.81527517117043 -64.21036987061495
5.899999999999995 0.3800000000000005 146.44147409858763 -83.02925692255178
5.899999999999995 0.3900000000000005 191.78538710741688 -107.31207429727397
5.899999999999995 0.4000000000000005 251.16195884249933 -138.6268141923518
5.899999999999995 0.41000000000000053 328.9103181697443 -178.9848237908966
5.899999999999995 0.42000000000000054 430.70972815157495 -230.96377508194223
5.899999999999995 0.43000000000000055 563.9928015786326 -297.86387029730724
5.899999999999995 0.44000000000000056 738.4858429031048 -383.9059438249833
5.899999999999995 0.45000000000000057 966.9153117097769 -494.4822572406067
5.899999999999995 0.4600000000000006 1265.9313182178184 -636.4733996122163
5.899999999999995 0.4700000000000006 1657.3145993737419 -818.6478891524634
5.899999999999995 0.4800000000000006 2169.553679265506 -1052.1649211873437
5.899999999999995 0.4900000000000006 2839.9053121482216 -1351.2053219767674
5.899999999999995 0.5000000000000006 3717.0856877352794 -1733.7612458679569
5.999999999999995 -0.5 -30718.58180028724 54433.75531104368
5.999999999999995 -0.49 -23643.023843197738 42266.4470101233
5.999999999999995 -0.48 -18196.119557966576 32818.26879872859
5.999999999999995 -0.47 -14003.2271110655 25481.682903421333
5.999999999999995 -0.45999999999999996 -10775.830506927778 19784.864964616714
5.999999999999995 -0.44999999999999996 -8291.752138622336 15361.39468775037
5.999999999999995 -0.43999999999999995 -6379.908877272239 11926.714063655447
5.999999999999995 -0.42999999999999994 -4908.5690104974365 9259.842421440137
5.999999999999995 -0.41999999999999993 -3776.306495633056 7189.174742068151
5.999999999999995 -0.4099999999999999 -2905.0333240678387 5581.451595753443
5.999999999999995 -0.3999999999999999 -2234.6328606679986 4333.192552776463
5.999999999999995 -0.3899999999999999 -1718.8265119143907 3364.0429944775583
5.999999999999995 -0.3799999999999999 -1321.9904547286003 2611.607049857545
5.999999999999995 -0.3699999999999999 -1016.7041812325626 2027.4347746515668
5.999999999999995 -0.3599999999999999 -781.8627203073768 1573.905789495686
5.999999999999995 -0.34999999999999987 -601.2230053570319 1221.8091530785812
5.999999999999995 -0.33999999999999986 -462.2846058094903 948.4639562547735
5.999999999999995 -0.32999999999999985 -355.4279599053663 736.2598516749
5.999999999999995 -0.31999999999999984 -273.2509046321324 571.5237084343669
5.999999999999995 -0.30999999999999983 -210.0579025169458 443.6395332257786
5.999999999999995 -0.2999999999999998 -161.46684479230507 344.36507302831376
5.999999999999995 -0.2899999999999998 -124.10638321838697 267.3011538831264
5.999999999999995 -0.2799999999999998 -95.38296112178597 207.4796271284413
5.999999999999995 -0.2699999999999998 -73.30150376251744 161.04341882399825
5.999999999999995 -0.2599999999999998 -56.32741704910977 124.99809953462344
5.999999999999995 -0.24999999999999978 -43.28038466245928 97.01899043564548
5.999999999999995 -0.23999999999999977 -33.25264158502221 75.30139321226935
5.999999999999995 -0.22999999999999976 -25.546086909087744 58.444304881218684
5.999999999999995 -0.21999999999999975 -19.62389621145258 45.360132658759746
5.999999999999995 -0.20999999999999974 -15.073292781457555 35.2045967452393
5.999999999999995 -0.19999999999999973 -11.576906168435537 27.322307889351645
5.999999999999995 -0.18999999999999972 -8.890738711787233 21.204515328398074
5.999999999999995 -0.17999999999999972 -6.827216627937182 16.456304018941587
5.999999999999995 -0.1699999999999997 -5.242153197900022 12.771128336022933
5.999999999999995 -0.1599999999999997 -4.02472176733929 9.911041741758947
5.999999999999995 -0.1499999999999997 -3.0897442277932194 7.691348680544951
5.999999999999995 -0.13999999999999968 -2.3717607097863405 5.968689737979432
5.999999999999995 -0.12999999999999967 -1.8204694090677536 4.631792223384984
5.999999999999995 -0.11999999999999968 -1.3972202748093956 3.5942900280099144
5.999999999999995 -0.10999999999999968 -1.0723192486192745 2.7891499201345114
5.999999999999995 -0.09999999999999969 -0.8229558875192143 2.1643449437863946
5.999999999999995 -0.08999999999999969 -0.6316104064910754 1.67949595126524
5.999999999999995 -0.0799999999999997 -0.4848294191687499 1.3032646946036055
5.999999999999995 -0.0699999999999997 -0.3722852346640313 1.011330344382344
5.999999999999995 -0.0599999999999997 -0.2860532518763202 0.7848189152341031
5.999999999999995 -0.0499999999999997 -0.2200571407542024 0.6090842779884741
5.999999999999995 -0.039999999999999696 -0.1696431606320338 0.4727621094534164
5.999999999999995 -0.029999999999999694 -0.1312539459722108 0.3670357325868987
5.999999999999995 -0.01999999999999969 -0.1021790114482902 0.285066466296434
5.999999999999995 -0.009999999999999691 -0.0803645709169582 0.2215517157855971
5.999999999999995 3.0878077872387166e-16 -0.0642693988961788 0.1723822750372242
5.999999999999995 0.010000000000000309 -0.0527566755881511 0.134376713691405
5.999999999999995 0.02000000000000031 -0.0450142704239419 0.1050756936977912
5.999999999999995 0.03000000000000031 -0.0404979094428759 0.0825829271184028
5.999999999999995 0.04000000000000031 -0.0388932772659935 0.0654424943511672
5.999999999999995 0.050000000000000315 -0.0400944371569356 0.0525445854498774
5.999999999999995 0.06000000000000032 -0.0441971061367067 0.043053556798629
5.999999999999995 0.07000000000000031 -0.0515063775855151 0.0363536285059436
5.999999999999995 0.08000000000000031 -0.0625595159874855 0.032008676057427
5.999999999999995 0.0900000000000003 -0.0781655310055476 0.0297334645310208
5.999999999999995 0.1000000000000003 -0.0994644484780053 0.02937439103089
5.999999999999995 0.11000000000000029 -0.1280106213281719 0.030898384822646
5.999999999999995 0.12000000000000029 -0.1658861667001023 0.0343890993216809
5.999999999999995 0.13000000000000028 -0.215852803023074 0.0400499423183869
5.999999999999995 0.1400000000000003 -0.2815531506192296 0.0482138509566909
5.999999999999995 0.1500000000000003 -0.3677761541072534 0.0593600406476739
5.999999999999995 0.1600000000000003 -0.4808059447670187 0.0741382513063504
5.999999999999995 0.17000000000000032 -0.6288795239064983 0.0934012828400656
5.999999999999995 0.18000000000000033 -0.822786553308569 0.1182468498421225
5.999999999999995 0.19000000000000034 -1.0766548583815965 0.150069977978449
5.999999999999995 0.20000000000000034 -1.4089787304032861 0.1906272825513955
5.999999999999995 0.21000000000000035 -1.8439647310395024 0.242114464174014
5.999999999999995 0.22000000000000036 -2.4132927280441985 0.3072581497676927
5.999999999999995 0.23000000000000037 -3.1584199880932564 0.389422680522913
5.999999999999995 0.24000000000000038 -4.13359549207042 0.4927314245790224
5.999999999999995 0.2500000000000004 -5.409803054768394 0.6222004095463776
5.999999999999995 0.2600000000000004 -7.07991902643577 0.7838791479358793
5.999999999999995 0.2700000000000004 -9.265458160014399 0.9849889173139786
5.999999999999995 0.2800000000000004 -12.125395952208207 1.2340416685109128
5.999999999999995 0.2900000000000004 -15.867705638591916 1.540912046187601
5.999999999999995 0.30000000000000043 -20.76444377966369 1.9168191236715633
5.999999999999995 0.31000000000000044 -27.17147401980194 2.374151129022172
5.999999999999995 0.32000000000000045 -35.55425239414238 2.9260325085456156
5.999999999999995 0.33000000000000046 -46.52153330135228 3.5854837029490056
5.999999999999995 0.34000000000000047 -60.8694239703455 4.363953803678495
5.999999999999995 0.3500000000000005 -79.63895733083385 5.268906177167235
5.999999999999995 0.3600000000000005 -104.19132126795375 6.299995189216112
5.999999999999995 0.3700000000000005 -136.30614479096508 7.443171684425934
5.999999999999995 0.3800000000000005 -178.30988779571342 8.661772840036747
5.999999999999995 0.3900000000000005 -233.24352675992657 9.883256605824215
5.999999999999995 0.4000000000000005 -305.0815245660243 10.979688304960604
5.999999999999995 0.41000000000000053 -399.0177144918251 11.739316754549293
5.999999999999995 0.42000000000000054 -521.8384705191313 11.825506554936197
5.999999999999995 0.43000000000000055 -682.4097085182341 10.717808263215602
5.999999999999995 0.44000000000000056 -892.3122936695611 7.627893232078918
5.999999999999995 0.45000000000000057 -1166.670873646172 1.3802419002445276
5.999999999999995 0.4600000000000006 -1525.2347334954404 -9.756437745169933
5.999999999999995 0.4700000000000006 -1993.7869074256384 -28.306467916967904
5.999999999999995 0.4800000000000006 -2605.9806884882396 -57.91993632321737
5.999999999999995 0.4900000000000006 -3405.732405028216 -103.83785299628926
5.999999999999995 0.5000000000000006 -4450.3378912636035 -173.5405630765831
6.099999999999994 -0.5 -4613.163827959657 -60016.2034972737
6.099999999999994 -0.49 -3749.8012494359764 -46488.37042182091
6.099999999999994 -0.48 -3041.3595346411903 -36009.283303522316
6.099999999999994 -0.47 -2461.8403124964457 -27891.95777940014
6.099999999999994 -0.45999999999999996 -1989.1004283032978 -21604.18570855166
6.099999999999994 -0.44999999999999996 -1604.433383719655 -16733.66995180182
6.099999999999994 -0.43999999999999995 -1292.143962416155 -12961.011692586924
6.099999999999994 -0.42999999999999994 -1039.140290084743 -10038.7819974057
6.099999999999994 -0.41999999999999993 -834.5570135103357 -7775.307447979925
6.099999999999994 -0.4099999999999999 -669.4162447712628 -6022.108187117135
6.099999999999994 -0.3999999999999999 -536.3283518704641 -4664.165776767433
6.099999999999994 -0.3899999999999999 -429.2318295312952 -3612.3835037130757
6.099999999999994 -0.3799999999999999 -343.16981205353693 -2797.745299645227
6.099999999999994 -0.3699999999999999 -274.09990913068293 -2166.7906566595166
6.099999999999994 -0.3599999999999999 -218.73368430278947 -1678.1090915016239
6.099999999999994 -0.34999999999999987 -174.40206491956323 -1299.6244799221377
6.099999999999994 -0.33999999999999986 -138.94314183124436 -1006.491314995834
6.099999999999994 -0.32999999999999985 -110.60909798432291 -779.4650255079247
6.099999999999994 -0.31999999999999984 -87.98933890953415 -603.6395457240784
6.099999999999994 -0.30999999999999983 -69.9472467570986 -467.46938871299943
6.099999999999994 -0.2999999999999998 -55.56831947475814 -362.01211691060985
6.099999999999994 -0.2899999999999998 -44.117774230359785 -280.34154622990025
6.099999999999994 -0.2799999999999998 -35.00598212635758 -217.09320934822375
6.099999999999994 -0.2699999999999998 -27.760356882576946 -168.1122725580356
6.099999999999994 -0.2599999999999998 -22.002543434187952 -130.18081644853012
6.099999999999994 -0.24999999999999978 -17.42994492437779 -100.80659356510498
6.099999999999994 -0.23999999999999977 -13.8007908980579 -78.05940687526756
6.099999999999994 -0.22999999999999976 -10.922088564865833 -60.44437540559556
6.099999999999994 -0.21999999999999975 -8.639915848841387 -46.803772385526344
6.099999999999994 -0.20999999999999974 -6.831612532568531 -36.240995140170284
6.099999999999994 -0.19999999999999973 -5.3995068852100845 -28.061677617005106
6.099999999999994 -0.18999999999999972 -4.265882224882377 -21.728080946959796
6.099999999999994 -0.17999999999999972 -3.3689431097407114 -16.82376853574696
6.099999999999994 -0.1699999999999997 -2.6595862011378992 -13.026246958326174
6.099999999999994 -0.1599999999999997 -2.0988179517617693 -10.085776625152842
6.099999999999994 -0.1499999999999997 -1.6556915528037497 -7.80896107437633
6.099999999999994 -0.13999999999999968 -1.3056602208177654 -6.046037368238869
6.099999999999994 -0.12999999999999967 -1.0292639187426003 -4.681033002114644
6.099999999999994 -0.11999999999999968 -0.8110828228860859 -3.6241429030318777
6.099999999999994 -0.10999999999999968 -0.6389039631799502 -2.805825843996047
6.099999999999994 -0.09999999999999969 -0.5030580514167882 -2.172232491567245
6.099999999999994 -0.08999999999999969 -0.3958920442468272 -1.6816647434226735
6.099999999999994 -0.0799999999999997 -0.3113498519373737 -1.3018337369494017
6.099999999999994 -0.0699999999999997 -0.2446391172620095 -1.0077363632981529
6.099999999999994 -0.0599999999999997 -0.191966409604482 -0.7800107459201551
6.099999999999994 -0.0499999999999997 -0.1503267172926684 -0.6036626046796163
6.099999999999994 -0.039999999999999696 -0.1173359461950728 -0.4670787911847053
6.099999999999994 -0.029999999999999694 -0.0910973818002874 -0.3612631473245973
6.099999999999994 -0.01999999999999969 -0.0700948554388245 -0.2792444456232829
6.099999999999994 -0.009999999999999691 -0.0531067608405481 -0.2156174757699197
6.099999999999994 3.0878077872387166e-16 -0.0391361643543207 -0.1661870887273151
6.099999999999994 0.010000000000000309 -0.0273530950836717 -0.127691772270839
6.099999999999994 0.02000000000000031 -0.0170457312193363 -0.0975885533923562
6.099999999999994 0.03000000000000031 -0.0075776461676308 -0.0738850461532637
6.099999999999994 0.04000000000000031 0.0016514369794269 -0.0550075518269099
6.099999999999994 0.050000000000000315 0.0112438002973457 -0.0396964734486075
6.099999999999994 0.06000000000000032 0.0218432278996778 -0.0269220826247625
6.099999999999994 0.07000000000000031 0.0341784481820911 -0.0158149875725329
6.099999999999994 0.08000000000000031 0.049113467894646 -0.0056065816803027
6.099999999999994 0.0900000000000003 0.0677082883020172 0.004424640602853
6.099999999999994 0.1000000000000003 0.0912942801846722 0.0150046932976229
6.099999999999994 0.11000000000000029 0.1215695824879156 0.0269173777957313
6.099999999999994 0.12000000000000029 0.1607213591555559 0.0410632022620516
6.099999999999994 0.13000000000000028 0.2115837072962085 0.0585284408597894
6.099999999999994 0.1400000000000003 0.277842599370044 0.0806697095826955
6.099999999999994 0.1500000000000003 0.3643026496701135 0.1092207380254557
6.099999999999994 0.1600000000000003 0.4772349666034725 0.1464298539845388
6.099999999999994 0.17000000000000032 0.6248312088011365 0.1952392237192292
6.099999999999994 0.18000000000000033 0.817796625542921 0.2595203147090928
6.099999999999994 0.19000000000000034 1.07012487995459 0.3443846533929994
6.099999999999994 0.20000000000000034 1.4001105445002069 0.4565951188198087
6.099999999999994 0.21000000000000035 1.8316722589106895 0.6051112549241221
6.099999999999994 0.22000000000000036 2.396081872493293 0.8018130818549445
6.099999999999994 0.23000000000000037 3.13422404882653 1.0624625520597886
6.099999999999994 0.24000000000000038 4.099548867948579 1.407981346572575
6.099999999999994 0.2500000000000004 5.361929625812266 1.8661497651582764
6.099999999999994 0.2600000000000004 7.012702829024759 2.4738661976461778
6.099999999999994 0.2700000000000004 9.171251906868399 3.2801529645934537
6.099999999999994 0.2800000000000004 11.993606390796351 4.3501560420990035
6.099999999999994 0.2900000000000004 15.683672024487036 5.770468487688408
6.099999999999994 0.30000000000000043 20.50789458648358 7.656217134570462
6.099999999999994 0.31000000000000044 26.814404293742605 10.16049849348994
6.099999999999994 0.32000000000000045 35.05800561381372 13.486945039675827
6.099999999999994 0.33000000000000046 45.83279136827828 17.906463512638243
6.099999999999994 0.34000000000000047 59.9146990132908 23.779534340040367
6.099999999999994 0.3500000000000005 78.31702837686544 31.585924945089708
6.099999999999994 0.3600000000000005 102.36285247366585 41.96428840357517
6.099999999999994 0.3700000000000005 133.77943923779785 55.76494460642449
6.099999999999994 0.3800000000000005 174.8213436138528 74.12024308322613
6.099999999999994 0.3900000000000005 228.43083189986675 98.5383775028438
6.099999999999994 0.4000000000000005 298.446899923062 131.02848515119868
6.099999999999994 0.41000000000000053 389.8775197399894 174.26748533798414
6.099999999999994 0.42000000000000054 509.25412349096314 231.82260888300524
6.099999999999994 0.43000000000000055 665.0930009864344 308.4482404556958
6.099999999999994 0.44000000000000056 868.4956271549305 410.4819287944527
6.099999999999994 0.45000000000000057 1133.9294323031963 546.372740070871
6.099999999999994 0.4600000000000006 1480.2428061194364 727.3862351463517
6.099999999999994 0.4700000000000006 1931.983985712285 968.5451736430007
6.099999999999994 0.4800000000000006 2521.113943556833 1289.8848288395814
6.099999999999994 0.4900000000000006 3289.2297731629146 1718.1281937810836
6.099999999999994 0.5000000000000006 4290.449040256215 2288.9215785590563
6.199999999999994 -0.5 35859.2628251961 45535.96873996298
6.199999999999994 -0.49 27917.82031065387 35176.343677423
6.199999999999994 -0.48 21734.3980078304 27172.96361526542
6.199999999999994 -0.47 16919.977351269383 20990.051939709752
6.199999999999994 -0.45999999999999996 13171.58638213053 16213.628249509818
6.199999999999994 -0.44999999999999996 10253.275460060859 12523.828089559638
6.199999999999994 -0.43999999999999995 7981.297218842899 9673.511847591992
6.199999999999994 -0.42999999999999994 6212.56208832673 7471.734245111439
6.199999999999994 -0.41999999999999993 4835.645741662089 5770.970264214898
6.199999999999994 -0.4099999999999999 3763.7846177994525 4457.244112176133
6.199999999999994 -0.3999999999999999 2929.420193369288 3442.501652087528
6.199999999999994 -0.3899999999999999 2279.949715102712 2658.716543434613
6.199999999999994 -0.3799999999999999 1774.416718170929 2053.3361318234574
6.199999999999994 -0.3699999999999999 1380.9335743128722 1585.7626255352332
6.199999999999994 -0.3599999999999999 1074.6742209589281 1224.6342684456852
6.199999999999994 -0.34999999999999987 836.310990651887 945.7246794881927
6.199999999999994 -0.33999999999999986 650.7973271806806 730.3198458054572
6.199999999999994 -0.32999999999999985 506.41988542939066 563.9641877583264
6.199999999999994 -0.31999999999999984 394.0604254723813 435.4917906988597
6.199999999999994 -0.30999999999999983 306.6210873708999 336.27796847871986
6.199999999999994 -0.2999999999999998 238.5768969814246 259.66106059776087
6.199999999999994 -0.2899999999999998 185.62734821068108 200.49575302208706
6.199999999999994 -0.2799999999999998 144.4251347789654 154.80801278752662
6.199999999999994 -0.2699999999999998 112.36495526650532 119.52852656154178
6.199999999999994 -0.2599999999999998 87.41909330168305 92.28678779192812
6.199999999999994 -0.24999999999999978 68.0094172961928 71.25203713721088
6.199999999999994 -0.23999999999999977 52.90773583927901 55.0103979796828
6.199999999999994 -0.22999999999999976 41.15822962243399 42.46997272141215
6.199999999999994 -0.21999999999999975 32.017070673311174 32.78753836185874
6.199999999999994 -0.20999999999999974 24.905422048561803 25.311926817226787
6.199999999999994 -0.19999999999999973 19.37285398999115 19.540293368873787
6.199999999999994 -0.18999999999999972 15.06886886549686 15.084340322307009
6.199999999999994 -0.17999999999999972 11.720738263377138 11.644230220745886
6.199999999999994 -0.1699999999999997 9.116253525928576 8.988438451465411
6.199999999999994 -0.1599999999999997 7.09030082948301 6.9381933190645215
6.199999999999994 -0.1499999999999997 5.5144131386750574 5.355459303345125
6.199999999999994 -0.13999999999999968 4.288639166154848 4.133656873176865
6.199999999999994 -0.12999999999999967 3.335215679204719 3.190495810181811
6.199999999999994 -0.11999999999999968 2.593643319515216 2.4624408061709055
6.199999999999994 -0.10999999999999968 2.016854711939738 1.9004376380220471
6.199999999999994 -0.09999999999999969 1.5682326153573758 1.4666128341365279
6.199999999999994 -0.08999999999999969 1.2192895612627312 1.1317250990250072
6.199999999999994 -0.0799999999999997 0.9478622180585942 0.8731972382957929
6.199999999999994 -0.0699999999999997 0.7367062465168721 0.6735963096972268
6.199999999999994 -0.0599999999999997 0.5724027260314324 0.5194598313378702
6.199999999999994 -0.0499999999999997 0.4445069290467474 0.4003891249786944
6.199999999999994 -0.039999999999999696 0.3448855453024997 0.3083488198605432
6.199999999999994 -0.029999999999999694 0.2672003753960309 0.237125395023078
6.199999999999994 -0.01999999999999969 0.2065057768754885 0.1819083249681032
6.199999999999994 -0.009999999999999691 0.1589343403822089 0.1389656319068614
6.199999999999994 3.0878077872387166e-16 0.1214508523770046 0.1053919904797298
6.199999999999994 0.010000000000000309 0.0916589167599611 0.0789124032027958
6.199999999999994 0.02000000000000031 0.0676479324179511 0.05772819363608
6.199999999999994 0.03000000000000031 0.0478706668481958 0.0403948990931819
6.199999999999994 0.04000000000000031 0.0310435873615813 0.0257237750744174
6.199999999999994 0.050000000000000315 0.016063531269169 0.0127001913290611
6.199999999999994 0.06000000000000032 0.0019353031434799 0.0004133081360704
6.199999999999994 0.07000000000000031 -0.0122945576113187 -0.0120078567778029
6.199999999999994 0.08000000000000031 -0.0276022532159054 -0.0254564798726953
6.199999999999994 0.0900000000000003 -0.0450538143346804 -0.0409125507790067
6.199999999999994 0.1000000000000003 -0.0658794113673716 -0.0595147684720179
6.199999999999994 0.11000000000000029 -0.0915600692190935 -0.0826450318518997
6.199999999999994 0.12000000000000029 -0.1239328896431564 -0.1120318462530145
6.199999999999994 0.13000000000000028 -0.1653222385284896 -0.1498804492140406
6.199999999999994 0.1400000000000003 -0.218706234800188 -0.1990395351599746
6.199999999999994 0.1500000000000003 -0.2879304175425476 -0.2632172922647306
6.199999999999994 0.1600000000000003 -0.3779838494556512 -0.3472632771250658
6.199999999999994 0.17000000000000032 -0.4953573777208334 -0.4575377415632761
6.199999999999994 0.18000000000000033 -0.6485096334117457 -0.6023967880726258
6.199999999999994 0.19000000000000034 -0.8484740210654459 -0.7928306942340679
6.199999999999994 0.20000000000000034 -1.1096499705611196 -1.0433046125686685
6.199999999999994 0.21000000000000035 -1.4508347972422522 -1.3728665494083694
6.199999999999994 0.22000000000000036 -1.896569558376808 -1.806608284500778
6.199999999999994 0.23000000000000037 -2.478894494252931 -2.3775923410519093
6.199999999999994 0.24000000000000038 -3.2396385457906933 -3.1293944105056033
6.199999999999994 0.2500000000000004 -4.23340505334302 -4.119458633499362
6.199999999999994 0.2600000000000004 -5.531464665112974 -5.4235266202643935
6.199999999999994 0.2700000000000004 -7.226830090554693 -7.141485069702068
6.199999999999994 0.2800000000000004 -9.44086999211872 -9.405087952526364
6.199999999999994 0.2900000000000004 -12.331926670545599 -12.38815625246983
6.199999999999994 0.30000000000000043 -16.10654157471281 -16.320052861804964
6.199999999999994 0.31000000000000044 -21.034073501137144 -21.503487845319537
6.199999999999994 0.32000000000000045 -27.465728831270006 -28.33805039052431
6.199999999999994 0.33000000000000046 -35.85932700471474 -37.35131549035862
6.199999999999994 0.34000000000000047 -46.811517887713734 -49.23997174483913
6.199999999999994 0.3500000000000005 -61.09967680835524 -64.92420934581796
6.199999999999994 0.3600000000000005 -79.73636124246295 -85.61965762671124
6.199999999999994 0.3700000000000005 -104.04006334973067 -112.93255349064609
6.199999999999994 0.3800000000000005 -135.72708971354814 -148.98566698468946
6.199999999999994 0.3900000000000005 -177.03081394491764 -196.58495608458458
6.199999999999994 0.4000000000000005 -230.85636882862894 -259.440165546176
6.199999999999994 0.41000000000000053 -300.98118639273395 -342.45688476998754
6.199999999999994 0.42000000000000054 -392.3148013433048 -452.12328247200026
6.199999999999994 0.43000000000000055 -511.23518884647774 -597.022300045068
6.199999999999994 0.44000000000000056 -666.0238426856445 -788.5101193421449
6.199999999999994 0.45000000000000057 -867.4281047881121 -1041.61503184875
6.199999999999994 0.4600000000000006 -1129.3872955014965 -1376.2284967174428
6.199999999999994 0.4700000000000006 -1469.9694185998467 -1818.6836074460375
6.199999999999994 0.4800000000000006 -1912.578186639089 -2403.847278856899
6.199999999999994 0.4900000000000006 -2487.506520911948 -3177.8937223815087
6.199999999999994 0.5000000000000006 -3233.9333680364625 -4201.981521817237
6.299999999999994 -0.5 -53076.21289232967 -17211.777267491016
6.299999999999994 -0.49 -41173.85427027218 -13178.35792089265
6.299999999999994 -0.48 -31940.242924255686 -10088.493357893236
6.299999999999994 -0.47 -24777.07457662038 -7721.81219797602
6.299999999999994 -0.45999999999999996 -19220.15940731986 -5909.333326391814
6.299999999999994 -0.44999999999999996 -14909.363632108909 -4521.498953045805
6.299999999999994 -0.43999999999999995 -11565.28692082222 -3458.9905702709184
6.299999999999994 -0.42999999999999994 -8971.166444633966 -2645.6814771179124
6.299999999999994 -0.41999999999999993 -6958.8364357721675 -2023.2294676981483
6.299999999999994 -0.4099999999999999 -5397.834510187954 -1546.928471529445
6.299999999999994 -0.3999999999999999 -4186.949602049575 -1182.5264256024798
6.299999999999994 -0.3899999999999999 -3247.664350076071 -903.7846320647488
6.299999999999994 -0.3799999999999999 -2519.0673742968797 -690.6060639999927
6.299999999999994 -0.3699999999999999 -1953.9060148415483 -527.6001770942878
6.299999999999994 -0.3599999999999999 -1515.5239240268784 -402.9825742919566
6.299999999999994 -0.34999999999999987 -1175.4851833814284 -307.7315112014869
6.299999999999994 -0.33999999999999986 -911.7310634446756 -234.94137977144672
6.299999999999994 -0.32999999999999985 -707.1500313045334 -179.3272404527895
6.299999999999994 -0.31999999999999984 -548.4683700886112 -136.84516728724702
6.299999999999994 -0.30999999999999983 -425.3895373859574 -104.40137791268793
6.299999999999994 -0.2999999999999998 -329.9264994001449 -79.62941884258234
6.299999999999994 -0.2899999999999998 -255.88377707898024 -60.71950906640799
6.299999999999994 -0.2799999999999998 -198.45563854036155 -46.28785267206002
6.299999999999994 -0.2699999999999998 -153.9143965603264 -35.27657535131925
6.299999999999994 -0.2599999999999998 -119.3686078128477 -26.877121152788675
6.299999999999994 -0.24999999999999978 -92.57549991334797 -20.471618867319627
6.299999999999994 -0.23999999999999977 -71.7954663865231 -15.588010323330494
6.299999999999994 -0.22999999999999976 -55.67919600930591 -11.86571647720181
6.299999999999994 -0.21999999999999975 -43.1801181311016 -9.029371224289104
6.299999999999994 -0.20999999999999974 -33.486486538032544 -6.86873082886787
6.299999999999994 -0.19999999999999973 -25.968697498096994 -5.223309826296153
6.299999999999994 -0.18999999999999972 -20.138425266858473 -3.970633679619057
6.299999999999994 -0.17999999999999972 -15.616924534565962 -3.017258533793551
6.299999999999994 -0.1699999999999997 -12.11044369852729 -2.291907632346014
6.299999999999994 -0.1599999999999997 -9.391153964152748 -1.7402265529553926
6.299999999999994 -0.1499999999999997 -7.282356997012695 -1.3207762764191386
6.299999999999994 -0.13999999999999968 -5.647011349455605 -1.0019725810664493
6.299999999999994 -0.12999999999999967 -4.37883315498296 -0.7597487561244999
6.299999999999994 -0.11999999999999968 -3.3953935756263927 -0.5757710609781621
6.299999999999994 -0.10999999999999968 -2.632765027254515 -0.4360764844679469
6.299999999999994 -0.09999999999999969 -2.041368693487416 -0.3300330615140492
6.299999999999994 -0.08999999999999969 -1.5827537857641834 -0.2495464916916026
6.299999999999994 -0.0799999999999997 -1.2270994694317994 -0.1884547671490123
6.299999999999994 -0.0699999999999997 -0.9512772743941348 -0.1420662507955601
6.299999999999994 -0.0599999999999997 -0.7373481853187771 -0.1068071414633135
6.299999999999994 -0.0499999999999997 -0.5713968200646695 -0.0799522796849029
6.299999999999994 -0.039999999999999696 -0.4426269858243837 -0.0594193661873858
6.299999999999994 -0.029999999999999694 -0.3426598698725238 -0.043611328796018
6.299999999999994 -0.01999999999999969 -0.2649892764651608 -0.031295120728152
6.299999999999994 -0.009999999999999691 -0.2045585167528288 -0.0215079221191256
6.299999999999994 3.0878077872387166e-16 -0.1574314559696966 -0.0134837427870641
6.299999999999994 0.010000000000000309 -0.1205363339900538 -0.0065949353709587
6.299999999999994 0.02000000000000031 -0.0914656980508102 -0.0003042342827115
6.299999999999994 0.03000000000000031 -0.0683194263163085 0.0058762818786167
6.299999999999994 0.04000000000000031 -0.049580613970304 0.0124223916707733
6.299999999999994 0.050000000000000315 -0.0340162205939662 0.01983389765855
6.299999999999994 0.06000000000000032 -0.0205959763455694 0.02867248423261
6.299999999999994 0.07000000000000031 -0.0084242181090965 0.0396041198191416
6.299999999999994 0.08000000000000031 0.003319849207303 0.0534491994281068
6.299999999999994 0.0900000000000003 0.0154374440723348 0.0712442070359952
6.299999999999994 0.1000000000000003 0.0287647672672532 0.0943195465501493
6.299999999999994 0.11000000000000029 0.0442305284418993 0.1243994114354428
6.299999999999994 0.12000000000000029 0.062920374629315 0.163731229710726
6.299999999999994 0.13000000000000028 0.0861526555735182 0.2152544601760038
6.299999999999994 0.1400000000000003 0.115570762457721 0.2828214984837952
6.299999999999994 0.1500000000000003 0.1532584345145635 0.3714874061350266
6.299999999999994 0.1600000000000003 0.2018860205714376 0.4878904044350847
6.299999999999994 0.17000000000000032 0.264897816977096 0.6407519797479988
6.299999999999994 0.18000000000000033 0.3467534221901432 0.8415345560002696
6.299999999999994 0.19000000000000034 0.453239738685479 1.1053067054988694
6.299999999999994 0.20000000000000034 0.5918750580447312 1.451881714497142
6.299999999999994 0.21000000000000035 0.7724328996373726 1.9073162168253073
6.299999999999994 0.22000000000000036 1.007621342053031 2.50588317015855
6.299999999999994 0.23000000000000037 1.313964008964345 3.292669805384141
6.299999999999994 0.24000000000000038 1.7129423122477987 4.3269991441245255
6.299999999999994 0.2500000000000004 2.232475863645046 5.686936970792585
6.299999999999994 0.2600000000000004 2.908840222405781 7.475229676910459
6.299999999999994 0.2700000000000004 3.789149722054992 9.827128660927883
6.299999999999994 0.2800000000000004 4.934569751196425 12.920702551739897
6.299999999999994 0.2900000000000004 6.424469742216383 16.990430780715787
6.299999999999994 0.30000000000000043 8.361788002255043 22.345125969333182
6.299999999999994 0.31000000000000044 10.879955850445114 29.39156808810302
6.299999999999994 0.32000000000000045 14.151825598500123 38.66567665545451
6.299999999999994 0.33000000000000046 18.401170046122935 50.87363315730755
6.299999999999994 0.34000000000000047 23.9174768989019 66.94614040837412
6.299999999999994 0.3500000000000005 31.074957833436702 88.11002968133998
6.299999999999994 0.3600000000000005 40.35693846689789 115.98278078758622
6.299999999999994 0.3700000000000005 52.38710372710179 152.69731176301818
6.299999999999994 0.3800000000000005 67.96945654762649 201.06676494043865
6.299999999999994 0.3900000000000005 88.13932192042967 264.8021524979946
6.299999999999994 0.4000000000000005 114.22831039990079 348.7998755301604
6.299999999999994 0.41000000000000053 147.9468636182101 459.5216255708467
6.299999999999994 0.42000000000000054 191.48885760457316 605.4964527193209
6.299999999999994 0.43000000000000055 247.66375371352805 797.9844185744973
6.299999999999994 0.44000000000000056 320.0629715578151 1051.8540119548916
6.299999999999994 0.45000000000000057 413.26851084209596 1386.742407616157
6.299999999999994 0.4600000000000006 533.1133443978676 1828.5900409548278
6.299999999999994 0.4700000000000006 687.0046803702597 2411.670642472504
6.299999999999994 0.4800000000000006 884.3227238669047 3181.2771947247525
6.299999999999994 0.4900000000000006 1136.9088380206613 4197.276384304658
6.299999999999994 0.5000000000000006 1459.657643925215 5538.813189156733
6.399999999999993 -0.5 51658.43762377247 -14644.934362309465
6.399999999999993 -0.49 39979.03445570592 -11501.196797911838
6.399999999999993 -0.48 30939.86132138676 -9030.724024743891
6.399999999999993 -0.47 23944.15504865415 -7089.697474765764
6.399999999999993 -0.45999999999999996 18530.017256218318 -5564.934196100741
6.399999999999993 -0.44999999999999996 14339.940421947858 -4367.381138250181
6.399999999999993 -0.43999999999999995 11097.218707779353 -3426.9862368526165
6.399999999999993 -0.42999999999999994 8587.688379370935 -2688.6560463297437
6.399999999999993 -0.41999999999999993 6645.593884107806 -2109.0705930981076
6.399999999999993 -0.4099999999999999 5142.647568794204 -1654.1743213753248
6.399999999999993 -0.3999999999999999 3979.5615326303005 -1297.200120806096
6.399999999999993 -0.3899999999999999 3079.493085128206 -1017.1135575316531
6.399999999999993 -0.3799999999999999 2382.971446581033 -797.3882418344845
6.399999999999993 -0.3699999999999999 1843.97100108427 -625.0420753589289
6.399999999999993 -0.3599999999999999 1426.8720238125404 -489.87897465421895
6.399999999999993 -0.34999999999999987 1104.1083369394016 -383.8923935817528
6.399999999999993 -0.33999999999999986 854.3466594154077 -300.79622075322663
6.399999999999993 -0.32999999999999985 661.0774909191223 -235.65592851194415
6.399999999999993 -0.31999999999999984 511.5245215026683 -184.59860769187557
6.399999999999993 -0.30999999999999983 395.8005755869552 -144.58506209405738
6.399999999999993 -0.2999999999999998 306.25436760059006 -113.23071499879555
6.399999999999993 -0.2899999999999998 236.96493937710667 -88.66489987519537
6.399999999999993 -0.2799999999999998 183.3503968245538 -69.42032897794812
6.399999999999993 -0.2699999999999998 141.86510818939485 -54.346283226097356
6.399999999999993 -0.2599999999999998 109.76536609599515 -42.54044451535873
6.399999999999993 -0.24999999999999978 84.92803566247974 -33.29537622959001
6.399999999999993 -0.23999999999999977 65.71020957871205 -26.056511357220263
6.399999999999993 -0.22999999999999976 50.84059890906207 -20.389179321682885
6.399999999999993 -0.21999999999999975 39.335484230691364 -15.952731059129325
6.399999999999993 -0.20999999999999974 30.433673847042225 -12.480237494857157
6.399999999999993 -0.19999999999999973 23.54617128375495 -9.762563394913107
6.399999999999993 -0.18999999999999972 18.21722594678767 -7.635875518234856
6.399999999999993 -0.17999999999999972 14.09419284301468 -5.971845967315693
6.399999999999993 -0.1699999999999997 10.904209277859348 -4.669970363010216
6.399999999999993 -0.1599999999999997 8.436146880370728 -3.651545187893636
6.399999999999993 -0.1499999999999997 6.526645905679008 -2.854946621001673
6.399999999999993 -0.13999999999999968 5.049308548707634 -2.231930144422899
6.399999999999993 -0.12999999999999967 3.9063367884148334 -1.744730638664169
6.399999999999993 -0.11999999999999968 3.022061858815497 -1.363790137808786
6.399999999999993 -0.10999999999999968 2.3379374845830343 -1.065977670364277
6.399999999999993 -0.09999999999999969 1.808665785291543 -0.8331948552023264
6.399999999999993 -0.08999999999999969 1.3991996365273947 -0.6512838743232697
6.399999999999993 -0.0799999999999997 1.0824232257580133 -0.5091724570719415
6.399999999999993 -0.0699999999999997 0.8373573852680847 -0.3982046464865432
6.399999999999993 -0.0599999999999997 0.6477709870880628 -0.3116172125720544
6.399999999999993 -0.0499999999999997 0.5011065391135401 -0.2441302857622305
6.399999999999993 -0.039999999999999696 0.3876489024671414 -0.1916276225349044
6.399999999999993 -0.029999999999999694 0.299882131207749 -0.1509072898969316
6.399999999999993 -0.01999999999999969 0.2319918798205387 -0.119487785756268
6.399999999999993 -0.009999999999999691 0.1794804542487432 -0.0954579501043008
6.399999999999993 3.0878077872387166e-16 0.1388690353485204 -0.0773616668805394
6.399999999999993 0.010000000000000309 0.1074673724414208 -0.0641104670505692
6.399999999999993 0.02000000000000031 0.083195710705385 -0.0549188471239398
6.399999999999993 0.03000000000000031 0.0644471749988653 -0.0492585177015187
6.399999999999993 0.04000000000000031 0.0499815133563638 -0.046828979890047
6.399999999999993 0.050000000000000315 0.0388431834559597 -0.0475428676599782
6.399999999999993 0.06000000000000032 0.0302983828940398 -0.0515254581202646
6.399999999999993 0.07000000000000031 0.02378688673958 -0.0591287027669252
6.399999999999993 0.08000000000000031 0.0188855479807832 -0.0709611356678418
6.399999999999993 0.0900000000000003 0.015281104952061 -0.0879361394757391
6.399999999999993 0.1000000000000003 0.0127505784431833 -0.1113423778719623
6.399999999999993 0.11000000000000029 0.0111480744435601 -0.1429418307351065
6.399999999999993 0.12000000000000029 0.0103972747245516 -0.1851029168527322
6.399999999999993 0.13000000000000028 0.0104893317865714 -0.2409788119447253
6.399999999999993 0.1400000000000003 0.0114863216277566 -0.3147444651254812
6.399999999999993 0.1500000000000003 0.013530884192655 -0.4119102421811824
6.399999999999993 0.1600000000000003 0.0168632396759847 -0.5397359159020042
6.399999999999993 0.17000000000000032 0.021847461029802 -0.7077763240472621
6.399999999999993 0.18000000000000033 0.029009775462716 -0.9286000054073906
6.399999999999993 0.19000000000000034 0.0390928478053824 -1.218735269066345
6.399999999999993 0.20000000000000034 0.0531315833827882 -1.5999154599481211
6.399999999999993 0.21000000000000035 0.0725581359243904 -2.1007179853049083
6.399999999999993 0.22000000000000036 0.0993467328987441 -2.758721717286959
6.399999999999993 0.23000000000000037 0.1362129316517382 -3.623347003227993
6.399999999999993 0.24000000000000038 0.1868873993423015 -4.759594757433133
6.399999999999993 0.2500000000000004 0.2564918230426927 -6.252970017483396
6.399999999999993 0.2600000000000004 0.3520548660019327 -8.215966263927015
6.399999999999993 0.2700000000000004 0.4832202400098664 -10.796606781440584
6.399999999999993 0.2800000000000004 0.6632184032033415 -14.189697710540065
6.399999999999993 0.2900000000000004 0.9102001001567565 -18.65165653645626
6.399999999999993 0.30000000000000043 1.2490666650829834 -24.52005590016087
6.399999999999993 0.31000000000000044 1.7139824656162936 -32.23938737882378
6.399999999999993 0.32000000000000045 2.3518242465312547 -42.395031830873975
6.399999999999993 0.33000000000000046 3.226917565846602 -55.758059839889285
6.399999999999993 0.34000000000000047 4.427541819931129 -73.34432777773114
6.399999999999993 0.3500000000000005 6.074866066871316 -96.49244833238168
6.399999999999993 0.3600000000000005 8.335226647022381 -126.966686828015
6.399999999999993 0.3700000000000005 11.437000220367345 -167.09278266955988
6.399999999999993 0.3800000000000005 15.693797834123956 -219.93727300026086
6.399999999999993 0.3900000000000005 21.536356068389978 -289.5443076435847
6.399999999999993 0.4000000000000005 29.556397949751897 -381.24846175268226
6.399999999999993 0.41000000000000053 40.56697280072768 -502.08803497019414
6.399999999999993 0.42000000000000054 55.685489914201156 -661.3512504667691
6.399999999999993 0.43000000000000055 76.44801484172075 -871.298267200221
6.399999999999993 0.44000000000000056 104.96664666594438 -1148.1158346129996
6.399999999999993 0.45000000000000057 144.14628239846752 -1513.1798666224017
6.399999999999993 0.4600000000000006 197.9832747380491 -1994.7256729035832
6.399999999999993 0.4700000000000006 271.97705849100555 -2630.058028058662
6.399999999999993 0.4800000000000006 373.69766874316133 -3468.4762974654204
6.399999999999993 0.4900000000000006 513.5684613258477 -4575.146945414379
6.399999999999993 0.5000000000000006 705.9460216162595 -6036.23154128715
6.499999999999993 -0.5 -33471.42094492115 39323.57523897827
6.499999999999993 -0.49 -25810.824200425075 30566.957897659933
6.499999999999993 -0.48 -19902.791576293817 23759.98049922802
6.499999999999993 -0.47 -15346.543313930888 18468.625635629192
6.499999999999993 -0.45999999999999996 -11832.91243683738 14355.479650089172
6.499999999999993 -0.44999999999999996 -9123.412165077367 11158.233861310226
6.499999999999993 -0.43999999999999995 -7034.084172550545 8672.969494136556
6.499999999999993 -0.42999999999999994 -5423.036248478234 6741.162066159341
6.499999999999993 -0.41999999999999993 -4180.826985668321 5239.577707196092
6.499999999999993 -0.4099999999999999 -3223.047369511125 4072.417968842431
6.499999999999993 -0.3999999999999999 -2484.597535589813 3165.212820745781
6.499999999999993 -0.3899999999999999 -1915.2715009109163 2460.07283255161
6.499999999999993 -0.3799999999999999 -1476.3510752939183 1911.998085753582
6.499999999999993 -0.3699999999999999 -1137.9783865586196 1486.0086534874872
6.499999999999993 -0.3599999999999999 -877.1291078444322 1154.9138103564128
6.499999999999993 -0.34999999999999987 -676.0491104862849 897.5778181120894
6.499999999999993 -0.33999999999999986 -521.0486238919901 697.5717656005593
6.499999999999993 -0.32999999999999985 -401.57218185383414 542.1255360843184
6.499999999999993 -0.31999999999999984 -309.48130686477776 421.31309752209626
6.499999999999993 -0.30999999999999983 -238.5012916206454 327.41917892042443
6.499999999999993 -0.2999999999999998 -183.79455351917318 254.44695511117644
6.499999999999993 -0.2899999999999998 -141.6316150377316 197.73534927960299
6.499999999999993 -0.2799999999999998 -109.13738026966107 153.66154958958873
6.499999999999993 -0.2699999999999998 -84.09548318282084 119.40976831123095
6.499999999999993 -0.2599999999999998 -64.79742171281352 92.79149497218403
6.499999999999993 -0.24999999999999978 -49.926230138896976 72.1057782275343
6.499999999999993 -0.23999999999999977 -38.46678598742715 56.03062355906856
6.499999999999993 -0.22999999999999976 -29.636655658432723 43.538578190658875
6.499999999999993 -0.21999999999999975 -22.832777536246766 33.83111718880116
6.499999999999993 -0.20999999999999974 -17.590357000175 26.28764391010138
6.499999999999993 -0.19999999999999973 -13.551177397276057 20.425850190314254
6.499999999999993 -0.18999999999999972 -10.43917091484394 15.870906363726343
6.499999999999993 -0.17999999999999972 -8.041586785059451 12.331514553712722
6.499999999999993 -0.1699999999999997 -6.1944748412767945 9.581296600769235
6.499999999999993 -0.1599999999999997 -4.771495946088441 7.444328414266437
6.499999999999993 -0.1499999999999997 -3.6752971448409646 5.783897156052268
6.499999999999993 -0.13999999999999968 -2.8308639294766227 4.493763362516029
6.499999999999993 -0.12999999999999967 -2.180396577906416 3.4913700059574104
6.499999999999993 -0.11999999999999968 -1.6793613052104845 2.7125647844662284
6.499999999999993 -0.10999999999999968 -1.2934469749483677 2.107498540284188
6.499999999999993 -0.09999999999999969 -0.9962198100028354 1.637437803136079
6.499999999999993 -0.08999999999999969 -0.7673161062706979 1.272287828467987
6.499999999999993 -0.0799999999999997 -0.5910496236730256 0.9886678757056556
6.499999999999993 -0.0699999999999997 -0.4553386017201442 0.7684157440399366
6.499999999999993 -0.0599999999999997 -0.3508791449031596 0.5974260040984292
6.499999999999993 -0.0499999999999997 -0.2705085300362976 0.4647476833798846
6.499999999999993 -0.039999999999999696 -0.2087149475492928 0.3618837425854541
6.499999999999993 -0.029999999999999694 -0.1612601841794348 0.2822475775603596
6.499999999999993 -0.01999999999999969 -0.1248894664673549 0.2207418212262754
6.499999999999993 -0.009999999999999691 -0.0971086384728888 0.1734325430792539
6.499999999999993 3.0878077872387166e-16 -0.0760134491402673 0.1372980506671105
6.499999999999993 0.010000000000000309 -0.0601592887001291 0.1100362786797789
6.499999999999993 0.02000000000000031 -0.0484624827350554 0.0899185132359518
6.499999999999993 0.03000000000000031 -0.0401264163432003 0.0756801832153107
6.499999999999993 0.04000000000000031 -0.034587467404083 0.0664418494268068
6.499999999999993 0.050000000000000315 -0.0314770944839765 0.061655491551154
6.499999999999993 0.06000000000000032 -0.0305975457027117 0.0610728609782718
6.499999999999993 0.07000000000000031 -0.0319096077805819 0.0647341454621151
6.499999999999993 0.08000000000000031 -0.0355316663660511 0.0729765786610491
6.499999999999993 0.0900000000000003 -0.0417501602036771 0.0864640197844725
6.499999999999993 0.1000000000000003 -0.0510423413928784 0.1062400239987468
6.499999999999993 0.11000000000000029 -0.0641131629171634 0.1338086308791364
6.499999999999993 0.12000000000000029 -0.0819491706871381 0.1712491414892393
6.499999999999993 0.13000000000000028 -0.1058935604766502 0.2213736869829412
6.499999999999993 0.1400000000000003 -0.1377481684675522 0.2879396037164628
6.499999999999993 0.1500000000000003 -0.1799102216063888 0.3759327654585807
6.499999999999993 0.1600000000000003 -0.2355543401174629 0.4919433978153142
6.499999999999993 0.17000000000000032 -0.3088737669617756 0.6446629249298989
6.499999999999993 0.18000000000000033 -0.4053993700699239 0.8455396133321388
6.499999999999993 0.19000000000000034 -0.5324209814587444 1.1096428919021182
6.499999999999993 0.20000000000000034 -0.6995435766124538 1.456802174955269
6.499999999999993 0.21000000000000035 -0.9194212847182428 1.9131070305381108
6.499999999999993 0.22000000000000036 -1.208726086271158 2.512883246265935
6.499999999999993 0.23000000000000037 -1.589426401162228 3.3012959015648535
6.499999999999993 0.24000000000000038 -2.0904750604984574 4.337778801581347
6.499999999999993 0.2500000000000004 -2.7500383323545776 5.700553324774603
6.499999999999993 0.2600000000000004 -3.6184403186945406 7.492583858342287
6.499999999999993 0.2700000000000004 -4.762053594023768 9.849428127436909
6.499999999999993 0.2800000000000004 -6.268441989543883 12.949587582556743
6.499999999999993 0.2900000000000004 -8.253161031392079 17.02815713952126
6.499999999999993 0.30000000000000043 -10.868753836785814 22.39483026333008
6.499999999999993 0.31000000000000044 -14.316656085619277 29.457654922570175
6.499999999999993 0.32000000000000045 -18.86295746911977 38.75438519164442
6.499999999999993 0.33000000000000046 -24.859278073332046 50.99386789067313
6.499999999999993 0.34000000000000047 -32.77043228319684 67.11069092443104
6.499999999999993 0.3500000000000005 -43.21110450392684 88.33736269078872
6.499999999999993 0.3600000000000005 -56.994496491967986 116.29967343397045
6.499999999999993 0.3700000000000005 -75.19688727210601 153.1427204520361
6.499999999999993 0.3800000000000005 -99.24335650331226 201.69750677838354
6.499999999999993 0.3900000000000005 -131.02167216355357 265.70124297258263
6.499999999999993 0.4000000000000005 -173.03368323617144 350.0887541483436
6.499999999999993 0.41000000000000053 -228.59668897065575 461.3780655094736
6.499999999999993 0.42000000000000054 -302.111449169199 608.1807702285784
6.499999999999993 0.43000000000000055 -399.4191198104222 801.8777870725377
6.499999999999993 0.44000000000000056 -528.2769374242841 1057.5144091456427
6.499999999999993 0.45000000000000057 -698.9925985644884 1394.9862188696543
6.499999999999993 0.4600000000000006 -925.2708856937855 1840.6109502958075
6.499999999999993 0.4700000000000006 -1225.344393070401 2429.21265539361
6.499999999999993 0.4800000000000006 -1623.4848519102077 3206.8861612486044
6.499999999999993 0.4900000000000006 -2152.0247754056604 4234.665241105616
6.499999999999993 0.5000000000000006 -2854.063971629568 5593.391772519371
6.5999999999999925 -0.5 5766.83826673468 -49284.16534871278
6.5999999999999925 -0.49 4312.694072325019 -38196.433122215516
6.5999999999999925 -0.48 3220.7861535522475 -29603.091379255104
6.5999999999999925 -0.47 2401.774548791789 -22943.002915570483
6.5999999999999925 -0.45999999999999996 1788.17076599542 -17781.25765722215
6.5999999999999925 -0.44999999999999996 1329.030872228271 -13780.779672356484
6.5999999999999925 -0.43999999999999995 985.929604052302 -10680.320340242539
6.5999999999999925 -0.42999999999999994 729.9079138483563 -8277.401416991594
6.5999999999999925 -0.41999999999999993 539.159876905544 -6415.094725533905
6.5999999999999925 -0.4099999999999999 397.2808985474801 -4971.775559383369
6.5999999999999925 -0.3999999999999999 291.94182796530896 -3853.180953822818
6.5999999999999925 -0.3899999999999999 213.88607408196674 -2986.254402532498
6.5999999999999925 -0.3799999999999999 156.17154731478053 -2314.3751946047487
6.5999999999999925 -0.3699999999999999 113.59806550326411 -1793.6609226335454
6.5999999999999925 -0.3599999999999999 82.27517099646948 -1390.1017634225254
6.5999999999999925 -0.34999999999999987 59.29618331494308 -1077.3394291837171
6.5999999999999925 -0.33999999999999986 42.4925769677061 -834.9457718904142
6.5999999999999925 -0.32999999999999985 30.249051371425875 -647.0886428138823
6.5999999999999925 -0.31999999999999984 21.364425115845364 -501.4978919623709
6.5999999999999925 -0.30999999999999983 14.947102440118611 -388.6639881570603
6.5999999999999925 -0.2999999999999998 10.336601636872508 -301.21692878425245
6.5999999999999925 -0.2899999999999998 7.044713208873464 -233.4448802063643
6.5999999999999925 -0.2799999999999998 4.711429723687985 -180.92111379229323
6.5999999999999925 -0.2699999999999998 3.0719809579920625 -140.2148741291074
6.5999999999999925 -0.2599999999999998 1.932209453273931 -108.66729684105294
6.5999999999999925 -0.24999999999999978 1.1502031992161275 -84.21774137570702
6.5999999999999925 -0.23999999999999977 0.6226171125749564 -65.26919645612735
6.5999999999999925 -0.22999999999999976 0.274503748238236 -50.583967594504074
6.5999999999999925 -0.21999999999999975 0.0517669546966428 -39.202833723938866
6.5999999999999925 -0.20999999999999974 -0.0844267523381594 -30.382392759034527
6.5999999999999925 -0.19999999999999973 -0.161777842155556 -23.546503829094952
6.5999999999999925 -0.18999999999999972 -0.1998979242794885 -18.248654608481633
6.5999999999999925 -0.17999999999999972 -0.2125477215362244 -14.142795720748861
6.5999999999999925 -0.1699999999999997 -0.209277466135362 -10.960737211865354
6.5999999999999925 -0.1599999999999997 -0.1966252839453298 -8.49463068957743
6.5999999999999925 -0.1499999999999997 -0.1789893921737217 -6.5833929001573805
6.5999999999999925 -0.13999999999999968 -0.1592601978046432 -5.102183954954571
6.5999999999999925 -0.12999999999999967 -0.1392761600513159 -3.9542529402052526
6.5999999999999925 -0.11999999999999968 -0.1201506949392486 -3.0646182758927005
6.5999999999999925 -0.10999999999999968 -0.1025050415545256 -2.375170032085583
6.5999999999999925 -0.09999999999999969 -0.086632815174427 -1.840874291783186
6.5999999999999925 -0.08999999999999969 -0.0726151437204412 -1.4268316342586134
6.5999999999999925 -0.0799999999999997 -0.0604002209065852 -1.1059976039152877
6.5999999999999925 -0.0699999999999997 -0.0498573620948352 -0.8574162710279306
6.5999999999999925 -0.0599999999999997 -0.0408128797761986 -0.6648515067509628
6.5999999999999925 -0.0499999999999997 -0.033073052013533 -0.5157265748422747
6.5999999999999925 -0.039999999999999696 -0.0264379497892453 -0.4003027836852866
6.5999999999999925 -0.029999999999999694 -0.020708776164826 -0.3110435602114012
6.5999999999999925 -0.01999999999999969 -0.0156905450361894 -0.2421224225632143
6.5999999999999925 -0.009999999999999691 -0.0111913098931824 -0.1890427324683211
6.5999999999999925 3.0878077872387166e-16 -0.0070186824832258 -0.1483444159572027
6.5999999999999925 0.010000000000000309 -0.0029740107811719 -0.1173785301071498
6.5999999999999925 0.02000000000000031 0.0011557218284427 -0.0941349962029228
6.5999999999999925 0.03000000000000031 0.0056084891055935 -0.0771123071708033
6.5999999999999925 0.04000000000000031 0.010660787842206 -0.0652207783523917
6.5999999999999925 0.050000000000000315 0.0166449458795925 -0.0577131275861203
6.5999999999999925 0.06000000000000032 0.0239712720318459 -0.0541379900679725
6.5999999999999925 0.07000000000000031 0.0331565502242943 -0.0543135172243962
6.5999999999999925 0.08000000000000031 0.0448608868386333 -0.0583195814229128
6.5999999999999925 0.0900000000000003 0.0599355710911968 -0.0665084044045235
6.5999999999999925 0.1000000000000003 0.0794854538165333 -0.0795347381448442
6.5999999999999925 0.11000000000000029 0.1049504553236692 -0.0984081469159366
6.5999999999999925 0.12000000000000029 0.1382122625894376 -0.1245715732066478
6.5999999999999925 0.13000000000000028 0.1817341805293211 -0.1600123403749752
6.5999999999999925 0.1400000000000003 0.2387446065633626 -0.2074142012305388
6.5999999999999925 0.1500000000000003 0.3134778930092505 -0.2703621728117584
6.5999999999999925 0.1600000000000003 0.4114906992516495 -0.3536159456374006
6.5999999999999925 0.17000000000000032 0.5400776462390263 -0.4634729355246892
6.5999999999999925 0.18000000000000033 0.7088176061498159 -0.6082489700528229
6.5999999999999925 0.19000000000000034 0.9302918657877736 -0.7989137126062302
6.5999999999999925 0.20000000000000034 1.221028453085966 -1.0499299409352276
6.5999999999999925 0.21000000000000035 1.6027441147598527 -1.3803616615381569
6.5999999999999925 0.22000000000000036 2.103978103668184 -1.8153370101133752
6.5999999999999925 0.23000000000000037 2.7622418256826125 -2.387979624085685
6.5999999999999925 0.24000000000000038 3.6268478187180686 -3.1419588804260843
6.5999999999999925 0.2500000000000004 4.762633545648682 -4.134857996420674
6.5999999999999925 0.2600000000000004 6.2548641175185535 -5.442623377578329
6.5999999999999925 0.2700000000000004 8.215688667402713 -7.16544392661508
6.5999999999999925 0.2800000000000004 10.792644740757089 -9.435522160268176
6.5999999999999925 0.2900000000000004 14.179863119144345 -12.427349039168593
6.5999999999999925 0.30000000000000043 18.63283435510982 -16.371293537236895
6.5999999999999925 0.31000000000000044 24.487874406449542 -21.571582318120136
6.5999999999999925 0.32000000000000045 32.18779191675661 -28.4300959650894
6.5999999999999925 0.33000000000000046 42.315742816257796 -37.47787470236671
6.5999999999999925 0.34000000000000047 55.63989740175153 -49.416846680927904
6.5999999999999925 0.3500000000000005 73.17239188556277 -65.17511668147529
6.5999999999999925 0.3600000000000005 96.24715834343954 -85.98025058623492
6.5999999999999925 0.3700000000000005 126.62271415569295 -113.45645210783309
6.5999999999999925 0.3800000000000005 166.6179643389305 -149.75347453422842
6.5999999999999925 0.3900000000000005 219.29168729331195 -197.7177041163408
6.5999999999999925 0.4000000000000005 288.6798492383073 -261.1193105636306
6.5999999999999925 0.41000000000000053 380.10950876121774 -344.9539749483081
6.5999999999999925 0.42000000000000054 500.61420921794786 -455.8438660520849
6.5999999999999925 0.43000000000000055 659.483919131852 -602.5707655101463
6.5999999999999925 0.44000000000000056 868.9934456222661 -796.7852412212919
6.5999999999999925 0.45000000000000057 1145.3677183533575 -1053.9504787084136
6.5999999999999925 0.4600000000000006 1510.0616337881293 -1394.5990659692704
6.5999999999999925 0.4700000000000006 1991.4578869721158 -1846.0073887952433
6.5999999999999925 0.4800000000000006 2627.120581942502 -2444.427617505602
6.5999999999999925 0.4900000000000006 3466.7883328089683 -3238.0646314135984
6.5999999999999925 0.5000000000000006 4576.35198738425 -4291.048782255264
6.699999999999992 -0.5 21618.45497123994 42429.293796145765
6.699999999999992 -0.49 16883.074091623857 32793.99425862264
6.699999999999992 -0.48 13184.416202590137 25346.498160276806
6.699999999999992 -0.47 10295.62595555323 19590.114097083755
6.699999999999992 -0.45999999999999996 8039.46309247423 15140.89430650625
6.699999999999992 -0.44999999999999996 6277.456785255313 11702.047832845932
6.699999999999992 -0.43999999999999995 4901.429567148872 9044.159363146204
6.699999999999992 -0.42999999999999994 3826.8734124266675 6989.896714892607
6.699999999999992 -0.41999999999999993 2987.773453260197 5402.188651675462
6.699999999999992 -0.4099999999999999 2332.5631215111744 4175.0856723820825
6.699999999999992 -0.3999999999999999 1820.9635379446545 3226.6950150237344
6.699999999999992 -0.3899999999999999 1421.5139428213567 2493.7192109973485
6.699999999999992 -0.3799999999999999 1109.642154903684 1927.2343015406839
6.699999999999992 -0.3699999999999999 866.1570295480711 1489.426386408552
6.699999999999992 -0.3599999999999999 676.0706698892544 1151.06900668224
6.699999999999992 -0.34999999999999987 527.6782990580497 889.5732158096297
6.699999999999992 -0.33999999999999986 411.839454379008 687.4803491774961
6.699999999999992 -0.32999999999999985 321.41647705844167 531.2970020708261
6.699999999999992 -0.31999999999999984 250.8358939844164 410.59453229048626
6.699999999999992 -0.30999999999999983 195.74580908604793 317.3130352221789
6.699999999999992 -0.2999999999999998 152.7482992512944 245.2233697356568
6.699999999999992 -0.2899999999999998 119.19040296078884 189.51135062643053
6.699999999999992 -0.2799999999999998 93.00087907390744 146.4563692164325
6.699999999999992 -0.2699999999999998 72.56271790679725 113.18300081439864
6.699999999999992 -0.2599999999999998 56.613578276416945 87.46902553933356
6.699999999999992 -0.24999999999999978 44.168036535176185 67.59705186783464
6.699999999999992 -0.23999999999999977 34.4568715098783 52.23984095126015
6.699999999999992 -0.22999999999999976 26.879654530008956 40.371678115631795
6.699999999999992 -0.21999999999999975 20.967730356620283 31.199875887424735
6.699999999999992 -0.20999999999999974 16.355312787074755 24.11183623785351
6.699999999999992 -0.19999999999999973 12.756917087361874 18.634138082380325
6.699999999999992 -0.18999999999999972 9.949740713484054 14.400918646754853
6.699999999999992 -0.17999999999999972 7.75990788703093 11.129437643757303
6.699999999999992 -0.1699999999999997 6.051731124446087 8.601192670779188
6.699999999999992 -0.1599999999999997 4.719328350269748 6.647324821195854
6.699999999999992 -0.1499999999999997 3.680079130862276 5.137339925114139
6.699999999999992 -0.13999999999999968 2.8695167374730293 3.970392208055132
6.699999999999992 -0.12999999999999967 2.237341131637894 3.0685482508524053
6.699999999999992 -0.11999999999999968 1.7443069881291495 2.3715813685522584
6.699999999999992 -0.10999999999999968 1.3597947697880581 1.8329487255438284
6.699999999999992 -0.09999999999999969 1.059914955720792 1.4166824900734356
6.699999999999992 -0.08999999999999969 0.8260283857950557 1.0949873760210727
6.699999999999992 -0.0799999999999997 0.643591340242319 0.8463840986433144
6.699999999999992 -0.0699999999999997 0.5012540008855315 0.6542747335700495
6.699999999999992 -0.0599999999999997 0.390156571988883 0.5058341493031537
6.699999999999992 -0.0499999999999997 0.303379535580383 0.3911534644877126
6.699999999999992 -0.039999999999999696 0.2355140289019774 0.3025783168169406
6.699999999999992 -0.029999999999999694 0.1823257457983204 0.2341977449766811
6.699999999999992 -0.01999999999999969 0.1404915356688105 0.1814495477761078
6.699999999999992 -0.009999999999999691 0.1073923581786639 0.1408157677782963
6.699999999999992 3.0878077872387166e-16 0.0809497250032945 0.1095879703686935
6.699999999999992 0.010000000000000309 0.0594954347183636 0.0856866558965406
6.699999999999992 0.02000000000000031 0.0416664473723787 0.0675227643660955
6.699999999999992 0.03000000000000031 0.0263182756636268 0.0538920515700719
6.699999999999992 0.04000000000000031 0.0124513824483827 0.0438953215348498
6.699999999999992 0.050000000000000315 -0.0008541643850323 0.0368792409386528
6.699999999999992 0.06000000000000032 -0.0145000752698549 0.0323938542453508
6.699999999999992 0.07000000000000031 -0.0294313872413219 0.0301640583363167
6.699999999999992 0.08000000000000031 -0.0467024149919634 0.0300732607356615
6.699999999999992 0.0900000000000003 -0.0675517485290701 0.0321583035055413
6.699999999999992 0.1000000000000003 -0.0934916776223959 0.0366155467746016
6.699999999999992 0.11000000000000029 -0.1264185493098052 0.0438188311777626
6.699999999999992 0.12000000000000029 -0.1687521684099326 0.0543509395009518
6.699999999999992 0.13000000000000028 -0.2236145555807492 0.0690512243654677
6.699999999999992 0.1400000000000003 -0.2950613512272206 0.089083343786745
6.699999999999992 0.1500000000000003 -0.388383122669057 0.1160286526733672
6.699999999999992 0.1600000000000003 -0.5104990978464192 0.1520128668997378
6.699999999999992 0.17000000000000032 -0.6704728112404366 0.1998763178868634
6.699999999999992 0.18000000000000033 -0.8801883353887953 0.2634016737300391
6.699999999999992 0.19000000000000034 -1.1552378827392296 0.347617714591147
6.699999999999992 0.20000000000000034 -1.5160875191878187 0.4592040101665442
6.699999999999992 0.21000000000000035 -1.9896087482324751 0.6070296823508542
6.699999999999992 0.22000000000000036 -2.6110914068212105 0.802870550934714
6.699999999999992 0.23000000000000037 -3.426889775945794 1.0623637969127997
6.699999999999992 0.24000000000000038 -4.497901841452764 1.4062790997048933
6.699999999999992 0.2500000000000004 -5.904144925664127 1.8622117049957991
6.699999999999992 0.2600000000000004 -7.750774308318372 2.4668383319163567
6.699999999999992 0.2700000000000004 -10.176001382238635 3.2689242842547603
6.699999999999992 0.2800000000000004 -13.361512818288848 4.33333369212213
6.699999999999992 0.2900000000000004 -17.546183338493584 5.74637999359595
6.699999999999992 0.30000000000000043 -23.044126806411658 7.6229679917868145
6.699999999999992 0.31000000000000044 -30.268462991341067 10.116132084169239
6.699999999999992 0.32000000000000045 -39.762616400942186 13.429781021115506
6.699999999999992 0.33000000000000046 -52.241543205568036 17.835735960903413
6.699999999999992 0.34000000000000047 -68.6460477542555 23.696520138750962
6.699999999999992 0.3500000000000005 -90.21436142310168 31.49585822045569
6.699999999999992 0.3600000000000005 -118.57649289528783 41.8795160380963
6.699999999999992 0.3700000000000005 -155.8786255928673 55.710017302171465
6.699999999999992 0.3800000000000005 -204.94717424500155 74.13999477145714
6.699999999999992 0.3900000000000005 -269.50520333892143 98.71057989238236
6.699999999999992 0.4000000000000005 -354.45800074305714 131.4834570425454
6.699999999999992 0.41000000000000053 -466.2700157536696 175.21820958602586
6.699999999999992 0.42000000000000054 -613.4625447534631 233.61064098008285
6.699999999999992 0.43000000000000055 -807.2710544747154 311.61324008994734
6.699999999999992 0.44000000000000056 -1062.5136370853197 415.866385386772
6.699999999999992 0.45000000000000057 -1398.7388103361973 555.2789413748275
6.699999999999992 0.4600000000000006 -1841.743064564691 741.8105369345857
6.699999999999992 0.4700000000000006 -2425.5780216308676 991.5263167067254
6.699999999999992 0.4800000000000006 -3195.2062160233518 1326.0200795986516
6.699999999999992 0.4900000000000006 -4210.016547741599 1774.3358614427743
6.699999999999992 0.5000000000000006 -5548.479680384942 2375.564460075602
6.799999999999992 -0.5 -39739.84079999704 -22399.60801992319
6.799999999999992 -0.49 -30852.611639982824 -17211.322513277126
6.799999999999992 -0.48 -23953.11657726187 -13223.54440553982
6.799999999999992 -0.47 -18596.72404000869 -10158.770713878896
6.799999999999992 -0.45999999999999996 -14438.272001979025 -7803.580632424112
6.799999999999992 -0.44999999999999996 -11209.813124643435 -5993.851971811681
6.799999999999992 -0.43999999999999995 -8703.339571129194 -4603.384807225649
6.799999999999992 -0.42999999999999994 -6757.373162707726 -3535.1478182912633
6.799999999999992 -0.41999999999999993 -5246.555926765914 -2714.5432702160906
6.799999999999992 -0.4099999999999999 -4073.5696510094212 -2084.2255767346605
6.799999999999992 -0.3999999999999999 -3162.8633037671907 -1600.115424760119
6.799999999999992 -0.3899999999999999 -2455.7838009202765 -1228.3338667380276
6.799999999999992 -0.3799999999999999 -1906.7961211906068 -942.8442539266715
6.799999999999992 -0.3699999999999999 -1480.5490349163804 -723.638748863983
6.799999999999992 -0.3599999999999999 -1149.5972507206654 -555.3437746388477
6.799999999999992 -0.34999999999999987 -892.6331187655794 -426.14771782865483
6.799999999999992 -0.33999999999999986 -693.1138900523799 -326.9764928441686
6.799999999999992 -0.32999999999999985 -538.1960386147385 -250.8597319573357
6.799999999999992 -0.31999999999999984 -417.9079530796041 -192.4435689939444
6.799999999999992 -0.30999999999999983 -324.5076732590294 -147.61614537639596
6.799999999999992 -0.2999999999999998 -251.984277655621 -113.2197855562091
6.799999999999992 -0.2899999999999998 -195.67078856106465 -86.82980432842433
6.799999999999992 -0.2799999999999998 -151.94365016561667 -66.58453642239404
6.799999999999992 -0.2699999999999998 -117.98941542189776 -51.05473885683118
6.799999999999992 -0.2599999999999998 -91.62360922615794 -39.143254971020454
6.799999999999992 -0.24999999999999978 -71.150098156502 -30.007935252020005
6.799999999999992 -0.23999999999999977 -55.25190738402682 -23.0024298854678
6.799999999999992 -0.22999999999999976 -42.906451773541235 -17.63071357904655
6.799999999999992 -0.21999999999999975 -33.319721272471284 -13.51216099794724
6.799999999999992 -0.20999999999999974 -25.875181872117853 -10.354727553371783
6.799999999999992 -0.19999999999999973 -20.094101441108542 -7.934356419810957
6.799999999999992 -0.18999999999999972 -15.604745690946356 -6.079167853069683
6.799999999999992 -0.17999999999999972 -12.118460876094845 -4.65732139193414
6.799999999999992 -0.1699999999999997 -9.411103382024859 -3.5676986222996545
6.799999999999992 -0.1599999999999997 -7.308620700069386 -2.732751761364174
6.799999999999992 -0.1499999999999997 -5.675855619285951 -2.093015144496028
6.799999999999992 -0.13999999999999968 -4.407853008730417 -1.6028933534610128
6.799999999999992 -0.12999999999999967 -3.4231096917735107 -1.2274293494846669
6.799999999999992 -0.11999999999999968 -2.6583330083955943 -0.9398248253987848
6.799999999999992 -0.10999999999999968 -2.064370780624979 -0.7195378778424938
6.799999999999992 -0.09999999999999969 -1.6030507967062715 -0.5508237206798228
6.799999999999992 -0.08999999999999969 -1.2447264677703582 -0.421615356409081
6.799999999999992 -0.0799999999999997 -0.966370756966184 -0.3226650775429722
6.799999999999992 -0.0699999999999997 -0.7500957618723261 -0.2468860632024935
6.799999999999992 -0.0599999999999997 -0.5820027183879481 -0.1888474571897658
6.799999999999992 -0.0499999999999997 -0.4512884515423784 -0.1443871534764081
6.799999999999992 -0.039999999999999696 -0.349550794203064 -0.1103148345649745
6.799999999999992 -0.029999999999999694 -0.2702482902545612 -0.0841841922309833
6.799999999999992 -0.01999999999999969 -0.2082794178387475 -0.064118157736543
6.799999999999992 -0.009999999999999691 -0.15965424874852 -0.0486747244752983
6.799999999999992 3.0878077872387166e-16 -0.1212373958657897 -0.036743824775738
6.799999999999992 0.010000000000000309 -0.090545672913641 -0.0274679272762183
6.799999999999992 0.02000000000000031 -0.065587393079126 -0.0201807075661265
6.799999999999992 0.03000000000000031 -0.0447328893736387 -0.0143594319093817
6.799999999999992 0.04000000000000031 -0.0266078192266582 -0.0095876730608824
6.799999999999992 0.050000000000000315 -0.0100022439700593 -0.0055257180842819
6.799999999999992 0.06000000000000032 0.0062105603913492 -0.0018865836685526
6.799999999999992 0.07000000000000031 0.0231510430331626 0.0015840351678616
6.799999999999992 0.08000000000000031 0.042011361868068 0.0051252617538249
6.799999999999992 0.0900000000000003 0.0641398823186934 0.0089771558874242
6.799999999999992 0.1000000000000003 0.091138228649925 0.0133965029973093
6.799999999999992 0.11000000000000029 0.1249779262761476 0.0186732619453589
6.799999999999992 0.12000000000000029 0.1681451893111077 0.0251486533373662
6.799999999999992 0.13000000000000028 0.2238245558074668 0.0332359150802368
6.799999999999992 0.1400000000000003 0.2961350183501681 0.0434448433937649
6.799999999999992 0.1500000000000003 0.3904362645012698 0.0564113721704658
6.799999999999992 0.1600000000000003 0.5137279317405836 0.0729336174808117
6.799999999999992 0.17000000000000032 0.6751717969438282 0.094016020868534
6.799999999999992 0.18000000000000033 0.8867760940634227 0.1209234539718115
6.799999999999992 0.19000000000000034 1.1642933903732318 0.1552473790286108
6.799999999999992 0.20000000000000034 1.5283995821842915 0.1989863631185277
6.799999999999992 0.21000000000000035 2.006242823483044 0.2546433665181219
6.799999999999992 0.22000000000000036 2.633479195394947 0.3253421845754388
6.799999999999992 0.23000000000000037 3.4569487970748893 0.4149650893263901
6.799999999999992 0.24000000000000038 4.538194506929324 0.5283128948710505
6.799999999999992 0.2500000000000004 5.958089642889348 0.6712870625203196
6.799999999999992 0.2600000000000004 7.822925043261507 0.8510906253669819
6.799999999999992 0.2700000000000004 10.27241716216255 1.0764399934565212
6.799999999999992 0.2800000000000004 13.490245158797544 1.3577721414633475
6.799999999999992 0.2900000000000004 17.717917919992065 1.707419884208747
6.799999999999992 0.30000000000000043 23.273026357817784 2.1397098876598655
6.799999999999992 0.31000000000000044 30.57327179924638 2.6709108252303366
6.799999999999992 0.32000000000000045 40.16810375880693 3.318918477136908
6.799999999999992 0.33000000000000046 52.78038410544774 4.102504578623506
6.799999999999992 0.34000000000000047 69.3612648536469 5.0398682769922445
6.799999999999992 0.3500000000000005 91.16248332973454 6.146100946840491
6.799999999999992 0.3600000000000005 119.83162034636311 7.428989488173059
6.799999999999992 0.3700000000000005 157.53763879092244 8.882315487576648
6.799999999999992 0.3800000000000005 207.13635995112304 10.475422924382912
6.799999999999992 0.3900000000000005 272.3886258482261 12.137276206370402
6.799999999999992 0.4000000000000005 358.24797982885025 13.732443698750515
6.799999999999992 0.41000000000000053 471.24009497176536 15.02532151515328
6.799999999999992 0.42000000000000054 619.963314524367 15.627320029325034
6.799999999999992 0.43000000000000055 815.7491020802888 14.919476871010259
6.799999999999992 0.44000000000000056 1073.5336752439102 11.93976151833806
6.799999999999992 0.45000000000000057 1413.0086003734457 5.219813370212705
6.799999999999992 0.4600000000000006 1860.1399632964117 -7.450533131672728
6.799999999999992 0.4700000000000006 2449.174632239993 -29.36159541251675
6.799999999999992 0.4800000000000006 3225.290389027956 -65.36842405678203
6.799999999999992 0.4900000000000006 4248.0973654218815 -122.58287181124844
6.799999999999992 0.5000000000000006 5596.265319010671 -211.359584131249
6.8999999999999915 -0.5 43485.7410253988 -3092.4852384396927
6.8999999999999915 -0.49 33657.74689363217 -2552.400803419472
6.8999999999999915 -0.48 26051.14362835028 -2099.3157516867495
6.8999999999999915 -0.47 20163.801586107154 -1721.2944908897316
6.8999999999999915 -0.45999999999999996 15607.09907081216 -1407.3991149605
6.8999999999999915 -0.44999999999999996 12080.263021606137 -1147.8372285709047
6.8999999999999915 -0.43999999999999995 9350.51014079955 -933.9945198401612
6.8999999999999915 -0.42999999999999994 7237.677279841017 -758.3960404211739
6.8999999999999915 -0.41999999999999993 5602.326275224375 -614.6263040563058
6.8999999999999915 -0.4099999999999999 4336.537814786215 -497.22844961257357
6.8999999999999915 -0.3999999999999999 3356.786455915638 -401.59574676265856
6.8999999999999915 -0.3899999999999999 2598.4263285160123 -323.8638515487572
6.8999999999999915 -0.3799999999999999 2011.4234068943597 -260.80885742720085
6.8999999999999915 -0.3699999999999999 1557.0525460543745 -209.75390489995448
6.8999999999999915 -0.3599999999999999 1205.341182978304 -168.4855958862412
6.8999999999999915 -0.34999999999999987 933.0909078153511 -135.18048010596567
6.8999999999999915 -0.33999999999999986 722.3462687028202 -108.34127568801178
6.8999999999999915 -0.32999999999999985 559.2097065278323 -86.74213715474332
6.8999999999999915 -0.31999999999999984 432.92437229543475 -69.3821069609939
6.8999999999999915 -0.30999999999999983 335.1642690559953 -55.4458225899741
6.8999999999999915 -0.2999999999999998 259.4848506507846 -44.27055842717434
6.8999999999999915 -0.2899999999999998 200.89780486087363 -35.3187316440136
6.8999999999999915 -0.2799999999999998 155.5419485675911 -28.15507473368131
6.8999999999999915 -0.2699999999999998 120.42850875785378 -22.427761254548784
6.8999999999999915 -0.2599999999999998 93.24397472180499 -17.85285744320119
6.8999999999999915 -0.24999999999999978 72.19750794620244 -14.201555519253487
6.8999999999999915 -0.23999999999999977 55.90283802803963 -11.289721762267506
6.8999999999999915 -0.22999999999999976 43.286849694164566 -8.96936229987779
6.8999999999999915 -0.21999999999999975 33.51882806800464 -7.121671467689643
6.8999999999999915 -0.20999999999999974 25.955693037606267 -5.651381655027853
6.8999999999999915 -0.19999999999999973 20.09960900569912 -4.482180166562246
6.8999999999999915 -0.18999999999999972 15.56517313695095 -3.5529984386568323
6.8999999999999915 -0.17999999999999972 12.054017401271853 -2.8150126686887624
6.8999999999999915 -0.1699999999999997 9.335148987868589 -2.2292232816199893
6.8999999999999915 -0.1599999999999997 7.229732339958011 -1.7645043816143289
6.8999999999999915 -0.1499999999999997 5.599309138149314 -1.396034076658741
6.8999999999999915 -0.13999999999999968 4.33667939111354 -1.1040329178410495
6.8999999999999915 -0.12999999999999967 3.3588423512303036 -0.8727511903653509
6.8999999999999915 -0.11999999999999968 2.601531850395338 -0.6896568919266148
6.8999999999999915 -0.10999999999999968 2.014985816705427 -0.5447853335228131
6.8999999999999915 -0.09999999999999969 1.5606711283273953 -0.4302187378594209
6.8999999999999915 -0.08999999999999969 1.2087479588307182 -0.339670278937351
6.8999999999999915 -0.0799999999999997 0.936106526551826 -0.2681519454174371
6.8999999999999915 -0.0699999999999997 0.7248468967652133 -0.2117096224601995
6.8999999999999915 -0.0599999999999997 0.5611016897485189 -0.1672120407155816
6.8999999999999915 -0.0499999999999997 0.4341241470582712 -0.1321828768758452
6.8999999999999915 -0.039999999999999696 0.3355814934218206 -0.1046674234513403
6.8999999999999915 -0.029999999999999694 0.2590070558764302 -0.08312697159577
6.8999999999999915 -0.01999999999999969 0.1993750570561158 -0.066355448596615
6.8999999999999915 -0.009999999999999691 0.1527700750933824 -0.0534139858403013
6.8999999999999915 3.0878077872387166e-16 0.1161293906686217 -0.0435800172408223
6.8999999999999915 0.010000000000000309 0.0870412324419848 -0.0363082667203352
6.8999999999999915 0.02000000000000031 0.0635856006230631 -0.0312016136194076
6.8999999999999915 0.03000000000000031 0.0442071356965479 -0.0279903585830019
6.8999999999999915 0.04000000000000031 0.0276115878405804 -0.0265188771240363
6.8999999999999915 0.050000000000000315 0.0126789683917665 -0.0267390685467399
6.8999999999999915 0.06000000000000032 -0.0016124737489478 -0.0287104075528443
6.8999999999999915 0.07000000000000031 -0.0162566434837993 -0.032606807734118
6.8999999999999915 0.08000000000000031 -0.0322892440921013 -0.0387309343867766
6.8999999999999915 0.0900000000000003 -0.0508615949770435 -0.0475370852272349
6.8999999999999915 0.1000000000000003 -0.0733239277363784 -0.0596643222524067
6.8999999999999915 0.11000000000000029 -0.1013242356091489 -0.0759822227219118
6.8999999999999915 0.12000000000000029 -0.1369299682086082 -0.0976524668221362
6.8999999999999915 0.13000000000000028 -0.182781622697913 -0.1262105498296056
6.8999999999999915 0.1400000000000003 -0.2422897203434497 -0.163673267910635
6.8999999999999915 0.1500000000000003 -0.3198899611342928 -0.2126793684370363
6.8999999999999915 0.1600000000000003 -0.4213757721532795 -0.2766729917632996
6.8999999999999915 0.17000000000000032 -0.5543333462609684 -0.3601424072616222
6.8999999999999915 0.18000000000000033 -0.7287120565581231 -0.4689302479466567
6.8999999999999915 0.19000000000000034 -0.9575734253883412 -0.6106362127651792
6.8999999999999915 0.20000000000000034 -1.2580754129747302 -0.7951393368194326
6.8999999999999915 0.21000000000000035 -1.6527667119196172 -1.035274814061894
6.8999999999999915 0.22000000000000036 -2.1712893652461775 -1.3477104864813962
6.8999999999999915 0.23000000000000037 -2.8526191829681764 -1.754081113645719
6.8999999999999915 0.24000000000000038 -3.7480145116989383 -2.282455198963367
6.8999999999999915 0.2500000000000004 -4.9248980762394545 -2.9692304754918024
6.8999999999999915 0.2600000000000004 -6.471968036175381 -3.861581406242128
6.8999999999999915 0.2700000000000004 -8.505928594969319 -5.020616815596016
6.8999999999999915 0.2800000000000004 -11.180354739220242 -6.525450020072684
6.8999999999999915 0.2900000000000004 -14.697369577631049 -8.478440032379462
6.8999999999999915 0.30000000000000043 -19.323028977330345 -11.011933621350796
6.8999999999999915 0.31000000000000044 -25.40759351128439 -14.296927969279151
6.8999999999999915 0.32000000000000045 -33.412244259915205 -18.5541869459247
6.8999999999999915 0.33000000000000046 -43.944295977857934 -24.06848613102114
6.8999999999999915 0.34000000000000047 -57.80361714993371 -31.206839242084563
6.8999999999999915 0.3500000000000005 -76.04383252238438 -40.441779284602774
6.8999999999999915 0.3600000000000005 -100.05302719127133 -52.38104041735141
6.8999999999999915 0.3700000000000005 -131.66018129034887 -67.80532114009185
6.8999999999999915 0.3800000000000005 -173.2755583800887 -87.71621659897798
6.8999999999999915 0.3900000000000005 -228.07590422105193 -113.39689822049019
6.8999999999999915 0.4000000000000005 -300.2487910724602 -146.48870194740806
6.8999999999999915 0.41000000000000053 -395.3150372917502 -189.08746810372915
6.8999999999999915 0.42000000000000054 -520.5542012342711 -243.86425554592404
6.8999999999999915 0.43000000000000055 -685.566165681108 -314.2159170726144
6.8999999999999915 0.44000000000000056 -903.0124195092772 -404.4519379326431
6.8999999999999915 0.45000000000000057 -1189.5946326517123 -520.0248365600839
6.8999999999999915 0.4600000000000006 -1567.3465984460663 -667.8121845127494
6.8999999999999915 0.4700000000000006 -2065.340022534629 -856.4587159845368
6.8999999999999915 0.4800000000000006 -2721.9368669325418 -1096.7867343738367
6.8999999999999915 0.4900000000000006 -3587.763513660468 -1402.2815613100738
6.8999999999999915 0.5000000000000006 -4729.638191693022 -1789.6553041692296
6.999999999999991 -0.5 -33002.43817345965 25211.790727612948
6.999999999999991 -0.49 -25444.806640149636 19642.93454555585
6.999999999999991 -0.48 -19617.307198761082 15304.516046126904
6.999999999999991 -0.47 -15124.016058355257 11924.580590970876
6.999999999999991 -0.45999999999999996 -11659.576259866142 9291.30306446903
6.999999999999991 -0.44999999999999996 -8988.489598931144 7239.68810937414
6.999999999999991 -0.43999999999999995 -6929.141285373972 5641.213256989486
6.999999999999991 -0.42999999999999994 -5341.476212080482 4395.763490309584
6.999999999999991 -0.41999999999999993 -4117.4925508465485 3425.350054572092
6.999999999999991 -0.4099999999999999 -3173.908906792943 2669.218638941579
6.999999999999991 -0.3999999999999999 -2446.508294300931 2080.0394818416603
6.999999999999991 -0.3899999999999999 -1885.7756650003566 1620.9400150293661
6.999999999999991 -0.3799999999999999 -1453.5332801450345 1263.1936497882662
6.999999999999991 -0.3699999999999999 -1120.3457870550865 984.4195626642938
6.999999999999991 -0.3599999999999999 -863.5189955363107 767.1804577554557
6.999999999999991 -0.34999999999999987 -665.5565776725934 597.8902911195974
6.999999999999991 -0.33999999999999986 -512.9699519243063 465.96341544287355
6.999999999999991 -0.32999999999999985 -395.36055838077004 363.15176570686117
6.999999999999991 -0.31999999999999984 -304.7122058944283 283.0285135817553
6.999999999999991 -0.30999999999999983 -234.84542347370387 220.58581260420928
6.999999999999991 -0.2999999999999998 -180.9967422643172 171.92141623860334
6.999999999999991 -0.2899999999999998 -139.49431501648905 133.99452697480123
6.999999999999991 -0.2799999999999998 -107.50782142957388 104.43557723156
6.999999999999991 -0.2699999999999998 -82.85565336074248 81.39802497714497
6.999999999999991 -0.2599999999999998 -63.85626549410076 63.44288115943752
6.999999999999991 -0.24999999999999978 -49.213578505275194 49.448737738114986
6.999999999999991 -0.23999999999999977 -37.92863655115639 38.541663180248705
6.999999999999991 -0.22999999999999976 -29.231506080640052 30.040577057194728
6.999999999999991 -0.21999999999999975 -22.528779627864033 23.414684997403757
6.999999999999991 -0.20999999999999974 -17.363109851450517 18.250310554154446
6.999999999999991 -0.19999999999999973 -13.382017698287417 14.225048926485297
6.999999999999991 -0.18999999999999972 -10.313849790709662 11.087625829540048
6.999999999999991 -0.17999999999999972 -7.949246843723214 8.642201890218224
6.999999999999991 -0.1699999999999997 -6.126860184740785 6.736141131564372
6.999999999999991 -0.1599999999999997 -4.722342780057951 5.250478840885792
6.999999999999991 -0.1499999999999997 -3.639864240682064 4.092492973639811
6.999999999999991 -0.13999999999999968 -2.8055712553576653 3.189914806269217
6.999999999999991 -0.12999999999999967 -2.1625474790469625 2.4864170571000965
6.999999999999991 -0.11999999999999968 -1.6669291116754166 1.9380975642104352
6.999999999999991 -0.10999999999999968 -1.284911190618224 1.5107388435434632
6.999999999999991 -0.09999999999999969 -0.990440354577132 1.1776723451313447
6.999999999999991 -0.08999999999999969 -0.7634366516312735 0.918114015202976
6.999999999999991 -0.0799999999999997 -0.5884230486378867 0.7158672217497197
6.999999999999991 -0.0699999999999997 -0.4534691108910112 0.5583120533248578
6.999999999999991 -0.0599999999999997 -0.34937675491407 0.4356178911239433
6.999999999999991 -0.0499999999999997 -0.2690524941264701 0.3401301016728486
6.999999999999991 -0.039999999999999696 -0.2070233226240854 0.2658925739353392
6.999999999999991 -0.029999999999999694 -0.1590631839305036 0.2082763104604172
6.999999999999991 -0.01999999999999969 -0.1219045175255648 0.1636909079554279
6.999999999999991 -0.009999999999999691 -0.0930151806988124 0.1293609427462445
6.999999999999991 3.0878077872387166e-16 -0.0704255025322884 0.1031533350092243
6.999999999999991 0.010000000000000309 -0.052593644507123 0.0834449564493531
6.999999999999991 0.02000000000000031 -0.0383000511485246 0.0690222691611581
6.999999999999991 0.03000000000000031 -0.0265637517868771 0.0590067970933013
6.999999999999991 0.04000000000000031 -0.0165747551946163 0.0528018625801357
6.999999999999991 0.050000000000000315 -0.0076378627014039 0.0500573719074369
6.999999999999991 0.06000000000000032 0.0008760148501591 0.0506505918523872
6.999999999999991 0.07000000000000031 0.0095744650391536 0.0546818979536398
6.999999999999991 0.08000000000000031 0.0190872923747962 0.0624854624527099
6.999999999999991 0.0900000000000003 0.0301125191858411 0.0746558504608552
6.999999999999991 0.1000000000000003 0.0434680589177053 0.0920925738049068
6.999999999999991 0.11000000000000029 0.0601529222424591 0.1160658862938067
6.999999999999991 0.12000000000000029 0.0814225779238884 0.1483085760611861
6.999999999999991 0.13000000000000028 0.108884204251279 0.1911403212266021
6.999999999999991 0.1400000000000003 0.1446191213514696 0.2476334490636556
6.999999999999991 0.1500000000000003 0.1913418122671584 0.3218318329191624
6.999999999999991 0.1600000000000003 0.2526077876885019 0.4190383746888117
6.999999999999991 0.17000000000000032 0.3330863490390332 0.5461913091911955
6.999999999999991 0.18000000000000033 0.4389193553556973 0.7123557589639518
6.999999999999991 0.19000000000000034 0.5781937974683453 0.929364987664409
6.999999999999991 0.20000000000000034 0.7615648543974782 1.2126561945172756
6.999999999999991 0.21000000000000035 1.0030778489386245 1.5823591677206263
6.999999999999991 0.22000000000000036 1.3212530557979707 2.064713583812523
6.999999999999991 0.23000000000000037 1.7405178696856054 2.6939133804682203
6.999999999999991 0.24000000000000038 2.2930980323346626 3.5145059613491094
6.999999999999991 0.2500000000000004 3.021515591245085 4.584511971718355
6.999999999999991 0.2600000000000004 3.981888858976251 5.979480534538443
6.999999999999991 0.2700000000000004 5.248292620212819 7.797758402758912
6.999999999999991 0.2800000000000004 6.918520173693298 10.167333633218774
6.999999999999991 0.2900000000000004 9.121699090363409 13.25472047022964
6.999999999999991 0.30000000000000043 12.028358547903 17.2764889974133
6.999999999999991 0.31000000000000044 15.863739325069101 22.514219544553637
6.999999999999991 0.32000000000000045 20.92539331376505 29.33388902267212
6.999999999999991 0.33000000000000046 27.606457998930317 38.21098858202561
6.999999999999991 0.34000000000000047 36.42643959840831 49.76304740264055
6.999999999999991 0.3500000000000005 48.07193196676521 64.79171907450834
6.999999999999991 0.3600000000000005 63.450483964517275 84.33720405750032
6.999999999999991 0.3700000000000005 83.76186799686889 109.74857090143703
6.999999999999991 0.3800000000000005 110.59237915926076 142.77454647856797
6.999999999999991 0.3900000000000005 146.03961678705525 185.68062930111614
6.999999999999991 0.4000000000000005 192.8776121979455 241.40001217361706
6.999999999999991 0.41000000000000053 254.77535839412363 313.72787033112354
6.999999999999991 0.42000000000000054 336.5860209898863 407.5711888915125
6.999999999999991 0.43000000000000055 444.72969683867035 529.2696033886805
6.999999999999991 0.44000000000000056 587.6999762377208 687.006872192376
6.999999999999991 0.45000000000000057 776.734334584798 891.337784679158
6.999999999999991 0.4600000000000006 1026.7012923366472 1155.8617640665793
6.999999999999991 0.4700000000000006 1357.2743421224575 1498.0824151389056
6.999999999999991 0.4800000000000006 1794.485169868612 1940.5020952199468
6.999999999999991 0.4900000000000006 2372.7784288299886 2512.01257887162
6.999999999999991 0.5000000000000006 3137.7295399394375 3249.6573796676907
7.099999999999991 -0.5 13183.634360513552 -37131.48972461369
7.099999999999991 -0.49 10040.355768765714 -28781.90990231321
7.099999999999991 -0.48 7643.505324948134 -22310.702314441794
7.099999999999991 -0.47 5816.476315078111 -17295.118743013732
7.099999999999991 -0.45999999999999996 4424.308104246474 -13407.592550458874
7.099999999999991 -0.44999999999999996 3363.8956671386695 -10394.300761054226
7.099999999999991 -0.43999999999999995 2556.4941812945053 -8058.556265266866
7.099999999999991 -0.42999999999999994 1941.9821045527356 -6247.941551350106
7.099999999999991 -0.41999999999999993 1474.471297683629 -4844.3407797406235
7.099999999999991 -0.4099999999999999 1118.9487760136144 -3756.2170886486256
7.099999999999991 -0.3999999999999999 848.7083396391181 -2912.6292343555388
7.099999999999991 -0.3899999999999999 643.3868343774934 -2258.5956930300404
7.099999999999991 -0.3799999999999999 487.4631247124198 -1751.502667606653
7.099999999999991 -0.3699999999999999 369.11107987383787 -1358.320850450347
7.099999999999991 -0.3599999999999999 279.32333796324787 -1053.4487794869426
7.099999999999991 -0.34999999999999987 211.24212718857444 -817.0416691416196
7.099999999999991 -0.33999999999999986 159.64837459481316 -633.7163905815795
7.099999999999991 -0.32999999999999985 120.57178536868902 -491.54790380410094
7.099999999999991 -0.31999999999999984 90.99334649403649 -381.291522358596
7.099999999999991 -0.30999999999999983 68.61842366269022 -295.78017088192644
7.099999999999991 -0.2999999999999998 51.70376041190198 -229.4572451245228
7.099999999999991 -0.2899999999999998 38.92562189313162 -178.01455422378353
7.099999999999991 -0.2799999999999998 29.279334965385402 -138.1116969436026
7.099999999999991 -0.2699999999999998 22.002777956963488 -107.15854769314407
7.099999999999991 -0.2599999999999998 16.51813338387088 -83.14665313136862
7.099999999999991 -0.24999999999999978 12.387562263450572 -64.51853621542256
7.099999999999991 -0.23999999999999977 9.27948679687178 -50.0663809307154
7.099999999999991 -0.22999999999999976 6.942953675345119 -38.85348975769658
7.099999999999991 -0.21999999999999975 5.188150184613103 -30.153392772848097
7.099999999999991 -0.20999999999999974 3.871603333453878 -23.402639429537295
7.099999999999991 -0.19999999999999973 2.8849418542320073 -18.164196893600703
7.099999999999991 -0.18999999999999972 2.1463676964005645 -14.099070704278294
7.099999999999991 -0.17999999999999972 1.5941871216993486 -10.94429973517445
7.099999999999991 -0.1699999999999997 1.181906671836457 -8.495892989411242
7.099999999999991 -0.1599999999999997 0.874517550303603 -6.595597834895911
7.099999999999991 -0.1499999999999997 0.6456820777936767 -5.12063891092823
7.099999999999991 -0.13999999999999968 0.4756045209628833 -3.975760419087455
7.099999999999991 -0.12999999999999967 0.3494208552814218 -3.0870544832740725
7.099999999999991 -0.11999999999999968 0.255981796836073 -2.397174514805956
7.099999999999991 -0.10999999999999968 0.1869336960260126 -1.861622634943008
7.099999999999991 -0.09999999999999969 0.1360248949300741 -1.445870067786061
7.099999999999991 -0.08999999999999969 0.0985826384999864 -1.123123577317525
7.099999999999991 -0.0799999999999997 0.07111891597129 -0.8725930145092995
7.099999999999991 -0.0699999999999997 0.0510336976148534 -0.6781476007668632
7.099999999999991 -0.0599999999999997 0.0363916886810455 -0.5272738240818404
7.099999999999991 -0.0499999999999997 0.025754530060308 -0.4102674087915863
7.099999999999991 -0.039999999999999696 0.0180547775443333 -0.3196070140907816
7.099999999999991 -0.029999999999999694 0.0125013262477573 -0.2494691095516034
7.099999999999991 -0.01999999999999969 0.0085084704379499 -0.1953526354024823
7.099999999999991 -0.009999999999999691 0.0056426967547014 -0.1537891772184285
7.099999999999991 3.0878077872387166e-16 0.0035827486005047 -0.1221199323783835
7.099999999999991 0.010000000000000309 0.002089583488831 -0.0983250801408364
7.099999999999991 0.02000000000000031 0.0009836581233127 -0.0808945706341841
7.099999999999991 0.03000000000000031 0.0001275817357481 -0.0687320421887603
7.099999999999991 0.04000000000000031 -0.0005873755850963 -0.0610857370432559
7.099999999999991 0.050000000000000315 -0.0012521110245127 -0.0575020539045048
7.099999999999991 0.06000000000000032 -0.0019488223124534 -0.0577988683192186
7.099999999999991 0.07000000000000031 -0.0027592736818554 -0.0620570670191102
7.099999999999991 0.08000000000000031 -0.0037729517900213 -0.0706299680377747
7.099999999999991 0.0900000000000003 -0.0050958645521941 -0.084171517063047
7.099999999999991 0.1000000000000003 -0.0068607981181105 -0.1036854452182772
7.099999999999991 0.11000000000000029 -0.0092399825197423 -0.1305990333795126
7.099999999999991 0.12000000000000029 -0.0124613376459863 -0.1668668545419926
7.099999999999991 0.13000000000000028 -0.0168297985931278 -0.2151119791224221
7.099999999999991 0.1400000000000003 -0.0227556830371367 -0.2788147763938446
7.099999999999991 0.1500000000000003 -0.0307927052417532 -0.3625628142058456
7.099999999999991 0.1600000000000003 -0.041689119853887 -0.4723796850522689
7.099999999999991 0.17000000000000032 -0.0564566732157545 -0.6161561726561393
7.099999999999991 0.18000000000000033 -0.0764636584038614 -0.8042144106710867
7.099999999999991 0.19000000000000034 -0.1035605584867438 -1.0500450797716556
7.099999999999991 0.20000000000000034 -0.1402497175428196 -1.3712698968073584
7.099999999999991 0.21000000000000035 -0.189914466355215 -1.790897519704024
7.099999999999991 0.22000000000000036 -0.2571285071596838 -2.3389616267065056
7.099999999999991 0.23000000000000037 -0.3480736110569942 -3.0546567579088038
7.099999999999991 0.24000000000000038 -0.4711034509383347 -3.98912238442649
7.099999999999991 0.2500000000000004 -0.6375045540110911 -5.209070998485284
7.099999999999991 0.2600000000000004 -0.8625230837968623 -6.801514908663286
7.099999999999991 0.2700000000000004 -1.1667500279158158 -8.879922908574402
7.099999999999991 0.2800000000000004 -1.5779894926774807 -11.592237279521969
7.099999999999991 0.2900000000000004 -2.133778032692957 -15.13131043198881
7.099999999999991 0.30000000000000043 -2.884781091630966 -19.748487601848005
7.099999999999991 0.31000000000000044 -3.8993708224512247 -25.771278647210245
7.099999999999991 0.32000000000000045 -5.269794664005897 -33.62634265741026
7.099999999999991 0.33000000000000046 -7.120485287729267 -43.86937249712831
7.099999999999991 0.34000000000000047 -9.61925223560965 -57.223936658184
7.099999999999991 0.3500000000000005 -12.992350274914443 -74.63194386669534
7.099999999999991 0.3600000000000005 -17.544761311112794 -97.31918160527877
7.099999999999991 0.3700000000000005 -23.687485200669443 -126.8803941402018
7.099999999999991 0.3800000000000005 -31.97424950694628 -165.38967424344514
7.099999999999991 0.3900000000000005 -43.150871908605765 -215.54362931198966
7.099999999999991 0.4000000000000005 -58.22161199096942 -280.84695397287544
7.099999999999991 0.41000000000000053 -78.53832534431677 -365.85283390848645
7.099999999999991 0.42000000000000054 -105.92020717856897 -476.4741930950871
7.099999999999991 0.43000000000000055 -142.81455118983763 -620.3863993069422
7.099999999999991 0.44000000000000056 -192.5124729016536 -807.5479397769773
7.099999999999991 0.45000000000000057 -259.4382479983101 -1050.8731230911867
7.099999999999991 0.4600000000000006 -349.53718324116005 -1367.100499136932
7.099999999999991 0.4700000000000006 -470.7952836246955 -1777.9129743535477
7.099999999999991 0.4800000000000006 -633.935082183056 -2311.3812329985094
7.099999999999991 0.4900000000000006 -853.346751520306 -3003.8219270134514
7.099999999999991 0.5000000000000006 -1148.3331934746652 -3902.1872471042825
7.19999999999999 -0.5 8490.93432771134 36211.58363825947
7.19999999999999 -0.49 6734.9826283290495 27954.83533671489
7.19999999999999 -0.48 5340.600175576876 21580.850335983574
7.19999999999999 -0.47 4233.689475244921 16660.30514900337
7.19999999999999 -0.45999999999999996 3355.2582075637692 12861.769941035494
7.19999999999999 -0.44999999999999996 2658.358023036416 9929.388972241202
7.19999999999999 -0.43999999999999995 2105.639624660166 7665.649183710234
7.19999999999999 -0.42999999999999994 1667.4009949034466 5918.077192331395
7.19999999999999 -0.41999999999999993 1320.0300192641685 4568.969241687326
7.19999999999999 -0.4099999999999999 1044.762367899823 3527.4627277867016
7.19999999999999 -0.3999999999999999 826.6912496665395 2723.4154934363632
7.19999999999999 -0.3899999999999999 653.9782991250117 2102.680754731472
7.19999999999999 -0.3799999999999999 517.2250024556926 1623.459466681918
7.19999999999999 -0.3699999999999999 408.972202435194 1253.4844691850267
7.19999999999999 -0.3599999999999999 323.30174023619617 967.8467572947757
7.19999999999999 -0.34999999999999987 255.51951114100987 747.3174578745841
7.19999999999999 -0.33999999999999986 201.90338851486348 577.0524770666225
7.19999999999999 -0.32999999999999985 159.50281180149065 445.59255560115054
7.19999999999999 -0.31999999999999984 125.97950573041459 344.0913662040904
7.19999999999999 -0.30999999999999983 99.48093258368087 265.71964834961955
7.19999999999999 -0.2999999999999998 78.5397842878625 205.2052343784593
7.19999999999999 -0.2899999999999998 61.99418212023238 158.47797589942007
7.19999999999999 -0.2799999999999998 48.92433781456196 122.39564682415703
7.19999999999999 -0.2699999999999998 38.602295997818956 94.53235525162674
7.19999999999999 -0.2599999999999998 30.45206839583114 73.01520816084408
7.19999999999999 -0.24999999999999978 24.018020488165476 56.39822414646973
7.19999999999999 -0.23999999999999977 18.939809585909856 43.56499925525125
7.19999999999999 -0.22999999999999976 14.932522283376256 33.65356841767167
7.19999999999999 -0.21999999999999975 11.770936989392483 25.998400548776864
7.19999999999999 -0.20999999999999974 9.277058226400118 20.08561987680701
7.19999999999999 -0.19999999999999973 7.310245136073104 15.51843723708401
7.19999999999999 -0.18999999999999972 5.759396354397153 11.990462991441852
7.19999999999999 -0.17999999999999972 4.536764464807639 9.265104256337183
7.19999999999999 -0.1699999999999997 3.5730614595635917 7.159659030806733
7.19999999999999 -0.1599999999999997 2.813586705374917 5.533036231648925
7.19999999999999 -0.1499999999999997 2.2151645373421602 4.276274892261838
7.19999999999999 -0.13999999999999968 1.7437227564324922 3.305224323097475
7.19999999999999 -0.12999999999999967 1.37237833679301 2.5548925723572165
7.19999999999999 -0.11999999999999968 1.0799244354544588 1.9750828733474783
7.19999999999999 -0.10999999999999968 0.8496348300845589 1.527024491096759
7.19999999999999 -0.09999999999999969 0.6683193761539262 1.1807713295500144
7.19999999999999 -0.08999999999999969 0.5255779158607876 0.9131933434705402
7.19999999999999 -0.0799999999999997 0.4132110361664385 0.7064256984346069
7.19999999999999 -0.0699999999999997 0.3247547570849565 0.5466714264728486
7.19999999999999 -0.0599999999999997 0.2551131060455923 0.4232771093223604
7.19999999999999 -0.0499999999999997 0.2002679743337622 0.3280194882762378
7.19999999999999 -0.039999999999999696 0.1570499544730119 0.2545550865343864
7.19999999999999 -0.029999999999999694 0.1229572584205038 0.197995892390807
7.19999999999999 -0.01999999999999969 0.0960125021628156 0.1545826279257243
7.19999999999999 -0.009999999999999691 0.0746492602829653 0.1214336890287403
7.19999999999999 3.0878077872387166e-16 0.0576219608767242 0.0963529304841335
7.19999999999999 0.010000000000000309 0.043933998685737 0.0776834272706698
7.19999999999999 0.02000000000000031 0.0327799645695818 0.0641974368281579
7.19999999999999 0.03000000000000031 0.0234986787151179 0.0550152254348998
7.19999999999999 0.04000000000000031 0.0155343167246965 0.0495473696184402
7.19999999999999 0.050000000000000315 0.0084033649324603 0.0474567324199388
7.19999999999999 0.06000000000000032 0.001665458301372 0.048637652122247
7.19999999999999 0.07000000000000031 -0.0051036419850893 0.0532110588739662
7.19999999999999 0.08000000000000031 -0.0123385731025205 0.0615353332068158
7.19999999999999 0.0900000000000003 -0.0205120363512886 0.0742338155714615
7.19999999999999 0.1000000000000003 -0.0301653395821666 0.0922410438546194
7.19999999999999 0.11000000000000029 -0.0419437544884711 0.1168711181483027
7.19999999999999 0.12000000000000029 -0.056638949194446 0.1499131618901933
7.19999999999999 0.13000000000000028 -0.0752412185212506 0.1937607767739836
7.19999999999999 0.1400000000000003 -0.0990048644106042 0.251584812033336
7.19999999999999 0.1500000000000003 -0.1295309154100797 0.3275618585010236
7.19999999999999 0.1600000000000003 -0.1688724669078038 0.4271748531322232
7.19999999999999 0.17000000000000032 -0.2196693375358325 0.5576073219252371
7.19999999999999 0.18000000000000033 -0.2853205543808338 0.7282594621139884
7.19999999999999 0.19000000000000034 -0.3702055051202482 0.9514229395921012
7.19999999999999 0.20000000000000034 -0.4799675612160977 1.2431625667622908
7.19999999999999 0.21000000000000035 -0.6218777491393968 1.6244677245780323
7.19999999999999 0.22000000000000036 -0.8053008344901685 2.122755533981244
7.19999999999999 0.23000000000000037 -1.0422922465841882 2.7738327096916384
7.19999999999999 0.24000000000000038 -1.3483619314109023 3.6244554894665506
7.19999999999999 0.2500000000000004 -1.7434508783522225 4.735669293461983
7.19999999999999 0.2600000000000004 -2.2531782130200657 6.1871647786147035
7.19999999999999 0.2700000000000004 -2.910431988648411 8.082958539541808
7.19999999999999 0.2800000000000004 -3.75739587780513 10.558799838569966
7.19999999999999 0.2900000000000004 -4.848127756677826 13.791825869478897
7.19999999999999 0.30000000000000043 -6.251835758804437 18.013145532445037
7.19999999999999 0.31000000000000044 -8.057034033203323 23.52423635790892
7.19999999999999 0.32000000000000045 -10.376805683738166 30.718305103505593
7.19999999999999 0.33000000000000046 -13.355455952369937 40.10810783804171
7.19999999999999 0.34000000000000047 -17.176906658459323 52.362173540945456
7.19999999999999 0.3500000000000005 -22.075265490900236 68.35195680089711
7.19999999999999 0.3600000000000005 -28.348103455424038 89.21319940077618
7.19999999999999 0.3700000000000005 -36.373093224774536 116.4257581850285
7.19999999999999 0.3800000000000005 -46.62880292600441 151.91742311651888
7.19999999999999 0.3900000000000005 -59.72060636118596 198.19888928824366
7.19999999999999 0.4000000000000005 -76.41286346454739 258.5391686425606
7.19999999999999 0.41000000000000053 -97.66874435445567 337.19347127483445
7.19999999999999 0.42000000000000054 -124.69931488194773 439.6991324856317
7.19999999999999 0.43000000000000055 -159.02376589433362 573.2597414419037
7.19999999999999 0.44000000000000056 -202.54294198579566 747.2435371429647
7.19999999999999 0.45000000000000057 -257.62858985933474 973.8297576929629
7.19999999999999 0.4600000000000006 -327.23097158892256 1268.8464465885008
7.19999999999999 0.4700000000000006 -415.0076275916117 1652.8558574607182
7.19999999999999 0.4800000000000006 -525.4760583110353 2152.559851627879
7.19999999999999 0.4900000000000006 -664.1928205651125 2802.6185650720863
7.19999999999999 0.5000000000000006 -837.9608580872805 3648.002424733505
7.29999999999999 -0.5 -24878.0298958823 -24468.776492094607
7.29999999999999 -0.49 -19342.634449112218 -18768.325382929317
7.29999999999999 -0.48 -15040.261924686614 -14393.920086859827
7.29999999999999 -0.47 -11695.941924842924 -11037.542004627594
7.29999999999999 -0.45999999999999996 -9096.093488919987 -8462.619017563544
7.29999999999999 -0.44999999999999996 -7074.80386366205 -6487.4759453389715
7.29999999999999 -0.43999999999999995 -5503.17757461385 -4972.613316041058
7.29999999999999 -0.42999999999999994 -4281.068014016138 -3810.9300275526025
7.29999999999999 -0.41999999999999993 -3330.6580018538875 -2920.209537478353
7.29999999999999 -0.4099999999999999 -2591.47539090303 -2237.3462547005583
7.29999999999999 -0.3999999999999999 -2016.5225554935378 -1713.9096414927726
7.29999999999999 -0.3899999999999999 -1569.2705588750325 -1312.7365054359566
7.29999999999999 -0.3799999999999999 -1221.3246100800154 -1005.3134832052109
7.29999999999999 -0.3699999999999999 -950.6107220011548 -769.7667351717239
7.29999999999999 -0.3599999999999999 -739.9670772003686 -589.3181851376537
7.29999999999999 -0.34999999999999987 -576.0496747373661 -451.1001820080486
7.29999999999999 -0.33999999999999986 -448.4820588522756 -345.24548400744436
7.29999999999999 -0.32999999999999985 -349.1946280828673 -264.1887060766718
7.29999999999999 -0.31999999999999984 -271.9112069322217 -202.13016240619885
7.29999999999999 -0.30999999999999983 -211.7500190769702 -154.6244059868858
7.29999999999999 -0.2999999999999998 -164.91354225574807 -118.26450593888417
7.29999999999999 -0.2899999999999998 -128.44742424364335 -90.4398192597271
7.29999999999999 -0.2799999999999998 -100.05306434880731 -69.15017418703394
7.29999999999999 -0.2699999999999998 -77.94190086380948 -52.863347323812775
7.29999999999999 -0.2599999999999998 -60.722113178655604 -40.40576264165446
7.29999999999999 -0.24999999999999978 -47.31051954554807 -30.8786801705483
7.29999999999999 -0.23999999999999977 -36.86406104892846 -23.593939143525795
7.29999999999999 -0.22999999999999976 -28.726512617218415 -18.024700311034415
7.29999999999999 -0.21999999999999975 -22.387033203157657 -13.767691713393422
7.29999999999999 -0.20999999999999974 -17.44792188399749 -10.514275674277087
7.29999999999999 -0.19999999999999973 -13.599532978721525 -8.028279231304163
7.29999999999999 -0.18999999999999972 -10.60075891378505 -6.129009510554346
7.29999999999999 -0.17999999999999972 -8.263843665494777 -4.6782433762973685
7.29999999999999 -0.1699999999999997 -6.442564818149099 -3.5702629304543985
7.29999999999999 -0.1599999999999997 -5.023036197126712 -2.724224981444109
7.29999999999999 -0.1499999999999997 -3.916549330493897 -2.078318718800352
7.29999999999999 -0.13999999999999968 -3.0540012761805144 -1.585293244705345
7.29999999999999 -0.12999999999999967 -2.3815568708399297 -1.2090343294636858
7.29999999999999 -0.11999999999999968 -1.8572716180448932 -0.9219446872158588
7.29999999999999 -0.10999999999999968 -1.4484622153894784 -0.7029395166384471
7.29999999999999 -0.09999999999999969 -1.1296589907956998 -0.5359130912882455
7.29999999999999 -0.08999999999999969 -0.8810112839770033 -0.4085659408817129
7.29999999999999 -0.0799999999999997 -0.687045405969458 -0.3115080362273068
7.29999999999999 -0.0699999999999997 -0.5356970538018746 -0.2375732166893235
7.29999999999999 -0.0599999999999997 -0.417557360184102 -0.1812952915351955
7.29999999999999 -0.0499999999999997 -0.3252852166503776 -0.1385078882117306
7.29999999999999 -0.039999999999999696 -0.2531489755381064 -0.1060390422121884
7.29999999999999 -0.029999999999999694 -0.1966687741858107 -0.0814783621521256
7.29999999999999 -0.01999999999999969 -0.1523370485224665 -0.0629998490803585
7.29999999999999 -0.009999999999999691 -0.1173997124696102 -0.0492274765578547
7.29999999999999 3.0878077872387166e-16 -0.0896842842371823 -0.0391337363789162
7.29999999999999 0.010000000000000309 -0.0674641805934409 -0.0319637463939681
7.29999999999999 0.02000000000000031 -0.0493506606750337 -0.0271793736022221
7.29999999999999 0.03000000000000031 -0.0342056239382309 -0.0244192811194674
7.29999999999999 0.04000000000000031 -0.0210697604251655 -0.0234719666416497
7.29999999999999 0.050000000000000315 -0.0091014963376905 -0.0242598062129132
7.29999999999999 0.06000000000000032 0.0024771675152951 -0.0268329187679006
7.29999999999999 0.07000000000000031 0.0144314225475156 -0.0313723819596507
7.29999999999999 0.08000000000000031 0.0275643447891814 -0.0382030098588293
7.29999999999999 0.0900000000000003 0.0427708724777758 -0.047816597321312
7.29999999999999 0.1000000000000003 0.0610986899984006 -0.0609072942390096
7.29999999999999 0.11000000000000029 0.0838201425970404 -0.0784216501335835
7.29999999999999 0.12000000000000029 0.1125200868935948 -0.101626928699023
7.29999999999999 0.13000000000000028 0.1492056941749922 -0.1322026089746562
7.29999999999999 0.1400000000000003 0.1964457428509786 -0.1723616592316184
7.29999999999999 0.1500000000000003 0.2575489665692684 -0.225010310856871
7.29999999999999 0.1600000000000003 0.3367937025962865 -0.2939578255458029
7.29999999999999 0.17000000000000032 0.4397245915612386 -0.3841913373855086
7.29999999999999 0.18000000000000033 0.5735366498850527 -0.5022355176825182
7.29999999999999 0.19000000000000034 0.7475729759261857 -0.6566228868097073
7.29999999999999 0.20000000000000034 0.9739700561865942 -0.8585085158269219
7.29999999999999 0.21000000000000035 1.2684946210875918 -1.1224731832082664
7.29999999999999 0.22000000000000036 1.65162892240902 -1.4675725102424284
7.29999999999999 0.23000000000000037 2.1499780200881364 -1.918707144827858
7.29999999999999 0.24000000000000038 2.7980942751507514 -2.5084119369051785
7.29999999999999 0.2500000000000004 3.64084216585298 -3.2791918625465257
7.29999999999999 0.2600000000000004 4.736462601142413 -4.286571306182866
7.29999999999999 0.2700000000000004 6.160542448064506 -5.603073930719172
7.29999999999999 0.2800000000000004 8.011155038606837 -7.323416301963905
7.29999999999999 0.2900000000000004 10.41551485895609 -9.57128429885697
7.29999999999999 0.30000000000000043 13.538589437381972 -12.50817312681416
7.29999999999999 0.31000000000000044 17.59424003809419 -16.3449172403161
7.29999999999999 0.32000000000000045 22.859628351499524 -21.35672577579819
7.29999999999999 0.33000000000000046 29.69383947867296 -27.902785306236
7.29999999999999 0.34000000000000047 38.561945636343 -36.451811858628105
7.29999999999999 0.3500000000000005 50.06608744330637 -47.61535022670533
7.29999999999999 0.3600000000000005 64.98560251313897 -62.19115922655536
7.29999999999999 0.3700000000000005 84.3288126690845 -81.21972366864047
7.29999999999999 0.3800000000000005 109.3998275899394 -106.05784533258029
7.29999999999999 0.3900000000000005 141.88468030366397 -138.47444805776826
7.29999999999999 0.4000000000000005 183.96233767907563 -180.775266267413
7.29999999999999 0.41000000000000053 238.4477022172822 -235.96507526430537
7.29999999999999 0.42000000000000054 308.9757360467182 -307.95869903094854
7.29999999999999 0.43000000000000055 400.238416484661 -401.8553693703784
7.29999999999999 0.44000000000000056 518.2895307823776 -524.2953312380223
7.29999999999999 0.45000000000000057 670.9365343183515 -683.9231793747289
7.29999999999999 0.4600000000000006 868.2440842999615 -891.9896395205285
7.29999999999999 0.4700000000000006 1123.1807416216152 -1163.1328479383772
7.29999999999999 0.4800000000000006 1452.449116008219 -1516.3922456124642
7.29999999999999 0.4900000000000006 1877.5509341958066 -1976.5237719008633
7.29999999999999 0.5000000000000006 2426.15279917742 -2575.70512265866
7.39999999999999 -0.5 31688.94107259024 7257.198562779369
7.39999999999999 -0.49 24484.214095053077 5413.544450291529
7.39999999999999 -0.48 18918.561776534953 4030.676197934678
7.39999999999999 -0.47 14618.889578488785 2994.915711075514
7.39999999999999 -0.45999999999999996 11297.06933192025 2220.3336375381036
7.39999999999999 -0.44999999999999996 8730.581533622904 1642.0357340840824
7.39999999999999 -0.43999999999999995 6747.569396781105 1211.0613396626995
7.39999999999999 -0.42999999999999994 5215.298898856377 890.5093674879224
7.39999999999999 -0.41999999999999993 4031.248406743163 652.5984527174151
7.39999999999999 -0.4099999999999999 3116.228492622505 476.4375882816527
7.39999999999999 -0.3999999999999999 2409.0692139516163 346.3368058614185
7.39999999999999 -0.3899999999999999 1862.5176261813563 250.5280866431125
7.39999999999999 -0.3799999999999999 1440.0697352519908 180.19768419346553
7.39999999999999 -0.3699999999999999 1113.5239653602885 128.75468079536688
7.39999999999999 -0.3599999999999999 861.0917511183267 91.27861677940763
7.39999999999999 -0.34999999999999987 665.9383312161622 64.10275918050257
7.39999999999999 -0.33999999999999986 515.055746538811 44.50002786882308
7.39999999999999 -0.32999999999999985 398.3923773100972 30.44655106629564
7.39999999999999 -0.31999999999999984 308.1805948787364 20.443871360493745
7.39999999999999 -0.30999999999999983 238.41741496881647 13.38542124124001
7.39999999999999 -0.2999999999999998 184.46331654891378 8.456379754558306
7.39999999999999 -0.2899999999999998 142.73232564982243 5.058673065445369
7.39999999999999 -0.2799999999999998 110.4525903784443 2.7548928288948353
7.39999999999999 -0.2699999999999998 85.48140425883565 1.226430710996791
7.39999999999999 -0.2599999999999998 66.16228806545439 0.2422820618872486
7.39999999999999 -0.24999999999999978 51.21456116623611 -0.3641543925963138
7.39999999999999 -0.23999999999999977 39.6480117055793 -0.7122931777902712
7.39999999999999 -0.22999999999999976 30.696957152338598 -0.8871081268968855
7.39999999999999 -0.21999999999999975 23.769285851788734 -0.94854417455708
7.39999999999999 -0.20999999999999974 18.40707353158649 -0.938447078270852
7.39999999999999 -0.19999999999999973 14.256143602447166 -0.8856492599740287
7.39999999999999 -0.18999999999999972 11.042538593690004 -0.8096889576676043
7.39999999999999 -0.17999999999999972 8.554332344202953 -0.7235188940302
7.39999999999999 -0.1699999999999997 6.627569650354812 -0.6354698754955662
7.39999999999999 -0.1599999999999997 5.13539590645725 -0.5506666933390854
7.39999999999999 -0.1499999999999997 3.979652356941751 -0.472042782607923
7.39999999999999 -0.13999999999999968 3.084377195722984 -0.401062056253106
7.39999999999999 -0.12999999999999967 2.3907799279805255 -0.3382279632094597
7.39999999999999 -0.11999999999999968 1.8533546713166296 -0.2834387022858998
7.39999999999999 -0.10999999999999968 1.4368739960559258 -0.2362318371992081
7.39999999999999 -0.09999999999999969 1.1140635697074561 -0.195949931655992
7.39999999999999 -0.08999999999999969 0.8638032028345165 -0.161850227403493
7.39999999999999 -0.0799999999999997 0.6697349241320443 -0.1331750499018918
7.39999999999999 -0.0699999999999997 0.5191857827322856 -0.109194966631202
7.39999999999999 -0.0599999999999997 0.4023339941041827 -0.089233308630737
7.39999999999999 -0.0499999999999997 0.3115632091553312 -0.0726781728510921
7.39999999999999 -0.039999999999999696 0.2409621729649709 -0.0589862096565813
7.39999999999999 -0.029999999999999694 0.1859366828691392 -0.0476811863842343
7.39999999999999 -0.01999999999999969 0.142908198202633 -0.0383493703600256
7.39999999999999 -0.009999999999999691 0.1090791916965692 -0.0306330937478257
7.39999999999999 3.0878077872387166e-16 0.082249747286209 -0.0242233742093453
7.39999999999999 0.010000000000000309 0.0606732945350956 -0.0188521147202424
7.39999999999999 0.02000000000000031 0.0429419509695292 -0.0142841521416701
7.39999999999999 0.03000000000000031 0.0278938915840658 -0.0103092366077432
7.39999999999999 0.04000000000000031 0.0145366086166243 -0.0067338791171915
7.39999999999999 0.050000000000000315 0.0019809597020569 -0.0033728846815453
7.39999999999999 0.06000000000000032 -0.0106184033390973 -4.02781410453e-5
7.39999999999999 0.07000000000000031 -0.0241202344264569 0.0034607835562383
7.39999999999999 0.08000000000000031 -0.0394554033443019 0.0073496472916957
7.39999999999999 0.0900000000000003 -0.0576911332508898 0.0118820386336361
7.39999999999999 0.1000000000000003 -0.08010519293545 0.0173670636475408
7.39999999999999 0.11000000000000029 -0.1082751854243963 0.0241884805730115
7.39999999999999 0.12000000000000029 -0.144189143185881 0.0328317167355325
7.39999999999999 0.13000000000000028 -0.1903851378202106 0.0439185414053849
7.39999999999999 0.1400000000000003 -0.2501296426964068 0.0582518760560962
7.39999999999999 0.1500000000000003 -0.3276470909070627 0.0768739716926811
7.39999999999999 0.1600000000000003 -0.4284166346045375 0.1011421633360379
7.39999999999999 0.17000000000000032 -0.5595567803875771 0.1328276956751184
7.39999999999999 0.18000000000000033 -0.7303246693899665 0.1742447943639531
7.39999999999999 0.19000000000000034 -0.952764707519184 0.2284193558485016
7.39999999999999 0.20000000000000034 -1.2425515735167456 0.2993095034039334
7.39999999999999 0.21000000000000035 -1.6200860444173935 0.3920940149967589
7.39999999999999 0.22000000000000036 -2.1119194928326293 0.5135495393851357
7.39999999999999 0.23000000000000037 -2.752605511635431 0.672543932309752
7.39999999999999 0.24000000000000038 -3.5871064417007865 0.8806814233566731
7.39999999999999 0.2500000000000004 -4.673920601293368 1.1531462638511152
7.39999999999999 0.2600000000000004 -6.089145308776508 1.5098057857618818
7.39999999999999 0.2700000000000004 -7.9317546742338605 1.9766524353374288
7.39999999999999 0.2800000000000004 -10.33045390424956 2.5876886534130454
7.39999999999999 0.2900000000000004 -13.452579067573904 3.3873901752183393
7.39999999999999 0.30000000000000043 -17.51565007926524 4.433924650797815
7.39999999999999 0.31000000000000044 -22.8023643402382 5.80335634826193
7.39999999999999 0.32000000000000045 -29.680050978600494 7.595137871207709
7.39999999999999 0.33000000000000046 -38.62590641680819 9.939281202112653
7.39999999999999 0.34000000000000047 -50.25972095374272 13.005719339982225
7.39999999999999 0.3500000000000005 -65.38630889465323 17.016524590124384
7.39999999999999 0.3600000000000005 -85.05050460954348 22.2618508927588
7.39999999999999 0.3700000000000005 -110.6084264434273 29.120729318284532
7.39999999999999 0.3800000000000005 -143.81979464209934 38.08818597479845
7.39999999999999 0.3900000000000005 -186.9674892285823 49.810593317659894
7.39999999999999 0.4000000000000005 -243.01234025879054 65.13173928685609
7.39999999999999 0.41000000000000053 -315.79347344971177 85.15284268203419
7.39999999999999 0.42000000000000054 -410.28753976492874 111.31070789509596
7.39999999999999 0.43000000000000055 -532.9440322824223 145.47946230811783
7.39999999999999 0.44000000000000056 -692.1188870648816 190.10293882071693
7.39999999999999 0.45000000000000057 -898.6349974320327 248.36686167396465
7.39999999999999 0.4600000000000006 -1166.50655479358 324.4227044748292
7.39999999999999 0.4700000000000006 -1513.8747928046146 423.67859324299457
7.39999999999999 0.4800000000000006 -1964.2164337174777 553.177153376361
7.39999999999999 0.4900000000000006 -2547.903787159242 722.0860416905955
7.39999999999999 0.5000000000000006 -3304.2181490055295 942.334440458454
7.499999999999989 -0.5 -28624.705547072685 9196.36679109365
7.499999999999989 -0.49 -21978.26805875147 7262.2168586643
7.499999999999989 -0.48 -16873.747687554227 5735.0425785246025
7.499999999999989 -0.47 -12953.747079314011 4529.135526854169
7.499999999999989 -0.45999999999999996 -9943.635641205925 3576.8615016283684
7.499999999999989 -0.44999999999999996 -7632.399368150969 2824.8418280484475
7.499999999999989 -0.43999999999999995 -5857.917579056499 2230.9435034963517
7.499999999999989 -0.42999999999999994 -4495.644118077438 1761.906308766257
7.499999999999989 -0.41999999999999993 -3449.906510299218 1391.47168045018
7.499999999999989 -0.4099999999999999 -2647.2181010952436 1098.9069467369836
7.499999999999989 -0.3999999999999999 -2031.1378830095339 867.8411703046957
7.499999999999989 -0.3899999999999999 -1558.3201697245963 685.3466443897134
7.499999999999989 -0.3799999999999999 -1195.4789386019825 541.214091076604
7.499999999999989 -0.3699999999999999 -917.0552472812477 427.3806292564065
7.499999999999989 -0.3599999999999999 -703.4250349598491 337.4782526692348
7.499999999999989 -0.34999999999999987 -539.5222309760234 266.47738747043263
7.499999999999989 -0.33999999999999986 -413.7810176697027 210.40547752367354
7.499999999999989 -0.32999999999999985 -317.3233360423458 166.1247833388575
7.499999999999989 -0.31999999999999984 -243.33482414468594 131.15692021934336
7.499999999999989 -0.30999999999999983 -186.58552622326957 103.54429374429886
7.499999999999989 -0.2999999999999998 -143.0618185109912 81.7406663834864
7.499999999999989 -0.2899999999999998 -109.68376752060459 64.52472600608752
7.499999999999989 -0.2799999999999998 -84.08810904228893 50.931818272866956
7.499999999999989 -0.2699999999999998 -64.46162627098968 40.20002361988077
7.499999999999989 -0.2599999999999998 -49.41323316140049 31.727563400760946
7.499999999999989 -0.24999999999999978 -37.87577996271525 25.039154171464062
7.499999999999989 -0.23999999999999977 -29.03068088326224 19.75942986788479
7.499999999999989 -0.22999999999999976 -22.250064261172152 15.591946950330403
7.499999999999989 -0.21999999999999975 -17.05237516881127 12.302599710719553
7.499999999999989 -0.20999999999999974 -13.068304921625725 9.706519395886794
7.499999999999989 -0.19999999999999973 -10.014647501916322 7.657725427545312
7.499999999999989 -0.18999999999999972 -7.674240176633771 6.0409507094951165
7.499999999999989 -0.17999999999999972 -5.880573576810751 4.765184416818979
7.499999999999989 -0.1699999999999997 -4.505985179003597 3.7585715567482545
7.499999999999989 -0.1599999999999997 -3.452602511567568 2.9643843402353034
7.499999999999989 -0.1499999999999997 -2.645396192787909 2.337840242704557
7.499999999999989 -0.13999999999999968 -2.026851686863608 1.8435889051112853
7.499999999999989 -0.12999999999999967 -1.5528828798743062 1.4537273727135034
7.499999999999989 -0.11999999999999968 -1.189698252905331 1.1462326740863868
7.499999999999989 -0.10999999999999968 -0.9113977250472054 0.9037240534887026
7.499999999999989 -0.09999999999999969 -0.6981298871695368 0.7124855867532796
7.499999999999989 -0.08999999999999969 -0.5346789824526108 0.5616944617327463
7.499999999999989 -0.0799999999999997 -0.4093814022994534 0.4428117009697128
7.499999999999989 -0.0699999999999997 -0.3132947990161968 0.349101187864948
7.499999999999989 -0.0599999999999997 -0.2395608144525544 0.2752500350784078
7.499999999999989 -0.0499999999999997 -0.182916149088927 0.2170690055822696
7.499999999999989 -0.039999999999999696 -0.1393172176208482 0.1712561792732555
7.499999999999989 -0.029999999999999694 -0.1056516979999024 0.1352106014908936
7.499999999999989 -0.01999999999999969 -0.0795164508003588 0.1068854520948763
7.499999999999989 -0.009999999999999691 -0.0590460009647415 0.0846724914644534
7.499999999999989 3.0878077872387166e-16 -0.0427793680715958 0.0673112969136037
7.499999999999989 0.010000000000000309 -0.0295557587176089 0.0538181979159479
7.499999999999989 0.02000000000000031 -0.0184316886577039 0.0434309294205053
7.499999999999989 0.03000000000000031 -0.0086136286369562 0.035565911847118
7.499999999999989 0.04000000000000031 0.0005986252907671 0.0297857842614393
7.499999999999989 0.050000000000000315 0.0098618900577931 0.0257754044775288
7.499999999999989 0.06000000000000032 0.0198363956532256 0.0233250200388744
7.499999999999989 0.07000000000000031 0.0312327719737645 0.0223197355977183
7.499999999999989 0.08000000000000031 0.0448625544453438 0.0227347800184459
7.499999999999989 0.0900000000000003 0.061695782424991 0.024636433367062
7.499999999999989 0.1000000000000003 0.0829297578012606 0.0281888319252811
7.499999999999989 0.11000000000000029 0.1100738099122896 0.0336672512846287
7.499999999999989 0.12000000000000029 0.145056030635916 0.0414788983907384
7.499999999999989 0.13000000000000028 0.1903594775171206 0.0521927518708345
7.499999999999989 0.1400000000000003 0.2491973990929402 0.0665806105581999
7.499999999999989 0.1500000000000003 0.3257397571621092 0.0856722853514304
7.499999999999989 0.1600000000000003 0.4254068933169755 0.1108288529049502
7.499999999999989 0.17000000000000032 0.5552508577592541 0.1438391492805354
7.499999999999989 0.18000000000000033 0.7244510086116067 0.1870463050909056
7.499999999999989 0.19000000000000034 0.9449584179670532 0.2435132237366626
7.499999999999989 0.20000000000000034 1.2323339304976437 0.3172386272124539
7.499999999999989 0.21000000000000035 1.606838117376515 0.4134388291132245
7.499999999999989 0.22000000000000036 2.0948487680804018 0.5389149879054749
7.499999999999989 0.23000000000000037 2.7307041522141633 0.7025315647313326
7.499999999999989 0.24000000000000038 3.559099600735059 0.9158394742039818
7.499999999999989 0.2500000000000004 4.6382029929341 1.1938875134607407
7.499999999999989 0.2600000000000004 6.043704071488163 1.5562787856294973
7.499999999999989 0.2700000000000004 7.874076481439627 2.028545910716473
7.499999999999989 0.2800000000000004 10.25741435988472 2.6439410250801174
7.499999999999989 0.2900000000000004 13.360312779275803 3.4457654512195033
7.499999999999989 0.30000000000000043 17.399400593881474 4.4904014756149575
7.499999999999989 0.31000000000000044 22.656314596010915 5.851257508091411
7.499999999999989 0.32000000000000045 29.497137424865844 7.623901396619725
7.499999999999989 0.33000000000000046 38.397623976527846 9.93273923704616
7.499999999999989 0.34000000000000047 49.975932269514075 12.93970436800009
7.499999999999989 0.3500000000000005 65.03508081290215 16.85556081264599
7.499999999999989 0.3600000000000005 84.61800903372614 21.95460688602185
7.499999999999989 0.3700000000000005 110.07896349845191 28.593800593233723
7.499999999999989 0.3800000000000005 143.17602627552068 37.237635130431244
7.499999999999989 0.3900000000000005 186.19101471012416 48.49049149531237
7.499999999999989 0.4000000000000005 242.0848067203341 63.13871351072246
7.499999999999989 0.41000000000000053 314.6985017383622 82.20532433068797
7.499999999999989 0.42000000000000054 409.0138681400351 107.0211793564024
7.499999999999989 0.43000000000000055 531.4904509889096 139.31748904185793
7.499999999999989 0.44000000000000056 690.5017732912045 181.34612508535406
7.499999999999989 0.45000000000000057 896.8995864308628 236.03604737463706
7.499999999999989 0.4600000000000006 1164.7435309291607 307.1966898586468
7.499999999999989 0.4700000000000006 1512.2443965476714 399.78239422346496
7.499999999999989 0.4800000000000006 1962.9831136278212 520.2362056629574
7.499999999999989 0.4900000000000006 2547.4855543810345 676.9368373085581
7.499999999999989 0.5000000000000006 3305.2563139730773 880.7797486731961
7.599999999999989 -0.5 18758.44617521235 -20288.61792371102
7.599999999999989 -0.49 14266.091306822354 -15705.150893192047
7.599999999999989 -0.48 10844.354208712894 -12159.217825098825
7.599999999999989 -0.47 8239.188308683806 -9415.51341143373
7.599999999999989 -0.45999999999999996 6256.595911373038 -7292.193074210917
7.599999999999989 -0.44999999999999996 4748.48424230934 -5648.706541346512
7.599999999999989 -0.43999999999999995 3601.8423271755405 -4376.404527279408
7.599999999999989 -0.42999999999999994 2730.46129784325 -3391.285531017416
7.599999999999989 -0.41999999999999993 2068.602215932019 -2628.3944414247935
7.599999999999989 -0.4099999999999999 1566.1547362077522 -2037.4962086058938
7.599999999999989 -0.3999999999999999 1184.9367163101324 -1579.7338863044904
7.599999999999989 -0.3899999999999999 895.866759796853 -1225.0467186035485
7.599999999999989 -0.3799999999999999 676.8044499447906 -950.1751402375321
7.599999999999989 -0.3699999999999999 510.90114122559356 -737.1190561119931
7.599999999999989 -0.3599999999999999 385.3410394069703 -571.9462392623947
7.599999999999989 -0.34999999999999987 290.3805416165164 -443.8712011791364
7.599999999999989 -0.33999999999999986 218.61543642942735 -344.5430353961161
7.599999999999989 -0.32999999999999985 164.42212483032355 -267.494741416136
7.599999999999989 -0.31999999999999984 123.53169997101521 -207.717347554525
7.599999999999989 -0.30999999999999983 92.70542518312855 -161.33049781326793
7.599999999999989 -0.2999999999999998 69.48757210094607 -125.32761225604864
7.599999999999989 -0.2899999999999998 52.017257839745916 -97.37870668441207
7.599999999999989 -0.2799999999999998 38.88526109811886 -75.67780062286948
7.599999999999989 -0.2699999999999998 29.02511530863244 -58.82481112437419
7.599999999999989 -0.2599999999999998 21.630312707776746 -45.73412309343723
7.599999999999989 -0.24999999999999978 16.091390351505375 -35.563798568213606
7.599999999999989 -0.23999999999999977 11.948148497445276 -27.660756468861415
7.599999999999989 -0.22999999999999976 8.853381201894601 -21.518312377834267
7.599999999999989 -0.21999999999999975 6.545360932117469 -16.743285738865975
7.599999999999989 -0.20999999999999974 4.826976584087189 -13.030514087955215
7.599999999999989 -0.19999999999999973 3.549925790463209 -10.143102751745774
7.599999999999989 -0.18999999999999972 2.6027447128245167 -7.897116454672296
7.599999999999989 -0.17999999999999972 1.901749846310898 -6.149711632070211
7.599999999999989 -0.1699999999999997 1.3841882831348675 -4.789934396321324
7.599999999999989 -0.1599999999999997 1.0030618518152008 -3.7315840676797225
7.599999999999989 -0.1499999999999997 0.7232191486760925 -2.907677568034452
7.599999999999989 -0.13999999999999968 0.5184073076651293 -2.2661547548981407
7.599999999999989 -0.12999999999999967 0.3690497414304043 -1.7665458778668508
7.599999999999989 -0.11999999999999968 0.2605726201348499 -1.3773851306654428
7.599999999999989 -0.10999999999999968 0.1821457974515172 -1.074202892807582
7.599999999999989 -0.09999999999999969 0.1257364948947388 -0.8379669107434518
7.599999999999989 -0.08999999999999969 0.0853987920063674 -0.6538718376484618
7.599999999999989 -0.0799999999999997 0.0567407268174409 -0.5103991511972031
7.599999999999989 -0.0699999999999997 0.0365250240969331 -0.3985869832999378
7.599999999999989 -0.0599999999999997 0.022370230612753 -0.311462972956881
7.599999999999989 -0.0499999999999997 0.0125271777558578 -0.2436037818904518
7.599999999999989 -0.039999999999999696 0.0057118437413825 -0.1907930806567849
7.599999999999989 -0.029999999999999694 0.0009803296175648 -0.149756153715922
7.599999999999989 -0.01999999999999969 -0.0023648409412806 -0.1179541987916714
7.599999999999989 -0.009999999999999691 -0.0048452632619568 -0.0934252295364448
7.599999999999989 3.0878077872387166e-16 -0.0068602380443416 -0.0746614803171505
7.599999999999989 0.010000000000000309 -0.0087281503285977 -0.0605155520747939
7.599999999999989 0.02000000000000031 -0.0107193227562904 -0.0501293805980996
7.599999999999989 0.03000000000000031 -0.0130832613371116 -0.0428815727788689
7.599999999999989 0.04000000000000031 -0.0160726881384722 -0.0383498375972514
7.599999999999989 0.050000000000000315 -0.0199664269933207 -0.0362862136140342
7.599999999999989 0.06000000000000032 -0.0250930464764479 -0.0366036273544678
7.599999999999989 0.07000000000000031 -0.0318571528914327 -0.0393730619369373
7.599999999999989 0.08000000000000031 -0.0407703601365632 -0.0448313221004403
7.599999999999989 0.0900000000000003 -0.0524892492521481 -0.0534000978905549
7.599999999999989 0.1000000000000003 -0.0678630854661665 -0.0657178033573044
7.599999999999989 0.11000000000000029 -0.087994714044134 -0.0826865519153454
7.599999999999989 0.12000000000000029 -0.1143189515993031 -0.1055376879289528
7.599999999999989 0.13000000000000028 -0.1487039869541453 -0.1359205984728096
7.599999999999989 0.1400000000000003 -0.1935828862144168 -0.1760211715437644
7.599999999999989 0.1500000000000003 -0.252124367709623 -0.2287183626955408
7.599999999999989 0.1600000000000003 -0.3284547145535265 -0.2977900286304175
7.599999999999989 0.17000000000000032 -0.4279462092806814 -0.3881826735792477
7.599999999999989 0.18000000000000033 -0.5575920448664576 -0.5063642778615555
7.599999999999989 0.19000000000000034 -0.7264935989446744 -0.6607852562052077
7.599999999999989 0.20000000000000034 -0.9464936542465424 -0.862480239673276
7.599999999999989 0.21000000000000035 -1.2329991273977532 -1.125853326801907
7.599999999999989 0.22000000000000036 -1.6060498019305678 -1.4697024056654333
7.599999999999989 0.23000000000000037 -2.0917063182351763 -1.918555018064522
7.599999999999989 0.24000000000000038 -2.7238523756810142 -2.5044102023576764
7.599999999999989 0.2500000000000004 -3.546534200347832 -3.2690093507180213
7.599999999999989 0.2600000000000004 -4.616996698178802 -4.266796350411877
7.599999999999989 0.2700000000000004 -6.009622764568894 -5.5687757488644465
7.599999999999989 0.2800000000000004 -7.821043075554425 -7.26754077212697
7.599999999999989 0.2900000000000004 -10.17676236358665 -9.483825134672497
7.599999999999989 0.30000000000000043 -13.239749865349761 -12.375039423452915
7.599999999999989 0.31000000000000044 -17.221572997869576 -16.14639185293415
7.599999999999989 0.32000000000000045 -22.396822971580846 -21.06537402840252
7.599999999999989 0.33000000000000046 -29.121800053749862 -27.480627570175503
7.599999999999989 0.34000000000000047 -37.858708792892 -35.84651334165319
7.599999999999989 0.3500000000000005 -49.20697801468155 -46.75510275909431
7.599999999999989 0.3600000000000005 -63.94379033396635 -60.97782772902087
7.599999999999989 0.3700000000000005 -83.07651152115083 -79.5196978465581
7.599999999999989 0.3800000000000005 -107.91049011482758 -103.68986691326393
7.599999999999989 0.3900000000000005 -140.1367019657456 -135.19346570103343
7.599999999999989 0.4000000000000005 -181.94500675897257 -176.25109217791533
7.599999999999989 0.41000000000000053 -236.1704457804112 -229.7542652638253
7.599999999999989 0.42000000000000054 -306.48214701041906 -299.4676347530862
7.599999999999989 0.43000000000000055 -397.6271490835751 -390.291968361243
7.599999999999989 0.44000000000000056 -515.7449811707917 -508.6061272956802
7.599999999999989 0.45000000000000057 -668.7733605018053 -662.7116798754951
7.599999999999989 0.4600000000000006 -866.9711728293394 -863.4108584228172
7.599999999999989 0.4700000000000006 -1123.5923406926695 -1124.757716968522
7.599999999999989 0.4800000000000006 -1455.7537151428937 -1465.0342164247113
7.599999999999989 0.4900000000000006 -1885.5523287687433 -1908.018352474466
7.599999999999989 0.5000000000000006 -2441.502959956216 -2484.631388082003
7.699999999999989 -0.5 -6585.479942768907 24468.36114398094
7.699999999999989 -0.49 -4875.731793093339 18765.190598662222
7.699999999999989 -0.48 -3599.4739361183983 14390.766978597296
7.699999999999989 -0.47 -2648.7564624485767 11035.665274832476
7.699999999999989 -0.45999999999999996 -1942.1341025660768 8462.477257159215
7.699999999999989 -0.44999999999999996 -1418.232862446781 6489.059755874108
7.699999999999989 -0.43999999999999995 -1030.8633755242763 4975.677144032624
7.699999999999989 -0.42999999999999994 -745.3121083687465 3815.133330867696
7.699999999999989 -0.41999999999999993 -535.5289101014951 2925.198613291975
7.699999999999989 -0.4099999999999999 -381.99618860387 2242.79803873863
7.699999999999989 -0.3999999999999999 -270.11604263225854 1719.5518067923217
7.699999999999989 -0.3899999999999999 -188.99066942122863 1318.3533597696269
7.699999999999989 -0.3799999999999999 -130.50113285914017 1010.7438521618316
7.699999999999989 -0.3699999999999999 -88.61228728846777 774.8977689180062
7.699999999999989 -0.3599999999999999 -58.84896837515794 594.0775182514343
7.699999999999989 -0.34999999999999987 -37.90175804843449 455.44787876781317
7.699999999999989 -0.33999999999999986 -23.33067926960331 349.1665550673451
7.699999999999989 -0.32999999999999985 -13.342823572623217 267.6865736268809
7.699999999999989 -0.31999999999999984 -6.625729734238888 205.22120119449448
7.699999999999989 -0.30999999999999983 -2.222751033484201 157.33354266538274
7.699999999999989 -0.2999999999999998 0.5599960115760609 120.62178198995879
7.699999999999989 -0.2899999999999998 2.2229628688735517 92.47778808834514
7.699999999999989 -0.2799999999999998 3.124711962526412 70.90199405508453
7.699999999999989 -0.2699999999999998 3.5201418001037723 54.36143759409849
7.699999999999989 -0.2599999999999998 3.588759017330098 41.68090419964756
7.699999999999989 -0.24999999999999978 3.4555264334962175 31.959457455618235
7.699999999999989 -0.23999999999999977 3.2061852942263265 24.506438287115646
7.699999999999989 -0.22999999999999976 2.8984740929384003 18.792393947585087
7.699999999999989 -0.21999999999999975 2.570308010242174 14.411455350237908
7.699999999999989 -0.20999999999999974 2.245713462064071 11.052492791145577
7.699999999999989 -0.19999999999999973 1.9391097830383783 8.47700251873285
7.699999999999989 -0.18999999999999972 1.6583782281655841 6.502153992146625
7.699999999999989 -0.17999999999999972 1.4070447831595096 4.987793809282579
7.699999999999989 -0.1699999999999997 1.1858182984748198 3.826483086153468
7.699999999999989 -0.1599999999999997 0.9936620727762548 2.935860411750405
7.699999999999989 -0.1499999999999997 0.828529824798145 2.252787638683379
7.699999999999989 -0.13999999999999968 0.6878619478518659 1.7288623991599608
7.699999999999989 -0.12999999999999967 0.5689119805323145 1.3269783334338314
7.699999999999989 -0.11999999999999968 0.4689540498686009 1.0186884681980286
7.699999999999989 -0.10999999999999968 0.3854079213033554 0.7821842657286857
7.699999999999989 -0.09999999999999969 0.3159079273598128 0.6007466311778815
7.699999999999989 -0.08999999999999969 0.2583344732783786 0.4615587212803026
7.699999999999989 -0.0799999999999997 0.2108213078811331 0.3547961253029967
7.699999999999989 -0.0699999999999997 0.17174776042208 0.2729297152712242
7.699999999999989 -0.0599999999999997 0.1397222764540273 0.2101915886573715
7.699999999999989 -0.0499999999999997 0.1135615387845508 0.1621661275755806
7.699999999999989 -0.039999999999999696 0.0922680119990443 0.1254770985799632
7.699999999999989 -0.029999999999999694 0.0750077374187477 0.0975485491113244
7.699999999999989 -0.01999999999999969 0.0610895096577378 0.0764225062595147
7.699999999999989 -0.009999999999999691 0.0499460983221209 0.0606205241420634
7.699999999999989 3.0878077872387166e-16 0.0411178750875027 0.0490392452722619
7.699999999999989 0.010000000000000309 0.0342390215190524 0.0408725606910688
7.699999999999989 0.02000000000000031 0.0290263940634687 0.0355548455226778
7.699999999999989 0.03000000000000031 0.0252710871721739 0.0327212456069254
7.699999999999989 0.04000000000000031 0.0228327486543327 0.0321822036406911
7.699999999999989 0.050000000000000315 0.0216367541477533 0.033910426130069
7.699999999999989 0.06000000000000032 0.0216744357941594 0.0380393774857748
7.699999999999989 0.07000000000000031 0.0230066835509235 0.0448732077387947
7.699999999999989 0.08000000000000031 0.0257713993919954 0.0549088339188844
7.699999999999989 0.0900000000000003 0.0301954917829457 0.0688717599183802
7.699999999999989 0.1000000000000003 0.0366123608074998 0.0877681970304022
7.699999999999989 0.11000000000000029 0.0454861579145771 0.1129572065918454
7.699999999999989 0.12000000000000029 0.0574445281549133 0.1462480093676287
7.699999999999989 0.13000000000000028 0.0733220827656844 0.1900293941547076
7.699999999999989 0.1400000000000003 0.0942175393955741 0.2474404368899242
7.699999999999989 0.1500000000000003 0.1215683490248146 0.3225946721633143
7.699999999999989 0.1600000000000003 0.1572477576804183 0.4208736481031234
7.699999999999989 0.17000000000000032 0.203690697643476 0.54931070999826
7.699999999999989 0.18000000000000033 0.2640567567131225 0.7170922435279445
7.699999999999989 0.19000000000000034 0.342440849635327 0.9362119138745754
7.699999999999989 0.20000000000000034 0.4441452587525056 1.2223242453751157
7.699999999999989 0.21000000000000035 0.5760306066675941 1.5958579556391819
7.699999999999989 0.22000000000000036 0.7469683078141168 2.083467773648165
7.699999999999989 0.23000000000000037 0.9684234171978124 2.7199273145168386
7.699999999999989 0.24000000000000038 1.2552049319973886 3.550596620192754
7.699999999999989 0.2500000000000004 1.6264309843538136 4.634638370998928
7.699999999999989 0.2600000000000004 2.10676959681859 6.049209342469952
7.699999999999989 0.2700000000000004 2.728032518524521 7.894922083481613
7.699999999999989 0.2800000000000004 3.531221080322622 10.30296077817865
7.699999999999989 0.2900000000000004 4.569150206214345 13.444350999904778
7.699999999999989 0.30000000000000043 5.90981120622893 17.542033588712886
7.699999999999989 0.31000000000000044 7.640677638808112 22.886588596566675
7.699999999999989 0.32000000000000045 9.874213718723547 29.85670966080115
7.699999999999989 0.33000000000000046 12.754914378365381 38.945859826093475
7.699999999999989 0.34000000000000047 16.46829377800742 50.79696949320619
7.699999999999989 0.3500000000000005 21.25234925829257 66.24759534404434
7.699999999999989 0.3600000000000005 27.41216590195792 86.38868404900322
7.699999999999989 0.3700000000000005 35.338499700003865 112.64102591464004
7.699999999999989 0.3800000000000005 45.53139290919272 146.85470566963124
7.699999999999989 0.3900000000000005 58.630143329925616 191.43844360430964
7.699999999999989 0.4000000000000005 75.45128164176458 249.52777813884305
7.699999999999989 0.41000000000000053 97.03662150941929 325.2037102456942
7.699999999999989 0.42000000000000054 124.71395222525996 423.77689172354576
7.699999999999989 0.43000000000000055 160.17356205582678 552.1569269220731
7.699999999999989 0.44000000000000056 205.56453367014058 719.3321735314489
7.699999999999989 0.45000000000000057 263.6156648844583 936.9929633658766
7.699999999999989 0.4600000000000006 337.7869640942363 1220.3409238045547
7.699999999999989 0.4700000000000006 432.4589764844734 1589.1397171692297
7.699999999999989 0.4800000000000006 553.1687393094389 2069.0788712189114
7.699999999999989 0.4900000000000006 706.9029624815239 2693.543536324645
7.699999999999989 0.5000000000000006 902.4610947357355 3505.910376171373
7.799999999999988 -0.5 -4223.807356125202 -23031.95181269633
7.799999999999988 -0.49 -3344.049114336598 -17522.83532519527
7.799999999999988 -0.48 -2649.2078849326426 -13326.144999533342
7.799999999999988 -0.47 -2099.9773132043665 -10130.355991168934
7.799999999999988 -0.45999999999999996 -1665.517305660078 -7697.647141359443
7.799999999999988 -0.44999999999999996 -1321.6030888869009 -5846.515174723387
7.799999999999988 -0.43999999999999995 -1049.185473711007 -4438.478870410897
7.799999999999988 -0.42999999999999994 -833.2694547557858 -3367.913448203796
7.799999999999988 -0.41999999999999993 -662.039590618338 -2554.2801102534418
7.799999999999988 -0.4099999999999999 -526.1769588892084 -1936.1878843419456
7.799999999999988 -0.3999999999999999 -418.32503547742317 -1466.856864651374
7.799999999999988 -0.3899999999999999 -332.67150201730965 -1110.6530320745937
7.799999999999988 -0.3799999999999999 -264.6204185404363 -840.4422624077229
7.799999999999988 -0.3699999999999999 -210.5349296973268 -635.5704232769151
7.799999999999988 -0.3599999999999999 -167.53509752415619 -480.32185724352564
7.799999999999988 -0.34999999999999987 -133.3388745799191 -362.7432986957073
7.799999999999988 -0.33999999999999986 -106.13687973494126 -273.746867016541
7.799999999999988 -0.32999999999999985 -84.49369222194724 -206.42612762183336
7.799999999999988 -0.31999999999999984 -67.26997377153594 -155.5347791254533
7.799999999999988 -0.30999999999999983 -53.56096812663358 -117.08943036867618
7.799999999999988 -0.2999999999999998 -42.647892263694246 -88.06703430481049
7.799999999999988 -0.2899999999999998 -33.95948603776645 -66.17450465316932
7.799999999999988 -0.2799999999999998 -27.041574374475402 -49.6733596266492
7.799999999999988 -0.2699999999999998 -21.53295534373845 -37.24630061817058
7.799999999999988 -0.2599999999999998 -17.146286914170695 -27.89573774640366
7.799999999999988 -0.24999999999999978 -13.652926928265167 -20.866644570164574
7.799999999999988 -0.23999999999999977 -10.870901933149689 -15.587933963062637
7.799999999999988 -0.22999999999999976 -8.655354212663955 -11.627928348771714
7.799999999999988 -0.21999999999999975 -6.8909530033245545 -8.660551369685457
7.799999999999988 -0.20999999999999974 -5.485863471053765 -6.439671935395948
7.799999999999988 -0.19999999999999973 -4.366951838162958 -4.779644584048237
7.799999999999988 -0.18999999999999972 -3.475971972191907 -3.540557369064711
7.799999999999988 -0.17999999999999972 -2.766531602446104 -2.6170545719196303
7.799999999999988 -0.1699999999999997 -2.2016781116164097 -1.9298728049628875
7.799999999999988 -0.1599999999999997 -1.7519769054831285 -1.419435639897721
7.799999999999988 -0.1499999999999997 -1.3939815363378494 -1.041009148165993
7.799999999999988 -0.13999999999999968 -1.1090154938592032 -0.7610403998001476
7.799999999999988 -0.12999999999999967 -0.8822020200145719 -0.5543919877602435
7.799999999999988 -0.11999999999999968 -0.7016913501453514 -0.4022548523791615
7.799999999999988 -0.10999999999999968 -0.5580451383754752 -0.2905742809398256
7.799999999999988 -0.09999999999999969 -0.443746050756594 -0.2088639189038374
7.799999999999988 -0.08999999999999969 -0.3528070455091077 -0.1493129758302369
7.799999999999988 -0.0799999999999997 -0.2804600554616982 -0.1061148442420635
7.799999999999988 -0.0699999999999997 -0.2229079196031748 -0.0749628280360936
7.799999999999988 -0.0599999999999997 -0.1771266973068522 -0.0526719341806551
7.799999999999988 -0.0499999999999997 -0.1407081136796209 -0.0368957341434552
7.799999999999988 -0.039999999999999696 -0.111733965066203 -0.0259149234951228
7.799999999999988 -0.029999999999999694 -0.0886759690305749 -0.0184799883449783
7.799999999999988 -0.01999999999999969 -0.0703158595905536 -0.0136947739936957
7.799999999999988 -0.009999999999999691 -0.0556815746402238 -0.0109310859981559
7.799999999999988 3.0878077872387166e-16 -0.0439962126319721 -0.0097669973936289
7.799999999999988 0.010000000000000309 -0.0346370925879521 -0.0099434876370621
7.799999999999988 0.02000000000000031 -0.0271027691119456 -0.0113355525074284
7.799999999999988 0.03000000000000031 -0.0209862586345322 -0.0139351190729593
7.799999999999988 0.04000000000000031 -0.0159530449566066 -0.0178440701385053
7.799999999999988 0.050000000000000315 -0.011722666546775 -0.0232765046240424
7.799999999999988 0.06000000000000032 -0.0080528559790823 -0.030570098296145
7.799999999999988 0.07000000000000031 -0.0047253105316606 -0.0402071401397433
7.799999999999988 0.08000000000000031 -0.0015322258889728 -0.0528465574292002
7.799999999999988 0.0900000000000003 0.0017372778727665 -0.0693690623084205
7.799999999999988 0.1000000000000003 0.0053117710468467 -0.0909385145932723
7.799999999999988 0.11000000000000029 0.0094542325305969 -0.1190837691896916
7.799999999999988 0.12000000000000029 0.0144821445929136 -0.1558067460278997
7.799999999999988 0.13000000000000028 0.02079254767421 -0.2037243301715196
7.799999999999988 0.1400000000000003 0.0288940767915255 -0.2662541119091997
7.799999999999988 0.1500000000000003 0.0394486047891786 -0.3478570802652339
7.799999999999988 0.1600000000000003 0.0533259385839168 -0.4543544062906291
7.799999999999988 0.17000000000000032 0.0716761224042907 -0.5933406763752342
7.799999999999988 0.18000000000000033 0.0960253904629731 -0.7747227256521807
7.799999999999988 0.19000000000000034 0.1284038059779824 -1.0114220508891043
7.799999999999988 0.20000000000000034 0.1715152917599174 -1.3202902657861646
7.799999999999988 0.21000000000000035 0.2289643238727872 -1.7233019974686312
7.799999999999988 0.22000000000000036 0.305558323430634 -2.249109047487208
7.799999999999988 0.23000000000000037 0.4077111418060894 -2.935064899251013
7.799999999999988 0.24000000000000038 0.5439815241638739 -3.8298614929180106
7.799999999999988 0.2500000000000004 0.725791765874563 -4.996962874764433
7.799999999999988 0.2600000000000004 0.9683868934076632 -6.519075801289667
7.799999999999988 0.2700000000000004 1.2921148687102013 -8.503969452562812
7.799999999999988 0.2800000000000004 1.7241352171395166 -11.092050029502877
7.799999999999988 0.2900000000000004 2.3006993566563523 -14.466217585528398
7.799999999999988 0.30000000000000043 3.070193748351338 -18.864690279640126
7.799999999999988 0.31000000000000044 4.097200775418312 -24.597686093271225
7.799999999999988 0.32000000000000045 5.467917289302051 -32.06911785667717
7.799999999999988 0.33000000000000046 7.297384093480964 -41.80480221101399
7.799999999999988 0.34000000000000047 9.739130658227594 -54.48913021559729
7.799999999999988 0.3500000000000005 12.99804056954278 -71.01272686268446
7.799999999999988 0.3600000000000005 17.347511234351202 -92.53437777907705
7.799999999999988 0.3700000000000005 23.152338298678018 -120.56147426332416
7.799999999999988 0.3800000000000005 30.89923047411314 -157.05448760059338
7.799999999999988 0.3900000000000005 41.23749307118048 -204.56261431809008
7.799999999999988 0.4000000000000005 55.03326040203618 -266.399844067407
7.799999999999988 0.41000000000000053 73.44177726638978 -346.87343090360105
7.799999999999988 0.42000000000000054 98.00371948829829 -451.58027698143064
7.799999999999988 0.43000000000000055 130.7735243880814 -587.7912971041313
7.799999999999988 0.44000000000000056 174.49033529384002 -764.94972176812
7.799999999999988 0.45000000000000057 232.80566342451388 -995.3168995124802
7.799999999999988 0.4600000000000006 310.5865190019007 -1294.8089704016866
7.799999999999988 0.4700000000000006 414.3189366517888 -1684.0804358087341
7.799999999999988 0.4800000000000006 552.6450152080863 -2189.926959876192
7.799999999999988 0.4900000000000006 737.0774671435911 -2847.100749960871
7.799999999999988 0.5000000000000006 982.9500989385214 -3700.658916325535
7.899999999999988 -0.5 12213.423120056133 18548.15814328425
7.899999999999988 -0.49 9312.046513559122 14038.330820754263
7.899999999999988 -0.48 7100.024635497126 10616.555692869739
7.899999999999988 -0.47 5413.586263981255 8022.054968925905
7.899999999999988 -0.45999999999999996 4127.855311196325 6056.196944332613
7.899999999999988 -0.44999999999999996 3147.61785014033 4567.759632940662
7.899999999999988 -0.43999999999999995 2400.2795155986187 3441.6733769894236
7.899999999999988 -0.42999999999999994 1830.4940243674428 2590.4243424026663
7.899999999999988 -0.41999999999999993 1396.066556809515 1947.4925024719728
7.899999999999988 -0.4099999999999999 1064.8296293306616 1462.3446348216703
7.899999999999988 -0.3999999999999999 812.260748503691 1096.6154318364484
7.899999999999988 -0.3899999999999999 619.6658291862971 821.196058365074
7.899999999999988 -0.3799999999999999 472.79409616968314 614.0155272009345
7.899999999999988 -0.3699999999999999 360.78203731184885 458.35081787804324
7.899999999999988 -0.3599999999999999 275.34827664688055 341.5403553958038
7.899999999999988 -0.34999999999999987 210.17977600392794 254.00506742551306
7.899999999999988 -0.33999999999999986 160.46391751707938 188.5038791977808
7.899999999999988 -0.32999999999999985 122.53180869996147 139.56781585282803
7.899999999999988 -0.31999999999999984 93.58638142336838 103.07011278960198
7.899999999999988 -0.30999999999999983 71.49513296663915 75.89984342369186
7.899999999999988 -0.2999999999999998 54.632144338121094 55.714294521095766
7.899999999999988 -0.2899999999999998 41.75766162051099 40.751213846016924
7.899999999999988 -0.2799999999999998 31.926309808917093 29.68655340449139
7.899999999999988 -0.2699999999999998 24.41713116382708 21.52676330430867
7.899999999999988 -0.2599999999999998 18.680258428113518 15.527308058591645
7.899999999999988 -0.24999999999999978 14.296267062219641 11.13107167607688
7.899999999999988 -0.23999999999999977 10.945191246036543 7.921837392770181
7.899999999999988 -0.22999999999999976 8.38290541943794 5.589184979157594
7.899999999999988 -0.21999999999999975 6.4231197006490035 3.9020292141697985
7.899999999999988 -0.20999999999999974 4.923654134112258 2.688693039735124
7.899999999999988 -0.19999999999999973 3.7759742631426665 1.8219182507297675
7.899999999999988 -0.18999999999999972 2.8972125461979186 1.207603606318208
7.899999999999988 -0.17999999999999972 2.224084593639745 0.7763541675996517
7.899999999999988 -0.1699999999999997 1.7082497825108813 0.4771487356354287
7.899999999999988 -0.1599999999999997 1.3127729449547365 0.2726014521870776
7.899999999999988 -0.1499999999999997 1.0094254756378245 0.1354218597764474
7.899999999999988 -0.13999999999999968 0.7766264279893393 0.0457748421025258
7.899999999999988 -0.12999999999999967 0.5978715894850675 -0.0106846278724508
7.899999999999988 -0.11999999999999968 0.4605346645197033 -0.044271417236398
7.899999999999988 -0.10999999999999968 0.3549522340371454 -0.0623523229607651
7.899999999999988 -0.09999999999999969 0.2737251494510855 -0.070146096443383
7.899999999999988 -0.08999999999999969 0.2111850134086946 -0.0713132604383216
7.899999999999988 -0.0799999999999997 0.1629865893380202 -0.0683895541139347
7.899999999999988 -0.0699999999999997 0.12579627054698 -0.0631032749565392
7.899999999999988 -0.0599999999999997 0.0970538173299252 -0.0566065827799248
7.899999999999988 -0.0499999999999997 0.0747899622732041 -0.0496431643325848
7.899999999999988 -0.039999999999999696 0.0574865896327051 -0.0426689007361818
7.899999999999988 -0.029999999999999694 0.0439693186337951 -0.0359378602252902
7.899999999999988 -0.01999999999999969 0.0333246942651256 -0.0295626965623256
7.899999999999988 -0.009999999999999691 0.0248359883376084 -0.0235560973592696
7.899999999999988 3.0878077872387166e-16 0.0179329713328247 -0.0178580902867504
7.899999999999988 0.010000000000000309 0.0121520322108037 -0.0123526221016997
7.899999999999988 0.02000000000000031 0.0071037738964446 -0.0068757557334111
7.899999999999988 0.03000000000000031 0.0024457519132364 -0.0012169917797427
7.899999999999988 0.04000000000000031 -0.0021416077650639 0.0048854600512385
7.899999999999988 0.050000000000000315 -0.0069776511537899 0.0117552154916541
7.899999999999988 0.06000000000000032 -0.0124043419975686 0.0197943437798657
7.899999999999988 0.07000000000000031 -0.0188109784900218 0.0295069025654197
7.899999999999988 0.08000000000000031 -0.0266625967599004 0.0415307551925996
7.899999999999988 0.0900000000000003 -0.0365341599489687 0.0566796880691181
7.899999999999988 0.1000000000000003 -0.0491530712678917 0.0759986160597278
7.899999999999988 0.11000000000000029 -0.0654531788392602 0.1008356183457058
7.899999999999988 0.12000000000000029 -0.0866443070374692 0.1329357542548745
7.899999999999988 0.13000000000000028 -0.114302518912137 0.1745631533718614
7.899999999999988 0.1400000000000003 -0.1504878754712166 0.2286598647426354
7.899999999999988 0.1500000000000003 -0.1978985279619088 0.2990525243430434
7.899999999999988 0.1600000000000003 -0.2600727151145194 0.3907212359423712
7.899999999999988 0.17000000000000032 -0.3416538451537734 0.5101493874650672
7.899999999999988 0.18000000000000033 -0.4487385946596146 0.6657787394716166
7.899999999999988 0.19000000000000034 -0.5893342119651075 0.8686014080065704
7.899999999999988 0.20000000000000034 -0.7739594442300153 1.1329298170785265
7.899999999999988 0.21000000000000035 -1.0164343364675876 1.477397958475101
7.899999999999988 0.22000000000000036 -1.3349183958378505 1.926263198905117
7.899999999999988 0.23000000000000037 -1.753275351855027 2.5110984902852813
7.899999999999988 0.24000000000000038 -2.302867388763221 3.2729915560073906
7.899999999999988 0.2500000000000004 -3.024914142709859 4.265402236757329
7.899999999999988 0.2600000000000004 -3.973594393235156 5.557873998259724
7.899999999999988 0.2700000000000004 -5.2201244579431005 7.240853616650851
7.899999999999988 0.2800000000000004 -6.85812105830958 9.43194811635683
7.899999999999988 0.2900000000000004 -9.010653435759885 12.28404510418276
7.899999999999988 0.30000000000000043 -11.839517087851817 15.995848114995438
7.899999999999988 0.31000000000000044 -15.557429299130176 20.82554068732585
7.899999999999988 0.32000000000000045 -20.444067327256423 27.10850220456995
7.899999999999988 0.33000000000000046 -26.86716032453201 35.28026866971957
7.899999999999988 0.34000000000000047 -35.310227717373294 45.90627999266208
7.899999999999988 0.3500000000000005 -46.409058601009086 59.72040446554688
7.899999999999988 0.3600000000000005 -60.99968654040166 77.67480960222278
7.899999999999988 0.3700000000000005 -80.18148167822504 101.0044931991905
7.899999999999988 0.3800000000000005 -105.40012249772133 131.31074638175562
7.899999999999988 0.3900000000000005 -138.5567086943729 170.66905164270943
7.899999999999988 0.4000000000000005 -182.15124695033379 221.76850018195344
7.899999999999988 0.41000000000000053 -239.47133078747765 288.0918420108993
7.899999999999988 0.42000000000000054 -314.84023812658484 374.147883781976
7.899999999999988 0.43000000000000055 -413.94314033865146 485.7712813873425
7.899999999999988 0.44000000000000056 -544.2559885351798 630.5090378839527
7.899999999999988 0.45000000000000057 -715.6093548293302 818.1184667173143
7.899999999999988 0.4600000000000006 -940.9296329569567 1061.2083374055164
7.899999999999988 0.4700000000000006 -1237.2132972462905 1376.0637921054802
7.899999999999988 0.4800000000000006 -1626.807368612563 1783.70691863617
7.899999999999988 0.4900000000000006 -2139.0921341197536 2311.2592318300067
7.899999999999988 0.5000000000000006 -2812.692205972706 2993.690556938034
7.999999999999988 -0.5 -17993.82542850179 -12894.641781008315
7.999999999999988 -0.49 -13588.989415997734 -9795.79723231867
7.999999999999988 -0.48 -10255.674237879019 -7435.380572681519
7.999999999999988 -0.47 -7734.637087942308 -5638.704660308309
7.999999999999988 -0.45999999999999996 -5829.058423015548 -4272.146544671197
7.999999999999988 -0.44999999999999996 -4389.573963247776 -3233.548360335779
7.999999999999988 -0.43999999999999995 -3302.88238741792 -2444.8508265612736
7.999999999999988 -0.42999999999999994 -2483.077378405862 -1846.4424559743804
7.999999999999988 -0.41999999999999993 -1865.054762535554 -1392.82674422528
7.999999999999988 -0.4099999999999999 -1399.4997350262652 -1049.301415219209
7.999999999999988 -0.3999999999999999 -1049.0768693305602 -789.414494398457
7.999999999999988 -0.3899999999999999 -785.5354058140554 -593.0164090870751
7.999999999999988 -0.3799999999999999 -587.5108046579936 -444.7692007605226
7.999999999999988 -0.3699999999999999 -438.8557716770988 -333.00615753104285
7.999999999999988 -0.3599999999999999 -327.37377612295745 -248.85995633460425
7.999999999999988 -0.34999999999999987 -243.85841873867665 -185.5964551500266
7.999999999999988 -0.33999999999999986 -181.3651229699737 -138.10591571798506
7.999999999999988 -0.32999999999999985 -134.65922748693595 -102.5146835533597
7.999999999999988 -0.31999999999999984 -99.79796309753496 -75.88898791831184
7.999999999999988 -0.30999999999999983 -73.8140006625074 -56.0091531318094
7.999999999999988 -0.2999999999999998 -54.47602077209012 -41.19759853613428
7.999999999999988 -0.2899999999999998 -40.107661926875394 -30.18790504836224
7.999999999999988 -0.2799999999999998 -29.45069490905684 -22.025216440453477
7.999999999999988 -0.2699999999999998 -21.56168474467654 -15.990534773226416
7.999999999999988 -0.2599999999999998 -15.733995553367023 -11.543224315216094
7.999999999999988 -0.24999999999999978 -11.438963783460338 -8.27738172371285
7.999999999999988 -0.23999999999999977 -8.281561192913557 -5.888758218729144
7.999999999999988 -0.22999999999999976 -5.967004186412989 -4.1497056256270355
7.999999999999988 -0.21999999999999975 -4.275627313538362 -2.8902190627660858
7.999999999999988 -0.20999999999999974 -3.043991734044827 -1.9836081026113028
7.999999999999988 -0.19999999999999973 -2.1506943597641026 -1.3356787229141887
7.999999999999988 -0.18999999999999972 -1.5057182809037073 -0.8765758036147702
7.999999999999988 -0.17999999999999972 -1.0424489295601838 -0.5546398672241182
7.999999999999988 -0.1699999999999997 -0.7116952245415176 -0.3317871803985515
7.999999999999988 -0.1599999999999997 -0.4772173861682036 -0.1800406963265262
7.999999999999988 -0.1499999999999997 -0.3123858929461969 -0.0789293935724484
7.999999999999988 -0.13999999999999968 -0.1976887993640797 -0.0135420658369654
7.999999999999988 -0.12999999999999967 -0.1188746475337234 0.026926333164595
7.999999999999988 -0.11999999999999968 -0.0655710209307356 0.0502581672560591
7.999999999999988 -0.10999999999999968 -0.0302586014620854 0.062018817197437
7.999999999999988 -0.09999999999999969 -0.0075105792189341 0.0661542807716259
7.999999999999988 -0.08999999999999969 0.0065701668165241 0.0654331486127924
7.999999999999988 -0.0799999999999997 0.0147667290860243 0.0617724170394209
7.999999999999988 -0.0699999999999997 0.0190545379653433 0.0564767648544584
7.999999999999988 -0.0599999999999997 0.0208267359766821 0.050413497021513
7.999999999999988 -0.0499999999999997 0.0210596956176955 0.044139759171788
7.999999999999988 -0.039999999999999696 0.0204344570874195 0.037994408146399
7.999999999999988 -0.029999999999999694 0.0194258624689769 0.0321637471300065
7.999999999999988 -0.01999999999999969 0.0183681876786781 0.0267279425211846
7.999999999999988 -0.009999999999999691 0.0175038710800561 0.0216931383096974
7.999999999999988 3.0878077872387166e-16 0.0170203200329379 0.0170129239438944
7.999999999999988 0.010000000000000309 0.0170786041445841 0.0126017803344054
7.999999999999988 0.02000000000000031 0.0178370139632368 0.0083423391722964
7.999999999999988 0.03000000000000031 0.0194719022618642 0.0040876763808025
7.999999999999988 0.04000000000000031 0.0221978803167977 -0.0003406308918589
7.999999999999988 0.050000000000000315 0.0262892802138563 -0.0051583644341313
7.999999999999988 0.06000000000000032 0.0321047979537897 -0.0106284861554255
7.999999999999988 0.07000000000000031 0.0401173962377367 -0.0170753101775084
7.999999999999988 0.08000000000000031 0.050951878455182 -0.02490377202908
7.999999999999988 0.0900000000000003 0.0654330680291592 -0.0346249349148672
7.999999999999988 0.1000000000000003 0.0846482760637632 -0.0468893331248479
7.999999999999988 0.11000000000000029 0.1100287686089941 -0.0625303116179112
7.999999999999988 0.12000000000000029 0.1434563273284359 -0.0826202171242164
7.999999999999988 0.13000000000000028 0.1874028349766919 -0.1085431766699324
7.999999999999988 0.1400000000000003 0.2451132448576314 -0.1420893226158744
7.999999999999988 0.1500000000000003 0.3208454902109476 -0.1855767626534215
7.999999999999988 0.1600000000000003 0.4201850912023165 -0.2420094419934236
7.999999999999988 0.17000000000000032 0.5504577343057109 -0.3152814219529005
7.999999999999988 0.18000000000000033 0.7212703392295489 -0.4104411556886254
7.999999999999988 0.19000000000000034 0.9452206275855712 -0.5340332710463922
7.999999999999988 0.20000000000000034 1.238827667816693 -0.6945404186021837
7.999999999999988 0.21000000000000035 1.623752214122903 -0.9029542235968248
7.999999999999988 0.22000000000000036 2.1283970920466473 -1.1735126926557315
7.999999999999988 0.23000000000000037 2.790005995186985 -1.524652076873532
7.999999999999988 0.24000000000000038 3.6574159248221134 -1.9802348249704624
7.999999999999988 0.2500000000000004 4.794666852403811 -2.5711326875901728
7.999999999999988 0.2600000000000004 6.285735587040663 -3.3372662843850787
7.999999999999988 0.2700000000000004 8.240743970215412 -4.330230814595129
7.999999999999988 0.2800000000000004 10.80410053806878 -5.616673707419587
7.999999999999988 0.2900000000000004 14.165177734891309 -7.282635910597048
7.999999999999988 0.30000000000000043 18.57231417647647 -9.439126752421025
7.999999999999988 0.31000000000000044 24.35117716834977 -12.229276054848699
7.999999999999988 0.32000000000000045 31.928842787915784 -15.837500352957404
7.999999999999988 0.33000000000000046 41.865373061481606 -20.501237535227922
7.999999999999988 0.34000000000000047 54.895223174378216 -26.525951904509164
7.999999999999988 0.3500000000000005 71.98153693230282 -34.304296815445966
7.999999999999988 0.3600000000000005 94.38733911586031 -44.34055343343918
7.999999999999988 0.3700000000000005 123.76887867596633 -57.281752284716134
7.999999999999988 0.3800000000000005 162.29800817623143 -73.95724157700313
7.999999999999988 0.3900000000000005 212.82262192654136 -95.42890732025128
7.999999999999988 0.4000000000000005 279.0769740982983 -123.0547917844724
7.999999999999988 0.41000000000000053 365.95736307768095 -158.56951755200845
7.999999999999988 0.42000000000000054 479.8834665232524 -204.18572471391985
7.999999999999988 0.43000000000000055 629.2718921669208 -262.7216896625828
7.999999999999988 0.44000000000000056 825.1567284868277 -337.7614354801665
7.999999999999988 0.45000000000000057 1082.0026327429878 -433.85498230092475
7.999999999999988 0.4600000000000006 1418.7700593072639 -556.7679289996021
7.999999999999988 0.4700000000000006 1860.310623782915 -713.7912973971045
7.999999999999988 0.4800000000000006 2439.1946421517696 -914.1244728085949
7.999999999999988 0.4900000000000006 3198.1043054035913 -1169.3460637545106
7.999999999999988 0.5000000000000006 4192.96699843844 -1493.989436420345
8.099999999999987 -0.5 22741.09574280148 6106.04663404022
8.099999999999987 -0.49 17181.416408374753 4788.726876048131
8.099999999999987 -0.48 12970.599891172129 3752.1864269256075
8.099999999999987 -0.47 9783.505428212342 2937.4056879159252
8.099999999999987 -0.45999999999999996 7372.93163933345 2297.5669431559927
8.099999999999987 -0.44999999999999996 5551.023915650472 1795.5830701141094
8.099999999999987 -0.43999999999999995 4175.098300428272 1402.1135490410925
8.099999999999987 -0.42999999999999994 3136.836713962761 1093.975171927128
8.099999999999987 -0.41999999999999993 2354.0548733838605 852.8714993275198
8.099999999999987 -0.4099999999999999 1764.4327965240839 664.3790365654659
8.099999999999987 -0.3999999999999999 1320.7419475637244 517.139664782243
8.099999999999987 -0.3899999999999999 987.2132932635097 402.218410189465
8.099999999999987 -0.3799999999999999 736.7747674350663 312.5934777933862
8.099999999999987 -0.3699999999999999 548.9509948453657 242.75188948490998
8.099999999999987 -0.3599999999999999 408.26727953910233 188.369290430614
8.099999999999987 -0.34999999999999987 303.0373952784727 146.05672778256007
8.099999999999987 -0.33999999999999986 224.44336594624156 113.16063638704088
8.099999999999987 -0.32999999999999985 165.83728645023936 87.60503392695011
8.099999999999987 -0.31999999999999984 122.21191229707574 67.76715514564881
8.099999999999987 -0.30999999999999983 89.79946389861783 52.37954277818426
8.099999999999987 -0.2999999999999998 65.7677864853339 40.45304506114479
8.099999999999987 -0.2899999999999998 47.990394081666004 31.216314692479212
8.099999999999987 -0.2799999999999998 34.87255325596513 24.06831776851655
8.099999999999987 -0.2699999999999998 25.21984702284096 18.541089031324532
8.099999999999987 -0.2599999999999998 18.13892031443779 14.270548576893404
8.099999999999987 -0.24999999999999978 12.962589315953007 10.97365481581663
8.099999999999987 -0.23999999999999977 9.193383472249163 8.430532957860684
8.099999999999987 -0.22999999999999976 6.461022834595338 6.470506928417862
8.099999999999987 -0.21999999999999975 4.4904227037077735 4.961190908768927
8.099999999999987 -0.20999999999999974 3.0776446161314226 3.799977026879723
8.099999999999987 -0.19999999999999973 2.0718403900009434 2.9073980191110103
8.099999999999987 -0.18999999999999972 1.3617120081055067 2.22195583797194
8.099999999999987 -0.17999999999999972 0.8653709769503557 1.6960954879532313
8.099999999999987 -0.1699999999999997 0.5227541678506622 1.293072831777355
8.099999999999987 -0.1599999999999997 0.2899600984370278 0.984519692747484
8.099999999999987 -0.1499999999999997 0.1350261786800264 0.7485524313150265
8.099999999999987 -0.13999999999999968 0.0347858062700948 0.5683037867770029
8.099999999999987 -0.12999999999999967 -0.027466393575621 0.4307841171080096
8.099999999999987 -0.11999999999999968 -0.063705402843258 0.3259987966061866
8.099999999999987 -0.10999999999999968 -0.0824560451442834 0.2462646690785535
8.099999999999987 -0.09999999999999969 -0.0897375993815844 0.1856810702252558
8.099999999999987 -0.08999999999999969 -0.0897589098162321 0.1397207877648718
8.099999999999987 -0.0799999999999997 -0.0854284086764592 0.1049140199537536
8.099999999999987 -0.0699999999999997 -0.0787271705541788 0.07860439270276
8.099999999999987 -0.0599999999999997 -0.0709808958601022 0.0587607714639079
8.099999999999987 -0.0499999999999997 -0.0630575692038786 0.0438322459148195
8.099999999999987 -0.039999999999999696 -0.0555106995522896 0.0326364999696818
8.099999999999987 -0.029999999999999694 -0.0486829508453452 0.0242739843885879
8.099999999999987 -0.01999999999999969 -0.0427811842944551 0.0180620231724055
8.099999999999987 -0.009999999999999691 -0.0379311339503616 0.0134843166219064
8.099999999999987 3.0878077872387166e-16 -0.0342178838194171 0.0101523382680342
8.099999999999987 0.010000000000000309 -0.0317168282638263 0.0077759260703394
8.099999999999987 0.02000000000000031 -0.0305187454449324 0.0061409919922244
8.099999999999987 0.03000000000000031 -0.0307519004803824 0.0050927585339997
8.099999999999987 0.04000000000000031 -0.0326036536895108 0.0045233073352615
8.099999999999987 0.050000000000000315 -0.0363438356277005 0.0043625178115508
8.099999999999987 0.06000000000000032 -0.042352139476849 0.0045717016804665
8.099999999999987 0.07000000000000031 -0.0511519644547905 0.0051394164336754
8.099999999999987 0.08000000000000031 -0.0634535287005809 0.0060790779815176
8.099999999999987 0.0900000000000003 -0.0802096800726124 0.0074280974352574
8.099999999999987 0.1000000000000003 -0.1026887094470235 0.0092483441673126
8.099999999999987 0.11000000000000029 -0.1325696747157156 0.0116277891331562
8.099999999999987 0.12000000000000029 -0.1720673606886756 0.014683208387948
8.099999999999987 0.13000000000000028 -0.224096147253599 0.0185638229886824
8.099999999999987 0.1400000000000003 -0.2924848914594996 0.0234557102009903
8.099999999999987 0.1500000000000003 -0.3822586553154748 0.0295867289883761
8.099999999999987 0.1600000000000003 -0.5000080023731286 0.0372315398169974
8.099999999999987 0.17000000000000032 -0.6543730005147196 0.0467160346126882
8.099999999999987 0.18000000000000033 -0.8566774754577446 0.0584200832100959
8.099999999999987 0.19000000000000034 -1.1217600750208367 0.0727768845216772
8.099999999999987 0.20000000000000034 -1.46906313491596 0.0902662936864564
8.099999999999987 0.21000000000000035 -1.9240592394305276 0.1113981527804754
8.099999999999987 0.22000000000000036 -2.5201201285856736 0.1366797019582982
8.099999999999987 0.23000000000000037 -3.3009650289451358 0.1665583367308965
8.099999999999987 0.24000000000000038 -4.323867949944478 0.2013269504049428
8.099999999999987 0.2500000000000004 -5.6638590958373545 0.2409733623208874
8.099999999999987 0.2600000000000004 -7.419228358050586 0.2849471906022338
8.099999999999987 0.2700000000000004 -9.718734190443868 0.3318060200517014
8.099999999999987 0.2800000000000004 -12.731045986736543 0.3786865046996901
8.099999999999987 0.2900000000000004 -16.67711147475118 0.4205232767711111
8.099999999999987 0.30000000000000043 -21.846354517686876 0.4489066436791944
8.099999999999987 0.31000000000000044 -28.617888631833804 0.4504254955309666
8.099999999999987 0.32000000000000045 -37.48829784090468 0.4042797217867928
8.099999999999987 0.33000000000000046 -49.10801578652175 0.2788599981128428
8.099999999999987 0.34000000000000047 -64.32896106005151 0.0268727594555784
8.099999999999987 0.3500000000000005 -84.26690692240994 -0.4215782595400554
8.099999999999987 0.3600000000000005 -110.38313624529899 -1.168772923001086
8.099999999999987 0.3700000000000005 -144.5913350810882 -2.3631554837009645
8.099999999999987 0.3800000000000005 -189.39751183084812 -4.218692276917039
8.099999999999987 0.3900000000000005 -248.08312542653925 -7.041989290934637
8.099999999999987 0.4000000000000005 -324.94473730350103 -11.27018693207296
8.099999999999987 0.41000000000000053 -425.6075925094726 -17.523796805407756
8.099999999999987 0.42000000000000054 -557.4358773722572 -26.68022183202322
8.099999999999987 0.43000000000000055 -730.0693754737886 -39.97586468960219
8.099999999999987 0.44000000000000056 -956.125345950376 -59.14769618266047
8.099999999999987 0.45000000000000057 -1252.1163233350812 -86.62921891478618
8.099999999999987 0.4600000000000006 -1639.650025034547 -125.82132330991033
8.099999999999987 0.4700000000000006 -2146.997741079485 -181.4661381740001
8.099999999999987 0.4800000000000006 -2811.1438865465498 -260.16236872027025
8.099999999999987 0.4900000000000006 -3680.463656922986 -371.0748000857752
8.099999999999987 0.5000000000000006 -4818.220322470082 -526.9099941395548
8.199999999999987 -0.5 -26338.67984224634 3213.179109099241
8.199999999999987 -0.49 -20058.60401694208 2156.02798449721
8.199999999999987 -0.48 -15268.035902619147 1413.2935386243662
8.199999999999987 -0.47 -11615.323620126766 896.7036129618537
8.199999999999987 -0.45999999999999996 -8831.496482539387 541.8584668630574
8.199999999999987 -0.44999999999999996 -6710.8957050685585 301.94199689765264
8.199999999999987 -0.43999999999999995 -5096.327741465585 143.05770193395983
8.199999999999987 -0.42999999999999994 -3867.687391933002 40.775883621177854
8.199999999999987 -0.41999999999999993 -2933.2422588544523 -22.417434854816747
8.199999999999987 -0.4099999999999999 -2222.9579539502392 -59.00129589117204
8.199999999999987 -0.3999999999999999 -1683.3877608671512 -77.80313297660405
8.199999999999987 -0.3899999999999999 -1273.7612936195371 -85.01354831659137
8.199999999999987 -0.3799999999999999 -962.9918051580885 -84.92856868758463
8.199999999999987 -0.3699999999999999 -727.387146405615 -80.49080469667433
8.199999999999987 -0.3599999999999999 -548.8995337608391 -73.68255726196276
8.199999999999987 -0.34999999999999987 -413.7877733583322 -65.81019761363746
8.199999999999987 -0.33999999999999986 -311.59512006039654 -57.70892347209645
8.199999999999987 -0.32999999999999985 -234.36859857820343 -49.88938503886186
8.199999999999987 -0.31999999999999984 -176.06298186568904 -42.642019993203064
8.199999999999987 -0.30999999999999983 -132.08593610820748 -36.11074156393636
8.199999999999987 -0.2999999999999998 -98.95104555328095 -30.344516882579512
8.199999999999987 -0.2899999999999998 -74.01324846898675 -25.33307634426768
8.199999999999987 -0.2799999999999998 -55.26720381480958 -21.031300837624315
8.199999999999987 -0.2699999999999998 -41.19369363403222 -17.375587214552723
8.199999999999987 -0.2599999999999998 -30.642676301570905 -14.294577459117676
8.199999999999987 -0.24999999999999978 -22.74429189883891 -11.715967379660853
8.199999999999987 -0.23999999999999977 -16.841175892262925 -9.570622093716658
8.199999999999987 -0.22999999999999976 -12.437008772773108 -7.794870398976755
8.199999999999987 -0.21999999999999975 -9.157430676779802 -6.3315929527966475
8.199999999999987 -0.20999999999999974 -6.720368094351164 -5.130533826634405
8.199999999999987 -0.19999999999999973 -4.913521110803147 -4.148132110801203
8.199999999999987 -0.18999999999999972 -3.577295185658244 -3.347075551667235
8.199999999999987 -0.17999999999999972 -2.5918702710866635 -2.695711215212441
8.199999999999987 -0.1699999999999997 -1.8674119822331792 -2.1674011885951074
8.199999999999987 -0.1599999999999997 -1.3366674137833923 -1.739878724910648
8.199999999999987 -0.1499999999999997 -0.9493695383753482 -1.3946378995878073
8.199999999999987 -0.13999999999999968 -0.6680122963965553 -1.1163747974665297
8.199999999999987 -0.12999999999999967 -0.4646637171558292 -0.8924883298456869
8.199999999999987 -0.11999999999999968 -0.31856451121031 -0.7126424369704529
8.199999999999987 -0.10999999999999968 -0.214320511199747 -0.5683875507851366
8.199999999999987 -0.09999999999999969 -0.1405436713327688 -0.4528369835830557
8.199999999999987 -0.08999999999999969 -0.08883154233348 -0.3603928109419827
8.199999999999987 -0.0799999999999997 -0.0530018732598059 -0.2865154405023005
8.199999999999987 -0.0699999999999997 -0.0285192780331627 -0.2275311304068891
8.199999999999987 -0.0599999999999997 -0.0120662853861558 -0.1804720571649948
8.199999999999987 -0.0499999999999997 -0.0012227412393923 -0.1429440076882885
8.199999999999987 -0.039999999999999696 0.0057736533430453 -0.1130173023029134
8.199999999999987 -0.029999999999999694 0.010206227356045 -0.0891370922699115
8.199999999999987 -0.01999999999999969 0.0130131882526864 -0.0700496846065413
8.199999999999987 -0.009999999999999691 0.0148882026105624 -0.0547420101721296
8.199999999999987 3.0878077872387166e-16 0.0163566587080346 -0.0423917582405844
8.199999999999987 0.010000000000000309 0.0178344697490921 -0.0323260476919122
8.199999999999987 0.02000000000000031 0.0196747473430704 -0.0239867900713261
8.199999999999987 0.03000000000000031 0.0222065843173886 -0.0169011228678903
8.199999999999987 0.04000000000000031 0.0257694449866955 -0.0106554521584749
8.199999999999987 0.050000000000000315 0.0307462078614468 -0.004871740816286
8.199999999999987 0.06000000000000032 0.0375977011430496 0.0008152916966365
8.199999999999987 0.07000000000000031 0.0469015952303249 0.0067814358290736
8.199999999999987 0.08000000000000031 0.0593987665061487 0.013438230728876
8.199999999999987 0.0900000000000003 0.0760507378296327 0.0212619094533766
8.199999999999987 0.1000000000000003 0.0981125666055666 0.0308281355701862
8.199999999999987 0.11000000000000029 0.1272266447456052 0.0428551213176308
8.199999999999987 0.12000000000000029 0.1655443743174524 0.058258420503826
8.199999999999987 0.13000000000000028 0.2158846961795982 0.0782216490681524
8.199999999999987 0.1400000000000003 0.2819411221203789 0.1042886820700861
8.199999999999987 0.1500000000000003 0.3685524479236908 0.1384846142147017
8.199999999999987 0.1600000000000003 0.4820569616337516 0.1834750941558787
8.199999999999987 0.17000000000000032 0.6307560452205627 0.2427767406695981
8.199999999999987 0.18000000000000033 0.8255210412759271 0.321035474678837
8.199999999999987 0.19000000000000034 1.0805876990369108 0.4243950927146941
8.199999999999987 0.20000000000000034 1.4145961849329618 0.5609857147531874
8.199999999999987 0.21000000000000035 1.8519525351027 0.7415714622514316
8.199999999999987 0.22000000000000036 2.4246108398482797 0.9804096600232052
8.199999999999987 0.23000000000000037 3.1744060812049444 1.2963910739518367
8.199999999999987 0.24000000000000038 4.156107614851101 1.7145536162110693
8.199999999999987 0.2500000000000004 5.441415698042762 2.268092465329447
8.199999999999987 0.2600000000000004 7.12419200727678 3.001030187329374
8.199999999999987 0.2700000000000004 9.327304715366381 3.9717645780857738
8.199999999999987 0.2800000000000004 12.211585875233904 5.25778407551437
8.199999999999987 0.2900000000000004 15.987552031285354 6.961936719270742
8.199999999999987 0.30000000000000043 20.930739170661553 9.220766783713577
8.199999999999987 0.31000000000000044 27.40176471799777 12.215604085009902
8.199999999999987 0.32000000000000045 35.87257102821183 16.18731886744993
8.199999999999987 0.33000000000000046 46.96075120422251 21.455959214634174
8.199999999999987 0.34000000000000047 61.474440944098724 28.446893639518382
8.199999999999987 0.3500000000000005 80.471021045265 37.725623005527375
8.199999999999987 0.3600000000000005 105.33386825930751 50.04414883139769
8.199999999999987 0.3700000000000005 137.87268781092018 66.4027503156654
8.199999999999987 0.3800000000000005 180.45465067084032 88.1323116261445
8.199999999999987 0.3900000000000005 236.1757616945866 117.00406318627023
8.199999999999987 0.4000000000000005 309.08475574519684 155.3759017189817
8.199999999999987 0.41000000000000053 404.47555881313826 206.38752880373687
8.199999999999987 0.42000000000000054 529.2692205894218 274.220757715629
8.199999999999987 0.43000000000000055 692.512561834639 364.4468326334372
8.199999999999987 0.44000000000000056 906.0290218448071 484.4899503087331
8.199999999999987 0.45000000000000057 1185.2679045845523 644.2459974215744
8.199999999999987 0.4600000000000006 1550.4121384986638 856.9086541129773
8.199999999999987 0.4700000000000006 2027.8227294225587 1140.0725857104558
8.199999999999987 0.4800000000000006 2651.9215165316746 1517.2069495274654
8.199999999999987 0.4900000000000006 3467.6442062108176 2019.6238879593382
8.199999999999987 0.5000000000000006 4533.634974086271 2689.1087475836093
8.299999999999986 -0.5 26452.43677241633 -16080.347163214676
8.299999999999986 -0.49 20402.327653643362 -11944.242795774986
8.299999999999986 -0.48 15732.281705037001 -8854.609794676795
8.299999999999986 -0.47 12128.300143725013 -6550.081190359181
8.299999999999986 -0.45999999999999996 9347.651961944335 -4833.893576601722
8.299999999999986 -0.44999999999999996 7202.736772954373 -3558.0546772532857
8.299999999999986 -0.43999999999999995 5548.593111429138 -2611.3633059024137
8.299999999999986 -0.42999999999999994 4273.230549906875 -1910.3500227667541
8.299999999999986 -0.41999999999999993 3290.1487574622806 -1392.430947981963
8.299999999999986 -0.4099999999999999 2532.549937814695 -1010.7376607336888
8.299999999999986 -0.3999999999999999 1948.8622204422065 -730.2157055343971
8.299999999999986 -0.3899999999999999 1499.2777469263629 -524.6827025219117
8.299999999999986 -0.3799999999999999 1153.075991944062 -374.61185726687575
8.299999999999986 -0.3699999999999999 886.5546289992963 -265.46345463790817
8.299999999999986 -0.3599999999999999 681.4303677564681 -186.4300169753826
8.299999999999986 -0.34999999999999987 523.6032701322252 -129.49349506195244
8.299999999999986 -0.33999999999999986 402.2021269609843 -88.71764194716889
8.299999999999986 -0.32999999999999985 308.84712163846154 -59.71749703043628
8.299999999999986 -0.31999999999999984 237.08044361688795 -39.262127751076065
8.299999999999986 -0.30999999999999983 181.92669062312405 -24.97753857773705
8.299999999999986 -0.2999999999999998 139.5535486868082 -15.124797456199529
8.299999999999986 -0.2899999999999998 107.00993303789704 -8.434583208300069
8.299999999999986 -0.2799999999999998 82.02395205358204 -3.984005481077361
8.299999999999986 -0.2699999999999998 62.847062729515685 -1.1050574146372725
8.299999999999986 -0.2599999999999998 48.13388460230951 0.6832924107809575
8.299999999999986 -0.24999999999999978 36.849534901395685 1.7253677043527347
8.299999999999986 -0.23999999999999977 28.198199913047084 2.2659089389252145
8.299999999999986 -0.22999999999999976 21.56808916583401 2.4774217044034472
8.299999999999986 -0.21999999999999975 16.489025373432987 2.4802667926168454
8.299999999999986 -0.20999999999999974 12.599777835878296 2.357372178533666
8.299999999999986 -0.19999999999999973 9.62290726999468 2.1649687744252315
8.299999999999986 -0.18999999999999972 7.345399962065846 1.940393517524866
8.299999999999986 -0.17999999999999972 5.603762862849964 1.707735250518791
8.299999999999986 -0.1699999999999997 4.272555188545336 1.481898522948283
8.299999999999986 -0.1599999999999997 3.255566673958479 1.271510966289803
8.299999999999986 -0.1499999999999997 2.479033634374452 1.0809885402934416
8.299999999999986 -0.13999999999999968 1.8864236333987805 0.9119901318877704
8.299999999999986 -0.12999999999999967 1.4344272556487998 0.7644315099811223
8.299999999999986 -0.11999999999999968 1.0898785313007595 0.6371830934308154
8.299999999999986 -0.10999999999999968 0.8273895820688735 0.5285423207014801
8.299999999999986 -0.09999999999999969 0.6275344013798798 0.4365465809463122
8.299999999999986 -0.08999999999999969 0.4754547011650363 0.3591744049508438
8.299999999999986 -0.0799999999999997 0.3597900441431556 0.29446922252543
8.299999999999986 -0.0699999999999997 0.2718570328323887 0.2406102035910679
8.299999999999986 -0.0599999999999997 0.2050196871394344 0.1959475693504108
8.299999999999986 -0.0499999999999997 0.1542065007570587 0.1590145853205858
8.299999999999986 -0.039999999999999696 0.115539939884201 0.1285247079451532
8.299999999999986 -0.029999999999999694 0.0860520426442232 0.1033596640325386
8.299999999999986 -0.01999999999999969 0.0634658381842848 0.0825523106517222
8.299999999999986 -0.009999999999999691 0.0460269493716312 0.0652667399545231
8.299999999999986 3.0878077872387166e-16 0.0323732936932841 0.0507771012449814
8.299999999999986 0.010000000000000309 0.0214334996112314 0.0384458943234637
8.299999999999986 0.02000000000000031 0.0123466979589355 0.0277019558450561
8.299999999999986 0.03000000000000031 0.0043978720860763 0.0180179471818216
8.299999999999986 0.04000000000000031 -0.0030359374579994 0.0088868055409201
8.299999999999986 0.050000000000000315 -0.0105325003603596 -0.0002037033250073
8.299999999999986 0.06000000000000032 -0.0186677655991927 -0.009799530595898
8.299999999999986 0.07000000000000031 -0.0280589104019176 -0.0205135771227314
8.299999999999986 0.08000000000000031 -0.0394102250351475 -0.0330656812419251
8.299999999999986 0.0900000000000003 -0.0535651950254065 -0.0483320411674921
8.299999999999986 0.1000000000000003 -0.0715685915569026 -0.0674075485139192
8.299999999999986 0.11000000000000029 -0.0947431063289068 -0.0916855576352111
8.299999999999986 0.12000000000000029 -0.1247861218727136 -0.1229609990370021
8.299999999999986 0.13000000000000028 -0.1638936687345654 -0.163564573899978
8.299999999999986 0.1400000000000003 -0.2149205927791162 -0.2165381846706978
8.299999999999986 0.1500000000000003 -0.2815885817699935 -0.2858649532177478
8.299999999999986 0.1600000000000003 -0.3687571700629273 -0.3767714032613587
8.299999999999986 0.17000000000000032 -0.4827774041373969 -0.4961249680298214
8.299999999999986 0.18000000000000033 -0.6319538388707879 -0.6529573642091384
8.299999999999986 0.19000000000000034 -0.827148376153741 -0.8591541271146025
8.299999999999986 0.20000000000000034 -1.082569717780419 -1.1303634944012486
8.299999999999986 0.21000000000000035 -1.4168056206871802 -1.4871948689453252
8.299999999999986 0.22000000000000036 -1.85417267708406 -1.95679962637374
8.299999999999986 0.23000000000000037 -2.426481250876468 -2.574956834781364
8.299999999999986 0.24000000000000038 -3.175343123279005 -3.3888258760380316
8.299999999999986 0.2500000000000004 -4.155188470490849 -4.4605801175491475
8.299999999999986 0.2600000000000004 -5.437209798050885 -5.87220481341758
8.299999999999986 0.2700000000000004 -7.114517015333865 -7.731833794981277
8.299999999999986 0.2800000000000004 -9.3088746696296 -10.182120511603099
8.299999999999986 0.2900000000000004 -12.1795056143349 -13.411299247188257
8.299999999999986 0.30000000000000043 -15.934593048151648 -17.667804664720236
8.299999999999986 0.31000000000000044 -20.84630531476496 -23.279599209643926
8.299999999999986 0.32000000000000045 -27.27041858237377 -30.679730892948307
8.299999999999986 0.33000000000000046 -35.67193903666396 -40.44013854043819
8.299999999999986 0.34000000000000047 -46.658551226836536 -53.316377545975435
8.299999999999986 0.3500000000000005 -61.024272130095255 -70.30680940904494
8.299999999999986 0.3600000000000005 -79.80640944848318 -92.73095319941592
8.299999999999986 0.3700000000000005 -104.35985690628532 -122.33323008658746
8.299999999999986 0.3800000000000005 -136.45397255230822 -161.420367574294
8.299999999999986 0.3900000000000005 -178.39886045586258 -213.04343355278695
8.299999999999986 0.4000000000000005 -233.20991760410138 -281.23906190351045
8.299999999999986 0.41000000000000053 -304.8221525056358 -371.34920422733813
8.299999999999986 0.42000000000000054 -398.3692049937124 -490.44508647882077
8.299999999999986 0.43000000000000055 -520.5464223917951 -647.8894844290339
8.299999999999986 0.44000000000000056 -680.0830626614409 -856.0826499479213
8.299999999999986 0.45000000000000057 -888.3560668635618 -1131.4521429527547
8.299999999999986 0.4600000000000006 -1160.1873377855595 -1495.766679847535
8.299999999999986 0.4700000000000006 -1514.8786710828042 -1977.8805353101893
8.299999999999986 0.4800000000000006 -1977.5541587984758 -2616.050212229495
8.299999999999986 0.4900000000000006 -2580.8999664149956 -3461.0119329517784
8.299999999999986 0.5000000000000006 -3367.417057328417 -4580.0708815301905
8.399999999999986 -0.5 -19385.482616617017 31018.434980890397
8.399999999999986 -0.49 -15263.221180917832 23524.828772109093
8.399999999999986 -0.48 -12012.330005969707 17830.575153119284
8.399999999999986 -0.47 -9449.890530944936 13505.873199576003
8.399999999999986 -0.45999999999999996 -7431.069659630433 10223.119751828599
8.399999999999986 -0.44999999999999996 -5841.267494792963 7732.705812377651
8.399999999999986 -0.43999999999999995 -4589.864642638449 5844.5248613098665
8.399999999999986 -0.42999999999999994 -3605.248133326839 4413.849357956229
8.399999999999986 -0.41999999999999993 -2830.8581522453005 3330.546914839512
8.399999999999986 -0.4099999999999999 -2222.0488255782648 2510.849092255782
8.399999999999986 -0.3999999999999999 -1743.5974850683424 1891.0706860265382
8.399999999999986 -0.3899999999999999 -1367.7299946592188 1422.818973541009
8.399999999999986 -0.3799999999999999 -1072.5563724411727 1069.3407727564895
8.399999999999986 -0.3699999999999999 -840.832327305638 802.7381216348178
8.399999999999986 -0.3599999999999999 -658.9794653569518 601.8468555152368
8.399999999999986 -0.34999999999999987 -516.310632120586 450.6209107639595
8.399999999999986 -0.33999999999999986 -404.4178131880117 336.9023119317841
8.399999999999986 -0.32999999999999985 -316.6887609686049 251.48518606909357
8.399999999999986 -0.31999999999999984 -247.9254872025066 187.40384432346644
8.399999999999986 -0.30999999999999983 -194.04331346411556 139.3915493634503
8.399999999999986 -0.2999999999999998 -151.83358963682224 103.46925111640657
8.399999999999986 -0.2899999999999998 -118.77670193240614 76.63324408803288
8.399999999999986 -0.2799999999999998 -92.89478087095779 56.61808225733658
8.399999999999986 -0.2699999999999998 -72.63573265122457 41.716721700165664
8.399999999999986 -0.2599999999999998 -56.78197204110957 30.644159368270312
8.399999999999986 -0.24999999999999978 -44.378625181597414 22.434114422383526
8.399999999999986 -0.23999999999999977 -34.67707144162438 16.36079746910633
8.399999999999986 -0.22999999999999976 -27.090564387768396 11.879717389730754
8.399999999999986 -0.21999999999999975 -21.15936058600861 8.582926088284434
8.399999999999986 -0.20999999999999974 -16.523329146583247 6.165206059827271
8.399999999999986 -0.19999999999999973 -12.900444711561644 4.398546386523066
8.399999999999986 -0.18999999999999972 -10.069905829593665 3.112892354972232
8.399999999999986 -0.17999999999999972 -7.858888296734699 2.1816402410113396
8.399999999999986 -0.1699999999999997 -6.132154073926015 1.510718458591612
8.399999999999986 -0.1599999999999997 -4.783902710857021 1.0303770777872363
8.399999999999986 -0.1499999999999997 -3.7313832241759526 0.6890209218852154
8.399999999999986 -0.13999999999999968 -2.909887541458552 0.4485832398121312
8.399999999999986 -0.12999999999999967 -2.268827817562239 0.2810596467520578
8.399999999999986 -0.11999999999999968 -1.7686638081833097 0.1659150203047949
8.399999999999986 -0.10999999999999968 -1.378496719557476 0.0881464770191388
8.399999999999986 -0.09999999999999969 -1.0741854419555752 0.0368388704395053
8.399999999999986 -0.08999999999999969 -0.836872104483052 0.0040895804905911
8.399999999999986 -0.0799999999999997 -0.6518282624206551 -0.0157901530104961
8.399999999999986 -0.0699999999999997 -0.5075521664002596 -0.0268670757413266
8.399999999999986 -0.0599999999999997 -0.3950625839569868 -0.0320232881712279
8.399999999999986 -0.0499999999999997 -0.3073464291130038 -0.0332783760854898
8.399999999999986 -0.039999999999999696 -0.2389266975953116 -0.0320256583181626
8.399999999999986 -0.029999999999999694 -0.1855244489337664 -0.0292044607626169
8.399999999999986 -0.01999999999999969 -0.143794250178726 -0.0254247124587132
8.399999999999986 -0.009999999999999691 -0.1111169354828855 -0.0210559239565879
8.399999999999986 3.0878077872387166e-16 -0.0854370049113006 -0.0162894037054201
8.399999999999986 0.010000000000000309 -0.0651346909664734 -0.0111801308522487
8.399999999999986 0.02000000000000031 -0.0489248236038807 -0.0056728302921327
8.399999999999986 0.03000000000000031 -0.0357762493145101 0.0003846682927642
8.399999999999986 0.04000000000000031 -0.0248468040116859 0.0072388841849446
8.399999999999986 0.050000000000000315 -0.0154297769761736 0.0152380409536767
8.399999999999986 0.06000000000000032 -0.0069084894404756 0.0248493007823522
8.399999999999986 0.07000000000000031 0.0012839133554101 0.0366867144518491
8.399999999999986 0.08000000000000031 0.0097020665701654 0.0515516239260526
8.399999999999986 0.0900000000000003 0.0189258738594818 0.0704882685935732
8.399999999999986 0.1000000000000003 0.0296004075422665 0.0948585548271179
8.399999999999986 0.11000000000000029 0.0424809602452597 0.126441446612207
8.399999999999986 0.12000000000000029 0.058486385735399 0.1675643392776669
8.399999999999986 0.13000000000000028 0.0787644822772165 0.2212762363672755
8.399999999999986 0.1400000000000003 0.1047740497684898 0.2915757512800761
8.399999999999986 0.1500000000000003 0.1383894551656108 0.383711147423236
8.399999999999986 0.1600000000000003 0.1820351548834714 0.5045751365440905
8.399999999999986 0.17000000000000032 0.2388597619705554 0.6632243994276267
8.399999999999986 0.18000000000000033 0.3129620602509644 0.8715633357339867
8.399999999999986 0.19000000000000034 0.4096850542053774 1.1452441282661803
8.399999999999986 0.20000000000000034 0.5359989589888551 1.50485179544152
8.399999999999986 0.21000000000000035 0.701000313785912 1.9774647907911524
8.399999999999986 0.22000000000000036 0.91656257742389 2.5987105902211356
8.399999999999986 0.23000000000000037 1.198184199999499 3.4154738344057036
8.399999999999986 0.24000000000000038 1.5660939858206517 4.489464937859943
8.399999999999986 0.2500000000000004 2.0466915117415083 5.9019235708130235
8.399999999999986 0.2600000000000004 2.674423655011093 7.759819269480803
8.399999999999986 0.2700000000000004 3.4942284810907 10.204027524276938
8.399999999999986 0.2800000000000004 4.5647168589129885 13.42011315674208
8.399999999999986 0.2900000000000004 5.962312797424983 17.652555708461538
8.399999999999986 0.30000000000000043 7.786638953561864 23.22351994013384
8.399999999999986 0.31000000000000044 10.167518298944529 30.55762959743458
8.399999999999986 0.32000000000000045 13.274071980262708 40.21467247834473
8.399999999999986 0.33000000000000046 17.326533883902584 52.932786849529336
8.399999999999986 0.34000000000000047 22.61158310672308 69.68550291311374
8.399999999999986 0.3500000000000005 29.50222756782972 91.75710402059718
8.399999999999986 0.3600000000000005 38.4835694050001 120.84221788844738
8.399999999999986 0.3700000000000005 50.186163205831015 159.17746402016417
8.399999999999986 0.3800000000000005 65.42916354296227 209.71552375364237
8.399999999999986 0.3900000000000005 85.27607604747527 276.35536830745855
8.399999999999986 0.4000000000000005 111.10671005115695 364.2468497045777
8.399999999999986 0.41000000000000053 144.70992180778146 480.193790950885
8.399999999999986 0.42000000000000054 188.40298517095172 633.1875861119405
8.399999999999986 0.43000000000000055 245.1849905763845 835.1137776922612
8.399999999999986 0.44000000000000056 318.9336225030596 1101.6879694606762
8.399999999999986 0.45000000000000057 414.6570792748206 1453.695891279578
8.399999999999986 0.4600000000000006 538.8158641443056 1918.636968482118
8.399999999999986 0.4700000000000006 699.7327838263928 2532.9033734269146
8.399999999999986 0.4800000000000006 908.1138262399807 3344.669931616453
8.399999999999986 0.4900000000000006 1177.70772000334 4417.727992302602
8.399999999999986 0.5000000000000006 1526.137926897675 5836.573217903653
8.499999999999986 -0.5 2545.2030429705046 -43103.262128374416
8.499999999999986 -0.49 2500.4494010966264 -33106.225265066416
8.499999999999986 -0.48 2346.584958112133 -25422.557216301102
8.499999999999986 -0.47 2135.075565644078 -19518.05323394578
8.499999999999986 -0.45999999999999996 1899.726256448992 -14981.627777532552
8.499999999999986 -0.44999999999999996 1662.029283183776 -11496.990438581774
8.499999999999986 -0.43999999999999995 1434.9981230701014 -8820.826850069978
8.499999999999986 -0.42999999999999994 1225.8983819507093 -6765.99302540586
8.499999999999986 -0.41999999999999993 1038.1781717087688 -5188.5730560069
8.499999999999986 -0.4099999999999999 872.8201547176441 -3977.913513267491
8.499999999999986 -0.3999999999999999 729.2779380455422 -3048.9510721837323
8.499999999999986 -0.3899999999999999 606.1155326751204 -2336.3065591235118
8.499999999999986 -0.3799999999999999 501.43618432755284 -1789.7394463549238
8.499999999999986 -0.3699999999999999 413.1630547880991 -1370.6499685774227
8.499999999999986 -0.3599999999999999 339.21676343990293 -1049.387848416036
8.499999999999986 -0.34999999999999987 277.62203172687384 -803.1819705177008
8.499999999999986 -0.33999999999999986 226.56637588852595 -614.548004256196
8.499999999999986 -0.32999999999999985 184.4270497865449 -470.06384902130964
8.499999999999986 -0.31999999999999984 149.77757087606818 -359.42810519608526
8.499999999999986 -0.30999999999999983 121.38166567553712 -274.7362871266788
8.499999999999986 -0.2999999999999998 98.17997518526863 -209.92452494415397
8.499999999999986 -0.2899999999999998 79.27309201325127 -160.34207812889625
8.499999999999986 -0.2799999999999998 63.90325840929751 -122.42289787521756
8.499999999999986 -0.2699999999999998 51.43619062290884 -93.4333386850314
8.499999999999986 -0.2599999999999998 41.343902335024836 -71.27840319912907
8.499999999999986 -0.24999999999999978 33.189000014434484 -54.352971072402376
8.499999999999986 -0.23999999999999977 26.61065911108693 -41.427592438991226
8.499999999999986 -0.22999999999999976 21.31232103851376 -31.560834723919736
8.499999999999986 -0.21999999999999975 17.05104750122115 -24.032024278116353
8.499999999999986 -0.20999999999999974 13.628409914013677 -18.28964943742414
8.499999999999986 -0.19999999999999973 10.882762588215812 -13.911787633471663
8.499999999999986 -0.18999999999999972 8.682738605649892 -10.575761965184771
8.499999999999986 -0.17999999999999972 6.921809631775416 -8.034880573482333
8.499999999999986 -0.1699999999999997 5.513760381749462 -6.100610205372919
8.499999999999986 -0.1599999999999997 4.388941713788356 -4.628918111392103
8.499999999999986 -0.1499999999999997 3.4911811896488203 -3.509810521879178
8.499999999999986 -0.13999999999999968 2.7752450153159085 -2.659321884288893
8.499999999999986 -0.12999999999999967 2.204759707264039 -2.013382579886015
8.499999999999986 -0.11999999999999968 1.7505151442064442 -1.523126099875768
8.499999999999986 -0.10999999999999968 1.3890826319521832 -1.151298974325404
8.499999999999986 -0.09999999999999969 1.1016921607571952 -0.8695152832897655
8.499999999999986 -0.08999999999999969 0.8733222009103541 -0.6561578518027334
8.499999999999986 -0.0799999999999997 0.6919632519385288 -0.4947744770042595
8.499999999999986 -0.0699999999999997 0.5480230528768811 -0.3728530139463888
8.499999999999986 -0.0599999999999997 0.4338470068510736 -0.280886359829909
8.499999999999986 -0.0499999999999997 0.343332104760153 -0.2116592479627679
8.499999999999986 -0.039999999999999696 0.2716165758304546 -0.1597047705748953
8.499999999999986 -0.029999999999999694 0.2148307628097674 -0.1208908294272292
8.499999999999986 -0.01999999999999969 0.169897420235466 -0.0921061378258527
8.499999999999986 -0.009999999999999691 0.1343718568144048 -0.0710226385494456
8.499999999999986 3.0878077872387166e-16 0.1063141667772921 -0.0559167762292608
8.499999999999986 0.010000000000000309 0.0841872882225637 -0.0455363687577473
8.499999999999986 0.02000000000000031 0.0667758470130407 -0.0390031692828502
8.499999999999986 0.03000000000000031 0.0531217419412316 -0.0357438391128948
8.499999999999986 0.04000000000000031 0.0424732422112296 -0.035444152235284
8.499999999999986 0.050000000000000315 0.034245036910543 -0.038022976451624
8.499999999999986 0.06000000000000032 0.027987227824255 -0.0436240500399109
8.499999999999986 0.07000000000000031 0.0233617171284044 -0.0526249044869859
8.499999999999986 0.08000000000000031 0.0201248323082551 -0.0656635715835405
8.499999999999986 0.0900000000000003 0.0181153718128554 -0.0836850529274752
8.499999999999986 0.1000000000000003 0.0172475647567635 -0.1080110221388021
8.499999999999986 0.11000000000000029 0.017508734199125 -0.1404379875046862
8.499999999999986 0.12000000000000029 0.0189617545132419 -0.1833712986907288
8.499999999999986 0.13000000000000028 0.0217527192031527 -0.2400050997954891
8.499999999999986 0.1400000000000003 0.026124609509337 -0.3145618200987734
8.499999999999986 0.1500000000000003 0.0324382045113829 -0.4126093205958165
8.499999999999986 0.1600000000000003 0.0412020356473183 -0.5414797262669502
8.499999999999986 0.17000000000000032 0.0531139082637562 -0.7108217256625162
8.499999999999986 0.18000000000000033 0.0691174496973931 -0.9333283080507648
8.499999999999986 0.19000000000000034 0.0904783764387805 -1.2256953205853336
8.499999999999986 0.20000000000000034 0.118886807340604 -1.6098839009712753
8.499999999999986 0.21000000000000035 0.1565941264093096 -2.1147831443356937
8.499999999999986 0.22000000000000036 0.2065958065436384 -2.7784001055958436
8.499999999999986 0.23000000000000037 0.2728754991857736 -3.6507448119841186
8.499999999999986 0.24000000000000038 0.3607309174704086 -4.797631527152104
8.499999999999986 0.2500000000000004 0.4772090557311404 -6.305688252463668
8.499999999999986 0.2600000000000004 0.631687723150705 -8.288959910392483
8.499999999999986 0.2700000000000004 0.8366530730573221 -10.897614161015536
8.499999999999986 0.2800000000000004 1.1087399330315213 -14.329422066066781
8.499999999999986 0.2900000000000004 1.470124847100907 -18.844901701903453
8.499999999999986 0.30000000000000043 1.9503929532186088 -24.78729838614337
8.499999999999986 0.31000000000000044 2.589042025430155 -32.608953033923044
8.499999999999986 0.32000000000000045 3.4388441449121494 -42.9061102912509
8.499999999999986 0.33000000000000046 4.570362891715373 -56.46488030349927
8.499999999999986 0.34000000000000047 6.078028992643748 -74.32194509874503
8.499999999999986 0.3500000000000005 8.088320028273323 -97.84476276029756
8.499999999999986 0.3600000000000005 10.77078378733458 -128.83756304449884
8.499999999999986 0.3700000000000005 14.352908917577722 -169.6814707607824
8.499999999999986 0.3800000000000005 19.14020638411958 -223.51980280805384
8.499999999999986 0.3900000000000005 25.543356230227857 -294.50318039385877
8.499999999999986 0.4000000000000005 34.114944792987444 -388.11387128802824
8.499999999999986 0.41000000000000053 45.59923467541381 -511.59511626746325
8.499999999999986 0.42000000000000054 60.9996654708577 -674.5196163916771
8.499999999999986 0.43000000000000055 81.67050445544021 -889.5425526264873
8.499999999999986 0.44000000000000056 109.44142854260639 -1173.3993954628527
8.499999999999986 0.45000000000000057 146.78706412985616 -1548.2285651288385
8.499999999999986 0.4600000000000006 197.05797552316415 -2043.325358171134
8.499999999999986 0.4700000000000006 264.7957401721302 -2697.468646848437
8.499999999999986 0.4800000000000006 356.16322463991696 -3562.008599934028
8.499999999999986 0.4900000000000006 479.53287409592093 -4704.96596352119
8.499999999999986 0.5000000000000006 646.2919942264648 -6216.476486925546
8.599999999999985 -0.5 22715.67960541228 45199.815218660755
8.599999999999985 -0.49 16963.94843656024 35095.48448035464
8.599999999999985 -0.48 12649.074836417545 27247.176162990683
8.599999999999985 -0.47 9415.962127079616 21151.81847759267
8.599999999999985 -0.45999999999999996 6996.5003907547825 16418.373592003107
8.599999999999985 -0.44999999999999996 5188.413281817243 12742.921450566637
8.599999999999985 -0.43999999999999995 3839.217053537107 9889.277099610581
8.599999999999985 -0.42999999999999994 2834.062828881643 7673.914426766595
8.599999999999985 -0.41999999999999993 2086.52723724208 5954.240914620468
8.599999999999985 -0.4099999999999999 1531.6405361405602 4619.4796448659545
8.599999999999985 -0.3999999999999999 1120.6118869551779 3583.5796200512846
8.599999999999985 -0.3899999999999999 816.8412628387678 2779.703829719354
8.599999999999985 -0.3799999999999999 592.9062306870464 2155.944432283361
8.599999999999985 -0.3699999999999999 428.2869630145204 1671.9922333097516
8.599999999999985 -0.3599999999999999 307.6499398944912 1296.5482094044996
8.599999999999985 -0.34999999999999987 219.55419560580387 1005.3119686598308
8.599999999999985 -0.33999999999999986 155.47692624966155 779.4187254007079
8.599999999999985 -0.32999999999999985 109.08030016472978 604.2249138450611
8.599999999999985 -0.31999999999999984 75.66030409058625 468.3647755584758
8.599999999999985 -0.30999999999999983 51.73286255183464 363.0175337007778
8.599999999999985 -0.2999999999999998 34.72338784958538 281.3382066581304
8.599999999999985 -0.2899999999999998 22.73419174047274 218.0155662703664
8.599999999999985 -0.2799999999999998 14.370454985967768 168.92887440696234
8.599999999999985 -0.2699999999999998 8.61019220250057 130.88135212763527
8.599999999999985 -0.2599999999999998 4.707235179857285 101.39324970016517
8.599999999999985 -0.24999999999999978 2.1189678477980536 78.54120586987476
8.599999999999985 -0.23999999999999977 0.4525927708018394 60.833554170920664
8.599999999999985 -0.22999999999999976 -0.5747463691026908 47.113541935226834
8.599999999999985 -0.21999999999999975 -1.165497125111811 36.48422117471276
8.599999999999985 -0.20999999999999974 -1.4635187657952464 28.25016416474647
8.599999999999985 -0.19999999999999973 -1.5701636083070767 21.872239377886885
8.599999999999985 -0.18999999999999972 -1.5560951614147802 16.932524643014307
8.599999999999985 -0.17999999999999972 -1.4699458267129435 13.107087871675613
8.599999999999985 -0.1699999999999997 -1.3446368306054612 10.144873255114803
8.599999999999985 -0.1599999999999997 -1.2019731198368993 7.851325029393897
8.599999999999985 -0.1499999999999997 -1.055968782555789 6.075687022201638
8.599999999999985 -0.13999999999999968 -0.9152410496044112 4.7011538896219385
8.599999999999985 -0.12999999999999967 -0.784723204662001 3.637234499065452
8.599999999999985 -0.11999999999999968 -0.6668813420106761 2.8138311850466793
8.599999999999985 -0.10999999999999968 -0.5625712529850411 2.1766498193825945
8.599999999999985 -0.09999999999999969 -0.4716355825433932 1.6836419610444147
8.599999999999985 -0.08999999999999969 -0.3933146100697147 1.3022473485326473
8.599999999999985 -0.0799999999999997 -0.3265241980408164 1.0072569920980678
8.599999999999985 -0.0699999999999997 -0.2700398381776002 0.7791574717614306
8.599999999999985 -0.0599999999999997 -0.2226149744890259 0.6028483573940434
8.599999999999985 -0.0499999999999997 -0.1830539001802381 0.466648964120794
8.599999999999985 -0.039999999999999696 -0.1502537674430692 0.3615295127091872
8.599999999999985 -0.029999999999999694 -0.1232260620512745 0.28051640198822
8.599999999999985 -0.01999999999999969 -0.1011048669955132 0.2182326678097808
8.599999999999985 -0.009999999999999691 -0.0831470661594631 0.1705435384274642
8.599999999999985 3.0878077872387166e-16 -0.0687280950668775 0.1342838735298012
8.599999999999985 0.010000000000000309 -0.0573357655702356 0.1070496410252124
8.599999999999985 0.02000000000000031 -0.0485639543870194 0.0870397918810955
8.599999999999985 0.03000000000000031 -0.042107464766327 0.0729382137421193
8.599999999999985 0.04000000000000031 -0.0377590850740544 0.063828096479387
8.599999999999985 0.050000000000000315 -0.0354097362580257 0.0591332021727086
8.599999999999985 0.06000000000000032 -0.0350525961409013 0.0585823418692074
8.599999999999985 0.07000000000000031 -0.036792199274703 0.0621949435380131
8.599999999999985 0.08000000000000031 -0.0408597348671804 0.0702870580894434
8.599999999999985 0.0900000000000003 -0.0476361107937436 0.083498595100563
8.599999999999985 0.1000000000000003 -0.0576848384649376 0.1028441099264489
8.599999999999985 0.11000000000000029 -0.0717974527876888 0.129791190519914
8.599999999999985 0.12000000000000029 -0.0910550591485292 0.1663725434811346
8.599999999999985 0.13000000000000028 -0.1169107580611962 0.2153404087850631
8.599999999999985 0.1400000000000003 -0.1512992225571266 0.2803751334327434
8.599999999999985 0.1500000000000003 -0.1967817064602128 0.366363850865494
8.599999999999985 0.1600000000000003 -0.2567373929977344 0.4797705620851089
8.599999999999985 0.17000000000000032 -0.3356154504310177 0.6291259092796483
8.599999999999985 0.18000000000000033 -0.4392667053573071 0.8256741155452796
8.599999999999985 0.19000000000000034 -0.5753798189373986 1.0842266488184742
8.599999999999985 0.20000000000000034 -0.7540547099618724 1.4242880961960898
8.599999999999985 0.21000000000000035 -0.9885563092475526 1.87154075082862
8.599999999999985 0.22000000000000036 -1.2963053408842988 2.4598021634275424
8.599999999999985 0.23000000000000037 -1.7001807476542692 3.2336065726472554
8.599999999999985 0.24000000000000038 -2.2302319835402784 4.251609588442868
8.599999999999985 0.2500000000000004 -2.9259304984664247 5.591079583176096
8.599999999999985 0.2600000000000004 -3.839130733827617 7.3538240152999395
8.599999999999985 0.2700000000000004 -5.037964996307008 9.674011092386008
8.599999999999985 0.2800000000000004 -6.6119678656357195 12.72849569442565
8.599999999999985 0.2900000000000004 -8.67881985320986 16.750455166622988
8.599999999999985 0.30000000000000043 -11.393224187015086 22.04740118092059
8.599999999999985 0.31000000000000044 -14.958594552646547 29.024979255342043
8.599999999999985 0.32000000000000045 -19.64244822070955 38.21842549139597
8.599999999999985 0.33000000000000046 -25.796685274971413 50.33415759254345
8.599999999999985 0.34000000000000047 -33.884313225621355 66.30478343047264
8.599999999999985 0.3500000000000005 -44.51467715529139 87.36188079394341
8.599999999999985 0.3600000000000005 -58.489918567345164 115.13232368847122
8.599999999999985 0.3700000000000005 -76.86626429064708 151.7658198757644
8.599999999999985 0.3800000000000005 -101.0349106716211 200.10383623341662
8.599999999999985 0.3900000000000005 -132.82881178072603 263.90342976766146
8.599999999999985 0.4000000000000005 -174.6637286809318 348.13394879950704
8.599999999999985 0.41000000000000053 -229.72461699486786 459.3704897530239
8.599999999999985 0.42000000000000054 -302.21204516700493 606.3158830312791
8.599999999999985 0.43000000000000055 -397.668144208153 800.4934959404097
8.599999999999985 0.44000000000000056 -523.4079905304482 1057.1671637910902
8.599999999999985 0.45000000000000057 -689.0908516128525 1396.5632736660982
8.599999999999985 0.4600000000000006 -907.4770972489142 1845.4950120755168
8.599999999999985 0.4700000000000006 -1195.431760848132 2439.522170699106
8.599999999999985 0.4800000000000006 -1575.2560220320117 3225.824532011993
8.599999999999985 0.4900000000000006 -2076.4550194611547 4267.026553264557
8.599999999999985 0.5000000000000006 -2738.08674622978 5646.290971533938
8.699999999999985 -0.5 -49640.09267142633 -31279.880741337864
8.699999999999985 -0.49 -37958.84713306138 -24687.874122750334
8.699999999999985 -0.48 -29018.603707045495 -19477.46336884171
8.699999999999985 -0.47 -22177.830484900915 -15360.94956827995
8.699999999999985 -0.45999999999999996 -16944.799226787014 -12110.084425478963
8.699999999999985 -0.44999999999999996 -12942.678283999358 -9543.898894433209
8.699999999999985 -0.43999999999999995 -9882.743922406498 -7518.9953166470395
8.699999999999985 -0.42999999999999994 -7543.82526018648 -5921.811584982528
8.699999999999985 -0.41999999999999993 -5756.534899575081 -4662.462088495831
8.699999999999985 -0.4099999999999999 -4391.173091404437 -3669.8380536181185
8.699999999999985 -0.3999999999999999 -3348.451290455976 -2887.7127685637815
8.699999999999985 -0.3899999999999999 -2552.3792127842325 -2271.6478546041926
8.699999999999985 -0.3799999999999999 -1944.8118170415025 -1786.5375276582631
8.699999999999985 -0.3699999999999999 -1481.2696309929572 -1404.660559236947
8.699999999999985 -0.3599999999999999 -1127.7357061432572 -1104.1359349679822
8.699999999999985 -0.34999999999999987 -858.2014923225427 -867.6992741845445
8.699999999999985 -0.33999999999999986 -652.7869115012236 -681.7339328765405
8.699999999999985 -0.32999999999999985 -496.30058965497966 -535.504189295024
8.699999999999985 -0.31999999999999984 -377.1374312745156 -420.5486736064371
8.699999999999985 -0.30999999999999983 -286.4346864181765 -330.20078856740656
8.699999999999985 -0.2999999999999998 -217.42605026741072 -259.2097110103566
8.699999999999985 -0.2899999999999998 -164.94744467175457 -203.44101296517343
8.699999999999985 -0.2799999999999998 -125.05895469378721 -159.64027679192753
8.699999999999985 -0.2699999999999998 -94.75569454214158 -125.24652560992843
8.699999999999985 -0.2599999999999998 -71.74674310651945 -98.2450286946428
8.699999999999985 -0.24999999999999978 -54.286169988601245 -77.0512154996512
8.699999999999985 -0.23999999999999977 -41.04391424294441 -60.41915672792105
8.699999999999985 -0.22999999999999976 -31.007145426726478 -47.369438391498484
8.699999999999985 -0.21999999999999975 -23.404933714609367 -37.13233841083891
8.699999999999985 -0.20999999999999974 -17.65073908373414 -29.10307346735241
8.699999999999985 -0.19999999999999973 -13.298518844946122 -22.806563073054413
8.699999999999985 -0.18999999999999972 -10.009240091152968 -17.869695183000967
8.699999999999985 -0.17999999999999972 -7.525339513362932 -13.999502578821291
8.699999999999985 -0.1699999999999997 -5.651251609339944 -10.965995073290603
8.699999999999985 -0.1599999999999997 -4.238569064159795 -8.58865788283493
8.699999999999985 -0.1499999999999997 -3.1747378173159264 -6.7258360079049595
8.699999999999985 -0.13999999999999968 -2.3744484196434685 -5.266389820239127
8.699999999999985 -0.12999999999999967 -1.7730834008638539 -4.123137527608699
8.699999999999985 -0.11999999999999968 -1.3217318220202092 -3.2277030924862826
8.699999999999985 -0.10999999999999968 -0.9833979350190328 -2.526469316012301
8.699999999999985 -0.09999999999999969 -0.7301193054286113 -1.9773997466679456
8.699999999999985 -0.08999999999999969 -0.5407772991675263 -1.5475434585721262
8.699999999999985 -0.0799999999999997 -0.3994344061049558 -1.2110764316566711
8.699999999999985 -0.0699999999999997 -0.2940722367247358 -0.9477645179937249
8.699999999999985 -0.0599999999999997 -0.2156340603912073 -0.7417575820976957
8.699999999999985 -0.0499999999999997 -0.157298656796689 -0.580643768719608
8.699999999999985 -0.039999999999999696 -0.1139297087296244 -0.4547080927084554
8.699999999999985 -0.029999999999999694 -0.0816582603261916 -0.3563515403730202
8.699999999999985 -0.01999999999999969 -0.0575658824713722 -0.2796363135507748
8.699999999999985 -0.009999999999999691 -0.039443875301663 -0.219930283326687
8.699999999999985 3.0878077872387166e-16 -0.0256096678547957 -0.1736295820657275
8.699999999999985 0.010000000000000309 -0.0147659811111022 -0.137942891765211
8.699999999999985 0.02000000000000031 -0.0058916322490111 -0.1107246544970846
8.699999999999985 0.03000000000000031 0.0018446767964176 -0.090347352451735
8.699999999999985 0.04000000000000031 0.0091544388841178 -0.0756053536046224
8.699999999999985 0.050000000000000315 0.0166888616034351 -0.0656447344361286
8.699999999999985 0.06000000000000032 0.0250925467981642 -0.0599150891988988
8.699999999999985 0.07000000000000031 0.0350555574878674 -0.0581407143067956
8.699999999999985 0.08000000000000031 0.0473679320012666 -0.0603098035480785
8.699999999999985 0.0900000000000003 0.0629808465130262 -0.0666814862623178
8.699999999999985 0.1000000000000003 0.0830790871168906 -0.0778117672368018
8.699999999999985 0.11000000000000029 0.1091703041788362 -0.094600769952825
8.699999999999985 0.12000000000000029 0.1431977444782245 -0.1183652414225737
8.699999999999985 0.13000000000000028 0.1876848808768765 -0.1509421633376764
8.699999999999985 0.1400000000000003 0.2459227128605617 -0.1948316742667594
8.699999999999985 0.1500000000000003 0.3222136693601958 -0.253390523573972
8.699999999999985 0.1600000000000003 0.4221902431922898 -0.3310911850830293
8.699999999999985 0.17000000000000032 0.5532320376931187 -0.4338668646657489
8.699999999999985 0.18000000000000033 0.7250122257105117 -0.5695693448286618
8.699999999999985 0.19000000000000034 0.950214057019525 -0.7485754541136184
8.699999999999985 0.20000000000000034 1.245470724664758 -0.9845896352099744
8.699999999999985 0.21000000000000035 1.6325985647916559 -1.295705548433467
8.699999999999985 0.22000000000000036 2.140215470151986 -1.7058101282880647
8.699999999999985 0.23000000000000037 2.8058651923902937 -2.2464406599685534
8.699999999999985 0.24000000000000038 3.6788060610436473 -2.9592414536759515
8.699999999999985 0.2500000000000004 4.823672412416434 -3.899214486588363
8.699999999999985 0.2600000000000004 6.325282456894717 -5.13902184177924
8.699999999999985 0.2700000000000004 8.29495236686675 -6.774682077932588
8.699999999999985 0.2800000000000004 10.878789555700822 -8.93311471471004
8.699999999999985 0.2900000000000004 14.268587025648996 -11.782136020541587
8.699999999999985 0.30000000000000043 18.716136600631444 -15.543707525215508
8.699999999999985 0.31000000000000044 24.55203673752088 -20.51150254936597
8.699999999999985 0.32000000000000045 32.21041008352329 -27.074207458364707
8.699999999999985 0.33000000000000046 42.261392941390596 -35.74644260113108
8.699999999999985 0.34000000000000047 55.45384751966374 -47.209812168334494
8.699999999999985 0.3500000000000005 72.77152341874566 -62.36742494716896
8.699999999999985 0.3600000000000005 95.50691682660701 -82.41633941024193
8.699999999999985 0.3700000000000005 125.35842307575314 -108.94387090876594
8.699999999999985 0.3800000000000005 164.55815454027407 -144.05568222868104
8.699999999999985 0.3900000000000005 216.04013879722686 -190.54623090571033
8.699999999999985 0.4000000000000005 283.661703345489 -252.12569513705816
8.699999999999985 0.41000000000000053 372.49493352820696 -333.7222508733529
8.699999999999985 0.42000000000000054 489.2104781134816 -441.8849373426739
8.699999999999985 0.43000000000000055 642.5830941143256 -585.3208809737143
8.699999999999985 0.44000000000000056 844.1577280172107 -775.6120950065362
8.699999999999985 0.45000000000000057 1109.1273662283825 -1028.1724406392464
8.699999999999985 0.4600000000000006 1457.490337485852 -1363.5259838146153
8.699999999999985 0.4700000000000006 1915.57652145876 -1809.0157444766505
8.699999999999985 0.4800000000000006 2518.0607484169236 -2401.0891925967007
8.699999999999985 0.4900000000000006 3310.619876336461 -3188.357153328926
8.699999999999985 0.5000000000000006 4353.440682223672 -4235.690586898834
8.799999999999985 -0.5 67334.20163021947 432.9479737538204
8.799999999999985 -0.49 52012.93850391623 1026.0138546497437
8.799999999999985 -0.48 40174.91704693582 1330.6683838427089
8.799999999999985 -0.47 31028.88622989093 1446.6083189452984
8.799999999999985 -0.45999999999999996 23963.190928898228 1443.277234317935
8.799999999999985 -0.44999999999999996 18505.039684004165 1368.4312527536804
8.799999999999985 -0.43999999999999995 14289.003414931898 1254.3817606411903
8.799999999999985 -0.42999999999999994 11032.654704978024 1122.5268784544014
8.799999999999985 -0.41999999999999993 8517.73028825828 986.6257395484563
8.799999999999985 -0.4099999999999999 6575.565440767898 855.1519221743324
8.799999999999985 -0.3999999999999999 5075.83224895804 732.9746593080381
8.799999999999985 -0.3899999999999999 3917.8329221615354 622.5511812312602
8.799999999999985 -0.3799999999999999 3023.7689123549762 524.7650635636564
8.799999999999985 -0.3699999999999999 2333.5378198628314 439.50950767136374
8.799999999999985 -0.3599999999999999 1800.7115766694762 366.087883473308
8.799999999999985 -0.34999999999999987 1389.4279283932974 303.4842289361068
8.799999999999985 -0.33999999999999986 1071.987981609082 250.54193965936918
8.799999999999985 -0.32999999999999985 826.9995693936661 206.07826105848244
8.799999999999985 -0.31999999999999984 637.9425290216552 168.9544187155758
8.799999999999985 -0.30999999999999983 492.06009161066396 138.11554730086277
8.799999999999985 -0.2999999999999998 379.50231895971376 112.61045292530005
8.799999999999985 -0.2899999999999998 292.66433066440345 91.59825780981495
8.799999999999985 -0.2799999999999998 225.6750611108999 74.34682578635991
8.799999999999985 -0.2699999999999998 174.0023347429339 60.22632751220358
8.799999999999985 -0.2599999999999998 134.14781711740426 48.70020941764699
8.799999999999985 -0.24999999999999978 103.41140548940602 39.31505811516658
8.799999999999985 -0.23999999999999977 79.70926570326665 31.690312554518744
8.799999999999985 -0.22999999999999976 61.43331116876062 25.508403934831925
8.799999999999985 -0.21999999999999975 47.34269376198783 20.505650371630693
8.799999999999985 -0.20999999999999974 36.4800205106562 16.464064750248262
8.799999999999985 -0.19999999999999973 28.10666688297997 13.20412489158371
8.799999999999985 -0.18999999999999972 21.652837956945316 10.578486983631995
8.799999999999985 -0.17999999999999972 16.67901818374519 8.466583222047726
8.799999999999985 -0.1699999999999997 12.846214964918152 6.770023537523679
8.799999999999985 -0.1599999999999997 9.892991929555958 5.408712671885429
8.799999999999985 -0.1499999999999997 7.617744121789224 4.317593165562677
8.799999999999985 -0.13999999999999968 5.8650198196356085 3.4439289135670377
8.799999999999985 -0.12999999999999967 4.5149660011557335 2.7450507156779813
8.799999999999985 -0.11999999999999968 3.475184790636452 2.186493280894595
8.799999999999985 -0.10999999999999968 2.674450650665047 1.740461535829157
8.799999999999985 -0.09999999999999969 2.0578635271696095 1.384572266584054
8.799999999999985 -0.08999999999999969 1.5831100198746848 1.1008247648301979
8.799999999999985 -0.0799999999999997 1.217579442822942 0.8747610808338983
8.799999999999985 -0.0699999999999997 0.9361393823854928 0.6947826425754291
8.799999999999985 -0.0599999999999997 0.7194199343636825 0.5515953801270034
8.799999999999985 -0.0499999999999997 0.5524902049264659 0.4377601370901244
8.799999999999985 -0.039999999999999696 0.4238372071251123 0.3473291169953338
8.799999999999985 -0.029999999999999694 0.3245777629164484 0.2755524731977566
8.799999999999985 -0.01999999999999969 0.2478498095029664 0.2186419796605728
8.799999999999985 -0.009999999999999691 0.1883416725423612 0.1735810888096886
8.799999999999985 3.0878077872387166e-16 0.1419272276179292 0.1379726584541019
8.799999999999985 0.010000000000000309 0.105382056609095 0.1099172737700384
8.799999999999985 0.02000000000000031 0.0761612020368177 0.0879164574181292
8.799999999999985 0.03000000000000031 0.0522233008589449 0.070796199777708
8.799999999999985 0.04000000000000031 0.0318890212082788 0.0576471952944349
8.799999999999985 0.050000000000000315 0.0137240426038422 0.047778978613486
8.799999999999985 0.06000000000000032 -0.0035615324893139 0.0406858504000366
8.799999999999985 0.07000000000000031 -0.0212043607267374 0.0360230999034669
8.799999999999985 0.08000000000000031 -0.0404760606826765 0.0335926005742644
8.799999999999985 0.0900000000000003 -0.0627747180084483 0.0333374078759664
8.799999999999985 0.1000000000000003 -0.0897262764552066 0.0353455584221072
8.799999999999985 0.11000000000000029 -0.1233031743510421 0.0398638945232569
8.799999999999985 0.12000000000000029 -0.1659688975188593 0.0473234628790716
8.799999999999985 0.13000000000000028 -0.2208590664904174 0.0583789155359117
8.799999999999985 0.1400000000000003 -0.2920124051200576 0.0739654451089272
8.799999999999985 0.1500000000000003 -0.384668654121522 0.0953782048834484
8.799999999999985 0.1600000000000003 -0.5056554747551887 0.1243810161403935
8.799999999999985 0.17000000000000032 -0.6638930072460847 0.1633536065859797
8.799999999999985 0.18000000000000033 -0.8710535000796673 0.2154898637244748
8.799999999999985 0.19000000000000034 -1.142424964036404 0.2850639042366494
8.799999999999985 0.20000000000000034 -1.498042991087144 0.3777865285346558
8.799999999999985 0.21000000000000035 -1.9641748487462092 0.5012823501767955
8.799999999999985 0.22000000000000036 -2.5752662095001253 0.665728236769078
8.799999999999985 0.23000000000000037 -3.3764953679037495 0.8847075791214802
8.799999999999985 0.24000000000000038 -4.427125119312315 1.1763535395905156
8.799999999999985 0.2500000000000004 -5.804902022245207 1.5648794635278225
8.799999999999985 0.2600000000000004 -7.6118310092955905 2.082628286979075
8.799999999999985 0.2700000000000004 -9.98175612483955 2.7728180304320564
8.799999999999985 0.2800000000000004 -13.09031327801653 3.6932213698060266
8.799999999999985 0.2900000000000004 -17.167998468135558 4.921099274501644
8.799999999999985 0.30000000000000043 -22.51732833227136 6.55981916623613
8.799999999999985 0.31000000000000044 -29.535376662529266 8.747736943885597
8.799999999999985 0.32000000000000045 -38.743373873052505 11.67012301687457
8.799999999999985 0.33000000000000046 -50.8255866963769 15.575183438526246
8.799999999999985 0.34000000000000047 -66.68039270029882 20.79559304612189
8.799999999999985 0.3500000000000005 -87.48738124088882 27.777451695615028
8.799999999999985 0.3600000000000005 -114.79551856787124 37.1192426584223
8.799999999999985 0.3700000000000005 -150.63900128163314 49.62427568778396
8.799999999999985 0.3800000000000005 -197.6895094100848 66.37131989848189
8.799999999999985 0.3900000000000005 -259.456316292853 88.80978723657947
8.799999999999985 0.4000000000000005 -340.54932563411603 118.88807069802749
8.799999999999985 0.41000000000000053 -447.0248609676157 159.2266831906614
8.799999999999985 0.42000000000000054 -586.8402908552958 213.35196983157383
8.799999999999985 0.43000000000000055 -770.4518105798207 286.0117694142102
8.799999999999985 0.44000000000000056 -1011.6005451957267 383.6020128886544
8.799999999999985 0.45000000000000057 -1328.346416069405 514.7435956539678
8.799999999999985 0.4600000000000006 -1744.4280125515907 691.0629402996574
8.799999999999985 0.4700000000000006 -2291.0514674170427 928.248836123305
8.799999999999985 0.4800000000000006 -3009.2439408100227 1247.484260743002
8.799999999999985 0.4900000000000006 -3952.950266099028 1677.3875037903658
8.799999999999985 0.5000000000000006 -5193.107889362722 2256.6455131495236
8.899999999999984 -0.5 -64852.21037301111 40551.68177569051
8.899999999999984 -0.49 -50525.42857475876 30736.483279011656
8.899999999999984 -0.48 -39360.92700629062 23283.62870657794
8.899999999999984 -0.47 -30661.3535592513 17627.289503937798
8.899999999999984 -0.45999999999999996 -23882.98518557282 13336.596117223196
8.899999999999984 -0.44999999999999996 -18601.9190509116 10083.566341277787
8.899999999999984 -0.43999999999999995 -14487.69534427365 7618.63048389632
8.899999999999984 -0.42999999999999994 -11282.720204968653 5751.959065014463
8.899999999999984 -0.41999999999999993 -8786.214928126416 4339.221468884281
8.899999999999984 -0.4099999999999999 -6841.697003670448 3270.7273164609787
8.899999999999984 -0.3999999999999999 -5327.216745557475 2463.149626500073
8.899999999999984 -0.3899999999999999 -4147.743659263087 1853.2179345516479
8.899999999999984 -0.3799999999999999 -3229.229735795278 1392.9141059118626
8.899999999999984 -0.3699999999999999 -2513.980725253603 1045.8140756338528
8.899999999999984 -0.3599999999999999 -1957.047521030085 784.3031862975395
8.899999999999984 -0.34999999999999987 -1523.4130691400455 587.4573032974488
8.899999999999984 -0.33999999999999986 -1185.7996060264745 439.43115967121855
8.899999999999984 -0.32999999999999985 -922.959569043764 328.23300754202955
8.899999999999984 -0.31999999999999984 -718.3435962857676 244.7933770124907
8.899999999999984 -0.30999999999999983 -559.0624947919375 182.25766589166622
8.899999999999984 -0.2999999999999998 -435.078359574401 135.44901079541444
8.899999999999984 -0.2899999999999998 -338.5743033158447 100.46064956557308
8.899999999999984 -0.2799999999999998 -263.4633925055453 74.34671492430593
8.899999999999984 -0.2699999999999998 -205.00607061908633 54.887816827863944
8.899999999999984 -0.2599999999999998 -159.51212159482134 40.41342389699872
8.899999999999984 -0.24999999999999978 -124.1085078606256 29.667360971166943
8.899999999999984 -0.23999999999999977 -96.55853469290598 21.706019752332864
8.899999999999984 -0.22999999999999976 -75.12100279752525 15.821376573128266
8.899999999999984 -0.21999999999999975 -58.440513460817776 11.482811691704956
8.899999999999984 -0.20999999999999974 -45.46204126517372 8.293170215677735
8.899999999999984 -0.19999999999999973 -35.364409755495004 5.955604128315903
8.899999999999984 -0.18999999999999972 -27.508490389764553 4.248570549627274
8.899999999999984 -0.17999999999999972 -21.396868546773405 3.0069962929096223
8.899999999999984 -0.1699999999999997 -16.642439955846072 2.1081009712903462
8.899999999999984 -0.1599999999999997 -12.943961614644401 1.460736934748049
8.899999999999984 -0.1499999999999997 -10.067018124532987 0.9973820239507198
8.899999999999984 -0.13999999999999968 -7.829204725472528 0.6681317139967518
8.899999999999984 -0.12999999999999967 -6.088593456339722 0.4361968232176656
8.899999999999984 -0.11999999999999968 -4.7347554066819155 0.2745338537384778
8.899999999999984 -0.10999999999999968 -3.6817729039017992 0.163326545026871
8.899999999999984 -0.09999999999999969 -2.8628007820569277 0.0881064538556929
8.899999999999984 -0.08999999999999969 -2.2258334646489937 0.038352714235406
8.899999999999984 -0.0799999999999997 -1.7304105886775534 0.0064506726326702
8.899999999999984 -0.0699999999999997 -1.3450530727216137 -0.0130810554636633
8.899999999999984 -0.0599999999999997 -1.0452676055410581 -0.0241630442185937
8.899999999999984 -0.0499999999999997 -0.8119933995764184 -0.0295779962077961
8.899999999999984 -0.039999999999999696 -0.6303929712130569 -0.0312823449130847
8.899999999999984 -0.029999999999999694 -0.4889104330323872 -0.0306350875610292
8.899999999999984 -0.01999999999999969 -0.3785376795875866 -0.0285651848600469
8.899999999999984 -0.009999999999999691 -0.2922419811599308 -0.02569343308481
8.899999999999984 3.0878077872387166e-16 -0.2245186963474824 -0.022420637024932
8.899999999999984 0.010000000000000309 -0.1710407161886064 -0.0189908532955918
8.899999999999984 0.02000000000000031 -0.128382357161756 -0.0155361782308797
8.899999999999984 0.03000000000000031 -0.0938001117019224 -0.0121078309235272
8.899999999999984 0.04000000000000031 -0.065056237274477 -0.0086969846301386
8.899999999999984 0.050000000000000315 -0.04027384195509 -0.0052478186850772
8.899999999999984 0.06000000000000032 -0.0178140721394691 -0.0016645146992232
8.899999999999984 0.07000000000000031 0.0038326541880084 0.0021866585825815
8.899999999999984 0.08000000000000031 0.0261486175657075 0.006479486829739
8.899999999999984 0.0900000000000003 0.0506908973541752 0.0114338707328721
8.899999999999984 0.1000000000000003 0.0792006804318864 0.0173258242272178
8.899999999999984 0.11000000000000029 0.1137275020600392 0.0245017275491589
8.899999999999984 0.12000000000000029 0.1567773378116468 0.0333974441363178
8.899999999999984 0.13000000000000028 0.2114953049211994 0.0445632128335158
8.899999999999984 0.1400000000000003 0.2818963568462504 0.0586955554494758
8.899999999999984 0.1500000000000003 0.3731609656275146 0.0766778082338107
8.899999999999984 0.1600000000000003 0.4920176550936162 0.0996313064122984
8.899999999999984 0.17000000000000032 0.6472407398867926 0.1289797333064874
8.899999999999984 0.18000000000000033 0.8503002275578327 0.1665296958333974
8.899999999999984 0.19000000000000034 1.1162121981782127 0.2145712062534403
8.899999999999984 0.20000000000000034 1.464652938760251 0.276002425669151
8.899999999999984 0.21000000000000035 1.9214197991097737 0.354483731390475
8.899999999999984 0.22000000000000036 2.5203476266658233 0.4546268554612094
8.899999999999984 0.23000000000000037 3.305823670749221 0.5822254130349005
8.899999999999984 0.24000000000000038 4.336088572721238 0.7445334437282582
8.899999999999984 0.2500000000000004 5.687569831953651 0.9505983819703392
8.899999999999984 0.2600000000000004 7.4605713671970815 1.2116537732832553
8.899999999999984 0.2700000000000004 9.786744274350566 1.5415744816435062
8.899999999999984 0.2800000000000004 12.838897232137276 1.9573922151723089
8.899999999999984 0.2900000000000004 16.843880239157908 2.479860634216732
8.899999999999984 0.30000000000000043 22.099505638421086 3.134045183048478
8.899999999999984 0.31000000000000044 28.996772994619096 3.949890303775932
8.899999999999984 0.32000000000000045 38.04906206573662 4.962681778853375
8.899999999999984 0.33000000000000046 49.93048072707016 6.213268722331382
8.899999999999984 0.34000000000000047 65.52624151824068 7.747829730376535
8.899999999999984 0.3500000000000005 85.99884307508103 9.616848765138165
8.899999999999984 0.3600000000000005 112.87501885038455 11.872791129946208
8.899999999999984 0.3700000000000005 148.1599742526584 14.565713672523385
8.899999999999984 0.3800000000000005 194.48748158358057 17.735670985158052
8.899999999999984 0.3900000000000005 255.31709350801438 21.400241021478905
8.899999999999984 0.4000000000000005 335.19327188555496 25.534718683337275
8.899999999999984 0.41000000000000053 440.0858743078689 30.041414883587322
8.899999999999984 0.42000000000000054 577.8375429444322 34.702910746511634
8.899999999999984 0.43000000000000055 758.7515549129187 39.11185383483161
8.899999999999984 0.44000000000000056 996.3642177888834 42.566666732948875
8.899999999999984 0.45000000000000057 1308.4597110811346 43.91797588173711
8.899999999999984 0.4600000000000006 1718.403410257793 41.34410941634201
8.899999999999984 0.4700000000000006 2256.8935270876877 32.02488363950613
8.899999999999984 0.4800000000000006 2964.2621154741946 11.670013777792747
8.899999999999984 0.4900000000000006 3893.4974221216016 -26.159675479538237
8.899999999999984 0.5000000000000006 5114.213205630044 -91.02563283535187
8.999999999999984 -0.5 36647.727066428815 -77855.83293357876
8.999999999999984 -0.49 29034.194710263786 -59907.46579850819
8.999999999999984 -0.48 22991.09956072665 -46092.520903602286
8.999999999999984 -0.47 18197.286987580897 -35460.011097113194
8.999999999999984 -0.45999999999999996 14396.588711164426 -27277.546988289527
8.999999999999984 -0.44999999999999996 11384.845407281144 -20981.131997486427
8.999999999999984 -0.43999999999999995 8999.477112914745 -16136.478626051956
8.999999999999984 -0.42999999999999994 7111.112439473971 -12409.204019140543
8.999999999999984 -0.41999999999999993 5616.878529399833 -9541.868278710823
8.999999999999984 -0.4099999999999999 4435.028491971128 -7336.285741992999
8.999999999999984 -0.3999999999999999 3500.644371701498 -5639.8992958206145
8.999999999999984 -0.3899999999999999 2762.203811744413 -4335.2852175810385
8.999999999999984 -0.3799999999999999 2178.839410139544 -3332.0698905875433
8.999999999999984 -0.3699999999999999 1718.1529612777267 -2560.7045892313154
8.999999999999984 -0.3599999999999999 1354.473697052891 -1967.6715912216634
8.999999999999984 -0.34999999999999987 1067.47143188495 -1511.7928054908127
8.999999999999984 -0.33999999999999986 841.0531182738625 -1161.3875788555279
8.999999999999984 -0.32999999999999985 662.4855147648927 -892.0845081610659
8.999999999999984 -0.31999999999999984 521.6980974597891 -685.136904935066
8.999999999999984 -0.30999999999999983 410.72953490502147 -526.1260953707816
8.999999999999984 -0.2999999999999998 323.2884234851829 -403.9633478676764
8.999999999999984 -0.2899999999999998 254.4048959394749 -310.1217211892286
8.999999999999984 -0.2799999999999998 200.15445337152758 -238.0449197776489
8.999999999999984 -0.2699999999999998 157.43916144347216 -182.6924089312634
8.999999999999984 -0.2599999999999998 123.81438068390779 -140.18941382523613
8.999999999999984 -0.24999999999999978 97.35161948347337 -107.5576442765423
8.999999999999984 -0.23999999999999977 76.53002773246415 -82.50814611242451
8.999999999999984 -0.22999999999999976 60.150586835787266 -63.281960971454595
8.999999999999984 -0.21999999999999975 47.26827652050512 -48.527572900252125
8.999999999999984 -0.20999999999999974 37.138473442767086 -37.206658387740944
8.999999999999984 -0.19999999999999973 29.174611619645702 -28.521610756887778
8.999999999999984 -0.18999999999999972 22.914750608025265 -21.859814355990427
8.999999999999984 -0.17999999999999972 17.995186484111933 -16.750802168270102
8.999999999999984 -0.1699999999999997 14.129628897672715 -12.83332194489368
8.999999999999984 -0.1599999999999997 11.092775425810798 -9.83002211422454
8.999999999999984 -0.1499999999999997 8.707358594121956 -7.527996779086463
8.999999999999984 -0.13999999999999968 6.8339343883458294 -5.763835472033036
8.999999999999984 -0.12999999999999967 5.362834293929168 -4.412136015912412
8.999999999999984 -0.11999999999999968 4.207824186864656 -3.3766794083593514
8.999999999999984 -0.10999999999999968 3.3011093663537987 -2.583650725354329
8.999999999999984 -0.09999999999999969 2.589400920116925 -1.9764324088016865
8.999999999999984 -0.08999999999999969 2.030818616946052 -1.5116058106820747
8.999999999999984 -0.0799999999999997 1.5924529379632333 -1.1558810892967788
8.999999999999984 -0.0699999999999997 1.2484463128340388 -0.8837403238467427
8.999999999999984 -0.0599999999999997 0.9784832005028165 -0.6756285208152844
8.999999999999984 -0.0499999999999997 0.7666019940311283 -0.5165654837776436
8.999999999999984 -0.039999999999999696 0.6002601406931451 -0.3950809656822532
8.999999999999984 -0.029999999999999694 0.4695983839539897 -0.3023981649784735
8.999999999999984 -0.01999999999999969 0.3668614694426517 -0.2318080384215712
8.999999999999984 -0.009999999999999691 0.2859416570624278 -0.1781902955378042
8.999999999999984 3.0878077872387166e-16 0.2220184543178418 -0.1376472452529761
8.999999999999984 0.010000000000000309 0.1712735319430438 -0.1072246024256
8.999999999999984 0.02000000000000031 0.1306641160764549 -0.08469948471054
8.999999999999984 0.03000000000000031 0.0977415168836572 -0.0684205658168583
8.999999999999984 0.04000000000000031 0.0705040418512872 -0.0571890307222978
8.999999999999984 0.050000000000000315 0.0472754984200385 -0.0501718590367254
8.999999999999984 0.06000000000000032 0.0266019238868392 -0.0468412459476064
8.999999999999984 0.07000000000000031 0.0071601683462007 -0.04693581570035
8.999999999999984 0.08000000000000031 -0.0123274503011663 -0.0504408192822485
8.999999999999984 0.0900000000000003 -0.0331779752582401 -0.0575858429722146
8.999999999999984 0.1000000000000003 -0.0568378202998978 -0.068859780300267
8.999999999999984 0.11000000000000029 -0.0849841844648291 -0.0850440211981356
8.999999999999984 0.12000000000000029 -0.1196450604582637 -0.1072660707413298
8.999999999999984 0.13000000000000028 -0.1633465041858627 -0.13707721092838
8.999999999999984 0.1400000000000003 -0.2192979434991626 -0.1765594560365622
8.999999999999984 0.1500000000000003 -0.2916292096718486 -0.2284690334465136
8.999999999999984 0.1600000000000003 -0.385696897409821 -0.2964260770526125
8.999999999999984 0.17000000000000032 -0.5084828963834485 -0.3851633085026154
8.999999999999984 0.18000000000000033 -0.6691148860959341 -0.5008504006478817
8.999999999999984 0.19000000000000034 -0.8795477718891659 -0.6515157167310879
8.999999999999984 0.20000000000000034 -1.1554571571831733 -0.8475935124731848
8.999999999999984 0.21000000000000035 -1.5174119109591881 -1.10263287433826
8.999999999999984 0.22000000000000036 -1.992413905780286 -1.4342151497392905
8.999999999999984 0.23000000000000037 -2.615920657678749 -1.8651400412177936
8.999999999999984 0.24000000000000038 -3.434502984077997 -2.4249576916224482
8.999999999999984 0.2500000000000004 -4.509337658139486 -3.151945995242801
8.999999999999984 0.2600000000000004 -5.920797993313403 -4.095660304744887
8.999999999999984 0.2700000000000004 -7.774488096413202 -5.320218260514323
8.999999999999984 0.2800000000000004 -10.209175436173338 -6.908527636055158
8.999999999999984 0.2900000000000004 -13.407219612620562 -8.96772233726962
8.999999999999984 0.30000000000000043 -17.608283596162753 -11.636144058205717
8.999999999999984 0.31000000000000044 -23.12736145330689 -15.092298310327994
8.999999999999984 0.32000000000000045 -30.378482378877358 -19.56632813915064
8.999999999999984 0.33000000000000046 -39.90587927615993 -25.354692276166595
8.999999999999984 0.34000000000000047 -52.4249734413497 -32.838913230105085
8.999999999999984 0.3500000000000005 -68.8762675124635 -42.509482487418325
8.999999999999984 0.3600000000000005 -90.49621240899651 -54.996283265739144
8.999999999999984 0.3700000000000005 -118.91039360158602 -71.10722583386983
8.999999999999984 0.3800000000000005 -156.2560636117209 -91.87719663030292
8.999999999999984 0.3900000000000005 -205.3432569377195 -118.62991062907525
8.999999999999984 0.4000000000000005 -269.8666255262384 -153.0558357626848
8.999999999999984 0.41000000000000053 -354.68394349859517 -197.31003464069963
8.999999999999984 0.42000000000000054 -466.1822319334861 -254.13454172527733
8.999999999999984 0.43000000000000055 -612.7590181290658 -327.01075134677694
8.999999999999984 0.44000000000000056 -805.4548525488808 -420.348201729117
8.999999999999984 0.45000000000000057 -1058.7844921053709 -539.7170393157071
8.999999999999984 0.4600000000000006 -1391.8289441652473 -692.13222347742
8.999999999999984 0.4700000000000006 -1829.6699244358338 -886.3979955054081
8.999999999999984 0.4800000000000006 -2405.2736088329857 -1133.5209839578763
8.999999999999984 0.4900000000000006 -3161.9636657977153 -1447.1990752125919
8.999999999999984 0.5000000000000006 -4156.666787977464 -1844.3901128923796
9.099999999999984 -0.5 13109.113189347903 95052.14717427865
9.099999999999984 -0.49 9373.850070887234 73670.12545561553
9.099999999999984 -0.48 6655.1510211847 57096.57519024685
9.099999999999984 -0.47 4684.779807803283 44250.47777911592
9.099999999999984 -0.45999999999999996 3263.7220801717176 34293.76818613712
9.099999999999984 -0.44999999999999996 2244.6183202668954 26576.74995342389
9.099999999999984 -0.43999999999999995 1518.5971583801902 20595.76987659264
9.099999999999984 -0.42999999999999994 1005.4182554199814 15960.399797160677
9.099999999999984 -0.41999999999999993 646.1020514384136 12367.99075065411
9.099999999999984 -0.4099999999999999 397.4263507757846 9583.943886718655
9.099999999999984 -0.3999999999999999 227.8228292063759 7426.414236416521
9.099999999999984 -0.3899999999999999 114.32214878663444 5754.45165778197
9.099999999999984 -0.3799999999999999 40.28358292301118 4458.806853060469
9.099999999999984 -0.3699999999999999 -6.2891917401734645 3454.8037335973154
9.099999999999984 -0.3599999999999999 -33.99494535959718 2676.813870138729
9.099999999999984 -0.34999999999999987 -48.95591023694192 2073.973041051099
9.099999999999984 -0.33999999999999986 -55.496444154603864 1606.8607533086508
9.099999999999984 -0.32999999999999985 -56.641755768541486 1244.926315883808
9.099999999999984 -0.31999999999999984 -54.48329170228334 964.4936682071167
9.099999999999984 -0.30999999999999983 -50.445526964141436 747.2148689356626
9.099999999999984 -0.2999999999999998 -45.48001895144722 578.8713841976232
9.099999999999984 -0.2899999999999998 -40.20594144191014 448.4449813233519
9.099999999999984 -0.2799999999999998 -35.01135139795856 347.3976085607908
9.099999999999984 -0.2699999999999998 -30.125738364375334 269.11326707145247
9.099999999999984 -0.2599999999999998 -25.67164780628238 208.46544552617672
9.099999999999984 -0.24999999999999978 -21.701118331335728 161.48187763353081
9.099999999999984 -0.23999999999999977 -18.22114987933751 125.08473226867893
9.099999999999984 -0.22999999999999976 -15.211291674228185 96.88926807802623
9.099999999999984 -0.21999999999999975 -12.635604578094156 75.04780018659591
9.099999999999984 -0.20999999999999974 -10.450637240945554 58.12878457115959
9.099999999999984 -0.19999999999999973 -8.610602839193334 45.02311856562935
9.099999999999984 -0.18999999999999972 -7.070611209696445 34.87153331102832
9.099999999999984 -0.17999999999999972 -5.788568461845072 27.008331635781413
9.099999999999984 -0.1699999999999997 -4.726179335523115 20.917792701593722
9.099999999999984 -0.1599999999999997 -3.8493593041875793 16.20039243010396
9.099999999999984 -0.1499999999999997 -3.12827081100298 12.546630236761597
9.099999999999984 -0.13999999999999968 -2.537131525281197 9.716749802856652
9.099999999999984 -0.12999999999999967 -2.053895058757662 7.525026967055072
9.099999999999984 -0.11999999999999968 -1.6598709827563904 5.827596470055557
9.099999999999984 -0.10999999999999968 -1.3393274104483186 4.513020741034691
9.099999999999984 -0.09999999999999969 -1.0791030463380094 3.4949832879170026
9.099999999999984 -0.08999999999999969 -0.8682444062475434 2.70662826205429
9.099999999999984 -0.0799999999999997 -0.6976763812345582 2.0961754935254806
9.099999999999984 -0.0699999999999997 -0.5599093744991989 1.6235237752572318
9.099999999999984 -0.0599999999999997 -0.4487830991697497 1.2576198689132443
9.099999999999984 -0.0499999999999997 -0.3592452253619048 0.9744208420506482
9.099999999999984 -0.039999999999999696 -0.2871620063585138 0.755316202589875
9.099999999999984 -0.029999999999999694 -0.2291575122658436 0.58590641425119
9.099999999999984 -0.01999999999999969 -0.1824779555897951 0.4550577253236374
9.099999999999984 -0.009999999999999691 -0.1448776679239419 0.3541713505272697
9.099999999999984 3.0878077872387166e-16 -0.1145234846277526 0.2766190968117249
9.099999999999984 0.010000000000000309 -0.089914549643293 0.2173084384989277
9.099999999999984 0.02000000000000031 -0.0698148212146512 0.1723485399709238
9.099999999999984 0.03000000000000031 -0.0531958112355841 0.1387953515596854
9.099999999999984 0.04000000000000031 -0.0391873055006019 0.1144591009111529
9.099999999999984 0.050000000000000315 -0.027033973971355 0.0977616089124912
9.099999999999984 0.06000000000000032 -0.0160558765564629 0.087634146179771
9.099999999999984 0.07000000000000031 -0.0056108883104856 0.0834492295787018
9.099999999999984 0.08000000000000031 0.0049430059918068 0.084982015555087
9.099999999999984 0.0900000000000003 0.0162877824576567 0.0923989279210632
9.099999999999984 0.1000000000000003 0.0291903675965952 0.1062729942745348
9.099999999999984 0.11000000000000029 0.0445555868311467 0.1276271806382547
9.099999999999984 0.12000000000000029 0.0634908092849473 0.158008930726371
9.099999999999984 0.13000000000000028 0.0873869929984126 0.1996012645105579
9.099999999999984 0.1400000000000003 0.1180221498507396 0.2553783166831484
9.099999999999984 0.1500000000000003 0.1576950176492889 0.329316271390327
9.099999999999984 0.1600000000000003 0.2093990873500373 0.4266744848752942
9.099999999999984 0.17000000000000032 0.2770502708869748 0.5543664434959197
9.099999999999984 0.18000000000000033 0.3657856541893438 0.7214464107486004
9.099999999999984 0.19000000000000034 0.4823562841728504 0.9397455937070908
9.099999999999984 0.20000000000000034 0.6356442154827391 1.2247019450177403
9.099999999999984 0.21000000000000035 0.8373436575991668 1.5964410028124938
9.099999999999984 0.22000000000000036 1.1028587619401489 2.081182347158455
9.099999999999984 0.23000000000000037 1.4524873573706127 2.713068462783186
9.099999999999984 0.24000000000000038 1.9129820822162007 3.5365415170457917
9.099999999999984 0.2500000000000004 2.5196095890466426 4.609430684433699
9.099999999999984 0.2600000000000004 3.318867082018768 6.006960609927408
9.099999999999984 0.2700000000000004 4.372066376739987 7.826953531273632
9.099999999999984 0.2800000000000004 5.760062895997295 10.196577486899645
9.099999999999984 0.2900000000000004 7.5894957370877485 13.28109606272888
9.099999999999984 0.30000000000000043 10.001022033099625 17.295207855529114
9.099999999999984 0.31000000000000044 13.18018333224511 22.5177346565021
9.099999999999984 0.32000000000000045 17.371745565836143 29.310637006722075
9.099999999999984 0.33000000000000046 22.898623083805976 38.14361789450437
9.099999999999984 0.34000000000000047 30.18685190683914 49.62593729816609
9.099999999999984 0.3500000000000005 39.79854502630607 64.54752401779908
9.099999999999984 0.3600000000000005 52.47537913034133 83.9320646027463
9.099999999999984 0.3700000000000005 69.1959746949527 109.10550725783462
9.099999999999984 0.3800000000000005 91.25160190954267 141.7843855299114
9.099999999999984 0.3900000000000005 120.34605476664883 184.18959764924432
9.099999999999984 0.4000000000000005 158.72739158842987 239.19284168616105
9.099999999999984 0.41000000000000053 209.36168221784965 310.5048900286401
9.099999999999984 0.42000000000000054 276.16211331450256 402.91739526632057
9.099999999999984 0.43000000000000055 364.2910233196806 522.6130839443468
9.099999999999984 0.44000000000000056 480.5579807406088 677.5631742702801
9.099999999999984 0.45000000000000057 633.9442917012839 878.0358418660625
9.099999999999984 0.4600000000000006 836.2938567661358 1137.2457857743275
9.099999999999984 0.4700000000000006 1103.2227835529607 1472.1826897762685
9.099999999999984 0.4800000000000006 1455.316496089302 1904.6659523576218
9.099999999999984 0.4900000000000006 1919.7044223664086 2462.6848395830957
9.099999999999984 0.5000000000000006 2532.1301812936235 3182.0976083443984
9.199999999999983 -0.5 -69789.09881281083 -79946.72309859697
9.199999999999983 -0.49 -53428.28045164284 -62416.71689481877
9.199999999999983 -0.48 -40895.71671369108 -48727.330499668664
9.199999999999983 -0.47 -31297.175297493213 -38037.89580480728
9.199999999999983 -0.45999999999999996 -23946.978510081586 -29691.573933897816
9.199999999999983 -0.44999999999999996 -18319.43333470796 -23175.201123310584
9.199999999999983 -0.43999999999999995 -14011.558033038442 -18087.89503174663
9.199999999999983 -0.42999999999999994 -10714.481068693436 -14116.512727992582
9.199999999999983 -0.41999999999999993 -8191.497073255519 -11016.466889160234
9.199999999999983 -0.4099999999999999 -6261.232355026728 -8596.731816705058
9.199999999999983 -0.3999999999999999 -4784.73176482211 -6708.125304903102
9.199999999999983 -0.3899999999999999 -3655.5547074003384 -5234.151503477873
9.199999999999983 -0.3799999999999999 -2792.1800326670154 -4083.845711221841
9.199999999999983 -0.3699999999999999 -2132.1822976495814 -3186.1839270601777
9.199999999999983 -0.3599999999999999 -1627.7668624854828 -2485.71533643134
9.199999999999983 -0.34999999999999987 -1242.3472337279786 -1939.150493221288
9.199999999999983 -0.33999999999999986 -947.9217287097332 -1512.6962879507087
9.199999999999983 -0.32999999999999985 -723.0630776660204 -1179.9744077621758
9.199999999999983 -0.31999999999999984 -551.3779791554833 -920.3956610227839
9.199999999999983 -0.30999999999999983 -420.3269309490201 -717.8904254401903
9.199999999999983 -0.2999999999999998 -320.32021710362136 -559.9172788008959
9.199999999999983 -0.2899999999999998 -244.02554261682297 -436.6889122469925
9.199999999999983 -0.2799999999999998 -185.83785229899448 -340.5677451831788
9.199999999999983 -0.2699999999999998 -141.47341179293366 -265.5940702552715
9.199999999999983 -0.2599999999999998 -107.65908099093609 -207.11769130879907
9.199999999999983 -0.24999999999999978 -81.89449909795273 -161.5103734155456
9.199999999999983 -0.23999999999999977 -62.27010653046031 -125.94139026172134
9.199999999999983 -0.22999999999999976 -47.327920333936106 -98.20233405234758
9.199999999999983 -0.21999999999999975 -35.95503974824381 -76.57038398785733
9.199999999999983 -0.20999999999999974 -27.302204029208085 -59.70159687844846
9.199999999999983 -0.19999999999999973 -20.721522215312262 -46.547632635812754
9.199999999999983 -0.18999999999999972 -15.718871995779308 -36.290771591100594
9.199999999999983 -0.17999999999999972 -11.917520218058646 -28.293208434623466
9.199999999999983 -0.1699999999999997 -9.030326055312178 -22.05748829331624
9.199999999999983 -0.1599999999999997 -6.838507100256406 -17.19563815628979
9.199999999999983 -0.1499999999999997 -5.175422876862786 -13.405083794858061
9.199999999999983 -0.13999999999999968 -3.914193367222993 -10.449861522739134
9.199999999999983 -0.12999999999999967 -2.958248126511509 -8.145961400162479
9.199999999999983 -0.11999999999999968 -2.234114325424935 -6.349893951326252
9.199999999999983 -0.10999999999999968 -1.685914883921425 -4.9497718755432185
9.199999999999983 -0.09999999999999969 -1.271172441789115 -3.858353879267999
9.199999999999983 -0.08999999999999969 -0.9576102140580361 -3.0076192373558888
9.199999999999983 -0.0799999999999997 -0.7207136690969783 -2.344536502609736
9.199999999999983 -0.0699999999999997 -0.5418727037397113 -1.8277637755437008
9.199999999999983 -0.0599999999999997 -0.4069666005857014 -1.4250756910349973
9.199999999999983 -0.0499999999999997 -0.3052866216244529 -1.111357343169675
9.199999999999983 -0.039999999999999696 -0.2287159803857641 -0.8670405399050805
9.199999999999983 -0.029999999999999694 -0.1711059489878074 -0.6768852303865431
9.199999999999983 -0.01999999999999969 -0.1278013796652878 -0.5290303784887427
9.199999999999983 -0.009999999999999691 -0.0952800107510954 -0.4142552931787258
9.199999999999983 3.0878077872387166e-16 -0.0708783942045773 -0.325405506392812
9.199999999999983 0.010000000000000309 -0.0525837448641884 -0.2569475230632176
9.199999999999983 0.02000000000000031 -0.0388759443170732 -0.2046247905990509
9.199999999999983 0.03000000000000031 -0.0286076969294154 -0.1651935447577018
9.199999999999983 0.04000000000000031 -0.0209137093699826 -0.1362221778767918
9.199999999999983 0.050000000000000315 -0.0151419601022237 -0.115941754863478
9.199999999999983 0.06000000000000032 -0.0108018044796749 -0.1031385210266508
9.199999999999983 0.07000000000000031 -0.0075249492505795 -0.0970819060620129
9.199999999999983 0.08000000000000031 -0.0050363239417411 -0.0974837986275357
9.199999999999983 0.0900000000000003 -0.0031326508395598 -0.1044868910670077
9.199999999999983 0.1000000000000003 -0.0016671294095479 -0.1186818050210492
9.199999999999983 0.11000000000000029 -0.0005391529604688 -0.1411546314166919
9.199999999999983 0.12000000000000029 0.0003115944903088 -0.1735685808047508
9.199999999999983 0.13000000000000028 0.0009069189419874 -0.2182857815235685
9.199999999999983 0.1400000000000003 0.0012276397142279 -0.27853804348536
9.199999999999983 0.1500000000000003 0.0012062930343645 -0.3586588155593604
9.199999999999983 0.1600000000000003 0.0007139512414981 -0.4643928398451853
9.199999999999983 0.17000000000000032 -0.0004605335106561 -0.6033054421087034
9.199999999999983 0.18000000000000033 -0.0026413646557314 -0.7853203701364999
9.199999999999983 0.19000000000000034 -0.0063102985630022 -1.0234240824812015
9.199999999999983 0.20000000000000034 -0.0121698397745733 -1.3345860192435435
9.199999999999983 0.21000000000000035 -0.0212321405742424 -1.740959454889681
9.199999999999983 0.22000000000000036 -0.034943292682883 -2.271447075706877
9.199999999999983 0.23000000000000037 -0.0553563523536724 -2.963740780414464
9.199999999999983 0.24000000000000038 -0.0853714191614525 -3.866978104051913
9.199999999999983 0.2500000000000004 -0.1290678711188034 -5.045200353912981
9.199999999999983 0.2600000000000004 -0.1921630903259923 -6.581852920455183
9.199999999999983 0.2700000000000004 -0.2826445665418822 -8.585640033019676
9.199999999999983 0.2800000000000004 -0.4116393179022655 -11.198139311217755
9.199999999999983 0.2900000000000004 -0.5946077053832397 -14.603702069818073
9.199999999999983 0.30000000000000043 -0.8529800769622398 -19.042321535274887
9.199999999999983 0.31000000000000044 -1.2163971325124425 -24.82635332903489
9.199999999999983 0.32000000000000045 -1.7257723112412506 -32.36223417140803
9.199999999999983 0.33000000000000046 -2.437472049161716 -42.17868301904785
9.199999999999983 0.34000000000000047 -3.4290143738995127 -54.96330597063415
9.199999999999983 0.3500000000000005 -4.80682728367929 -71.61009079341456
9.199999999999983 0.3600000000000005 -6.716798104021919 -93.28100547247591
9.199999999999983 0.3700000000000005 -9.358600083215151 -121.48585475774182
9.199999999999983 0.3800000000000005 -13.005124928361411 -158.185759482153
9.199999999999983 0.3900000000000005 -18.02880912426008 -205.92718249810824
9.199999999999983 0.4000000000000005 -24.93725665013028 -268.01543090066593
9.199999999999983 0.41000000000000053 -34.42138270319748 -348.73914248218585
9.199999999999983 0.42000000000000054 -47.42040046945459 -453.66057533364904
9.199999999999983 0.43000000000000055 -65.20943586251053 -589.9907671343102
9.199999999999983 0.44000000000000056 -89.51750196292949 -767.0740741900502
9.199999999999983 0.45000000000000057 -122.68615119551475 -997.0135686150966
9.199999999999983 0.4600000000000006 -167.88255273999243 -1295.4776818915489
9.199999999999983 0.4700000000000006 -229.38528108769333 -1682.7398613085084
9.199999999999983 0.4800000000000006 -312.96709474362297 -2185.0175175772465
9.199999999999983 0.4900000000000006 -426.4068797232535 -2836.195025283045
9.199999999999983 0.5000000000000006 -580.1733085070518 -3680.0390465733444
9.299999999999983 -0.5 112276.77467046087 31057.91116492211
9.299999999999983 -0.49 86725.50878037367 24830.270410951707
9.299999999999983 -0.48 66987.50327054413 19832.882178186293
9.299999999999983 -0.47 51740.501830952344 15827.410401493391
9.299999999999983 -0.45999999999999996 39962.92742403035 12620.481156416201
9.299999999999983 -0.44999999999999996 30865.524724035316 10055.518689673801
9.299999999999983 -0.43999999999999995 23838.539582801644 8005.977956566396
9.299999999999983 -0.42999999999999994 18410.90490665343 6369.758856632139
9.299999999999983 -0.41999999999999993 14218.704444199133 5064.613235466413
9.299999999999983 -0.4099999999999999 10980.805908035483 4024.380851461034
9.299999999999983 -0.3999999999999999 8480.033958739448 3195.9139105508784
9.299999999999983 -0.3899999999999999 6548.623847716884 2536.5709499287805
9.299999999999983 -0.3799999999999999 5056.982665316273 2012.1796166861504
9.299999999999983 -0.3699999999999999 3905.00627841009 1595.384250561701
9.299999999999983 -0.3599999999999999 3015.370934451709 1264.3082703060331
9.299999999999983 -0.34999999999999987 2328.350570726653 1001.4733737057653
9.299999999999983 -0.33999999999999986 1797.8129194922356 792.9277135260579
9.299999999999983 -0.32999999999999985 1388.1263598991 627.5437330373356
9.299999999999983 -0.31999999999999984 1071.7704052490703 496.4534547313698
9.299999999999983 -0.30999999999999983 827.4898016107694 392.59491766561973
9.299999999999983 -0.2999999999999998 638.8685983066765 310.34833602784624
9.299999999999983 -0.2899999999999998 493.2286645374844 245.24456609818895
9.299999999999983 -0.2799999999999998 380.7788490426386 193.73176190098445
9.299999999999983 -0.2699999999999998 293.9577637788957 152.9887928064333
9.299999999999983 -0.2599999999999998 226.9261406236668 120.77619243149448
9.299999999999983 -0.24999999999999978 175.1747294956973 95.31719461758034
9.299999999999983 -0.23999999999999977 135.22144733158655 75.2028621589655
9.299999999999983 -0.22999999999999976 104.37746801391279 59.31648829938262
9.299999999999983 -0.21999999999999975 80.56656384891951 46.773400383750975
9.299999999999983 -0.20999999999999974 62.18557879739578 36.873061225276246
9.299999999999983 -0.19999999999999973 47.99667133050517 29.06098109349898
9.299999999999983 -0.18999999999999972 37.04409514931351 22.898449927546366
9.299999999999983 -0.17999999999999972 28.589931731638856 18.038498466543835
9.299999999999983 -0.1699999999999997 22.064459977961075 14.20681724406155
9.299999999999983 -0.1599999999999997 17.02783027974682 11.186619086787843
9.299999999999983 -0.1499999999999997 13.140468925757364 8.806636279061552
9.299999999999983 -0.13999999999999968 10.14022472798009 6.931607937759635
9.299999999999983 -0.12999999999999967 7.824722361090282 5.454744494833247
9.299999999999983 -0.11999999999999968 6.037736508482219 4.291761050310537
9.299999999999983 -0.10999999999999968 4.658670932573872 3.3761550074962194
9.299999999999983 -0.09999999999999969 3.594435144706095 2.6554700742770008
9.299999999999983 -0.08999999999999969 2.773172428290165 2.0883418160947906
9.299999999999983 -0.0799999999999997 2.1394173733591453 1.6421622102417848
9.299999999999983 -0.0699999999999997 1.650357158126259 1.2912342680913391
9.299999999999983 -0.0599999999999997 1.2729450110048648 1.015314515380033
9.299999999999983 -0.0499999999999997 0.9816715848566357 0.7984623534581152
9.299999999999983 -0.039999999999999696 0.7568442205571895 0.6281321876693647
9.299999999999983 -0.029999999999999694 0.5832582401256396 0.4944575980716341
9.299999999999983 -0.01999999999999969 0.4491707849597492 0.3896874573975954
9.299999999999983 -0.009999999999999691 0.345508073784015 0.3077423419292662
9.299999999999983 3.0878077872387166e-16 0.2652526655471918 0.2438662882099374
9.299999999999983 0.010000000000000309 0.202969430388849 0.1943542860240996
9.299999999999983 0.02000000000000031 0.154438271374502 0.1563401569867038
9.299999999999983 0.03000000000000031 0.1163688288077668 0.1276328821805256
9.299999999999983 0.04000000000000031 0.0861779209457454 0.1065922003803523
9.299999999999983 0.050000000000000315 0.0618147012434913 0.0920365544720321
9.299999999999983 0.06000000000000032 0.041621727148121 0.0831783451927584
9.299999999999983 0.07000000000000031 0.0242225553116508 0.0795830663128432
9.299999999999983 0.08000000000000031 0.008428265846083 0.0811503385197822
9.299999999999983 0.0900000000000003 -0.0068434055765325 0.0881162173468109
9.299999999999983 0.1000000000000003 -0.0226417981555947 0.1010775076073308
9.299999999999983 0.11000000000000029 -0.0400549060775197 0.1210402595455356
9.299999999999983 0.12000000000000029 -0.0602836465823464 0.1494962448816542
9.299999999999983 0.13000000000000028 -0.0847238286102239 0.1885331228945407
9.299999999999983 0.1400000000000003 -0.1150613424539338 0.2409863378539256
9.299999999999983 0.1500000000000003 -0.1533869640328998 0.3106436999424851
9.299999999999983 0.1600000000000003 -0.2023384615926072 0.4025172939260443
9.299999999999983 0.17000000000000032 -0.2652794904278814 0.5232020898680776
9.299999999999983 0.18000000000000033 -0.3465271772947148 0.6813467273916193
9.299999999999983 0.19000000000000034 -0.4516434842172948 0.8882698338399688
9.299999999999983 0.20000000000000034 -0.58780960353641 1.1587654660160993
9.299999999999983 0.21000000000000035 -0.764308035092869 1.5121545457680714
9.299999999999983 0.22000000000000036 -0.993143971746927 1.9736564128866851
9.299999999999983 0.23000000000000037 -1.2898466073329082 2.576177039310236
9.299999999999983 0.24000000000000038 -1.674502540920092 3.3626395858502613
9.299999999999983 0.2500000000000004 -2.173088298374743 4.38902084561895
9.299999999999983 0.2600000000000004 -2.819188040518096 5.7283063116754525
9.299999999999983 0.2700000000000004 -3.6562069422206513 7.4756405055204205
9.299999999999983 0.2800000000000004 -4.740221993707283 9.755032181378368
9.299999999999983 0.2900000000000004 -6.143651984484835 12.728081741579622
9.299999999999983 0.30000000000000043 -7.95997958543823 16.605337992014135
9.299999999999983 0.31000000000000044 -10.309823799858357 21.6610727179137
9.299999999999983 0.32000000000000045 -13.34874448600724 28.2524967348806
9.299999999999983 0.33000000000000046 -17.27726707967351 36.84474592162613
9.299999999999983 0.34000000000000047 -22.353751296032407 48.043360749076584
9.299999999999983 0.3500000000000005 -28.910900357987675 62.63649442678692
9.299999999999983 0.3600000000000005 -37.3769271691736 81.64974711073279
9.299999999999983 0.3700000000000005 -48.30267345490623 106.4173806543373
9.299999999999983 0.3800000000000005 -62.396333198490446 138.67477684123278
9.299999999999983 0.3900000000000005 -80.56788287727987 180.6784349443476
9.299999999999983 0.4000000000000005 -103.98589353234061 235.36165581122708
9.299999999999983 0.41000000000000053 -134.15012577337123 306.5364503867553
9.299999999999983 0.42000000000000054 -172.984229075033 399.15529606720315
9.299999999999983 0.43000000000000055 -222.95403252182854 519.6503441619817
9.299999999999983 0.44000000000000056 -287.2183904301179 676.3728122828601
9.299999999999983 0.45000000000000057 -369.82141516231025 880.1619054215764
9.299999999999983 0.4600000000000006 -475.9372949888382 1145.0811202162467
9.299999999999983 0.4700000000000006 -612.1818890298333 1489.3707383774681
9.299999999999983 0.4800000000000006 -787.0090818686747 1936.6793987377475
9.299999999999983 0.4900000000000006 -1011.214681023147 2517.65573758247
9.299999999999983 0.5000000000000006 -1298.5767240059984 3272.0043354813442
9.399999999999983 -0.5 -120734.99379490654 39383.75898063236
9.399999999999983 -0.49 -93760.14861480074 29724.652341690125
9.399999999999983 -0.48 -72811.51649260039 22418.00177293247
9.399999999999983 -0.47 -56542.97732706262 16894.244663869362
9.399999999999983 -0.45999999999999996 -43909.06771405027 12721.022993178261
9.399999999999983 -0.44999999999999996 -34097.8381426665 9570.275295650246
9.399999999999983 -0.43999999999999995 -26478.702315337305 7193.191574130832
9.399999999999983 -0.42999999999999994 -20561.93159487289 5401.158663434078
9.399999999999983 -0.41999999999999993 -15967.19466492713 4051.2681593013012
9.399999999999983 -0.4099999999999999 -12399.122849906233 3035.2983401277097
9.399999999999983 -0.3999999999999999 -9628.332375513577 2271.340409162616
9.399999999999983 -0.3899999999999999 -7476.685062934549 1697.4368817378452
9.399999999999983 -0.3799999999999999 -5805.840991975727 1266.7505625567926
9.399999999999983 -0.3699999999999999 -4508.367985752089 943.8973996585804
9.399999999999983 -0.3599999999999999 -3500.836914174721 702.1640408319138
9.399999999999983 -0.34999999999999987 -2718.4593138201544 521.3976279587127
9.399999999999983 -0.33999999999999986 -2110.92285701978 386.406187162366
9.399999999999983 -0.32999999999999985 -1639.1571269148571 285.7466802100272
9.399999999999983 -0.31999999999999984 -1272.8219037145611 210.80725442572717
9.399999999999983 -0.30999999999999983 -988.3565746981128 155.11266113312126
9.399999999999983 -0.2999999999999998 -767.4653250576837 113.79888203141698
9.399999999999983 -0.2899999999999998 -595.9407621273909 83.21598688153314
9.399999999999983 -0.2799999999999998 -462.75036903973296 60.628118783217104
9.399999999999983 -0.2699999999999998 -359.32707137483897 43.987007861923075
9.399999999999983 -0.2599999999999998 -279.01831624057246 31.761116331129006
9.399999999999983 -0.24999999999999978 -216.6582496837549 22.806848816730408
9.399999999999983 -0.23999999999999977 -168.23548956841873 16.271549913737008
9.399999999999983 -0.22999999999999976 -130.63513519253672 11.520506215508941
9.399999999999983 -0.21999999999999975 -101.43842660335022 8.082062818504122
9.399999999999983 -0.20999999999999974 -78.76717234895037 5.606399362632718
9.399999999999983 -0.19999999999999973 -61.162942343983644 3.834598162445955
9.399999999999983 -0.18999999999999972 -47.49325754108939 2.5754606664648865
9.399999999999983 -0.17999999999999972 -36.87874379863085 1.6881520087590536
9.399999999999983 -0.1699999999999997 -28.636565256895466 1.0692251559600336
9.399999999999983 -0.1599999999999997 -22.23649930422004 0.6429328393218112
9.399999999999983 -0.1499999999999997 -17.266828108049655 0.3540049841425086
9.399999999999983 -0.13999999999999968 -13.407852952117352 0.1622728718063455
9.399999999999983 -0.12999999999999967 -10.411327837457069 0.0386748457151613
9.399999999999983 -0.11999999999999968 -8.084489484682216 -0.0377058277148805
9.399999999999983 -0.10999999999999968 -6.277656490736934 -0.0818330854886844
9.399999999999983 -0.09999999999999969 -4.874599951049276 -0.1043366464963052
9.399999999999983 -0.08999999999999969 -3.78506611693282 -0.1127041098567484
9.399999999999983 -0.0799999999999997 -2.938970080185478 -0.1121565253004656
9.399999999999983 -0.0699999999999997 -2.2818869629131866 -0.1062895289669894
9.399999999999983 -0.0599999999999997 -1.7715505526002082 -0.0975412511709022
9.399999999999983 -0.0499999999999997 -1.3751341276317834 -0.0875325627274265
9.399999999999983 -0.039999999999999696 -1.0671385345338025 -0.07731353186639
9.399999999999983 -0.029999999999999694 -0.8277516410716628 -0.0675412336963138
9.399999999999983 -0.01999999999999969 -0.6415736113525584 -0.0586075500025367
9.399999999999983 -0.009999999999999691 -0.49662598034507 -0.0507307634970869
9.399999999999983 3.0878077872387166e-16 -0.3835807591560142 -0.0440211705070558
9.399999999999983 0.010000000000000309 -0.2951599528903238 -0.0385282971979291
9.399999999999983 0.02000000000000031 -0.2256668299006387 -0.0342753736175547
9.399999999999983 0.03000000000000031 -0.1706187491248726 -0.0312853239702345
9.399999999999983 0.04000000000000031 -0.126457875223032 -0.0296015430789706
9.399999999999983 0.050000000000000315 -0.0903211083080453 -0.0293060554226058
9.399999999999983 0.06000000000000032 -0.059854346829558 -0.030537229009363
9.399999999999983 0.07000000000000031 -0.033059031440455 -0.0335089976810393
9.399999999999983 0.08000000000000031 -0.0081609650622358 -0.0385335057683157
9.399999999999983 0.0900000000000003 0.0165072002146962 -0.0460492168754523
9.399999999999983 0.1000000000000003 0.0426175878186323 -0.0566568261791997
9.399999999999983 0.11000000000000029 0.0719602943830326 -0.0711657986233438
9.399999999999983 0.12000000000000029 0.1065658020531059 -0.0906550536052605
9.399999999999983 0.13000000000000028 0.148844940736942 -0.1165522760329715
9.399999999999983 0.1400000000000003 0.2017559933646456 -0.1507376188284184
9.399999999999983 0.1500000000000003 0.2690104473825358 -0.1956792612749869
9.399999999999983 0.1600000000000003 0.3553315906083337 -0.2546105186068846
9.399999999999983 0.17000000000000032 0.4667838144394826 -0.331761115862166
9.399999999999983 0.18000000000000033 0.6111953729065787 -0.4326590462235898
9.399999999999983 0.19000000000000034 0.7987037851861761 -0.5645243957705616
9.399999999999983 0.20000000000000034 1.0424614995183847 -0.7367829777622837
9.399999999999983 0.21000000000000035 1.359550429530202 -0.961736029052384
9.399999999999983 0.22000000000000036 1.7721682732232258 -1.2554331621724775
9.399999999999983 0.23000000000000037 2.309168095288575 -1.6388099964091456
9.399999999999983 0.24000000000000038 3.0080567453699474 -2.1391703929469172
9.399999999999983 0.2500000000000004 3.9175889170132927 -2.7921172683661304
9.399999999999983 0.2600000000000004 5.101134118082248 -3.64406721170154
9.399999999999983 0.2700000000000004 6.641046230059652 -4.755524727330382
9.399999999999983 0.2800000000000004 8.644333178465246 -6.20534464797699
9.399999999999983 0.2900000000000004 11.250012037238173 -8.09627970849032
9.399999999999983 0.30000000000000043 14.638648479573812 -10.562199101838063
9.399999999999983 0.31000000000000044 19.044726395317554 -13.777479084874193
9.399999999999983 0.32000000000000045 24.77268343614726 -17.9692161641217
9.399999999999983 0.33000000000000046 32.217693755850966 -23.43310715736209
9.399999999999983 0.34000000000000047 41.89259644507062 -30.554091530259736
9.399999999999983 0.3500000000000005 54.462777951454186 -39.83317668472641
9.399999999999983 0.3600000000000005 70.79134597748268 -51.92228806325345
9.399999999999983 0.3700000000000005 91.99761555531411 -67.66953107687803
9.399999999999983 0.3800000000000005 119.53280977213842 -88.17795713196853
9.399999999999983 0.3900000000000005 155.27801534837943 -114.88183804170686
9.399999999999983 0.4000000000000005 201.67090083284089 -149.64563191430432
9.399999999999983 0.41000000000000053 261.8695976741857 -194.8923465282565
9.399999999999983 0.42000000000000054 339.9645842264787 -253.76997272457012
9.399999999999983 0.43000000000000055 441.25255730216253 -330.3671984050365
9.399999999999983 0.44000000000000056 572.590327719798 -429.992887770505
9.399999999999983 0.45000000000000057 742.8519958898335 -559.5380316985495
9.399999999999983 0.4600000000000006 963.5193857678287 -727.9443148505827
9.399999999999983 0.4700000000000006 1249.4443711236984 -946.8104512299993
9.399999999999983 0.4800000000000006 1619.832870554163 -1231.1764587953176
9.399999999999983 0.4900000000000006 2099.514628548215 -1600.5376475793303
9.399999999999983 0.5000000000000006 2720.5813534975296 -2080.155017695515
9.499999999999982 -0.5 85307.03914486844 -107920.33327393554
9.499999999999982 -0.49 66719.67373912454 -83083.46319139442
9.499999999999982 -0.48 52178.08897928379 -63959.65033764589
9.499999999999982 -0.47 40802.66612153896 -49235.388457051755
9.499999999999982 -0.45999999999999996 31904.79167076907 -37899.02771700995
9.499999999999982 -0.44999999999999996 24945.438351194916 -29171.434453984526
9.499999999999982 -0.43999999999999995 19502.714094879593 -22452.57294986848
9.499999999999982 -0.42999999999999994 15246.440552313898 -17280.354552542954
9.499999999999982 -0.41999999999999993 11918.240868997025 -13298.938045829549
9.499999999999982 -0.4099999999999999 9315.944661076632 -10234.311407909925
9.499999999999982 -0.3999999999999999 7281.375605725319 -7875.483083726055
9.499999999999982 -0.3899999999999999 5690.789036984694 -6059.994633325136
9.499999999999982 -0.3799999999999999 4447.3853458837475 -4662.762308138047
9.499999999999982 -0.3699999999999999 3475.449202380655 -3587.4829458218646
9.499999999999982 -0.3599999999999999 2715.762010438854 -2760.015126308618
9.499999999999982 -0.34999999999999987 2122.0113576036442 -2123.281792186288
9.499999999999982 -0.33999999999999986 1657.9810651317248 -1633.3447498203836
9.499999999999982 -0.32999999999999985 1295.3523455110492 -1256.3817576630306
9.499999999999982 -0.31999999999999984 1011.9833257684585 -966.3587648599406
9.499999999999982 -0.30999999999999983 790.5629897425321 -743.2375170664578
9.499999999999982 -0.2999999999999998 617.5581502490475 -571.5954572072579
9.499999999999982 -0.2899999999999998 482.389731544269 -439.56312871748764
9.499999999999982 -0.2799999999999998 376.78848129605103 -338.0060731117365
9.499999999999982 -0.2699999999999998 294.2910686054711 -259.8949938908144
9.499999999999982 -0.2599999999999998 229.8460104889132 -199.8208838734691
9.499999999999982 -0.24999999999999978 179.50551310798897 -153.62176834809526
9.499999999999982 -0.23999999999999977 140.1845151909767 -118.09538404987046
9.499999999999982 -0.22999999999999976 109.47229238024397 -90.77801937062127
9.499999999999982 -0.21999999999999975 85.4851677853141 -69.77428922663034
9.499999999999982 -0.20999999999999974 66.75136783652766 -53.626120508611514
9.499999999999982 -0.19999999999999973 52.12101402433335 -41.21192126186596
9.499999999999982 -0.18999999999999972 40.6957680690502 -31.668983752262502
9.499999999999982 -0.17999999999999972 31.773842736237768 -24.333770917060455
9.499999999999982 -0.1699999999999997 24.80702512303899 -18.695967178611756
9.499999999999982 -0.1599999999999997 19.367090336306173 -14.363122785761593
9.499999999999982 -0.1499999999999997 15.119555332219837 -11.033450879787392
9.499999999999982 -0.13999999999999968 11.80316993851514 -8.474898526268491
9.499999999999982 -0.12999999999999967 9.213891854415348 -6.509045647243493
9.499999999999982 -0.11999999999999968 7.192365942564623 -4.998718883931024
9.499999999999982 -0.10999999999999968 5.61414199958638 -3.8384638319279247
9.499999999999982 -0.09999999999999969 4.3820324114625535 -2.9472164630484725
9.499999999999982 -0.08999999999999969 3.420141832986764 -2.2626664670088728
9.499999999999982 -0.0799999999999997 2.669203230024716 -1.7369221737649951
9.499999999999982 -0.0699999999999997 2.0829345100050776 -1.3331767081917711
9.499999999999982 -0.0599999999999997 1.625192405471219 -1.023144284664047
9.499999999999982 -0.0499999999999997 1.267749072582442 -0.7850888444179915
9.499999999999982 -0.039999999999999696 0.98855499644358 -0.6023082489954601
9.499999999999982 -0.029999999999999694 0.7703815840342916 -0.4619687981006435
9.499999999999982 -0.01999999999999969 0.5997600914160754 -0.354209117837711
9.499999999999982 -0.009999999999999691 0.4661516953472034 -0.271451141960794
9.499999999999982 3.0878077872387166e-16 0.361297689868422 -0.2078702746349458
9.499999999999982 0.010000000000000309 0.2787098315848222 -0.1589878711202394
9.499999999999982 0.02000000000000031 0.2132694479997774 -0.1213576665904201
9.499999999999982 0.03000000000000031 0.1609105861765138 -0.092324310524722
9.499999999999982 0.04000000000000031 0.118367620992916 -0.0698371764590756
9.499999999999982 0.050000000000000315 0.0829716768380126 -0.0523064613888836
9.499999999999982 0.06000000000000032 0.0524831830441444 -0.0384915320865383
9.499999999999982 0.07000000000000031 0.0249500611735244 -0.0274137209996557
9.499999999999982 0.08000000000000031 -0.0014174379444898 -0.0182874779458548
9.499999999999982 0.0900000000000003 -0.0283632783897638 -0.0104650637408484
9.499999999999982 0.1000000000000003 -0.0577011595374801 -0.0033909171037048
9.499999999999982 0.11000000000000029 -0.0914366663873176 0.0034374975602094
9.499999999999982 0.12000000000000029 -0.1319042686963692 0.0105050994082082
9.499999999999982 0.13000000000000028 -0.1819285043725032 0.0183133307360144
9.499999999999982 0.1400000000000003 -0.2450204325486468 0.0274154065829865
9.499999999999982 0.1500000000000003 -0.3256229496794902 0.0384551243305387
9.499999999999982 0.1600000000000003 -0.4294220038710538 0.0522119212994374
9.499999999999982 0.17000000000000032 -0.5637453580539334 0.0696552893719763
9.499999999999982 0.18000000000000033 -0.738076661127955 0.0920122870036785
9.499999999999982 0.19000000000000034 -0.9647206093150932 0.12085277182828
9.499999999999982 0.20000000000000034 -1.259665469656529 0.1581981689323852
9.499999999999982 0.21000000000000035 -1.6437029139276498 0.2066611682639551
9.499999999999982 0.22000000000000036 -2.143882911043388 0.2696258117033632
9.499999999999982 0.23000000000000037 -2.795404566175556 0.3514801191771133
9.499999999999982 0.24000000000000038 -3.644073854307067 0.4579168860108025
9.499999999999982 0.2500000000000004 -4.749498222089025 0.5963227820018702
9.499999999999982 0.2600000000000004 -6.18923867766996 0.7762816806007828
9.499999999999982 0.2700000000000004 -8.064205689995887 1.0102256074965776
9.499999999999982 0.2800000000000004 -10.505670426326404 1.3142762856635732
9.499999999999982 0.2900000000000004 -13.684373328356367 1.7093325592386623
9.499999999999982 0.30000000000000043 -17.822355215326432 2.2224747526643487
9.499999999999982 0.31000000000000044 -23.208321645664732 2.8887772172780473
9.499999999999982 0.32000000000000045 -30.217591632135775 3.753646141921162
9.499999999999982 0.33000000000000046 -39.33799310260432 4.875832682611783
9.499999999999982 0.34000000000000047 -51.203470554640724 6.331313522081281
9.499999999999982 0.3500000000000005 -66.63769207134197 8.2182845228173
9.499999999999982 0.3600000000000005 -86.71061799935504 10.66358122306577
9.499999999999982 0.3700000000000005 -112.81186700373149 13.830926342776976
9.499999999999982 0.3800000000000005 -146.745844824176 17.931513954840526
9.499999999999982 0.3900000000000005 -190.85506159316412 23.2375784259429
9.499999999999982 0.4000000000000005 -248.17995143581322 30.099770940943245
9.499999999999982 0.41000000000000053 -322.66594756511745 38.969386391480555
9.499999999999982 0.42000000000000054 -419.4317174640661 50.426759690014194
9.499999999999982 0.43000000000000055 -545.116532517177 65.21749666279862
9.499999999999982 0.44000000000000056 -708.3300006640252 84.29863697042958
9.499999999999982 0.45000000000000057 -920.2341719033474 108.89738478141919
9.499999999999982 0.4600000000000006 -1195.2967758645598 140.58571083684137
9.499999999999982 0.4700000000000006 -1552.2656357942055 181.37495515000978
9.499999999999982 0.4800000000000006 -2015.4288544399622 233.83557576799646
9.499999999999982 0.4900000000000006 -2616.2441235260176 301.24843382480776
9.499999999999982 0.5000000000000006 -3395.4446770039285 387.79552175420713
9.599999999999982 -0.5 -12033.752497638532 147644.82438978076
9.599999999999982 -0.49 -10136.637206824831 114304.71882817784
9.599999999999982 -0.48 -8484.09839994413 88493.53935774462
9.599999999999982 -0.47 -7062.128238752321 68511.02764635379
9.599999999999982 -0.45999999999999996 -5850.6319349115365 53040.90766310455
9.599999999999982 -0.44999999999999996 -4826.879475843423 41064.16540807346
9.599999999999982 -0.43999999999999995 -3967.711115686499 31791.914470885065
9.599999999999982 -0.42999999999999994 -3250.8830188626252 24613.42383607168
9.599999999999982 -0.41999999999999993 -2655.8285695710993 19055.883469371387
9.599999999999982 -0.4099999999999999 -2164.0303432271876 14753.256668879749
9.599999999999982 -0.3999999999999999 -1759.1395212778648 11422.166919937234
9.599999999999982 -0.3899999999999999 -1426.9376543834119 8843.23051051326
9.599999999999982 -0.3799999999999999 -1155.205732014737 6846.604990697578
9.599999999999982 -0.3699999999999999 -933.5442482252085 5300.80134175878
9.599999999999982 -0.3599999999999999 -753.1729724966326 4104.022762387317
9.599999999999982 -0.34999999999999987 -606.7286870524782 3177.4594529035758
9.599999999999982 -0.33999999999999986 -488.0719552630793 2460.097652260535
9.599999999999982 -0.32999999999999985 -392.1091050285188 1904.700949880947
9.599999999999982 -0.31999999999999984 -314.6323678970994 1474.6991287306491
9.599999999999982 -0.30999999999999983 -252.17901890629915 1141.7795868936507
9.599999999999982 -0.2999999999999998 -201.90906130179917 884.0226719430814
9.599999999999982 -0.2899999999999998 -161.5002425599353 684.4580955726219
9.599999999999982 -0.2799999999999998 -129.0587948142969 529.9473362948673
9.599999999999982 -0.2699999999999998 -103.04413813672785 410.31841332689777
9.599999999999982 -0.2599999999999998 -82.20578157759344 317.6960400307379
9.599999999999982 -0.24999999999999978 -65.53074420454237 245.98303584925952
9.599999999999982 -0.23999999999999977 -52.19995584113522 190.45883955935926
9.599999999999982 -0.22999999999999976 -41.552257789156286 147.46868032341334
9.599999999999982 -0.21999999999999975 -33.05479013985639 114.1829346567865
9.599999999999982 -0.20999999999999974 -26.278713617498784 88.41082046693006
9.599999999999982 -0.19999999999999973 -20.87936406548476 68.4561583286909
9.599999999999982 -0.18999999999999972 -16.58007353744054 53.005700922499294
9.599999999999982 -0.17999999999999972 -13.159012327963369 41.04267660999947
9.599999999999982 -0.1699999999999997 -10.438511257979426 31.779853763652415
9.599999999999982 -0.1599999999999997 -8.276413948916824 24.607718098003787
9.599999999999982 -0.1499999999999997 -6.559085916166751 19.054350559446856
9.599999999999982 -0.13999999999999968 -5.195772503321937 14.75436388214138
9.599999999999982 -0.12999999999999967 -4.1140524188949055 11.424852466117217
9.599999999999982 -0.11999999999999968 -3.2561793295409887 8.846772074218961
9.599999999999982 -0.10999999999999968 -2.5761419085609933 6.850523396937467
9.599999999999982 -0.09999999999999969 -2.0373041088165946 5.304790349249495
9.599999999999982 -0.08999999999999969 -1.6105132624675753 4.107898273061847
9.599999999999982 -0.0799999999999997 -1.2725848091010774 3.181123137848978
9.599999999999982 -0.0699999999999997 -1.0050897954961164 2.4635112878976093
9.599999999999982 -0.0599999999999997 -0.7933854357671991 1.90786873722749
9.599999999999982 -0.0499999999999997 -0.6258405283283817 1.4776560122917184
9.599999999999982 -0.039999999999999696 -0.4932168642542126 1.1445841587957444
9.599999999999982 -0.029999999999999694 -0.3881753202720018 0.886753688264912
9.599999999999982 -0.01999999999999969 -0.3048814320151524 0.6872139820602475
9.599999999999982 -0.009999999999999691 -0.2386901555783696 0.5328483489703709
9.599999999999982 3.0878077872387166e-16 -0.1858934660391106 0.4135113699380986
9.599999999999982 0.010000000000000309 -0.1435175880847335 0.3213617715576418
9.599999999999982 0.02000000000000031 -0.1091591497554089 0.2503469423756021
9.599999999999982 0.03000000000000031 -0.0808515103567268 0.1958051904860776
9.599999999999982 0.04000000000000031 -0.0569540282001483 0.1541595950609588
9.599999999999982 0.050000000000000315 -0.036058172454962 0.1226833391840772
9.599999999999982 0.06000000000000032 -0.0169051972012989 0.0993211244402474
9.599999999999982 0.07000000000000031 0.0016893805339341 0.0825549700718387
9.599999999999982 0.08000000000000031 0.0209090040736961 0.0713056357328132
9.599999999999982 0.0900000000000003 0.0420115206660998 0.0648632713502711
9.599999999999982 0.1000000000000003 0.0664116557676658 0.0628428474563287
9.599999999999982 0.11000000000000029 0.0957759260857007 0.065161584850058
9.599999999999982 0.12000000000000029 0.1321363508665629 0.0720370957331418
9.599999999999982 0.13000000000000028 0.17803069686712 0.0840063711143694
9.599999999999982 0.1400000000000003 0.2366788917601784 0.1019671992440948
9.599999999999982 0.1500000000000003 0.3122077973643278 0.127245178180943
9.599999999999982 0.1600000000000003 0.4099399264333646 0.1616913035546343
9.599999999999982 0.17000000000000032 0.5367661498386458 0.2078172994386551
9.599999999999982 0.18000000000000033 0.7016282826037596 0.2689785724836698
9.599999999999982 0.19000000000000034 0.9161450588124612 0.3496181020146223
9.599999999999982 0.20000000000000034 1.1954249291344239 0.4555889790263539
9.599999999999982 0.21000000000000035 1.5591220188895045 0.5945789925335323
9.599999999999982 0.22000000000000036 2.0328083492009847 0.7766680433315588
9.599999999999982 0.23000000000000037 2.649757189685606 1.015058776480815
9.599999999999982 0.24000000000000038 3.4532606562228367 1.3270333596600086
9.599999999999982 0.2500000000000004 4.499641305534304 1.7352057014160627
9.599999999999982 0.2600000000000004 5.862164986709713 2.2691597846163165
9.599999999999982 0.2700000000000004 7.6361237936471404 2.967592732004329
9.599999999999982 0.2800000000000004 9.945437766914715 3.8811177422945513
9.599999999999982 0.2900000000000004 12.95122737848646 5.075929776321911
9.599999999999982 0.30000000000000043 16.862942725036362 6.638599282834507
9.599999999999982 0.31000000000000044 21.952808704231117 8.682340840727528
9.599999999999982 0.32000000000000045 28.574569811864833 11.35521025086667
9.599999999999982 0.33000000000000046 37.18780849712013 14.850823035537546
9.599999999999982 0.34000000000000047 48.38948650471502 19.42236955892525
9.599999999999982 0.3500000000000005 62.954844157688214 25.400940215201935
9.599999999999982 0.3600000000000005 81.89042012428433 33.21948552052578
9.599999999999982 0.3700000000000005 106.50276515607852 43.44414293395316
9.599999999999982 0.3800000000000005 138.48747077787067 56.81519413983749
9.599999999999982 0.3900000000000005 180.0444864650378 74.300611645151
9.599999999999982 0.4000000000000005 234.0274446537639 97.16606190047523
9.599999999999982 0.41000000000000053 304.13696547689653 127.06641905694728
9.599999999999982 0.42000000000000054 395.1708183520543 166.16539421881544
9.599999999999982 0.43000000000000055 513.347563096108 217.29191098638387
9.599999999999982 0.44000000000000056 666.7251201684061 284.14450456090754
9.599999999999982 0.45000000000000057 865.741937561326 371.5584784066649
9.599999999999982 0.4600000000000006 1123.9164281459489 485.8550669790888
9.599999999999982 0.4700000000000006 1458.7506557687966 635.297748304519
9.599999999999982 0.4800000000000006 1892.8975047825293 830.6885475257263
9.599999999999982 0.4900000000000006 2455.667613671441 1086.147221313116
9.599999999999982 0.5000000000000006 3184.9742619305 1420.1293296780673
9.699999999999982 -0.5 -77021.48575277044 -138690.09878363676
9.699999999999982 -0.49 -58958.79184125133 -107834.17779623669
9.699999999999982 -0.48 -45125.50645663619 -83842.87981153808
9.699999999999982 -0.47 -34532.70726927548 -65189.07974136381
9.699999999999982 -0.45999999999999996 -26422.403142895888 -50685.36125208763
9.699999999999982 -0.44999999999999996 -20213.671480118464 -39408.45408317649
9.699999999999982 -0.43999999999999995 -15461.3448741291 -30640.477606235254
9.699999999999982 -0.42999999999999994 -11824.326168401029 -23823.253046549908
9.699999999999982 -0.41999999999999993 -9041.290248940973 -18522.777902212416
9.699999999999982 -0.4099999999999999 -6912.052304913273 -14401.602420935265
9.699999999999982 -0.3999999999999999 -5283.282530805731 -11197.350611432877
9.699999999999982 -0.3899999999999999 -4037.554444182738 -8706.019122913955
9.699999999999982 -0.3799999999999999 -3084.9497665506415 -6768.991270312292
9.699999999999982 -0.3699999999999999 -2356.62375436649 -5262.939837874071
9.699999999999982 -0.3599999999999999 -1799.8737146968228 -4091.97608784756
9.699999999999982 -0.34999999999999987 -1374.3599785918752 -3181.5453213150736
9.699999999999982 -0.33999999999999986 -1049.210346280532 -2473.6804735547994
9.699999999999982 -0.32999999999999985 -800.8017281706504 -1923.3116447023842
9.699999999999982 -0.31999999999999984 -611.0608110992366 -1495.3966645088415
9.699999999999982 -0.30999999999999983 -466.16247820294143 -1162.690041988305
9.699999999999982 -0.2999999999999998 -355.5330112325169 -904.0082806525465
9.699999999999982 -0.2899999999999998 -271.08680775385324 -702.8811326186752
9.699999999999982 -0.2799999999999998 -206.64198859787413 -546.5029301343887
9.699999999999982 -0.2699999999999998 -157.47303188225973 -424.91723398364866
9.699999999999982 -0.2599999999999998 -119.96835342440194 -330.3828902145464
9.699999999999982 -0.24999999999999978 -91.36825332470914 -256.88113474934426
9.699999999999982 -0.23999999999999977 -69.56439731358924 -199.73236459759153
9.699999999999982 -0.22999999999999976 -52.94640750700452 -155.29817603057745
9.699999999999982 -0.21999999999999975 -40.2845137614955 -120.74969853826248
9.699999999999982 -0.20999999999999974 -30.63980411191924 -93.88747417727397
9.699999999999982 -0.19999999999999973 -23.29559506553462 -73.00141369268329
9.699999999999982 -0.18999999999999972 -17.70496110103174 -56.76191244596279
9.699999999999982 -0.17999999999999972 -13.45062591279396 -44.13519313842011
9.699999999999982 -0.1699999999999997 -10.214308803302877 -34.31748487575529
9.699999999999982 -0.1599999999999997 -7.7533018290171025 -26.68384747703628
9.699999999999982 -0.1499999999999997 -5.882575649705999 -20.748382443557276
9.699999999999982 -0.13999999999999968 -4.461111921672563 -16.13329703871337
9.699999999999982 -0.12999999999999967 -3.3814661752001824 -12.544851649074129
9.699999999999982 -0.11999999999999968 -2.5617993894840794 -9.754658891015403
9.699999999999982 -0.10999999999999968 -1.9397957518939393 -7.58514370209647
9.699999999999982 -0.09999999999999969 -1.468021253815372 -5.89823860998664
9.699999999999982 -0.08999999999999969 -1.1103827067588394 -4.586594374094873
9.699999999999982 -0.0799999999999997 -0.8394270225250358 -3.5667463633095844
9.699999999999982 -0.0699999999999997 -0.6342819812175122 -2.7738015660688142
9.699999999999982 -0.0599999999999997 -0.4790866452173428 -2.157307956090428
9.699999999999982 -0.0499999999999997 -0.3617954608661282 -1.6780432241899195
9.699999999999982 -0.039999999999999696 -0.2732675215659147 -1.305518427826617
9.699999999999982 -0.029999999999999694 -0.2065734357536005 -1.0160376332151921
9.699999999999982 -0.01999999999999969 -0.1564682736601042 -0.791190028988615
9.699999999999982 -0.009999999999999691 -0.1189913236865966 -0.6166785301656419
9.699999999999982 3.0878077872387166e-16 -0.0911627652590605 -0.4814103205011787
9.699999999999982 0.010000000000000309 -0.0707545439360376 -0.376791465111259
9.699999999999982 0.02000000000000031 -0.0561182406280988 -0.2961807264067714
9.699999999999982 0.03000000000000031 -0.0460569626831695 -0.2344678633234564
9.699999999999982 0.04000000000000031 -0.0397315604163973 -0.1877496335130333
9.699999999999982 0.050000000000000315 -0.0365940284454339 -0.1530829571514986
9.699999999999982 0.06000000000000032 -0.0363429742458836 -0.1282996379380748
9.699999999999982 0.07000000000000031 -0.0388976748311677 -0.1118709877979823
9.699999999999982 0.08000000000000031 -0.0443886161043308 -0.1028139206066706
9.699999999999982 0.0900000000000003 -0.0531636181442856 -0.1006327748278346
9.699999999999982 0.1000000000000003 -0.0658097807524997 -0.1052934707184685
9.699999999999982 0.11000000000000029 -0.0831926178618941 -0.1172287590658137
9.699999999999982 0.12000000000000029 -0.1065149670369936 -0.1373754187716909
9.699999999999982 0.13000000000000028 -0.1373996462768982 -0.1672464521930989
9.699999999999982 0.1400000000000003 -0.1780014803652272 -0.2090437605377544
9.699999999999982 0.1500000000000003 -0.2311563459862692 -0.2658196260588763
9.699999999999982 0.1600000000000003 -0.3005774263992387 -0.3416987830112882
9.699999999999982 0.17000000000000032 -0.391112094226781 -0.442177169501151
9.699999999999982 0.18000000000000033 -0.509076971722458 -0.5745189233233552
9.699999999999982 0.19000000000000034 -0.6626940281149476 -0.7482802057500122
9.699999999999982 0.20000000000000034 -0.8626574172149677 -0.9759975079840492
9.699999999999982 0.21000000000000035 -1.1228695899390684 -1.2740898618188945
9.699999999999982 0.22000000000000036 -1.4613966202556834 -1.66403967727046
9.699999999999982 0.23000000000000037 -1.901707411462674 -2.1739368553013474
9.699999999999982 0.24000000000000038 -2.4742804706433765 -2.8404967915862356
9.699999999999982 0.2500000000000004 -3.2186864983375676 -3.7116967449570466
9.699999999999982 0.2600000000000004 -4.186286740289079 -4.850219198509169
9.699999999999982 0.2700000000000004 -5.443727949015008 -6.337948428860177
9.699999999999982 0.2800000000000004 -7.077467552929011 -8.281841606746703
9.699999999999982 0.2900000000000004 -9.199630630787205 -10.82159370606289
9.699999999999982 0.30000000000000043 -11.955587905090246 -14.139643237942904
9.699999999999982 0.31000000000000044 -15.53375679955183 -18.474232392466636
9.699999999999982 0.32000000000000045 -20.178272831220813 -24.136452339770756
9.699999999999982 0.33000000000000046 -26.205365421884235 -31.53248755318846
9.699999999999982 0.34000000000000047 -34.02451238427282 -41.19264204316228
9.699999999999982 0.3500000000000005 -44.1657559161205 -53.809211337088016
9.699999999999982 0.3600000000000005 -57.31495915041762 -70.28589075860145
9.699999999999982 0.3700000000000005 -74.3592907138405 -91.80222710628333
9.699999999999982 0.3800000000000005 -96.44587665032341 -119.89768453216425
9.699999999999982 0.3900000000000005 -125.05739437565151 -156.58128085219985
9.699999999999982 0.4000000000000005 -162.1094528266236 -204.4745546769742
9.699999999999982 0.41000000000000053 -210.07597124092817 -266.99797275914307
9.699999999999982 0.42000000000000054 -272.15051806613064 -348.61394477268465
9.699999999999982 0.43000000000000055 -352.4538054058524 -455.1435924650037
9.699999999999982 0.44000000000000056 -456.300384983693 -594.1795986341999
9.699999999999982 0.45000000000000057 -590.5412256474982 -775.6241983317022
9.699999999999982 0.4600000000000006 -764.0034806649908 -1012.3901371192148
9.699999999999982 0.4700000000000006 -988.054641342205 -1321.3138154229755
9.699999999999982 0.4800000000000006 -1277.325756658717 -1724.3446508958295
9.699999999999982 0.4900000000000006 -1650.6378976803305 -2250.093943057954
9.699999999999982 0.5000000000000006 -2132.1880888459373 -2935.851540315357
9.799999999999981 -0.5 150304.94185282046 77320.93825075396
9.799999999999981 -0.49 116077.840469193 60611.54053069535
9.799999999999981 -0.48 89644.79019084951 47507.38486434611
9.799999999999981 -0.47 69230.97426878795 37231.96464876257
9.799999999999981 -0.45999999999999996 53465.72532137673 29175.693777473494
9.799999999999981 -0.44999999999999996 41290.49532461987 22860.10259338508
9.799999999999981 -0.43999999999999995 31887.782035241973 17909.69512354747
9.799999999999981 -0.42999999999999994 24626.239776715018 14029.832708097376
9.799999999999981 -0.41999999999999993 19018.28919165476 10989.356943016326
9.799999999999981 -0.4099999999999999 14687.379783144785 8606.938928997306
9.799999999999981 -0.3999999999999999 11342.707182204042 6740.35772593963
9.799999999999981 -0.3899999999999999 8759.687607381291 5278.080951206362
9.799999999999981 -0.3799999999999999 6764.878533254936 4132.654338638573
9.799999999999981 -0.3699999999999999 5224.333112178005 3235.5124566906634
9.799999999999981 -0.3599999999999999 4034.606442300336 2532.905713251535
9.799999999999981 -0.34999999999999987 3115.8098246052746 1982.7040196203832
9.799999999999981 -0.33999999999999986 2406.2466571859227 1551.8888058776408
9.799999999999981 -0.32999999999999985 1858.2698087666427 1214.5854374810076
9.799999999999981 -0.31999999999999984 1435.082325642702 950.5198130105059
9.799999999999981 -0.30999999999999983 1108.2666632604455 743.8078647235216
9.799999999999981 -0.2999999999999998 855.876548105856 582.0062852483862
9.799999999999981 -0.2899999999999998 660.9633516602594 455.3682056650837
9.799999999999981 -0.2799999999999998 510.43803221840915 356.25964988355304
9.799999999999981 -0.2699999999999998 394.1922311488457 278.70209391788273
9.799999999999981 -0.2599999999999998 304.4195104510058 218.0139219910227
9.799999999999981 -0.24999999999999978 235.09115649356215 170.52943142259824
9.799999999999981 -0.23999999999999977 181.55135286196278 133.37863861433186
9.799999999999981 -0.22999999999999976 140.20454008158214 104.31474933612861
9.799999999999981 -0.21999999999999975 108.27396975054224 81.57899030750548
9.799999999999981 -0.20999999999999974 83.61524089826351 63.794722660165235
9.799999999999981 -0.19999999999999973 64.57229813870659 49.88450239354638
9.799999999999981 -0.18999999999999972 49.86622228081818 39.00512141130122
9.799999999999981 -0.17999999999999972 38.50934592066982 30.49673606371209
9.799999999999981 -0.1699999999999997 29.73892700808409 23.843031856839694
9.799999999999981 -0.1599999999999997 22.965926627672186 18.640033010758398
9.799999999999981 -0.1499999999999997 17.735451436259808 14.571683018506185
9.799999999999981 -0.13999999999999968 13.696204451093271 11.390728012501157
9.799999999999981 -0.12999999999999967 10.576892776986782 8.903752708373029
9.799999999999981 -0.11999999999999968 8.168008009998035 6.959467894953679
9.799999999999981 -0.10999999999999968 6.3077558270437555 5.439543722924094
9.799999999999981 -0.09999999999999969 4.871189888699666 4.251436061528051
9.799999999999981 -0.08999999999999969 3.761820354266894 3.3227730786559135
9.799999999999981 -0.0799999999999997 2.905133481848923 2.596963119192578
9.799999999999981 -0.0699999999999997 2.243587119499679 2.029758527522241
9.799999999999981 -0.0599999999999997 1.7327460037966163 1.5865676873962808
9.799999999999981 -0.0499999999999997 1.3382973242773095 1.2403526890165884
9.799999999999981 -0.039999999999999696 1.033746125838801 0.969985386324456
9.799999999999981 -0.029999999999999694 0.7986357757160303 0.7589622991757967
9.799999999999981 -0.01999999999999969 0.617173982744949 0.5944005090229206
9.799999999999981 -0.009999999999999691 0.4771720920093135 0.4662536974090149
9.799999999999981 3.0878077872387166e-16 0.3692264165097165 0.3667008072729758
9.799999999999981 0.010000000000000309 0.2860866219093948 0.2896702709737462
9.799999999999981 0.02000000000000031 0.2221687421486314 0.2304709773451656
9.799999999999981 0.03000000000000031 0.1731801162470671 0.1855076401715848
9.799999999999981 0.04000000000000031 0.135831052030381 0.1520633752068245
9.799999999999981 0.050000000000000315 0.1076138453329193 0.1281364046897009
9.799999999999981 0.06000000000000032 0.0866343042197241 0.1123211380362832
9.799999999999981 0.07000000000000031 0.0714844501853959 0.1037266294034962
9.799999999999981 0.08000000000000031 0.0611478281802382 0.1019277576199209
9.799999999999981 0.0900000000000003 0.0549310393289273 0.1069465587157669
9.799999999999981 0.1000000000000003 0.0524168599171686 0.119263098991538
9.799999999999981 0.11000000000000029 0.0534357437889026 0.1398572346608327
9.799999999999981 0.12000000000000029 0.0580537171442023 0.1702846926928012
9.799999999999981 0.13000000000000028 0.0665757436816583 0.2127932680118388
9.799999999999981 0.1400000000000003 0.0795646323604423 0.2704877270515622
9.799999999999981 0.1500000000000003 0.097876541706401 0.3475554312441398
9.799999999999981 0.1600000000000003 0.1227151628495061 0.4495689863369743
9.799999999999981 0.17000000000000032 0.1557077983297377 0.5838876867482342
9.799999999999981 0.18000000000000033 0.1990078589490413 0.7601865442367767
9.799999999999981 0.19000000000000034 0.2554298472822613 0.991150763243935
9.799999999999981 0.20000000000000034 0.3286247646288916 1.2933852929606602
9.799999999999981 0.21000000000000035 0.4233061621908924 1.6886043805087303
9.799999999999981 0.22000000000000036 0.5455398676767498 2.205185951325422
9.799999999999981 0.23000000000000037 0.703113885973689 2.880201557089758
9.799999999999981 0.24000000000000038 0.9060092509516668 3.762066386363677
9.799999999999981 0.2500000000000004 1.1669978752671226 4.913997807052511
9.799999999999981 0.2600000000000004 1.5023999153106216 6.418528197939121
9.799999999999981 0.2700000000000004 1.933041077824441 8.38339245623322
9.799999999999981 0.2800000000000004 2.485459909707947 10.949207778928367
9.799999999999981 0.2900000000000004 3.1934267213949905 14.299489923668848
9.799999999999981 0.30000000000000043 4.0998496946415806 18.673715024290864
9.799999999999981 0.31000000000000044 5.259160201394852 24.38435069359378
9.799999999999981 0.32000000000000045 6.740288643892697 31.839059575593414
9.799999999999981 0.33000000000000046 8.63036433566246 41.56964218559871
9.799999999999981 0.34000000000000047 11.03929798983146 54.26975910291793
9.799999999999981 0.3500000000000005 14.10543282440095 70.84408822616109
9.799999999999981 0.3600000000000005 18.0024791298259 92.47237354791285
9.799999999999981 0.3700000000000005 22.947975492533004 120.69286316517085
9.799999999999981 0.3800000000000005 29.213544521777255 157.51098792734962
9.799999999999981 0.3900000000000005 37.13722670498288 205.54089153185978
9.799999999999981 0.4000000000000005 47.13817483591191 268.18970900890696
9.799999999999981 0.41000000000000053 59.733961034273 349.8974602688504
9.799999999999981 0.42000000000000054 75.56067036670015 456.449282019651
9.799999999999981 0.43000000000000055 95.39580253227041 595.3817282861419
9.799999999999981 0.44000000000000056 120.18373680776108 776.5113680521051
9.799999999999981 0.45000000000000057 151.06307907887253 1012.6223396797016
9.799999999999981 0.4600000000000006 189.39452281225192 1320.3604569892952
9.799999999999981 0.4700000000000006 236.78680411651047 1721.3956399268359
9.799999999999981 0.4800000000000006 295.11675372928653 2243.932818566727
9.799999999999981 0.4900000000000006 366.5371203004429 2924.675266556863
9.799999999999981 0.5000000000000006 453.46244491641073 3811.375152235241
9.89999999999998 -0.5 -178070.68753776583 20371.78252324872
9.89999999999998 -0.49 -138045.8168987053 15005.346611349638
9.89999999999998 -0.48 -107018.70081055223 11022.861921252686
9.89999999999998 -0.47 -82966.3040994673 8073.118273166813
9.89999999999998 -0.45999999999999996 -64320.51290599298 5892.917138766725
9.89999999999998 -0.44999999999999996 -49865.821581782446 4285.238536933059
9.89999999999998 -0.43999999999999995 -38660.033315579334 3102.779287340496
9.89999999999998 -0.42999999999999994 -29972.797201337187 2235.5502865045846
9.89999999999998 -0.41999999999999993 -23237.969327070514 1601.5392295958336
9.89999999999998 -0.4099999999999999 -18016.68820463014 1139.6869225115606
9.89999999999998 -0.3999999999999999 -13968.754470515529 804.6085499798228
9.89999999999998 -0.3899999999999999 -10830.446979812226 562.6300812514987
9.89999999999998 -0.3799999999999999 -8397.327614411435 388.8151165175452
9.89999999999998 -0.3699999999999999 -6510.912784753193 264.73704308239735
9.89999999999998 -0.3599999999999999 -5048.341995121142 176.81156144912165
9.89999999999998 -0.34999999999999987 -3914.3694519766927 115.05015036048292
9.89999999999998 -0.33999999999999986 -3035.1562990824164 72.1294279329137
9.89999999999998 -0.32999999999999985 -2353.4585630439633 42.69733480857974
9.89999999999998 -0.31999999999999984 -1824.8969615330245 22.856663436828626
9.89999999999998 -0.30999999999999983 -1415.0653102194676 9.781237862394391
9.89999999999998 -0.2999999999999998 -1097.288971835187 1.4311871560811653
9.89999999999998 -0.2899999999999998 -850.8871933573298 -3.657856371653253
9.89999999999998 -0.2799999999999998 -659.8260430369728 -6.530491564874467
9.89999999999998 -0.2699999999999998 -511.67413313982973 -7.926327894064712
9.89999999999998 -0.2599999999999998 -396.79305944232 -8.364358527666141
9.89999999999998 -0.24999999999999978 -307.7097933172347 -8.204801214640568
9.89999999999998 -0.23999999999999977 -238.63012537053302 -7.694276523469689
9.89999999999998 -0.22999999999999976 -185.0614551023865 -6.998691951131406
9.89999999999998 -0.21999999999999975 -143.52034890724258 -6.227077821158062
9.89999999999998 -0.20999999999999974 -111.30581389486309 -5.448782396830559
9.89999999999998 -0.19999999999999973 -86.32351791396903 -4.70580820237948
9.89999999999998 -0.18999999999999972 -66.94950614413445 -4.021605728697331
9.89999999999998 -0.17999999999999972 -51.92453821056559 -3.4072943205442243
9.89999999999998 -0.1699999999999997 -40.272164799467426 -2.8660229269384523
9.89999999999998 -0.1599999999999997 -31.235209294815622 -2.3959929045418047
9.89999999999998 -0.1499999999999997 -24.226518853492692 -1.9925242266080267
9.89999999999998 -0.13999999999999968 -18.790778744254922 -1.6494425632772698
9.89999999999998 -0.12999999999999967 -14.574904281215703 -1.3599882623681645
9.89999999999998 -0.11999999999999968 -11.305083246965067 -1.1173921787659782
9.89999999999998 -0.10999999999999968 -8.76897472716093 -0.9152222836842724
9.89999999999998 -0.09999999999999969 -6.801905986578533 -0.747575092486658
9.89999999999998 -0.08999999999999969 -5.276169280621011 -0.6091642522149443
9.89999999999998 -0.0799999999999997 -4.092722273376596 -0.495342953679711
9.89999999999998 -0.0699999999999997 -3.1747521683914783 -0.4020855680168836
9.89999999999998 -0.0599999999999997 -2.462684941581296 -0.3259458642513136
9.89999999999998 -0.0499999999999997 -1.9103150966015023 -0.2640034656354382
9.89999999999998 -0.039999999999999696 -1.4818042653356327 -0.2138062037019578
9.89999999999998 -0.029999999999999694 -1.1493534972307229 -0.1733132579233521
9.89999999999998 -0.01999999999999969 -0.891397901108345 -0.1408420811783773
9.89999999999998 -0.009999999999999691 -0.6912062745936249 -0.1150208570505579
9.89999999999998 3.0878077872387166e-16 -0.5357946907474671 -0.0947474344688724
9.89999999999998 0.010000000000000309 -0.4150834227725096 -0.0791552102977369
9.89999999999998 0.02000000000000031 -0.3212424039385856 -0.0675861916508307
9.89999999999998 0.03000000000000031 -0.2481826700180676 -0.0595714062267168
9.89999999999998 0.04000000000000031 -0.1911607121127945 -0.0548189020407305
9.89999999999998 0.050000000000000315 -0.1464699949235443 -0.0532097658670095
9.89999999999998 0.06000000000000032 -0.1111995449843579 -0.0548028847923352
9.89999999999998 0.07000000000000031 -0.0830438513944203 -0.0598495819603401
9.89999999999998 0.08000000000000031 -0.0601516286027185 -0.0688197917777363
9.89999999999998 0.0900000000000003 -0.0410034796743407 -0.0824421293173236
9.89999999999998 0.1000000000000003 -0.0243103280607077 -0.1017610943121924
9.89999999999998 0.11000000000000029 -0.0089257712027635 -0.1282157884896494
9.89999999999998 0.12000000000000029 0.0062336714118297 -0.1637459917107531
9.89999999999998 0.13000000000000028 0.0222660436326316 -0.2109333373036274
9.89999999999998 0.1400000000000003 0.0403648031311232 -0.2731877809044321
9.89999999999998 0.1500000000000003 0.0619090884412727 -0.3549927407463778
9.89999999999998 0.1600000000000003 0.088570333836747 -0.4622264230639392
9.89999999999998 0.17000000000000032 0.1224435826406228 -0.6025822235882186
9.89999999999998 0.18000000000000033 0.16621393028098 -0.7861180916249445
9.89999999999998 0.19000000000000034 0.2233714452944091 -1.0259738467947102
9.89999999999998 0.20000000000000034 0.2984919117592233 -1.339307287218718
9.89999999999998 0.21000000000000035 0.3976061400737545 -1.7485153499394657
9.89999999999998 0.22000000000000036 0.5286878490994157 -2.282826656312892
9.89999999999998 0.23000000000000037 0.7022998272918506 -2.980377896055648
9.89999999999998 0.24000000000000038 0.9324510295611071 -3.89092049145139
9.89999999999998 0.2500000000000004 1.2377345217885969 -5.079348199067226
9.89999999999998 0.2600000000000004 1.6428391601313534 -6.630293816389367
9.89999999999998 0.2700000000000004 2.180558469635912 -8.654117945325957
9.89999999999998 0.2800000000000004 2.8944608705605006 -11.294709989019836
9.89999999999998 0.2900000000000004 3.842439522293758 -14.73964792383113
9.89999999999998 0.30000000000000043 5.101432043974832 -19.233427584904362
9.89999999999998 0.31000000000000044 6.773696118338229 -25.094685496858666
9.89999999999998 0.32000000000000045 8.995154322513649 -32.73861626875069
9.89999999999998 0.33000000000000046 11.94649086635006 -42.706145163517746
9.89999999999998 0.34000000000000047 15.867908092274618 -55.70188312835848
9.89999999999998 0.3500000000000005 21.078749987181272 -72.64349701680243
9.89999999999998 0.3600000000000005 28.003598008260212 -94.72591292780442
9.89999999999998 0.3700000000000005 37.2069736868922 -123.50478851716038
9.89999999999998 0.3800000000000005 49.439485857993034 -161.00500926746716
9.89999999999998 0.3900000000000005 65.69919521543845 -209.86167245690913
9.89999999999998 0.4000000000000005 87.31321122912863 -273.50323506962326
9.89999999999998 0.41000000000000053 116.04618717355203 -356.3893653559925
9.89999999999998 0.42000000000000054 154.2445720178322 -464.3197419483168
9.89999999999998 0.43000000000000055 205.02839087247384 -604.8348338274208
9.89999999999998 0.44000000000000056 272.5461942399676 -787.7358837058821
9.89999999999998 0.45000000000000057 362.3139529734682 -1025.7593113244118
9.89999999999998 0.4600000000000006 481.66549487696096 -1335.4510719956097
9.89999999999998 0.4700000000000006 640.3511293104075 -1738.2998175673715
9.89999999999998 0.4800000000000006 851.3331153426141 -2262.204868977332
9.89999999999998 0.4900000000000006 1131.8425602186503 -2943.377120466725
9.89999999999998 0.5000000000000006 1504.7834634519986 -3828.799462219495
9.99999999999998 -0.5 144331.45900126093 -122337.89797778355
9.99999999999998 -0.49 112312.38598511869 -94198.73108816407
9.99999999999998 -0.48 87396.24409752258 -72530.16634214605
9.99999999999998 -0.47 68007.44393196654 -55844.6643319646
9.99999999999998 -0.45999999999999996 52919.87455344373 -42996.578015374995
9.99999999999998 -0.44999999999999996 41179.39222519794 -33103.590442169465
9.99999999999998 -0.43999999999999995 32043.49895530935 -25486.201297883214
9.99999999999998 -0.42999999999999994 24934.399024284714 -19621.116547673948
9.99999999999998 -0.41999999999999993 19402.466834598155 -15105.347541911342
9.99999999999998 -0.4099999999999999 15097.817228511287 -11628.559411317863
9.99999999999998 -0.3999999999999999 11748.181387032611 -8951.773623256471
9.99999999999998 -0.3899999999999999 9141.689878738103 -6890.96485968962
9.99999999999998 -0.3799999999999999 7113.474536546746 -5304.427703284841
9.99999999999998 -0.3699999999999999 5535.242189011593 -4083.0469334942604
9.99999999999998 -0.3599999999999999 4307.161104983853 -3142.804222415158
9.99999999999998 -0.34999999999999987 3351.547191717373 -2419.007304247606
9.99999999999998 -0.33999999999999986 2607.950751520899 -1861.8457677024296
9.99999999999998 -0.32999999999999985 2029.3331385223996 -1432.968573544775
9.99999999999998 -0.31999999999999984 1579.0915591016987 -1102.8484586778663
9.99999999999998 -0.30999999999999983 1228.7438808690295 -848.7523525479248
9.99999999999998 -0.2999999999999998 956.1270442529209 -653.1784979700667
9.99999999999998 -0.2899999999999998 743.9951449865342 -502.6529845829177
9.99999999999998 -0.2799999999999998 578.92852747299 -386.80306282106847
9.99999999999998 -0.2699999999999998 450.48489550537215 -297.64359953053844
9.99999999999998 -0.2599999999999998 350.538751207856 -229.02766492182496
9.99999999999998 -0.24999999999999978 272.7673828195365 -176.22350726325163
9.99999999999998 -0.23999999999999977 212.2508899472897 -135.58884899414824
9.99999999999998 -0.22999999999999976 165.16094710716698 -104.32012078408911
9.99999999999998 -0.21999999999999975 128.51861873605782 -80.259396787335
9.99999999999998 -0.20999999999999974 100.0059062422904 -61.74575795303006
9.99999999999998 -0.19999999999999973 77.81910622605908 -47.50086265885906
9.99999999999998 -0.18999999999999972 60.554703641078646 -36.540854566163894
9.99999999999998 -0.17999999999999972 47.120581623416335 -28.108547754768814
9.99999999999998 -0.1699999999999997 36.66693112579506 -21.621223122244977
9.99999999999998 -0.1599999999999997 28.532489639631983 -16.63044341098505
9.99999999999998 -0.1499999999999997 22.202707974654274 -12.791120751481525
9.99999999999998 -0.13999999999999968 17.27719862548456 -9.83770703741169
9.99999999999998 -0.12999999999999967 13.444406410354464 -7.565867487294125
9.99999999999998 -0.11999999999999968 10.461898957132245 -5.818375060758738
9.99999999999998 -0.10999999999999968 8.141030135264256 -4.474253908042437
9.99999999999998 -0.09999999999999969 6.33500617702507 -3.44042370225317
9.99999999999998 -0.08999999999999969 4.929599497229947 -2.64526890847853
9.99999999999998 -0.0799999999999997 3.835922724087313 -2.03368961975924
9.99999999999998 -0.0699999999999997 2.9848057912111954 -1.5632926529159143
9.99999999999998 -0.0599999999999997 2.3224203570550053 -1.2014601661547437
9.99999999999998 -0.0499999999999997 1.8068747286604847 -0.9230935396038836
9.99999999999998 -0.039999999999999696 1.405563863676703 -0.7088768103396907
9.99999999999998 -0.029999999999999694 1.093106792013203 -0.5439397783098086
9.99999999999998 -0.01999999999999969 0.8497409580417843 -0.4168284645690198
9.99999999999998 -0.009999999999999691 0.6600718865266857 -0.3187118060163973
9.99999999999998 3.0878077872387166e-16 0.5120990486054702 -0.2427697712834624
9.99999999999998 0.010000000000000309 0.396456269444657 -0.1837206031626968
9.99999999999998 0.02000000000000031 0.3058185809887752 -0.1374544964270964
9.99999999999998 0.03000000000000031 0.234437938669111 -0.1007483676853667
9.99999999999998 0.04000000000000031 0.1777783542015239 -0.0710419723039212
9.99999999999998 0.050000000000000315 0.132227260783944 -0.0462598581720356
9.99999999999998 0.06000000000000032 0.094864716472826 -0.0246668089665258
9.99999999999998 0.07000000000000031 0.063275666730884 -0.0047467384785364
9.99999999999998 0.08000000000000031 0.0353931534370478 0.0149033885227977
9.99999999999998 0.0900000000000003 0.0093622392549363 0.0356720034753371
9.99999999999998 0.1000000000000003 -0.0165843736832478 0.0590306271723335
9.99999999999998 0.11000000000000029 -0.0442474445339138 0.0866376481317162
9.99999999999998 0.12000000000000029 -0.0755873950432361 0.120455462539814
9.99999999999998 0.13000000000000028 -0.112864545983777 0.162889195541143
9.99999999999998 0.1400000000000003 -0.1588035158880617 0.216956738818362
9.99999999999998 0.1500000000000003 -0.2167938400143304 0.286502031076123
9.99999999999998 0.1600000000000003 -0.2911416898569704 0.3764665273181444
9.99999999999998 0.17000000000000032 -0.3873915073310398 0.4932378573912118
9.99999999999998 0.18000000000000033 -0.5127417163728846 0.645100042408502
9.99999999999998 0.19000000000000034 -0.6765858484408845 0.8428166868762993
9.99999999999998 0.20000000000000034 -0.8912199660946372 1.1003877759697391
9.99999999999998 0.21000000000000035 -1.1727699199080786 1.4360327087377698
9.99999999999998 0.22000000000000036 -1.5424086942955864 1.8734678039652852
9.99999999999998 0.23000000000000037 -2.0279561636766954 2.4435667824145955
9.99999999999998 0.24000000000000038 -2.6659826760077063 3.186519024728696
9.99999999999998 0.2500000000000004 -3.504576227199313 4.154634496599636
9.99999999999998 0.2600000000000004 -4.60698351508082 5.415988406140474
9.99999999999998 0.2700000000000004 -6.056401723730833 7.059155860999825
9.99999999999998 0.2800000000000004 -7.962285572101595 9.199360827088698
9.99999999999998 0.2900000000000004 -10.468649663041452 11.986459457021663
9.99999999999998 0.30000000000000043 -13.764998314295884 15.615301664180375
9.99999999999998 0.31000000000000044 -18.10071546656017 20.339174785384166
9.99999999999998 0.32000000000000045 -23.804011257843992 26.487239736534587
9.99999999999998 0.33000000000000046 -31.306869598858913 34.487136621802506
9.99999999999998 0.34000000000000047 -41.17789914754425 44.89428050025527
9.99999999999998 0.3500000000000005 -54.16559345192863 58.42981097803718
9.99999999999998 0.3600000000000005 -71.25530078912651 76.02972968436865
9.99999999999998 0.3700000000000005 -93.74425105200694 98.9084935687485
9.99999999999998 0.3800000000000005 -123.34036581945736 128.64127537235447
9.99999999999998 0.3900000000000005 -162.29239367499454 167.27031429436215
9.99999999999998 0.4000000000000005 -213.56130437392025 217.4423345422549
9.99999999999998 0.41000000000000053 -281.0460248419092 282.586002141251
9.99999999999998 0.42000000000000054 -369.88074704254603 367.14094161704844
9.99999999999998 0.43000000000000055 -486.8264980263587 476.853096606823
9.99999999999998 0.44000000000000056 -640.7868510685101 619.1553849542934
9.99999999999998 0.45000000000000057 -843.4871196688568 803.6579125268863
9.99999999999998 0.4600000000000006 -1110.3688311983983 1042.7787765393969
9.99999999999998 0.4700000000000006 -1461.7676678459634 1352.5550917856951
9.99999999999998 0.4800000000000006 -1924.4646295185473 1753.6847907990104
9.99999999999998 0.4900000000000006 -2533.7285459974714 2272.8635779164324
9.99999999999998 0.5000000000000006 -3336.0053842436664 2944.498897126352
